净值日期,累计净值
2002-10-23,1.0
2002-11-18,1.002
2002-11-19,1.002
2002-11-20,1.002
2002-11-21,1.002
2002-11-22,1.002
2002-11-25,1.002
2002-11-26,1.002
2002-11-27,1.002
2002-11-28,1.002
2002-11-29,1.002
2002-12-02,1.002
2002-12-03,1.002
2002-12-04,1.002
2002-12-05,1.003
2002-12-06,1.003
2002-12-09,1.003
2002-12-10,1.003
2002-12-11,1.003
2002-12-12,1.003
2002-12-13,1.003
2002-12-16,1.003
2002-12-17,1.003
2002-12-18,1.003
2002-12-19,1.003
2002-12-20,1.004
2002-12-23,1.004
2002-12-24,1.004
2002-12-25,1.004
2002-12-26,1.004
2002-12-27,1.004
2002-12-30,1.005
2002-12-31,1.006
2003-01-02,1.005
2003-01-03,1.005
2003-01-06,1.006
2003-01-07,1.006
2003-01-08,1.006
2003-01-09,1.006
2003-01-10,1.007
2003-01-13,1.007
2003-01-14,1.007
2003-01-15,1.008
2003-01-16,1.008
2003-01-17,1.009
2003-01-20,1.009
2003-01-21,1.009
2003-01-22,1.009
2003-01-23,1.009
2003-01-24,1.01
2003-01-27,1.01
2003-01-28,1.01
2003-01-29,1.01
2003-02-10,1.011
2003-02-11,1.011
2003-02-12,1.011
2003-02-13,1.011
2003-02-14,1.012
2003-02-17,1.012
2003-02-18,1.012
2003-02-19,1.011
2003-02-20,1.011
2003-02-21,1.012
2003-02-24,1.012
2003-02-25,1.012
2003-02-26,1.012
2003-02-27,1.012
2003-02-28,1.013
2003-03-03,1.013
2003-03-04,1.014
2003-03-05,1.014
2003-03-06,1.015
2003-03-07,1.015
2003-03-10,1.015
2003-03-11,1.015
2003-03-12,1.015
2003-03-13,1.016
2003-03-14,1.016
2003-03-17,1.016
2003-03-18,1.016
2003-03-19,1.017
2003-03-20,1.017
2003-03-21,1.017
2003-03-24,1.017
2003-03-25,1.017
2003-03-26,1.018
2003-03-27,1.019
2003-03-28,1.019
2003-03-31,1.019
2003-04-01,1.019
2003-04-02,1.019
2003-04-03,1.019
2003-04-04,1.019
2003-04-07,1.019
2003-04-08,1.019
2003-04-09,1.02
2003-04-10,1.021
2003-04-11,1.022
2003-04-14,1.023
2003-04-15,1.023
2003-04-16,1.023
2003-04-17,1.022
2003-04-18,1.022
2003-04-21,1.022
2003-04-22,1.022
2003-04-23,1.022
2003-04-24,1.021
2003-04-25,1.021
2003-04-28,1.022
2003-04-29,1.022
2003-04-30,1.023
2003-05-12,1.023
2003-05-13,1.023
2003-05-14,1.024
2003-05-15,1.026
2003-05-16,1.026
2003-05-19,1.027
2003-05-20,1.027
2003-05-21,1.027
2003-05-22,1.027
2003-05-23,1.027
2003-05-26,1.027
2003-05-27,1.028
2003-05-28,1.027
2003-05-29,1.028
2003-05-30,1.027
2003-06-02,1.028
2003-06-03,1.028
2003-06-04,1.028
2003-06-05,1.027
2003-06-06,1.027
2003-06-09,1.027
2003-06-10,1.027
2003-06-11,1.028
2003-06-12,1.028
2003-06-13,1.028
2003-06-16,1.028
2003-06-17,1.027
2003-06-18,1.027
2003-06-19,1.027
2003-06-20,1.029
2003-06-23,1.028
2003-06-24,1.029
2003-06-25,1.028
2003-06-26,1.028
2003-06-27,1.027
2003-06-30,1.028
2003-07-01,1.028
2003-07-02,1.028
2003-07-03,1.029
2003-07-04,1.029
2003-07-07,1.029
2003-07-08,1.03
2003-07-09,1.03
2003-07-10,1.03
2003-07-11,1.031
2003-07-14,1.031
2003-07-15,1.031
2003-07-16,1.032
2003-07-17,1.032
2003-07-18,1.031
2003-07-21,1.032
2003-07-22,1.032
2003-07-23,1.032
2003-07-24,1.032
2003-07-25,1.032
2003-07-28,1.032
2003-07-29,1.032
2003-07-30,1.033
2003-07-31,1.033
2003-08-01,1.033
2003-08-04,1.034
2003-08-05,1.034
2003-08-06,1.034
2003-08-07,1.034
2003-08-08,1.034
2003-08-11,1.034
2003-08-12,1.034
2003-08-13,1.034
2003-08-14,1.033
2003-08-15,1.034
2003-08-18,1.034
2003-08-19,1.034
2003-08-20,1.034
2003-08-21,1.034
2003-08-22,1.033
2003-08-25,1.032
2003-08-26,1.031
2003-08-27,1.032
2003-08-28,1.032
2003-08-29,1.032
2003-09-01,1.033
2003-09-02,1.033
2003-09-03,1.033
2003-09-04,1.033
2003-09-05,1.032
2003-09-08,1.032
2003-09-09,1.031
2003-09-10,1.031
2003-09-11,1.031
2003-09-12,1.031
2003-09-15,1.03
2003-09-16,1.03
2003-09-17,1.029
2003-09-18,1.029
2003-09-19,1.029
2003-09-22,1.029
2003-09-23,1.027
2003-09-24,1.024
2003-09-25,1.021
2003-09-26,1.021
2003-09-29,1.02
2003-09-30,1.021
2003-10-08,1.021
2003-10-09,1.02
2003-10-10,1.02
2003-10-13,1.018
2003-10-14,1.018
2003-10-15,1.016
2003-10-16,1.014
2003-10-17,1.013
2003-10-20,1.011
2003-10-21,1.011
2003-10-22,1.014
2003-10-23,1.014
2003-10-24,1.015
2003-10-27,1.014
2003-10-28,1.013
2003-10-29,1.013
2003-10-30,1.013
2003-10-31,1.013
2003-11-03,1.014
2003-11-04,1.016
2003-11-05,1.017
2003-11-06,1.017
2003-11-07,1.018
2003-11-10,1.017
2003-11-11,1.017
2003-11-12,1.016
2003-11-13,1.016
2003-11-14,1.016
2003-11-17,1.016
2003-11-18,1.016
2003-11-19,1.017
2003-11-20,1.017
2003-11-21,1.018
2003-11-24,1.017
2003-11-25,1.017
2003-11-26,1.018
2003-11-27,1.018
2003-11-28,1.018
2003-12-01,1.019
2003-12-02,1.02
2003-12-03,1.02
2003-12-04,1.02
2003-12-05,1.021
2003-12-08,1.021
2003-12-09,1.021
2003-12-10,1.023
2003-12-11,1.024
2003-12-12,1.024
2003-12-15,1.024
2003-12-16,1.024
2003-12-17,1.024
2003-12-18,1.025
2003-12-19,1.026
2003-12-22,1.029
2003-12-23,1.03
2003-12-24,1.031
2003-12-25,1.033
2003-12-26,1.032
2003-12-29,1.032
2003-12-30,1.032
2003-12-31,1.033
2004-01-02,1.032
2004-01-05,1.034
2004-01-06,1.034
2004-01-07,1.033
2004-01-08,1.033
2004-01-09,1.032
2004-01-12,1.033
2004-01-13,1.034
2004-01-14,1.035
2004-01-15,1.036
2004-01-16,1.037
2004-01-29,1.039
2004-01-30,1.039
2004-02-02,1.04
2004-02-03,1.042
2004-02-04,1.043
2004-02-05,1.043
2004-02-06,1.044
2004-02-09,1.045
2004-02-10,1.045
2004-02-11,1.047
2004-02-12,1.048
2004-02-13,1.048
2004-02-16,1.051
2004-02-17,1.055
2004-02-18,1.056
2004-02-19,1.057
2004-02-20,1.057
2004-02-23,1.053
2004-02-24,1.05
2004-02-25,1.047
2004-02-26,1.048
2004-02-27,1.052
2004-03-01,1.054
2004-03-02,1.055
2004-03-03,1.052
2004-03-04,1.053
2004-03-05,1.054
2004-03-08,1.053
2004-03-09,1.053
2004-03-10,1.055
2004-03-11,1.058
2004-03-12,1.059
2004-03-15,1.063
2004-03-16,1.063
2004-03-17,1.065
2004-03-18,1.063
2004-03-19,1.064
2004-03-22,1.064
2004-03-23,1.062
2004-03-24,1.062
2004-03-25,1.062
2004-03-26,1.063
2004-03-29,1.062
2004-03-30,1.062
2004-03-31,1.065
2004-04-01,1.067
2004-04-02,1.071
2004-04-05,1.074
2004-04-06,1.077
2004-04-07,1.079
2004-04-08,1.081
2004-04-09,1.073
2004-04-12,1.071
2004-04-13,1.071
2004-04-14,1.062
2004-04-15,1.059
2004-04-16,1.06
2004-04-19,1.059
2004-04-20,1.057
2004-04-21,1.054
2004-04-22,1.053
2004-04-23,1.051
2004-04-26,1.051
2004-04-27,1.05
2004-04-28,1.047
2004-04-29,1.038
2004-04-30,1.041
2004-05-10,1.038
2004-05-11,1.037
2004-05-12,1.041
2004-05-13,1.041
2004-05-14,1.039
2004-05-17,1.039
2004-05-18,1.039
2004-05-19,1.041
2004-05-20,1.04
2004-05-21,1.042
2004-05-24,1.041
2004-05-25,1.04
2004-05-26,1.04
2004-05-27,1.041
2004-05-28,1.042
2004-05-31,1.042
2004-06-01,1.044
2004-06-02,1.043
2004-06-03,1.042
2004-06-04,1.041
2004-06-07,1.039
2004-06-08,1.037
2004-06-09,1.035
2004-06-10,1.035
2004-06-11,1.034
2004-06-14,1.032
2004-06-15,1.033
2004-06-16,1.035
2004-06-17,1.033
2004-06-18,1.032
2004-06-21,1.031
2004-06-22,1.033
2004-06-23,1.033
2004-06-24,1.033
2004-06-25,1.031
2004-06-28,1.032
2004-06-29,1.032
2004-06-30,1.034
2004-07-01,1.035
2004-07-02,1.036
2004-07-05,1.036
2004-07-06,1.037
2004-07-07,1.037
2004-07-08,1.037
2004-07-09,1.037
2004-07-12,1.036
2004-07-13,1.035
2004-07-14,1.035
2004-07-15,1.035
2004-07-16,1.037
2004-07-19,1.036
2004-07-20,1.034
2004-07-21,1.033
2004-07-22,1.029
2004-07-23,1.029
2004-07-26,1.027
2004-07-27,1.026
2004-07-28,1.026
2004-07-29,1.028
2004-07-30,1.03
2004-08-02,1.03
2004-08-03,1.03
2004-08-04,1.032
2004-08-05,1.031
2004-08-06,1.03
2004-08-09,1.03
2004-08-10,1.031
2004-08-11,1.029
2004-08-12,1.029
2004-08-13,1.029
2004-08-16,1.029
2004-08-17,1.03
2004-08-18,1.031
2004-08-19,1.03
2004-08-20,1.03
2004-08-23,1.029
2004-08-24,1.03
2004-08-25,1.029
2004-08-26,1.03
2004-08-27,1.029
2004-08-30,1.029
2004-08-31,1.029
2004-09-01,1.028
2004-09-02,1.028
2004-09-03,1.027
2004-09-06,1.027
2004-09-07,1.026
2004-09-08,1.026
2004-09-09,1.025
2004-09-10,1.026
2004-09-13,1.024
2004-09-14,1.024
2004-09-15,1.027
2004-09-16,1.029
2004-09-17,1.031
2004-09-20,1.038
2004-09-21,1.036
2004-09-22,1.035
2004-09-23,1.036
2004-09-24,1.038
2004-09-27,1.038
2004-09-28,1.039
2004-09-29,1.038
2004-09-30,1.038
2004-10-08,1.038
2004-10-11,1.038
2004-10-12,1.036
2004-10-13,1.035
2004-10-14,1.033
2004-10-15,1.033
2004-10-18,1.034
2004-10-19,1.034
2004-10-20,1.033
2004-10-21,1.031
2004-10-22,1.032
2004-10-25,1.031
2004-10-26,1.028
2004-10-27,1.028
2004-10-28,1.03
2004-10-29,1.027
2004-11-01,1.026
2004-11-02,1.025
2004-11-03,1.026
2004-11-04,1.024
2004-11-05,1.022
2004-11-08,1.022
2004-11-09,1.023
2004-11-10,1.025
2004-11-11,1.024
2004-11-12,1.023
2004-11-15,1.022
2004-11-16,1.023
2004-11-17,1.022
2004-11-18,1.023
2004-11-19,1.024
2004-11-22,1.024
2004-11-23,1.025
2004-11-24,1.025
2004-11-25,1.024
2004-11-26,1.024
2004-11-29,1.024
2004-11-30,1.024
2004-12-01,1.024
2004-12-02,1.023
2004-12-03,1.022
2004-12-06,1.022
2004-12-07,1.022
2004-12-08,1.021
2004-12-09,1.022
2004-12-10,1.021
2004-12-13,1.021
2004-12-14,1.021
2004-12-15,1.02
2004-12-16,1.02
2004-12-17,1.019
2004-12-20,1.016
2004-12-21,1.015
2004-12-22,1.015
2004-12-23,1.014
2004-12-24,1.013
2004-12-27,1.014
2004-12-28,1.014
2004-12-29,1.014
2004-12-30,1.016
2004-12-31,1.018
2005-01-04,1.015
2005-01-05,1.015
2005-01-06,1.015
2005-01-07,1.016
2005-01-10,1.018
2005-01-11,1.018
2005-01-12,1.018
2005-01-13,1.019
2005-01-14,1.019
2005-01-17,1.018
2005-01-18,1.017
2005-01-19,1.017
2005-01-20,1.016
2005-01-21,1.018
2005-01-24,1.021
2005-01-25,1.022
2005-01-26,1.022
2005-01-27,1.022
2005-01-28,1.021
2005-01-31,1.022
2005-02-01,1.023
2005-02-02,1.027
2005-02-03,1.027
2005-02-04,1.03
2005-02-16,1.033
2005-02-17,1.031
2005-02-18,1.031
2005-02-21,1.035
2005-02-22,1.037
2005-02-23,1.038
2005-02-24,1.037
2005-02-25,1.038
2005-02-28,1.035
2005-03-01,1.035
2005-03-02,1.032
2005-03-03,1.031
2005-03-04,1.03
2005-03-07,1.031
2005-03-08,1.033
2005-03-09,1.033
2005-03-10,1.032
2005-03-11,1.033
2005-03-14,1.033
2005-03-15,1.033
2005-03-16,1.032
2005-03-17,1.034
2005-03-18,1.034
2005-03-21,1.035
2005-03-22,1.035
2005-03-23,1.035
2005-03-24,1.035
2005-03-25,1.034
2005-03-28,1.035
2005-03-29,1.035
2005-03-30,1.035
2005-03-31,1.035
2005-04-01,1.039
2005-04-04,1.04
2005-04-05,1.04
2005-04-06,1.044
2005-04-07,1.047
2005-04-08,1.049
2005-04-11,1.049
2005-04-12,1.051
2005-04-13,1.051
2005-04-14,1.051
2005-04-15,1.05
2005-04-18,1.049
2005-04-19,1.049
2005-04-20,1.047
2005-04-21,1.047
2005-04-22,1.047
2005-04-25,1.047
2005-04-26,1.047
2005-04-27,1.048
2005-04-28,1.05
2005-04-29,1.051
2005-05-09,1.05
2005-05-10,1.051
2005-05-11,1.05
2005-05-12,1.047
2005-05-13,1.046
2005-05-16,1.045
2005-05-17,1.046
2005-05-18,1.046
2005-05-19,1.047
2005-05-20,1.048
2005-05-23,1.046
2005-05-24,1.046
2005-05-25,1.047
2005-05-26,1.046
2005-05-27,1.044
2005-05-30,1.044
2005-05-31,1.044
2005-06-01,1.043
2005-06-02,1.039
2005-06-03,1.039
2005-06-06,1.04
2005-06-07,1.041
2005-06-08,1.05
2005-06-09,1.051
2005-06-10,1.048
2005-06-13,1.049
2005-06-14,1.049
2005-06-15,1.049
2005-06-16,1.053
2005-06-17,1.055
2005-06-20,1.059
2005-06-21,1.058
2005-06-22,1.061
2005-06-23,1.061
2005-06-24,1.061
2005-06-27,1.063
2005-06-28,1.062
2005-06-29,1.061
2005-06-30,1.062
2005-07-01,1.06
2005-07-04,1.06
2005-07-05,1.061
2005-07-06,1.061
2005-07-07,1.062
2005-07-08,1.062
2005-07-11,1.063
2005-07-12,1.065
2005-07-13,1.065
2005-07-14,1.066
2005-07-15,1.065
2005-07-18,1.066
2005-07-19,1.065
2005-07-20,1.066
2005-07-21,1.066
2005-07-22,1.069
2005-07-25,1.071
2005-07-26,1.072
2005-07-27,1.073
2005-07-28,1.074
2005-07-29,1.074
2005-08-01,1.076
2005-08-02,1.077
2005-08-03,1.078
2005-08-04,1.078
2005-08-05,1.08
2005-08-08,1.081
2005-08-09,1.081
2005-08-10,1.081
2005-08-11,1.082
2005-08-12,1.081
2005-08-15,1.082
2005-08-16,1.082
2005-08-17,1.082
2005-08-18,1.081
2005-08-19,1.081
2005-08-22,1.081
2005-08-23,1.082
2005-08-24,1.082
2005-08-25,1.083
2005-08-26,1.082
2005-08-29,1.081
2005-08-30,1.082
2005-08-31,1.083
2005-09-01,1.084
2005-09-02,1.085
2005-09-05,1.086
2005-09-06,1.086
2005-09-07,1.087
2005-09-08,1.087
2005-09-09,1.087
2005-09-12,1.088
2005-09-13,1.089
2005-09-14,1.09
2005-09-15,1.091
2005-09-16,1.091
2005-09-19,1.091
2005-09-20,1.091
2005-09-21,1.09
2005-09-22,1.088
2005-09-23,1.088
2005-09-26,1.088
2005-09-27,1.087
2005-09-28,1.088
2005-09-29,1.089
2005-09-30,1.09
2005-10-10,1.09
2005-10-11,1.09
2005-10-12,1.091
2005-10-13,1.091
2005-10-14,1.091
2005-10-17,1.091
2005-10-18,1.091
2005-10-19,1.091
2005-10-20,1.091
2005-10-21,1.091
2005-10-24,1.092
2005-10-25,1.091
2005-10-26,1.091
2005-10-27,1.091
2005-10-28,1.091
2005-10-31,1.091
2005-11-01,1.092
2005-11-02,1.092
2005-11-03,1.092
2005-11-04,1.092
2005-11-07,1.092
2005-11-08,1.092
2005-11-09,1.092
2005-11-10,1.092
2005-11-11,1.092
2005-11-14,1.093
2005-11-15,1.092
2005-11-16,1.092
2005-11-17,1.092
2005-11-18,1.093
2005-11-21,1.093
2005-11-22,1.093
2005-11-23,1.093
2005-11-24,1.093
2005-11-25,1.094
2005-11-28,1.094
2005-11-29,1.094
2005-11-30,1.094
2005-12-01,1.094
2005-12-02,1.095
2005-12-05,1.095
2005-12-06,1.096
2005-12-07,1.098
2005-12-08,1.098
2005-12-09,1.099
2005-12-12,1.099
2005-12-13,1.099
2005-12-14,1.1
2005-12-15,1.1
2005-12-16,1.102
2005-12-19,1.102
2005-12-20,1.102
2005-12-21,1.102
2005-12-22,1.103
2005-12-23,1.104
2005-12-26,1.105
2005-12-27,1.105
2005-12-28,1.106
2005-12-29,1.106
2005-12-30,1.106
2005-12-31,1.106
2006-01-04,1.112
2006-01-05,1.114
2006-01-06,1.116
2006-01-09,1.117
2006-01-10,1.117
2006-01-11,1.119
2006-01-12,1.119
2006-01-13,1.12
2006-01-16,1.12
2006-01-17,1.122
2006-01-18,1.124
2006-01-19,1.125
2006-01-20,1.125
2006-01-23,1.125
2006-01-24,1.126
2006-01-25,1.126
2006-02-06,1.127
2006-02-07,1.128
2006-02-08,1.128
2006-02-09,1.128
2006-02-10,1.13
2006-02-13,1.13
2006-02-14,1.13
2006-02-15,1.13
2006-02-16,1.129
2006-02-17,1.128
2006-02-20,1.132
2006-02-21,1.132
2006-02-22,1.132
2006-02-23,1.132
2006-02-24,1.132
2006-02-27,1.133
2006-02-28,1.134
2006-03-01,1.134
2006-03-02,1.134
2006-03-03,1.134
2006-03-06,1.135
2006-03-07,1.134
2006-03-08,1.134
2006-03-09,1.134
2006-03-10,1.134
2006-03-13,1.134
2006-03-14,1.134
2006-03-15,1.135
2006-03-16,1.136
2006-03-17,1.136
2006-03-20,1.137
2006-03-21,1.136
2006-03-22,1.136
2006-03-23,1.136
2006-03-24,1.136
2006-03-27,1.136
2006-03-28,1.136
2006-03-29,1.137
2006-03-30,1.138
2006-03-31,1.141
2006-04-03,1.143
2006-04-04,1.144
2006-04-05,1.144
2006-04-06,1.146
2006-04-07,1.146
2006-04-10,1.146
2006-04-11,1.146
2006-04-12,1.146
2006-04-13,1.147
2006-04-14,1.147
2006-04-17,1.147
2006-04-18,1.148
2006-04-19,1.148
2006-04-20,1.148
2006-04-21,1.148
2006-04-24,1.148
2006-04-25,1.148
2006-04-26,1.148
2006-04-27,1.149
2006-04-28,1.149
2006-05-08,1.151
2006-05-09,1.153
2006-05-10,1.154
2006-05-11,1.155
2006-05-12,1.157
2006-05-15,1.164
2006-05-16,1.161
2006-05-17,1.161
2006-05-18,1.161
2006-05-19,1.162
2006-05-22,1.162
2006-05-23,1.161
2006-05-24,1.16
2006-05-25,1.16
2006-05-26,1.16
2006-05-29,1.161
2006-05-30,1.162
2006-05-31,1.162
2006-06-01,1.163
2006-06-02,1.162
2006-06-05,1.162
2006-06-06,1.162
2006-06-07,1.161
2006-06-08,1.162
2006-06-09,1.161
2006-06-12,1.161
2006-06-13,1.161
2006-06-14,1.161
2006-06-15,1.162
2006-06-16,1.162
2006-06-19,1.162
2006-06-20,1.163
2006-06-21,1.162
2006-06-22,1.162
2006-06-23,1.162
2006-06-26,1.163
2006-06-27,1.163
2006-06-28,1.163
2006-06-29,1.164
2006-06-30,1.165
2006-07-03,1.165
2006-07-04,1.165
2006-07-05,1.164
2006-07-06,1.166
2006-07-07,1.166
2006-07-10,1.166
2006-07-11,1.166
2006-07-12,1.167
2006-07-13,1.166
2006-07-14,1.166
2006-07-17,1.166
2006-07-18,1.165
2006-07-19,1.164
2006-07-20,1.164
2006-07-21,1.165
2006-07-24,1.165
2006-07-25,1.165
2006-07-26,1.165
2006-07-27,1.165
2006-07-28,1.165
2006-07-31,1.165
2006-08-01,1.164
2006-08-02,1.164
2006-08-03,1.163
2006-08-04,1.164
2006-08-07,1.164
2006-08-08,1.163
2006-08-09,1.164
2006-08-10,1.164
2006-08-11,1.166
2006-08-14,1.165
2006-08-15,1.166
2006-08-16,1.167
2006-08-17,1.167
2006-08-18,1.167
2006-08-21,1.167
2006-08-22,1.168
2006-08-23,1.168
2006-08-24,1.169
2006-08-25,1.169
2006-08-28,1.17
2006-08-29,1.17
2006-08-30,1.17
2006-08-31,1.17
2006-09-01,1.17
2006-09-04,1.17
2006-09-05,1.171
2006-09-06,1.171
2006-09-07,1.171
2006-09-08,1.171
2006-09-11,1.171
2006-09-12,1.172
2006-09-13,1.172
2006-09-14,1.172
2006-09-15,1.172
2006-09-18,1.173
2006-09-19,1.173
2006-09-20,1.173
2006-09-21,1.173
2006-09-22,1.173
2006-09-25,1.173
2006-09-26,1.173
2006-09-27,1.173
2006-09-28,1.174
2006-09-29,1.175
2006-09-30,1.175
2006-10-09,1.175
2006-10-10,1.175
2006-10-11,1.175
2006-10-12,1.175
2006-10-13,1.175
2006-10-16,1.175
2006-10-17,1.175
2006-10-18,1.176
2006-10-19,1.176
2006-10-20,1.177
2006-10-23,1.177
2006-10-24,1.178
2006-10-25,1.178
2006-10-26,1.178
2006-10-27,1.178
2006-10-30,1.178
2006-10-31,1.178
2006-11-01,1.178
2006-11-02,1.179
2006-11-03,1.18
2006-11-06,1.181
2006-11-07,1.182
2006-11-08,1.181
2006-11-09,1.182
2006-11-10,1.182
2006-11-13,1.182
2006-11-14,1.182
2006-11-15,1.183
2006-11-16,1.183
2006-11-17,1.184
2006-11-20,1.184
2006-11-21,1.184
2006-11-22,1.184
2006-11-23,1.185
2006-11-24,1.185
2006-11-27,1.185
2006-11-28,1.185
2006-11-29,1.185
2006-11-30,1.189
2006-12-01,1.19
2006-12-04,1.192
2006-12-05,1.194
2006-12-06,1.195
2006-12-07,1.196
2006-12-08,1.194
2006-12-11,1.197
2006-12-12,1.202
2006-12-13,1.203
2006-12-14,1.204
2006-12-15,1.205
2006-12-18,1.206
2006-12-19,1.206
2006-12-20,1.207
2006-12-21,1.207
2006-12-22,1.207
2006-12-25,1.206
2006-12-26,1.205
2006-12-27,1.206
2006-12-28,1.205
2006-12-29,1.209
2006-12-31,1.209
2007-01-04,1.211
2007-01-05,1.214
2007-01-08,1.217
2007-01-09,1.219
2007-01-10,1.223
2007-01-11,1.223
2007-01-12,1.221
2007-01-15,1.225
2007-01-16,1.228
2007-01-17,1.225
2007-01-18,1.226
2007-01-19,1.232
2007-01-22,1.239
2007-01-23,1.239
2007-01-24,1.242
2007-01-25,1.24
2007-01-26,1.241
2007-01-29,1.244
2007-01-30,1.243
2007-01-31,1.24
2007-02-01,1.239
2007-02-02,1.238
2007-02-05,1.238
2007-02-06,1.238
2007-02-07,1.239
2007-02-08,1.24
2007-02-09,1.241
2007-02-12,1.244
2007-02-13,1.247
2007-02-14,1.251
2007-02-15,1.253
2007-02-16,1.253
2007-02-26,1.255
2007-02-27,1.25
2007-02-28,1.252
2007-03-01,1.25
2007-03-02,1.253
2007-03-05,1.252
2007-03-06,1.252
2007-03-07,1.253
2007-03-08,1.254
2007-03-09,1.254
2007-03-12,1.255
2007-03-13,1.256
2007-03-14,1.257
2007-03-15,1.258
2007-03-16,1.257
2007-03-19,1.257
2007-03-20,1.257
2007-03-21,1.258
2007-03-22,1.259
2007-03-23,1.259
2007-03-26,1.26
2007-03-27,1.261
2007-03-28,1.261
2007-03-29,1.261
2007-03-30,1.26
2007-03-31,1.26
2007-04-02,1.261
2007-04-03,1.261
2007-04-04,1.262
2007-04-05,1.263
2007-04-06,1.264
2007-04-09,1.267
2007-04-10,1.268
2007-04-11,1.269
2007-04-12,1.27
2007-04-13,1.27
2007-04-16,1.271
2007-04-17,1.273
2007-04-18,1.275
2007-04-19,1.273
2007-04-20,1.275
2007-04-23,1.278
2007-04-24,1.279
2007-04-25,1.278
2007-04-26,1.279
2007-04-27,1.28
2007-04-30,1.281
2007-05-08,1.282
2007-05-09,1.283
2007-05-10,1.284
2007-05-11,1.284
2007-05-14,1.284
2007-05-15,1.283
2007-05-16,1.283
2007-05-17,1.285
2007-05-18,1.285
2007-05-21,1.285
2007-05-22,1.285
2007-05-23,1.286
2007-05-24,1.287
2007-05-25,1.288
2007-05-28,1.29
2007-05-29,1.291
2007-05-30,1.288
2007-05-31,1.288
2007-06-01,1.284
2007-06-04,1.279
2007-06-05,1.279
2007-06-06,1.281
2007-06-07,1.282
2007-06-08,1.282
2007-06-11,1.283
2007-06-12,1.284
2007-06-13,1.286
2007-06-14,1.286
2007-06-15,1.286
2007-06-18,1.287
2007-06-19,1.286
2007-06-20,1.286
2007-06-21,1.286
2007-06-22,1.285
2007-06-25,1.285
2007-06-26,1.29
2007-06-27,1.291
2007-06-28,1.29
2007-06-29,1.289
2007-06-30,1.289
2007-07-02,1.288
2007-07-03,1.289
2007-07-04,1.288
2007-07-05,1.287
2007-07-06,1.289
2007-07-09,1.289
2007-07-10,1.288
2007-07-11,1.288
2007-07-12,1.292
2007-07-13,1.291
2007-07-16,1.291
2007-07-17,1.291
2007-07-18,1.292
2007-07-19,1.297
2007-07-20,1.3
2007-07-23,1.302
2007-07-24,1.303
2007-07-25,1.305
2007-07-26,1.305
2007-07-27,1.305
2007-07-30,1.306
2007-07-31,1.306
2007-08-01,1.306
2007-08-02,1.307
2007-08-03,1.308
2007-08-06,1.308
2007-08-07,1.308
2007-08-08,1.309
2007-08-09,1.309
2007-08-10,1.31
2007-08-13,1.312
2007-08-14,1.312
2007-08-15,1.312
2007-08-16,1.313
2007-08-17,1.314
2007-08-20,1.315
2007-08-21,1.315
2007-08-22,1.316
2007-08-23,1.316
2007-08-24,1.317
2007-08-27,1.317
2007-08-28,1.317
2007-08-29,1.317
2007-08-30,1.318
2007-08-31,1.318
2007-09-03,1.32
2007-09-04,1.321
2007-09-05,1.322
2007-09-06,1.325
2007-09-07,1.326
2007-09-10,1.328
2007-09-11,1.329
2007-09-12,1.329
2007-09-13,1.331
2007-09-14,1.329
2007-09-17,1.332
2007-09-18,1.334
2007-09-19,1.331
2007-09-20,1.332
2007-09-21,1.332
2007-09-24,1.332
2007-09-25,1.331
2007-09-26,1.331
2007-09-27,1.331
2007-09-28,1.339
2007-09-30,1.339
2007-10-08,1.342
2007-10-09,1.359
2007-10-10,1.365
2007-10-11,1.371
2007-10-12,1.376
2007-10-15,1.376
2007-10-16,1.375
2007-10-17,1.373
2007-10-18,1.37
2007-10-19,1.371
2007-10-22,1.367
2007-10-23,1.368
2007-10-24,1.368
2007-10-25,1.366
2007-10-26,1.365
2007-10-29,1.366
2007-10-30,1.369
2007-10-31,1.37
2007-11-01,1.369
2007-11-02,1.367
2007-11-05,1.366
2007-11-06,1.365
2007-11-07,1.365
2007-11-08,1.363
2007-11-09,1.361
2007-11-12,1.358
2007-11-13,1.359
2007-11-14,1.36
2007-11-15,1.359
2007-11-16,1.359
2007-11-19,1.36
2007-11-20,1.36
2007-11-21,1.36
2007-11-22,1.359
2007-11-23,1.359
2007-11-26,1.358
2007-11-27,1.358
2007-11-28,1.358
2007-11-29,1.359
2007-11-30,1.358
2007-12-03,1.361
2007-12-04,1.361
2007-12-05,1.363
2007-12-06,1.363
2007-12-07,1.362
2007-12-10,1.363
2007-12-11,1.364
2007-12-12,1.366
2007-12-13,1.365
2007-12-14,1.365
2007-12-17,1.364
2007-12-18,1.364
2007-12-19,1.369
2007-12-20,1.37
2007-12-21,1.373
2007-12-24,1.374
2007-12-25,1.379
2007-12-26,1.38
2007-12-27,1.381
2007-12-28,1.381
2007-12-29,1.381
2007-12-31,1.381
2008-01-02,1.382
2008-01-03,1.382
2008-01-04,1.383
2008-01-07,1.384
2008-01-08,1.384
2008-01-09,1.386
2008-01-10,1.386
2008-01-11,1.386
2008-01-14,1.387
2008-01-15,1.387
2008-01-16,1.386
2008-01-17,1.384
2008-01-18,1.382
2008-01-21,1.381
2008-01-22,1.379
2008-01-23,1.381
2008-01-24,1.381
2008-01-25,1.382
2008-01-28,1.38
2008-01-29,1.38
2008-01-30,1.38
2008-01-31,1.38
2008-02-01,1.382
2008-02-04,1.386
2008-02-05,1.385
2008-02-13,1.386
2008-02-14,1.386
2008-02-15,1.386
2008-02-18,1.387
2008-02-19,1.388
2008-02-20,1.387
2008-02-21,1.388
2008-02-22,1.387
2008-02-25,1.386
2008-02-26,1.386
2008-02-27,1.387
2008-02-28,1.387
2008-02-29,1.387
2008-03-03,1.388
2008-03-04,1.388
2008-03-05,1.387
2008-03-06,1.388
2008-03-07,1.387
2008-03-10,1.386
2008-03-11,1.386
2008-03-12,1.385
2008-03-13,1.385
2008-03-14,1.385
2008-03-17,1.384
2008-03-18,1.383
2008-03-19,1.384
2008-03-20,1.385
2008-03-21,1.385
2008-03-24,1.385
2008-03-25,1.386
2008-03-26,1.386
2008-03-27,1.386
2008-03-28,1.386
2008-03-31,1.386
2008-04-01,1.385
2008-04-02,1.385
2008-04-03,1.386
2008-04-07,1.387
2008-04-08,1.387
2008-04-09,1.386
2008-04-10,1.387
2008-04-11,1.387
2008-04-14,1.387
2008-04-15,1.387
2008-04-16,1.387
2008-04-17,1.388
2008-04-18,1.387
2008-04-21,1.388
2008-04-22,1.388
2008-04-23,1.388
2008-04-24,1.389
2008-04-25,1.39
2008-04-28,1.39
2008-04-29,1.39
2008-04-30,1.39
2008-05-05,1.391
2008-05-06,1.391
2008-05-07,1.39
2008-05-08,1.39
2008-05-09,1.39
2008-05-12,1.391
2008-05-13,1.391
2008-05-14,1.391
2008-05-15,1.391
2008-05-16,1.391
2008-05-19,1.391
2008-05-20,1.39
2008-05-21,1.391
2008-05-22,1.391
2008-05-23,1.391
2008-05-26,1.391
2008-05-27,1.391
2008-05-28,1.392
2008-05-29,1.392
2008-05-30,1.393
2008-06-02,1.393
2008-06-03,1.393
2008-06-04,1.393
2008-06-05,1.393
2008-06-06,1.393
2008-06-10,1.391
2008-06-11,1.391
2008-06-12,1.391
2008-06-13,1.391
2008-06-16,1.391
2008-06-17,1.391
2008-06-18,1.391
2008-06-19,1.391
2008-06-20,1.391
2008-06-23,1.391
2008-06-24,1.391
2008-06-25,1.391
2008-06-26,1.391
2008-06-27,1.39
2008-06-30,1.39
2008-07-01,1.39
2008-07-02,1.39
2008-07-03,1.39
2008-07-04,1.39
2008-07-07,1.39
2008-07-08,1.39
2008-07-09,1.391
2008-07-10,1.391
2008-07-11,1.391
2008-07-14,1.392
2008-07-15,1.392
2008-07-16,1.392
2008-07-17,1.392
2008-07-18,1.392
2008-07-21,1.393
2008-07-22,1.393
2008-07-23,1.393
2008-07-24,1.393
2008-07-25,1.393
2008-07-28,1.393
2008-07-29,1.393
2008-07-30,1.393
2008-07-31,1.393
2008-08-01,1.392
2008-08-04,1.392
2008-08-05,1.392
2008-08-06,1.392
2008-08-07,1.392
2008-08-08,1.393
2008-08-11,1.392
2008-08-12,1.393
2008-08-13,1.394
2008-08-14,1.394
2008-08-15,1.394
2008-08-18,1.396
2008-08-19,1.397
2008-08-20,1.398
2008-08-21,1.398
2008-08-22,1.398
2008-08-25,1.399
2008-08-26,1.399
2008-08-27,1.399
2008-08-28,1.4
2008-08-29,1.401
2008-09-01,1.402
2008-09-02,1.403
2008-09-03,1.403
2008-09-04,1.404
2008-09-05,1.405
2008-09-08,1.405
2008-09-09,1.406
2008-09-10,1.407
2008-09-11,1.408
2008-09-12,1.411
2008-09-16,1.417
2008-09-17,1.421
2008-09-18,1.42
2008-09-19,1.419
2008-09-22,1.419
2008-09-23,1.42
2008-09-24,1.422
2008-09-25,1.424
2008-09-26,1.423
2008-09-30,1.423
2008-10-06,1.425
2008-10-07,1.435
2008-10-08,1.445
2008-10-09,1.454
2008-10-10,1.456
2008-10-13,1.455
2008-10-14,1.454
2008-10-15,1.456
2008-10-16,1.458
2008-10-17,1.457
2008-10-20,1.457
2008-10-21,1.457
2008-10-22,1.457
2008-10-23,1.457
2008-10-24,1.457
2008-10-27,1.457
2008-10-28,1.459
2008-10-29,1.462
2008-10-30,1.464
2008-10-31,1.464
2008-11-03,1.464
2008-11-04,1.465
2008-11-05,1.465
2008-11-06,1.468
2008-11-07,1.469
2008-11-10,1.473
2008-11-11,1.474
2008-11-12,1.478
2008-11-13,1.483
2008-11-14,1.479
2008-11-17,1.477
2008-11-18,1.477
2008-11-19,1.472
2008-11-20,1.473
2008-11-21,1.474
2008-11-24,1.473
2008-11-25,1.471
2008-11-26,1.473
2008-11-27,1.479
2008-11-28,1.477
2008-12-01,1.477
2008-12-02,1.479
2008-12-03,1.482
2008-12-04,1.484
2008-12-05,1.488
2008-12-08,1.488
2008-12-09,1.485
2008-12-10,1.487
2008-12-11,1.489
2008-12-12,1.491
2008-12-15,1.492
2008-12-16,1.494
2008-12-17,1.499
2008-12-18,1.503
2008-12-19,1.506
2008-12-22,1.505
2008-12-23,1.505
2008-12-24,1.505
2008-12-25,1.503
2008-12-26,1.502
2008-12-29,1.503
2008-12-30,1.503
2008-12-31,1.503
2009-01-05,1.507
2009-01-06,1.508
2009-01-07,1.509
2009-01-08,1.51
2009-01-09,1.511
2009-01-12,1.511
2009-01-13,1.509
2009-01-14,1.507
2009-01-15,1.502
2009-01-16,1.499
2009-01-19,1.498
2009-01-20,1.494
2009-01-21,1.492
2009-01-22,1.496
2009-01-23,1.497
2009-02-02,1.497
2009-02-03,1.494
2009-02-04,1.489
2009-02-05,1.486
2009-02-06,1.488
2009-02-09,1.49
2009-02-10,1.49
2009-02-11,1.491
2009-02-12,1.494
2009-02-13,1.495
2009-02-16,1.496
2009-02-17,1.493
2009-02-18,1.494
2009-02-19,1.495
2009-02-20,1.496
2009-02-23,1.496
2009-02-24,1.497
2009-02-25,1.498
2009-02-26,1.499
2009-02-27,1.499
2009-03-02,1.498
2009-03-03,1.498
2009-03-04,1.498
2009-03-05,1.498
2009-03-06,1.499
2009-03-09,1.499
2009-03-10,1.499
2009-03-11,1.5
2009-03-12,1.5
2009-03-13,1.5
2009-03-16,1.501
2009-03-17,1.501
2009-03-18,1.502
2009-03-19,1.502
2009-03-20,1.503
2009-03-23,1.502
2009-03-24,1.502
2009-03-25,1.501
2009-03-26,1.501
2009-03-27,1.501
2009-03-30,1.501
2009-03-31,1.501
2009-04-01,1.502
2009-04-02,1.502
2009-04-03,1.501
2009-04-07,1.499
2009-04-08,1.498
2009-04-09,1.498
2009-04-10,1.498
2009-04-13,1.497
2009-04-14,1.497
2009-04-15,1.497
2009-04-16,1.497
2009-04-17,1.498
2009-04-20,1.499
2009-04-21,1.499
2009-04-22,1.498
2009-04-23,1.498
2009-04-24,1.498
2009-04-27,1.497
2009-04-28,1.497
2009-04-29,1.499
2009-04-30,1.5
2009-05-04,1.501
2009-05-05,1.502
2009-05-06,1.502
2009-05-07,1.502
2009-05-08,1.503
2009-05-11,1.503
2009-05-12,1.504
2009-05-13,1.505
2009-05-14,1.506
2009-05-15,1.506
2009-05-18,1.507
2009-05-19,1.508
2009-05-20,1.509
2009-05-21,1.508
2009-05-22,1.508
2009-05-25,1.507
2009-05-26,1.507
2009-05-27,1.508
2009-06-01,1.509
2009-06-02,1.509
2009-06-03,1.51
2009-06-04,1.509
2009-06-05,1.509
2009-06-08,1.508
2009-06-09,1.508
2009-06-10,1.509
2009-06-11,1.508
2009-06-12,1.507
2009-06-15,1.506
2009-06-16,1.506
2009-06-17,1.507
2009-06-18,1.508
2009-06-19,1.507
2009-06-22,1.507
2009-06-23,1.507
2009-06-24,1.509
2009-06-25,1.509
2009-06-26,1.51
2009-06-29,1.511
2009-06-30,1.51
2009-07-01,1.513
2009-07-02,1.514
2009-07-03,1.516
2009-07-06,1.519
2009-07-07,1.519
2009-07-08,1.519
2009-07-09,1.521
2009-07-10,1.525
2009-07-13,1.525
2009-07-14,1.527
2009-07-15,1.528
2009-07-16,1.53
2009-07-17,1.531
2009-07-20,1.536
2009-07-21,1.533
2009-07-22,1.534
2009-07-23,1.534
2009-07-24,1.534
2009-07-27,1.541
2009-07-28,1.546
2009-07-29,1.55
2009-07-30,1.551
2009-07-31,1.556
2009-08-03,1.558
2009-08-04,1.56
2009-08-05,1.558
2009-08-06,1.552
2009-08-07,1.542
2009-08-10,1.54
2009-08-11,1.54
2009-08-12,1.531
2009-08-13,1.534
2009-08-14,1.531
2009-08-17,1.522
2009-08-18,1.526
2009-08-19,1.518
2009-08-20,1.523
2009-08-21,1.525
2009-08-24,1.527
2009-08-25,1.524
2009-08-26,1.526
2009-08-27,1.523
2009-08-28,1.516
2009-08-31,1.505
2009-09-01,1.504
2009-09-02,1.504
2009-09-03,1.512
2009-09-04,1.512
2009-09-07,1.512
2009-09-08,1.514
2009-09-09,1.516
2009-09-10,1.516
2009-09-11,1.517
2009-09-14,1.52
2009-09-15,1.521
2009-09-16,1.519
2009-09-17,1.521
2009-09-18,1.518
2009-09-21,1.516
2009-09-22,1.512
2009-09-23,1.51
2009-09-24,1.508
2009-09-25,1.507
2009-09-28,1.506
2009-09-29,1.505
2009-09-30,1.505
2009-10-09,1.509
2009-10-12,1.508
2009-10-13,1.508
2009-10-14,1.512
2009-10-15,1.512
2009-10-16,1.512
2009-10-19,1.514
2009-10-20,1.515
2009-10-21,1.516
2009-10-22,1.516
2009-10-23,1.517
2009-10-26,1.517
2009-10-27,1.515
2009-10-28,1.515
2009-10-29,1.511
2009-10-30,1.512
2009-11-02,1.513
2009-11-03,1.515
2009-11-04,1.516
2009-11-05,1.518
2009-11-06,1.519
2009-11-09,1.519
2009-11-10,1.519
2009-11-11,1.519
2009-11-12,1.52
2009-11-13,1.52
2009-11-16,1.521
2009-11-17,1.521
2009-11-18,1.521
2009-11-19,1.522
2009-11-20,1.523
2009-11-23,1.523
2009-11-24,1.522
2009-11-25,1.523
2009-11-26,1.521
2009-11-27,1.519
2009-11-30,1.523
2009-12-01,1.524
2009-12-02,1.525
2009-12-03,1.526
2009-12-04,1.526
2009-12-07,1.527
2009-12-08,1.527
2009-12-09,1.525
2009-12-10,1.526
2009-12-11,1.527
2009-12-14,1.527
2009-12-15,1.525
2009-12-16,1.526
2009-12-17,1.523
2009-12-18,1.522
2009-12-21,1.522
2009-12-22,1.52
2009-12-23,1.52
2009-12-24,1.522
2009-12-25,1.523
2009-12-28,1.524
2009-12-29,1.524
2009-12-30,1.525
2009-12-31,1.527
2010-01-04,1.526
2010-01-05,1.526
2010-01-06,1.527
2010-01-07,1.526
2010-01-08,1.527
2010-01-11,1.527
2010-01-12,1.53
2010-01-13,1.528
2010-01-14,1.531
2010-01-15,1.532
2010-01-18,1.533
2010-01-19,1.533
2010-01-20,1.532
2010-01-21,1.531
2010-01-22,1.529
2010-01-25,1.525
2010-01-26,1.522
2010-01-27,1.523
2010-01-28,1.525
2010-01-29,1.524
2010-02-01,1.524
2010-02-02,1.524
2010-02-03,1.524
2010-02-04,1.524
2010-02-05,1.524
2010-02-08,1.524
2010-02-09,1.524
2010-02-10,1.525
2010-02-11,1.526
2010-02-12,1.527
2010-02-22,1.527
2010-02-23,1.527
2010-02-24,1.529
2010-02-25,1.53
2010-02-26,1.531
2010-03-01,1.532
2010-03-02,1.533
2010-03-03,1.535
2010-03-04,1.533
2010-03-05,1.535
2010-03-08,1.536
2010-03-09,1.536
2010-03-10,1.537
2010-03-11,1.537
2010-03-12,1.538
2010-03-15,1.536
2010-03-16,1.536
2010-03-17,1.537
2010-03-18,1.537
2010-03-19,1.539
2010-03-22,1.539
2010-03-23,1.54
2010-03-24,1.541
2010-03-25,1.541
2010-03-26,1.541
2010-03-29,1.541
2010-03-30,1.542
2010-03-31,1.542
2010-04-01,1.544
2010-04-02,1.545
2010-04-06,1.545
2010-04-07,1.545
2010-04-08,1.544
2010-04-09,1.546
2010-04-12,1.548
2010-04-13,1.547
2010-04-14,1.547
2010-04-15,1.546
2010-04-16,1.546
2010-04-19,1.546
2010-04-20,1.546
2010-04-21,1.551
2010-04-22,1.552
2010-04-23,1.552
2010-04-26,1.552
2010-04-27,1.551
2010-04-28,1.551
2010-04-29,1.55
2010-04-30,1.55
2010-05-04,1.55
2010-05-05,1.552
2010-05-06,1.551
2010-05-07,1.551
2010-05-10,1.549
2010-05-11,1.548
2010-05-12,1.547
2010-05-13,1.548
2010-05-14,1.549
2010-05-17,1.548
2010-05-18,1.549
2010-05-19,1.551
2010-05-20,1.55
2010-05-21,1.552
2010-05-24,1.553
2010-05-25,1.552
2010-05-26,1.552
2010-05-27,1.553
2010-05-28,1.553
2010-05-31,1.552
2010-06-01,1.55
2010-06-02,1.551
2010-06-03,1.551
2010-06-04,1.552
2010-06-07,1.553
2010-06-08,1.553
2010-06-09,1.554
2010-06-10,1.554
2010-06-11,1.554
2010-06-17,1.553
2010-06-18,1.55
2010-06-21,1.551
2010-06-22,1.551
2010-06-23,1.551
2010-06-24,1.551
2010-06-25,1.551
2010-06-28,1.551
2010-06-29,1.549
2010-06-30,1.55
2010-07-01,1.55
2010-07-02,1.55
2010-07-05,1.55
2010-07-06,1.551
2010-07-07,1.552
2010-07-08,1.553
2010-07-09,1.555
2010-07-12,1.555
2010-07-13,1.556
2010-07-14,1.556
2010-07-15,1.556
2010-07-16,1.556
2010-07-19,1.557
2010-07-20,1.558
2010-07-21,1.558
2010-07-22,1.558
2010-07-23,1.558
2010-07-26,1.558
2010-07-27,1.558
2010-07-28,1.559
2010-07-29,1.559
2010-07-30,1.559
2010-08-02,1.56
2010-08-03,1.559
2010-08-04,1.56
2010-08-05,1.56
2010-08-06,1.562
2010-08-09,1.562
2010-08-10,1.56
2010-08-11,1.562
2010-08-12,1.562
2010-08-13,1.563
2010-08-16,1.565
2010-08-17,1.565
2010-08-18,1.567
2010-08-19,1.569
2010-08-20,1.569
2010-08-23,1.569
2010-08-24,1.57
2010-08-25,1.569
2010-08-26,1.569
2010-08-27,1.569
2010-08-30,1.57
2010-08-31,1.572
2010-09-01,1.573
2010-09-02,1.574
2010-09-03,1.576
2010-09-06,1.577
2010-09-07,1.577
2010-09-08,1.579
2010-09-09,1.578
2010-09-10,1.578
2010-09-13,1.577
2010-09-14,1.577
2010-09-15,1.576
2010-09-16,1.574
2010-09-17,1.574
2010-09-20,1.574
2010-09-21,1.573
2010-09-27,1.573
2010-09-28,1.573
2010-09-29,1.574
2010-09-30,1.577
2010-10-08,1.58
2010-10-11,1.583
2010-10-12,1.585
2010-10-13,1.586
2010-10-14,1.59
2010-10-15,1.594
2010-10-18,1.595
2010-10-19,1.593
2010-10-20,1.59
2010-10-21,1.586
2010-10-22,1.587
2010-10-25,1.591
2010-10-26,1.591
2010-10-27,1.59
2010-10-28,1.591
2010-10-29,1.591
2010-11-01,1.594
2010-11-02,1.594
2010-11-03,1.594
2010-11-04,1.595
2010-11-05,1.596
2010-11-08,1.596
2010-11-09,1.594
2010-11-10,1.593
2010-11-11,1.594
2010-11-12,1.587
2010-11-15,1.589
2010-11-16,1.586
2010-11-17,1.585
2010-11-18,1.586
2010-11-19,1.587
2010-11-22,1.585
2010-11-23,1.586
2010-11-24,1.585
2010-11-25,1.588
2010-11-26,1.589
2010-11-29,1.589
2010-11-30,1.586
2010-12-01,1.588
2010-12-02,1.59
2010-12-03,1.588
2010-12-06,1.588
2010-12-07,1.589
2010-12-08,1.588
2010-12-09,1.587
2010-12-10,1.589
2010-12-13,1.593
2010-12-14,1.594
2010-12-15,1.594
2010-12-16,1.594
2010-12-17,1.595
2010-12-20,1.594
2010-12-21,1.595
2010-12-22,1.594
2010-12-23,1.592
2010-12-24,1.588
2010-12-27,1.584
2010-12-28,1.583
2010-12-29,1.585
2010-12-30,1.586
2010-12-31,1.589
2011-01-04,1.593
2011-01-05,1.593
2011-01-06,1.592
2011-01-07,1.592
2011-01-10,1.591
2011-01-11,1.589
2011-01-12,1.59
2011-01-13,1.59
2011-01-14,1.587
2011-01-17,1.582
2011-01-18,1.58
2011-01-19,1.58
2011-01-20,1.576
2011-01-21,1.575
2011-01-24,1.573
2011-01-25,1.575
2011-01-26,1.576
2011-01-27,1.576
2011-01-28,1.576
2011-01-31,1.577
2011-02-01,1.577
2011-02-09,1.575
2011-02-10,1.576
2011-02-11,1.58
2011-02-14,1.582
2011-02-15,1.582
2011-02-16,1.583
2011-02-17,1.583
2011-02-18,1.583
2011-02-21,1.584
2011-02-22,1.579
2011-02-23,1.58
2011-02-24,1.58
2011-02-25,1.58
2011-02-28,1.581
2011-03-01,1.581
2011-03-02,1.582
2011-03-03,1.582
2011-03-04,1.584
2011-03-07,1.586
2011-03-08,1.586
2011-03-09,1.588
2011-03-10,1.589
2011-03-11,1.587
2011-03-14,1.587
2011-03-15,1.586
2011-03-16,1.587
2011-03-17,1.585
2011-03-18,1.585
2011-03-21,1.587
2011-03-22,1.588
2011-03-23,1.589
2011-03-24,1.589
2011-03-25,1.59
2011-03-28,1.589
2011-03-29,1.585
2011-03-30,1.583
2011-03-31,1.583
2011-04-01,1.585
2011-04-06,1.585
2011-04-07,1.586
2011-04-08,1.587
2011-04-11,1.588
2011-04-12,1.589
2011-04-13,1.591
2011-04-14,1.592
2011-04-15,1.593
2011-04-18,1.595
2011-04-19,1.591
2011-04-20,1.59
2011-04-21,1.591
2011-04-22,1.59
2011-04-25,1.587
2011-04-26,1.586
2011-04-27,1.585
2011-04-28,1.585
2011-04-29,1.585
2011-05-03,1.585
2011-05-04,1.584
2011-05-05,1.585
2011-05-06,1.585
2011-05-09,1.586
2011-05-10,1.587
2011-05-11,1.588
2011-05-12,1.586
2011-05-13,1.587
2011-05-16,1.587
2011-05-17,1.586
2011-05-18,1.587
2011-05-19,1.587
2011-05-20,1.586
2011-05-23,1.582
2011-05-24,1.582
2011-05-25,1.579
2011-05-26,1.578
2011-05-27,1.578
2011-05-30,1.578
2011-05-31,1.579
2011-06-01,1.58
2011-06-02,1.578
2011-06-03,1.579
2011-06-07,1.579
2011-06-08,1.577
2011-06-09,1.575
2011-06-10,1.574
2011-06-13,1.572
2011-06-14,1.573
2011-06-15,1.571
2011-06-16,1.569
2011-06-17,1.568
2011-06-20,1.567
2011-06-21,1.568
2011-06-22,1.568
2011-06-23,1.57
2011-06-24,1.571
2011-06-27,1.572
2011-06-28,1.571
2011-06-29,1.569
2011-06-30,1.57
2011-07-01,1.571
2011-07-04,1.574
2011-07-05,1.574
2011-07-06,1.573
2011-07-07,1.573
2011-07-08,1.573
2011-07-11,1.573
2011-07-12,1.572
2011-07-13,1.573
2011-07-14,1.574
2011-07-15,1.573
2011-07-18,1.572
2011-07-19,1.569
2011-07-20,1.567
2011-07-21,1.565
2011-07-22,1.566
2011-07-25,1.563
2011-07-26,1.563
2011-07-27,1.563
2011-07-28,1.561
2011-07-29,1.561
2011-08-01,1.56
2011-08-02,1.558
2011-08-03,1.557
2011-08-04,1.558
2011-08-05,1.556
2011-08-08,1.556
2011-08-09,1.556
2011-08-10,1.558
2011-08-11,1.561
2011-08-12,1.562
2011-08-15,1.562
2011-08-16,1.563
2011-08-17,1.563
2011-08-18,1.561
2011-08-19,1.559
2011-08-22,1.558
2011-08-23,1.559
2011-08-24,1.56
2011-08-25,1.56
2011-08-26,1.559
2011-08-29,1.55
2011-08-30,1.548
2011-08-31,1.548
2011-09-01,1.547
2011-09-02,1.543
2011-09-05,1.54
2011-09-06,1.539
2011-09-07,1.541
2011-09-08,1.541
2011-09-09,1.54
2011-09-13,1.54
2011-09-14,1.541
2011-09-15,1.54
2011-09-16,1.54
2011-09-19,1.54
2011-09-20,1.54
2011-09-21,1.54
2011-09-22,1.539
2011-09-23,1.539
2011-09-26,1.538
2011-09-27,1.539
2011-09-28,1.538
2011-09-29,1.535
2011-09-30,1.537
2011-10-10,1.539
2011-10-11,1.539
2011-10-12,1.54
2011-10-13,1.54
2011-10-14,1.541
2011-10-17,1.543
2011-10-18,1.545
2011-10-19,1.545
2011-10-20,1.546
2011-10-21,1.547
2011-10-24,1.548
2011-10-25,1.548
2011-10-26,1.55
2011-10-27,1.549
2011-10-28,1.549
2011-10-31,1.551
2011-11-01,1.553
2011-11-02,1.553
2011-11-03,1.554
2011-11-04,1.555
2011-11-07,1.556
2011-11-08,1.558
2011-11-09,1.559
2011-11-10,1.562
2011-11-11,1.562
2011-11-14,1.562
2011-11-15,1.563
2011-11-16,1.562
2011-11-17,1.561
2011-11-18,1.56
2011-11-21,1.56
2011-11-22,1.56
2011-11-23,1.561
2011-11-24,1.561
2011-11-25,1.561
2011-11-28,1.561
2011-11-29,1.561
2011-11-30,1.559
2011-12-01,1.565
2011-12-02,1.566
2011-12-05,1.565
2011-12-06,1.565
2011-12-07,1.565
2011-12-08,1.565
2011-12-09,1.565
2011-12-12,1.565
2011-12-13,1.564
2011-12-14,1.564
2011-12-15,1.563
2011-12-16,1.565
2011-12-19,1.565
2011-12-20,1.565
2011-12-21,1.565
2011-12-22,1.565
2011-12-23,1.565
2011-12-26,1.565
2011-12-27,1.565
2011-12-28,1.567
2011-12-29,1.566
2011-12-30,1.567
2011-12-31,1.568
2012-01-04,1.567
2012-01-05,1.568
2012-01-06,1.569
2012-01-09,1.572
2012-01-10,1.574
2012-01-11,1.573
2012-01-12,1.574
2012-01-13,1.573
2012-01-16,1.573
2012-01-17,1.573
2012-01-18,1.572
2012-01-19,1.574
2012-01-20,1.575
2012-01-30,1.576
2012-01-31,1.577
2012-02-01,1.576
2012-02-02,1.576
2012-02-03,1.577
2012-02-06,1.577
2012-02-07,1.576
2012-02-08,1.575
2012-02-09,1.575
2012-02-10,1.574
2012-02-13,1.575
2012-02-14,1.575
2012-02-15,1.576
2012-02-16,1.576
2012-02-17,1.575
2012-02-20,1.577
2012-02-21,1.577
2012-02-22,1.576
2012-02-23,1.578
2012-02-24,1.578
2012-02-27,1.578
2012-02-28,1.578
2012-02-29,1.578
2012-03-01,1.578
2012-03-02,1.578
2012-03-05,1.578
2012-03-06,1.578
2012-03-07,1.578
2012-03-08,1.578
2012-03-09,1.579
2012-03-12,1.58
2012-03-13,1.581
2012-03-14,1.58
2012-03-15,1.58
2012-03-16,1.58
2012-03-19,1.581
2012-03-20,1.58
2012-03-21,1.58
2012-03-22,1.58
2012-03-23,1.58
2012-03-26,1.581
2012-03-27,1.581
2012-03-28,1.581
2012-03-29,1.581
2012-03-30,1.582
2012-03-31,1.582
2012-04-05,1.583
2012-04-06,1.583
2012-04-09,1.584
2012-04-10,1.584
2012-04-11,1.584
2012-04-12,1.586
2012-04-13,1.587
2012-04-16,1.588
2012-04-17,1.587
2012-04-18,1.588
2012-04-19,1.588
2012-04-20,1.589
2012-04-23,1.59
2012-04-24,1.591
2012-04-25,1.591
2012-04-26,1.591
2012-04-27,1.592
2012-05-02,1.593
2012-05-03,1.594
2012-05-04,1.595
2012-05-07,1.595
2012-05-08,1.595
2012-05-09,1.595
2012-05-10,1.596
2012-05-11,1.597
2012-05-14,1.598
2012-05-15,1.599
2012-05-16,1.6
2012-05-17,1.601
2012-05-18,1.602
2012-05-21,1.603
2012-05-22,1.604
2012-05-23,1.605
2012-05-24,1.607
2012-05-25,1.609
2012-05-28,1.61
2012-05-29,1.611
2012-05-30,1.612
2012-05-31,1.613
2012-06-01,1.614
2012-06-04,1.614
2012-06-05,1.615
2012-06-06,1.616
2012-06-07,1.617
2012-06-08,1.621
2012-06-11,1.621
2012-06-12,1.621
2012-06-13,1.621
2012-06-14,1.622
2012-06-15,1.622
2012-06-18,1.622
2012-06-19,1.621
2012-06-20,1.621
2012-06-21,1.621
2012-06-25,1.622
2012-06-26,1.622
2012-06-27,1.622
2012-06-28,1.623
2012-06-29,1.623
2012-06-30,1.623
2012-07-02,1.623
2012-07-03,1.623
2012-07-04,1.624
2012-07-05,1.625
2012-07-06,1.627
2012-07-09,1.628
2012-07-10,1.625
2012-07-11,1.628
2012-07-12,1.628
2012-07-13,1.63
2012-07-16,1.63
2012-07-17,1.63
2012-07-18,1.631
2012-07-19,1.631
2012-07-20,1.63
2012-07-23,1.631
2012-07-24,1.63
2012-07-25,1.63
2012-07-26,1.629
2012-07-27,1.63
2012-07-30,1.63
2012-07-31,1.629
2012-08-01,1.628
2012-08-02,1.627
2012-08-03,1.626
2012-08-06,1.626
2012-08-07,1.625
2012-08-08,1.623
2012-08-09,1.623
2012-08-10,1.622
2012-08-13,1.621
2012-08-14,1.622
2012-08-15,1.621
2012-08-16,1.621
2012-08-17,1.622
2012-08-20,1.62
2012-08-21,1.62
2012-08-22,1.618
2012-08-23,1.619
2012-08-24,1.618
2012-08-27,1.619
2012-08-28,1.618
2012-08-29,1.618
2012-08-30,1.618
2012-08-31,1.619
2012-09-03,1.619
2012-09-04,1.62
2012-09-05,1.619
2012-09-06,1.618
2012-09-07,1.619
2012-09-10,1.619
2012-09-11,1.618
2012-09-12,1.618
2012-09-13,1.618
2012-09-14,1.617
2012-09-17,1.616
2012-09-18,1.615
2012-09-19,1.615
2012-09-20,1.615
2012-09-21,1.615
2012-09-24,1.616
2012-09-25,1.616
2012-09-26,1.617
2012-09-27,1.619
2012-09-28,1.62
2012-09-30,1.62
2012-10-08,1.621
2012-10-09,1.622
2012-10-10,1.623
2012-10-11,1.623
2012-10-12,1.625
2012-10-15,1.625
2012-10-16,1.625
2012-10-17,1.626
2012-10-18,1.627
2012-10-19,1.627
2012-10-22,1.627
2012-10-23,1.627
2012-10-24,1.627
2012-10-25,1.626
2012-10-26,1.626
2012-10-29,1.626
2012-10-30,1.626
2012-10-31,1.627
2012-11-01,1.627
2012-11-02,1.627
2012-11-05,1.627
2012-11-06,1.627
2012-11-07,1.628
2012-11-08,1.628
2012-11-09,1.629
2012-11-12,1.63
2012-11-13,1.63
2012-11-14,1.63
2012-11-15,1.63
2012-11-16,1.63
2012-11-19,1.631
2012-11-20,1.632
2012-11-21,1.632
2012-11-22,1.632
2012-11-23,1.633
2012-11-26,1.634
2012-11-27,1.634
2012-11-28,1.634
2012-11-29,1.634
2012-11-30,1.635
2012-12-03,1.635
2012-12-04,1.636
2012-12-05,1.637
2012-12-06,1.638
2012-12-07,1.639
2012-12-10,1.64
2012-12-11,1.639
2012-12-12,1.64
2012-12-13,1.64
2012-12-14,1.642
2012-12-17,1.644
2012-12-18,1.644
2012-12-19,1.644
2012-12-20,1.645
2012-12-21,1.645
2012-12-24,1.643
2012-12-25,1.645
2012-12-26,1.645
2012-12-27,1.645
2012-12-28,1.644
2012-12-31,1.648
2013-01-04,1.649
2013-01-07,1.65
2013-01-08,1.65
2013-01-09,1.651
2013-01-10,1.653
2013-01-11,1.653
2013-01-14,1.655
2013-01-15,1.657
2013-01-16,1.657
2013-01-17,1.657
2013-01-18,1.658
2013-01-21,1.659
2013-01-22,1.659
2013-01-23,1.66
2013-01-24,1.66
2013-01-25,1.659
2013-01-28,1.66
2013-01-29,1.661
2013-01-30,1.661
2013-01-31,1.662
2013-02-01,1.662
2013-02-04,1.663
2013-02-05,1.663
2013-02-06,1.664
2013-02-07,1.665
2013-02-08,1.665
2013-02-18,1.667
2013-02-19,1.668
2013-02-20,1.669
2013-02-21,1.67
2013-02-22,1.67
2013-02-25,1.671
2013-02-26,1.67
2013-02-27,1.67
2013-02-28,1.672
2013-03-01,1.671
2013-03-04,1.672
2013-03-05,1.673
2013-03-06,1.673
2013-03-07,1.674
2013-03-08,1.675
2013-03-11,1.675
2013-03-12,1.675
2013-03-13,1.674
2013-03-14,1.676
2013-03-15,1.676
2013-03-18,1.675
2013-03-19,1.675
2013-03-20,1.676
2013-03-21,1.676
2013-03-22,1.677
2013-03-25,1.678
2013-03-26,1.677
2013-03-27,1.678
2013-03-28,1.679
2013-03-29,1.679
2013-04-01,1.68
2013-04-02,1.682
2013-04-03,1.683
2013-04-08,1.684
2013-04-09,1.685
2013-04-10,1.685
2013-04-11,1.686
2013-04-12,1.686
2013-04-15,1.688
2013-04-16,1.688
2013-04-17,1.689
2013-04-18,1.688
2013-04-19,1.687
2013-04-22,1.684
2013-04-23,1.683
2013-04-24,1.683
2013-04-25,1.683
2013-04-26,1.685
2013-05-02,1.686
2013-05-03,1.687
2013-05-06,1.687
2013-05-07,1.688
2013-05-08,1.689
2013-05-09,1.688
2013-05-10,1.69
2013-05-13,1.691
2013-05-14,1.691
2013-05-15,1.69
2013-05-16,1.692
2013-05-17,1.692
2013-05-20,1.692
2013-05-21,1.692
2013-05-22,1.692
2013-05-23,1.693
2013-05-24,1.694
2013-05-27,1.695
2013-05-28,1.695
2013-05-29,1.696
2013-05-30,1.696
2013-05-31,1.696
2013-06-03,1.697
2013-06-04,1.697
2013-06-05,1.697
2013-06-06,1.697
2013-06-07,1.697
2013-06-13,1.697
2013-06-14,1.696
2013-06-17,1.696
2013-06-18,1.695
2013-06-19,1.693
2013-06-20,1.689
2013-06-21,1.688
2013-06-24,1.685
2013-06-25,1.685
2013-06-26,1.688
2013-06-27,1.689
2013-06-28,1.691
2013-06-30,1.692
2013-07-01,1.692
2013-07-02,1.691
2013-07-03,1.693
2013-07-04,1.694
2013-07-05,1.695
2013-07-08,1.696
2013-07-09,1.695
2013-07-10,1.694
2013-07-11,1.694
2013-07-12,1.693
2013-07-15,1.693
2013-07-16,1.693
2013-07-17,1.691
2013-07-18,1.691
2013-07-19,1.689
2013-07-22,1.688
2013-07-23,1.688
2013-07-24,1.687
2013-07-25,1.687
2013-07-26,1.688
2013-07-29,1.687
2013-07-30,1.687
2013-07-31,1.687
2013-08-01,1.689
2013-08-02,1.689
2013-08-05,1.69
2013-08-06,1.689
2013-08-07,1.689
2013-08-08,1.688
2013-08-09,1.688
2013-08-12,1.687
2013-08-13,1.686
2013-08-14,1.685
2013-08-15,1.684
2013-08-16,1.683
2013-08-19,1.682
2013-08-20,1.681
2013-08-21,1.681
2013-08-22,1.681
2013-08-23,1.681
2013-08-26,1.682
2013-08-27,1.682
2013-08-28,1.681
2013-08-29,1.681
2013-08-30,1.681
2013-09-02,1.682
2013-09-03,1.683
2013-09-04,1.683
2013-09-05,1.683
2013-09-06,1.683
2013-09-09,1.685
2013-09-10,1.687
2013-09-11,1.687
2013-09-12,1.687
2013-09-13,1.687
2013-09-16,1.686
2013-09-17,1.687
2013-09-18,1.686
2013-09-23,1.686
2013-09-24,1.685
2013-09-25,1.685
2013-09-26,1.687
2013-09-27,1.687
2013-09-30,1.687
2013-10-08,1.689
2013-10-09,1.689
2013-10-10,1.689
2013-10-11,1.69
2013-10-14,1.69
2013-10-15,1.69
2013-10-16,1.69
2013-10-17,1.689
2013-10-18,1.69
2013-10-21,1.691
2013-10-22,1.691
2013-10-23,1.69
2013-10-24,1.688
2013-10-25,1.685
2013-10-28,1.685
2013-10-29,1.686
2013-10-30,1.686
2013-10-31,1.685
2013-11-01,1.685
2013-11-04,1.688
2013-11-05,1.687
2013-11-06,1.687
2013-11-07,1.686
2013-11-08,1.685
2013-11-11,1.684
2013-11-12,1.683
2013-11-13,1.68
2013-11-14,1.679
2013-11-15,1.677
2013-11-18,1.678
2013-11-19,1.676
2013-11-20,1.674
2013-11-21,1.673
2013-11-22,1.673
2013-11-25,1.672
2013-11-26,1.671
2013-11-27,1.671
2013-11-28,1.671
2013-11-29,1.671
2013-12-02,1.671
2013-12-03,1.67
2013-12-04,1.67
2013-12-05,1.669
2013-12-06,1.668
2013-12-09,1.669
2013-12-10,1.669
2013-12-11,1.668
2013-12-12,1.667
2013-12-13,1.666
2013-12-16,1.666
2013-12-17,1.663
2013-12-18,1.662
2013-12-19,1.661
2013-12-20,1.661
2013-12-23,1.661
2013-12-24,1.66
2013-12-25,1.661
2013-12-26,1.661
2013-12-27,1.66
2013-12-30,1.661
2013-12-31,1.661
2014-01-02,1.659
2014-01-03,1.66
2014-01-06,1.66
2014-01-07,1.66
2014-01-08,1.658
2014-01-09,1.658
2014-01-10,1.657
2014-01-13,1.658
2014-01-14,1.657
2014-01-15,1.657
2014-01-16,1.656
2014-01-17,1.656
2014-01-20,1.655
2014-01-21,1.656
2014-01-22,1.658
2014-01-23,1.656
2014-01-24,1.658
2014-01-27,1.659
2014-01-28,1.66
2014-01-29,1.66
2014-01-30,1.661
2014-02-07,1.663
2014-02-10,1.664
2014-02-11,1.664
2014-02-12,1.665
2014-02-13,1.666
2014-02-14,1.668
2014-02-17,1.669
2014-02-18,1.669
2014-02-19,1.671
2014-02-20,1.672
2014-02-21,1.674
2014-02-24,1.674
2014-02-25,1.675
2014-02-26,1.677
2014-02-27,1.678
2014-02-28,1.677
2014-03-03,1.677
2014-03-04,1.678
2014-03-05,1.677
2014-03-06,1.676
2014-03-07,1.676
2014-03-10,1.677
2014-03-11,1.677
2014-03-12,1.677
2014-03-13,1.678
2014-03-14,1.679
2014-03-17,1.68
2014-03-18,1.68
2014-03-19,1.68
2014-03-20,1.679
2014-03-21,1.68
2014-03-24,1.681
2014-03-25,1.681
2014-03-26,1.681
2014-03-27,1.682
2014-03-28,1.682
2014-03-31,1.683
2014-04-01,1.682
2014-04-02,1.682
2014-04-03,1.683
2014-04-04,1.683
2014-04-08,1.685
2014-04-09,1.686
2014-04-10,1.686
2014-04-11,1.687
2014-04-14,1.689
2014-04-15,1.689
2014-04-16,1.692
2014-04-17,1.692
2014-04-18,1.692
2014-04-21,1.693
2014-04-22,1.693
2014-04-23,1.694
2014-04-24,1.694
2014-04-25,1.694
2014-04-28,1.695
2014-04-29,1.695
2014-04-30,1.696
2014-05-05,1.698
2014-05-06,1.698
2014-05-07,1.699
2014-05-08,1.701
2014-05-09,1.702
2014-05-12,1.703
2014-05-13,1.702
2014-05-14,1.703
2014-05-15,1.703
2014-05-16,1.703
2014-05-19,1.703
2014-05-20,1.702
2014-05-21,1.702
2014-05-22,1.704
2014-05-23,1.704
2014-05-26,1.705
2014-05-27,1.705
2014-05-28,1.706
2014-05-29,1.706
2014-05-30,1.707
2014-06-03,1.708
2014-06-04,1.71
2014-06-05,1.711
2014-06-06,1.71
2014-06-09,1.71
2014-06-10,1.713
2014-06-11,1.714
2014-06-12,1.714
2014-06-13,1.713
2014-06-16,1.713
2014-06-17,1.714
2014-06-18,1.714
2014-06-19,1.714
2014-06-20,1.715
2014-06-23,1.716
2014-06-24,1.717
2014-06-25,1.716
2014-06-26,1.717
2014-06-27,1.718
2014-06-30,1.718
2014-07-01,1.718
2014-07-02,1.718
2014-07-03,1.718
2014-07-04,1.718
2014-07-07,1.719
2014-07-08,1.72
2014-07-09,1.719
2014-07-10,1.72
2014-07-11,1.72
2014-07-14,1.721
2014-07-15,1.721
2014-07-16,1.721
2014-07-17,1.721
2014-07-18,1.721
2014-07-21,1.721
2014-07-22,1.721
2014-07-23,1.722
2014-07-24,1.722
2014-07-25,1.723
2014-07-28,1.723
2014-07-29,1.723
2014-07-30,1.724
2014-07-31,1.724
2014-08-01,1.724
2014-08-04,1.724
2014-08-05,1.724
2014-08-06,1.726
2014-08-07,1.726
2014-08-08,1.725
2014-08-11,1.728
2014-08-12,1.729
2014-08-13,1.729
2014-08-14,1.73
2014-08-15,1.731
2014-08-18,1.732
2014-08-19,1.732
2014-08-20,1.733
2014-08-21,1.733
2014-08-22,1.734
2014-08-25,1.735
2014-08-26,1.735
2014-08-27,1.735
2014-08-28,1.736
2014-08-29,1.736
2014-09-01,1.737
2014-09-02,1.737
2014-09-03,1.737
2014-09-04,1.738
2014-09-05,1.739
2014-09-09,1.739
2014-09-10,1.74
2014-09-11,1.74
2014-09-12,1.74
2014-09-15,1.74
2014-09-16,1.741
2014-09-17,1.742
2014-09-18,1.743
2014-09-19,1.743
2014-09-22,1.744
2014-09-23,1.744
2014-09-24,1.744
2014-09-25,1.745
2014-09-26,1.745
2014-09-29,1.746
2014-09-30,1.745
2014-10-08,1.746
2014-10-09,1.746
2014-10-10,1.747
2014-10-13,1.748
2014-10-14,1.749
2014-10-15,1.751
2014-10-16,1.752
2014-10-17,1.753
2014-10-20,1.755
2014-10-21,1.757
2014-10-22,1.758
2014-10-23,1.758
2014-10-24,1.759
2014-10-27,1.759
2014-10-28,1.76
2014-10-29,1.759
2014-10-30,1.762
2014-10-31,1.763
2014-11-03,1.765
2014-11-04,1.768
2014-11-05,1.769
2014-11-06,1.771
2014-11-07,1.773
2014-11-10,1.777
2014-11-11,1.778
2014-11-12,1.778
2014-11-13,1.779
2014-11-14,1.778
2014-11-17,1.778
2014-11-18,1.778
2014-11-19,1.777
2014-11-20,1.774
2014-11-21,1.772
2014-11-24,1.775
2014-11-25,1.776
2014-11-26,1.775
2014-11-27,1.776
2014-11-28,1.774
2014-12-01,1.777
2014-12-02,1.778
2014-12-03,1.776
2014-12-04,1.776
2014-12-05,1.774
2014-12-08,1.771
2014-12-09,1.762
2014-12-10,1.759
2014-12-11,1.759
2014-12-12,1.76
2014-12-15,1.759
2014-12-16,1.757
2014-12-17,1.755
2014-12-18,1.755
2014-12-19,1.755
2014-12-22,1.756
2014-12-23,1.757
2014-12-24,1.756
2014-12-25,1.756
2014-12-26,1.758
2014-12-29,1.76
2014-12-30,1.76
2014-12-31,1.761
2015-01-05,1.761
2015-01-06,1.762
2015-01-07,1.762
2015-01-08,1.762
2015-01-09,1.763
2015-01-12,1.764
2015-01-13,1.764
2015-01-14,1.766
2015-01-15,1.767
2015-01-16,1.767
2015-01-19,1.765
2015-01-20,1.768
2015-01-21,1.768
2015-01-22,1.77
2015-01-23,1.77
2015-01-26,1.77
2015-01-27,1.773
2015-01-28,1.771
2015-01-29,1.771
2015-01-30,1.77
2015-02-02,1.771
2015-02-03,1.77
2015-02-04,1.77
2015-02-05,1.772
2015-02-06,1.77
2015-02-09,1.771
2015-02-10,1.771
2015-02-11,1.771
2015-02-12,1.772
2015-02-13,1.772
2015-02-16,1.774
2015-02-17,1.773
2015-02-25,1.776
2015-02-26,1.776
2015-02-27,1.777
2015-03-02,1.777
2015-03-03,1.779
2015-03-04,1.778
2015-03-05,1.777
2015-03-06,1.777
2015-03-09,1.777
2015-03-10,1.777
2015-03-11,1.778
2015-03-12,1.778
2015-03-13,1.778
2015-03-16,1.779
2015-03-17,1.777
2015-03-18,1.778
2015-03-19,1.778
2015-03-20,1.779
2015-03-23,1.78
2015-03-24,1.78
2015-03-25,1.779
2015-03-26,1.777
2015-03-27,1.777
2015-03-30,1.776
2015-03-31,1.774
2015-04-01,1.774
2015-04-02,1.775
2015-04-03,1.775
2015-04-07,1.775
2015-04-08,1.774
2015-04-09,1.773
2015-04-10,1.774
2015-04-13,1.776
2015-04-14,1.776
2015-04-15,1.776
2015-04-16,1.778
2015-04-17,1.779
2015-04-20,1.781
2015-04-21,1.783
2015-04-22,1.785
2015-04-23,1.785
2015-04-24,1.785
2015-04-27,1.787
2015-04-28,1.787
2015-04-29,1.788
2015-04-30,1.789
2015-05-04,1.789
2015-05-05,1.787
2015-05-06,1.787
2015-05-07,1.787
2015-05-08,1.788
2015-05-11,1.789
2015-05-12,1.789
2015-05-13,1.79
2015-05-14,1.793
2015-05-15,1.794
2015-05-18,1.793
2015-05-19,1.794
2015-05-20,1.794
2015-05-21,1.795
2015-05-22,1.796
2015-05-25,1.798
2015-05-26,1.798
2015-05-27,1.798
2015-05-28,1.795
2015-05-29,1.795
2015-06-01,1.796
2015-06-02,1.797
2015-06-03,1.798
2015-06-04,1.798
2015-06-05,1.798
2015-06-08,1.801
2015-06-09,1.8
2015-06-10,1.8
2015-06-11,1.8
2015-06-12,1.8
2015-06-15,1.799
2015-06-16,1.798
2015-06-17,1.799
2015-06-18,1.798
2015-06-19,1.797
2015-06-23,1.797
2015-06-24,1.797
2015-06-25,1.798
2015-06-26,1.798
2015-06-29,1.799
2015-06-30,1.799
2015-07-01,1.8
2015-07-02,1.8
2015-07-03,1.8
2015-07-06,1.803
2015-07-07,1.805
2015-07-08,1.806
2015-07-09,1.806
2015-07-10,1.806
2015-07-13,1.807
2015-07-14,1.807
2015-07-15,1.807
2015-07-16,1.807
2015-07-17,1.807
2015-07-20,1.808
2015-07-21,1.808
2015-07-22,1.809
2015-07-23,1.81
2015-07-24,1.811
2015-07-27,1.812
2015-07-28,1.813
2015-07-29,1.814
2015-07-30,1.814
2015-07-31,1.815
2015-08-03,1.815
2015-08-04,1.816
2015-08-05,1.816
2015-08-06,1.817
2015-08-07,1.819
2015-08-10,1.819
2015-08-11,1.819
2015-08-12,1.818
2015-08-13,1.819
2015-08-14,1.819
2015-08-17,1.82
2015-08-18,1.82
2015-08-19,1.821
2015-08-20,1.821
2015-08-21,1.821
2015-08-24,1.822
2015-08-25,1.822
2015-08-26,1.822
2015-08-27,1.823
2015-08-28,1.823
2015-08-31,1.823
2015-09-01,1.824
2015-09-02,1.824
2015-09-07,1.825
2015-09-08,1.825
2015-09-09,1.825
2015-09-10,1.825
2015-09-11,1.825
2015-09-14,1.826
2015-09-15,1.826
2015-09-16,1.827
2015-09-17,1.827
2015-09-18,1.827
2015-09-21,1.827
2015-09-22,1.827
2015-09-23,1.827
2015-09-24,1.827
2015-09-25,1.827
2015-09-28,1.828
2015-09-29,1.829
2015-09-30,1.829
2015-10-08,1.83
2015-10-09,1.83
2015-10-12,1.831
2015-10-13,1.832
2015-10-14,1.833
2015-10-15,1.833
2015-10-16,1.833
2015-10-19,1.834
2015-10-20,1.834
2015-10-21,1.835
2015-10-22,1.835
2015-10-23,1.836
2015-10-26,1.838
2015-10-27,1.839
2015-10-28,1.841
2015-10-29,1.841
2015-10-30,1.841
2015-11-02,1.841
2015-11-03,1.841
2015-11-04,1.841
2015-11-05,1.841
2015-11-06,1.841
2015-11-09,1.838
2015-11-10,1.836
2015-11-11,1.836
2015-11-12,1.836
2015-11-13,1.838
2015-11-16,1.836
2015-11-17,1.836
2015-11-18,1.836
2015-11-19,1.836
2015-11-20,1.836
2015-11-23,1.836
2015-11-24,1.836
2015-11-25,1.837
2015-11-26,1.838
2015-11-27,1.838
2015-11-30,1.839
2015-12-01,1.84
2015-12-02,1.84
2015-12-03,1.842
2015-12-04,1.843
2015-12-07,1.844
2015-12-08,1.845
2015-12-09,1.846
2015-12-10,1.846
2015-12-11,1.846
2015-12-14,1.847
2015-12-15,1.847
2015-12-16,1.848
2015-12-17,1.849
2015-12-18,1.849
2015-12-21,1.85
2015-12-22,1.852
2015-12-23,1.852
2015-12-24,1.853
2015-12-25,1.854
2015-12-28,1.854
2015-12-29,1.855
2015-12-30,1.855
2015-12-31,1.855
2016-01-04,1.855
2016-01-05,1.855
2016-01-06,1.855
2016-01-07,1.856
2016-01-08,1.857
2016-01-11,1.858
2016-01-12,1.859
2016-01-13,1.861
2016-01-14,1.861
2016-01-15,1.861
2016-01-18,1.86
2016-01-19,1.859
2016-01-20,1.858
2016-01-21,1.858
2016-01-22,1.859
2016-01-25,1.857
2016-01-26,1.856
2016-01-27,1.853
2016-01-28,1.852
2016-01-29,1.854
2016-02-01,1.854
2016-02-02,1.853
2016-02-03,1.852
2016-02-04,1.853
2016-02-05,1.853
2016-02-15,1.856
2016-02-16,1.856
2016-02-17,1.856
2016-02-18,1.856
2016-02-19,1.857
2016-02-22,1.857
2016-02-23,1.857
2016-02-24,1.857
2016-02-25,1.856
2016-02-26,1.856
2016-02-29,1.856
2016-03-01,1.857
2016-03-02,1.858
2016-03-03,1.857
2016-03-04,1.857
2016-03-07,1.858
2016-03-08,1.858
2016-03-09,1.859
2016-03-10,1.859
2016-03-11,1.86
2016-03-14,1.861
2016-03-15,1.861
2016-03-16,1.861
2016-03-17,1.862
2016-03-18,1.863
2016-03-21,1.863
2016-03-22,1.863
2016-03-23,1.863
2016-03-24,1.863
2016-03-25,1.863
2016-03-28,1.863
2016-03-29,1.862
2016-03-30,1.863
2016-03-31,1.863
2016-04-01,1.863
2016-04-05,1.864
2016-04-06,1.863
2016-04-07,1.863
2016-04-08,1.863
2016-04-11,1.863
2016-04-12,1.861
2016-04-13,1.86
2016-04-14,1.858
2016-04-15,1.857
2016-04-18,1.858
2016-04-19,1.857
2016-04-20,1.856
2016-04-21,1.854
2016-04-22,1.851
2016-04-25,1.848
2016-04-26,1.847
2016-04-27,1.847
2016-04-28,1.848
2016-04-29,1.848
2016-05-03,1.85
2016-05-04,1.85
2016-05-05,1.85
2016-05-06,1.851
2016-05-09,1.852
2016-05-10,1.853
2016-05-11,1.853
2016-05-12,1.854
2016-05-13,1.855
2016-05-16,1.855
2016-05-17,1.855
2016-05-18,1.855
2016-05-19,1.854
2016-05-20,1.854
2016-05-23,1.854
2016-05-24,1.855
2016-05-25,1.855
2016-05-26,1.855
2016-05-27,1.856
2016-05-30,1.857
2016-05-31,1.857
2016-06-01,1.856
2016-06-02,1.856
2016-06-03,1.856
2016-06-06,1.856
2016-06-07,1.856
2016-06-08,1.857
2016-06-13,1.858
2016-06-14,1.858
2016-06-15,1.858
2016-06-16,1.859
2016-06-17,1.86
2016-06-20,1.86
2016-06-21,1.86
2016-06-22,1.86
2016-06-23,1.86
2016-06-24,1.861
2016-06-27,1.862
2016-06-28,1.863
2016-06-29,1.863
2016-06-30,1.863
2016-07-01,1.864
2016-07-04,1.864
2016-07-05,1.865
2016-07-06,1.865
2016-07-07,1.866
2016-07-08,1.867
2016-07-11,1.867
2016-07-12,1.867
2016-07-13,1.868
2016-07-14,1.868
2016-07-15,1.869
2016-07-18,1.869
2016-07-19,1.869
2016-07-20,1.87
2016-07-21,1.871
2016-07-22,1.871
2016-07-25,1.871
2016-07-26,1.871
2016-07-27,1.871
2016-07-28,1.872
2016-07-29,1.872
2016-08-01,1.873
2016-08-02,1.873
2016-08-03,1.874
2016-08-04,1.874
2016-08-05,1.875
2016-08-08,1.876
2016-08-09,1.876
2016-08-10,1.877
2016-08-11,1.878
2016-08-12,1.879
2016-08-15,1.881
2016-08-16,1.88
2016-08-17,1.88
2016-08-18,1.881
2016-08-19,1.882
2016-08-22,1.881
2016-08-23,1.88
2016-08-24,1.88
2016-08-25,1.879
2016-08-26,1.88
2016-08-29,1.88
2016-08-30,1.88
2016-08-31,1.88
2016-09-01,1.88
2016-09-02,1.88
2016-09-05,1.881
2016-09-06,1.882
2016-09-07,1.882
2016-09-08,1.883
2016-09-09,1.882
2016-09-12,1.881
2016-09-13,1.881
2016-09-14,1.881
2016-09-19,1.882
2016-09-20,1.881
2016-09-21,1.882
2016-09-22,1.882
2016-09-23,1.883
2016-09-26,1.883
2016-09-27,1.883
2016-09-28,1.884
2016-09-29,1.884
2016-09-30,1.885
2016-10-10,1.886
2016-10-11,1.887
2016-10-12,1.887
2016-10-13,1.887
2016-10-14,1.888
2016-10-17,1.888
2016-10-18,1.888
2016-10-19,1.889
2016-10-20,1.89
2016-10-21,1.89
2016-10-24,1.891
2016-10-25,1.891
2016-10-26,1.89
2016-10-27,1.888
2016-10-28,1.889
2016-10-31,1.889
2016-11-01,1.889
2016-11-02,1.889
2016-11-03,1.889
2016-11-04,1.89
2016-11-07,1.89
2016-11-08,1.89
2016-11-09,1.89
2016-11-10,1.89
2016-11-11,1.89
2016-11-14,1.89
2016-11-15,1.889
2016-11-16,1.888
2016-11-17,1.888
2016-11-18,1.887
2016-11-21,1.887
2016-11-22,1.887
2016-11-23,1.888
2016-11-24,1.888
2016-11-25,1.887
2016-11-28,1.887
2016-11-29,1.886
2016-11-30,1.883
2016-12-01,1.881
2016-12-02,1.879
2016-12-05,1.876
2016-12-06,1.873
2016-12-07,1.873
2016-12-08,1.874
2016-12-09,1.873
2016-12-12,1.869
2016-12-13,1.865
2016-12-14,1.862
2016-12-15,1.854
2016-12-16,1.855
2016-12-19,1.852
2016-12-20,1.849
2016-12-21,1.85
2016-12-22,1.852
2016-12-23,1.853
2016-12-26,1.854
2016-12-27,1.854
2016-12-28,1.854
2016-12-29,1.856
2016-12-30,1.857
2016-12-31,1.857
2017-01-03,1.858
2017-01-04,1.859
2017-01-05,1.859
2017-01-06,1.859
2017-01-09,1.86
2017-01-10,1.861
2017-01-11,1.861
2017-01-12,1.862
2017-01-13,1.862
2017-01-16,1.86
2017-01-17,1.86
2017-01-18,1.858
2017-01-19,1.858
2017-01-20,1.858
2017-01-23,1.859
2017-01-24,1.859
2017-01-25,1.859
2017-01-26,1.86
2017-02-03,1.859
2017-02-06,1.858
2017-02-07,1.856
2017-02-08,1.856
2017-02-09,1.856
2017-02-10,1.857
2017-02-13,1.857
2017-02-14,1.857
2017-02-15,1.857
2017-02-16,1.856
2017-02-17,1.856
2017-02-20,1.857
2017-02-21,1.857
2017-02-22,1.857
2017-02-23,1.857
2017-02-24,1.857
2017-02-27,1.858
2017-02-28,1.858
2017-03-01,1.857
2017-03-02,1.857
2017-03-03,1.857
2017-03-06,1.858
2017-03-07,1.857
2017-03-08,1.857
2017-03-09,1.856
2017-03-10,1.855
2017-03-13,1.855
2017-03-14,1.855
2017-03-15,1.855
2017-03-16,1.855
2017-03-17,1.855
2017-03-20,1.854
2017-03-21,1.854
2017-03-22,1.854
2017-03-23,1.854
2017-03-24,1.855
2017-03-27,1.857
2017-03-28,1.857
2017-03-29,1.857
2017-03-30,1.856
2017-03-31,1.857
2017-04-05,1.856
2017-04-06,1.856
2017-04-07,1.857
2017-04-10,1.857
2017-04-11,1.857
2017-04-12,1.857
2017-04-13,1.858
2017-04-14,1.857
2017-04-17,1.856
2017-04-18,1.856
2017-04-19,1.855
2017-04-20,1.855
2017-04-21,1.854
2017-04-24,1.853
2017-04-25,1.853
2017-04-26,1.853
2017-04-27,1.853
2017-04-28,1.854
2017-05-02,1.854
2017-05-03,1.853
2017-05-04,1.852
2017-05-05,1.852
2017-05-08,1.847
2017-05-09,1.845
2017-05-10,1.844
2017-05-11,1.843
2017-05-12,1.844
2017-05-15,1.844
2017-05-16,1.844
2017-05-17,1.844
2017-05-18,1.844
2017-05-19,1.844
2017-05-22,1.844
2017-05-23,1.844
2017-05-24,1.844
2017-05-25,1.844
2017-05-26,1.844
2017-05-31,1.843
2017-06-01,1.843
2017-06-02,1.843
2017-06-05,1.844
2017-06-06,1.845
2017-06-07,1.846
2017-06-08,1.847
2017-06-09,1.848
2017-06-12,1.848
2017-06-13,1.849
2017-06-14,1.849
2017-06-15,1.85
2017-06-16,1.85
2017-06-19,1.853
2017-06-20,1.854
2017-06-21,1.856
2017-06-22,1.856
2017-06-23,1.857
2017-06-26,1.859
2017-06-27,1.859
2017-06-28,1.859
2017-06-29,1.859
2017-06-30,1.86
2017-07-03,1.859
2017-07-04,1.86
2017-07-05,1.861
2017-07-06,1.862
2017-07-07,1.862
2017-07-10,1.862
2017-07-11,1.862
2017-07-12,1.863
2017-07-13,1.863
2017-07-14,1.864
2017-07-17,1.864
2017-07-18,1.864
2017-07-19,1.865
2017-07-20,1.867
2017-07-21,1.867
2017-07-24,1.868
2017-07-25,1.867
2017-07-26,1.866
2017-07-27,1.867
2017-07-28,1.867
2017-07-31,1.868
2017-08-01,1.868
2017-08-02,1.869
2017-08-03,1.868
2017-08-04,1.868
2017-08-07,1.867
2017-08-08,1.868
2017-08-09,1.867
2017-08-10,1.867
2017-08-11,1.867
2017-08-14,1.869
2017-08-15,1.87
2017-08-16,1.87
2017-08-17,1.869
2017-08-18,1.869
2017-08-21,1.869
2017-08-22,1.868
2017-08-23,1.868
2017-08-24,1.868
2017-08-25,1.868
2017-08-28,1.87
2017-08-29,1.87
2017-08-30,1.869
2017-08-31,1.869
2017-09-01,1.87
2017-09-04,1.87
2017-09-05,1.87
2017-09-06,1.87
2017-09-07,1.871
2017-09-08,1.871
2017-09-11,1.871
2017-09-12,1.871
2017-09-13,1.871
2017-09-14,1.871
2017-09-15,1.872
2017-09-18,1.872
2017-09-19,1.872
2017-09-20,1.871
2017-09-21,1.871
2017-09-22,1.871
2017-09-25,1.872
2017-09-26,1.871
2017-09-27,1.871
2017-09-28,1.871
2017-09-29,1.872
2017-10-09,1.872
2017-10-10,1.872
2017-10-11,1.872
2017-10-12,1.873
2017-10-13,1.873
2017-10-16,1.872
2017-10-17,1.872
2017-10-18,1.872
2017-10-19,1.872
2017-10-20,1.872
2017-10-23,1.872
2017-10-24,1.872
2017-10-25,1.872
2017-10-26,1.871
2017-10-27,1.871
2017-10-30,1.87
2017-10-31,1.869
2017-11-01,1.869
2017-11-02,1.868
2017-11-03,1.867
2017-11-06,1.867
2017-11-07,1.867
2017-11-08,1.866
2017-11-09,1.867
2017-11-10,1.87
2017-11-13,1.869
2017-11-14,1.869
2017-11-15,1.868
2017-11-16,1.868
2017-11-17,1.869
2017-11-20,1.867
2017-11-21,1.866
2017-11-22,1.864
2017-11-23,1.861
2017-11-24,1.86
2017-11-27,1.859
2017-11-28,1.858
2017-11-29,1.858
2017-11-30,1.856
2017-12-01,1.855
2017-12-04,1.857
2017-12-05,1.859
2017-12-06,1.859
2017-12-07,1.858
2017-12-08,1.86
2017-12-11,1.861
2017-12-12,1.859
2017-12-13,1.859
2017-12-14,1.858
2017-12-15,1.858
2017-12-18,1.859
2017-12-19,1.861
2017-12-20,1.86
2017-12-21,1.861
2017-12-22,1.861
2017-12-25,1.861
2017-12-26,1.863
2017-12-27,1.861
2017-12-28,1.862
2017-12-29,1.863
2017-12-31,1.863
2018-01-02,1.864
2018-01-03,1.864
2018-01-04,1.863
2018-01-05,1.863
2018-01-08,1.863
2018-01-09,1.863
2018-01-10,1.863
2018-01-11,1.863
2018-01-12,1.864
2018-01-15,1.865
2018-01-16,1.865
2018-01-17,1.866
2018-01-18,1.866
2018-01-19,1.866
2018-01-22,1.867
2018-01-23,1.868
2018-01-24,1.869
2018-01-25,1.869
2018-01-26,1.87
2018-01-29,1.867
2018-01-30,1.866
2018-01-31,1.867
2018-02-01,1.867
2018-02-02,1.868
2018-02-05,1.87
2018-02-06,1.868
2018-02-07,1.867
2018-02-08,1.865
2018-02-09,1.86
2018-02-12,1.863
2018-02-13,1.864
2018-02-14,1.865
2018-02-22,1.869
2018-02-23,1.869
2018-02-26,1.872
2018-02-27,1.87
2018-02-28,1.87
2018-03-01,1.871
2018-03-02,1.869
2018-03-05,1.869
2018-03-06,1.871
2018-03-07,1.87
2018-03-08,1.87
2018-03-09,1.871
2018-03-12,1.872
2018-03-13,1.872
2018-03-14,1.871
2018-03-15,1.872
2018-03-16,1.871
2018-03-19,1.872
2018-03-20,1.872
2018-03-21,1.872
2018-03-22,1.872
2018-03-23,1.871
2018-03-26,1.872
2018-03-27,1.874
2018-03-28,1.874
2018-03-29,1.875
2018-03-30,1.876
2018-04-02,1.877
2018-04-03,1.877
2018-04-04,1.878
2018-04-09,1.879
2018-04-10,1.88
2018-04-11,1.881
2018-04-12,1.88
2018-04-13,1.881
2018-04-16,1.88
2018-04-17,1.88
2018-04-18,1.883
2018-04-19,1.883
2018-04-20,1.882
2018-04-23,1.88
2018-04-24,1.882
2018-04-25,1.882
2018-04-26,1.881
2018-04-27,1.881
2018-05-02,1.881
2018-05-03,1.881
2018-05-04,1.881
2018-05-07,1.883
2018-05-08,1.884
2018-05-09,1.882
2018-05-10,1.881
2018-05-11,1.881
2018-05-14,1.881
2018-05-15,1.883
2018-05-16,1.882
2018-05-17,1.881
2018-05-18,1.881
2018-05-21,1.882
2018-05-22,1.882
2018-05-23,1.88
2018-05-24,1.88
2018-05-25,1.878
2018-05-28,1.878
2018-05-29,1.876
2018-05-30,1.874
2018-05-31,1.875
2018-06-01,1.875
2018-06-04,1.872
2018-06-05,1.873
2018-06-06,1.873
2018-06-07,1.874
2018-06-08,1.873
2018-06-11,1.873
2018-06-12,1.874
2018-06-13,1.873
2018-06-14,1.873
2018-06-15,1.872
2018-06-19,1.867
2018-06-20,1.867
2018-06-21,1.867
2018-06-22,1.868
2018-06-25,1.869
2018-06-26,1.869
2018-06-27,1.867
2018-06-28,1.867
2018-06-29,1.87
2018-06-30,1.871
2018-07-02,1.869
2018-07-03,1.87
2018-07-04,1.87
2018-07-05,1.871
2018-07-06,1.872
2018-07-09,1.875
2018-07-10,1.875
2018-07-11,1.875
2018-07-12,1.877
2018-07-13,1.877
2018-07-16,1.877
2018-07-17,1.877
2018-07-18,1.877
2018-07-19,1.879
2018-07-20,1.881
2018-07-23,1.884
2018-07-24,1.885
2018-07-25,1.885
2018-07-26,1.883
2018-07-27,1.884
2018-07-30,1.885
2018-07-31,1.887
2018-08-01,1.887
2018-08-02,1.887
2018-08-03,1.887
2018-08-06,1.888
2018-08-07,1.892
2018-08-08,1.891
2018-08-09,1.892
2018-08-10,1.89
2018-08-13,1.889
2018-08-14,1.888
2018-08-15,1.887
2018-08-16,1.887
2018-08-17,1.885
2018-08-20,1.884
2018-08-21,1.885
2018-08-22,1.885
2018-08-23,1.886
2018-08-24,1.886
2018-08-27,1.887
2018-08-28,1.888
2018-08-29,1.887
2018-08-30,1.885
2018-08-31,1.886
2018-09-03,1.886
2018-09-04,1.886
2018-09-05,1.885
2018-09-06,1.885
2018-09-07,1.884
2018-09-10,1.882
2018-09-11,1.881
2018-09-12,1.882
2018-09-13,1.882
2018-09-14,1.881
2018-09-17,1.881
2018-09-18,1.883
2018-09-19,1.885
2018-09-20,1.884
2018-09-21,1.886
2018-09-25,1.886
2018-09-26,1.887
2018-09-27,1.886
2018-09-28,1.888
2018-10-08,1.884
2018-10-09,1.883
2018-10-10,1.884
2018-10-11,1.881
2018-10-12,1.883
2018-10-15,1.883
2018-10-16,1.881
2018-10-17,1.882
2018-10-18,1.881
2018-10-19,1.885
2018-10-22,1.889
2018-10-23,1.888
2018-10-24,1.889
2018-10-25,1.89
2018-10-26,1.89
2018-10-29,1.888
2018-10-30,1.889
2018-10-31,1.89
2018-11-01,1.892
2018-11-02,1.897
2018-11-05,1.898
2018-11-06,1.897
2018-11-07,1.897
2018-11-08,1.897
2018-11-09,1.895
2018-11-12,1.897
2018-11-13,1.899
2018-11-14,1.899
2018-11-15,1.903
2018-11-16,1.906
2018-11-19,1.906
2018-11-20,1.902
2018-11-21,1.902
2018-11-22,1.901
2018-11-23,1.898
2018-11-26,1.899
2018-11-27,1.9
2018-11-28,1.902
2018-11-29,1.9
2018-11-30,1.901
2018-12-03,1.906
2018-12-04,1.906
2018-12-05,1.906
2018-12-06,1.905
2018-12-07,1.905
2018-12-10,1.904
2018-12-11,1.904
2018-12-12,1.905
2018-12-13,1.907
2018-12-14,1.905
2018-12-17,1.905
2018-12-18,1.902
2018-12-19,1.899
2018-12-20,1.896
2018-12-21,1.894
2018-12-24,1.894
2018-12-25,1.891
2018-12-26,1.891
2018-12-27,1.891
2018-12-28,1.892
2018-12-31,1.892
2019-01-02,1.892
2019-01-03,1.897
2019-01-04,1.9
2019-01-07,1.903
2019-01-08,1.903
2019-01-09,1.905
2019-01-10,1.906
2019-01-11,1.906
2019-01-14,1.906
2019-01-15,1.907
2019-01-16,1.907
2019-01-17,1.907
2019-01-18,1.908
2019-01-21,1.91
2019-01-22,1.909
2019-01-23,1.909
2019-01-24,1.911
2019-01-25,1.912
2019-01-28,1.911
2019-01-29,1.911
2019-01-30,1.911
2019-01-31,1.912
2019-02-01,1.914
2019-02-11,1.917
2019-02-12,1.919
2019-02-13,1.921
2019-02-14,1.923
2019-02-15,1.922
2019-02-18,1.926
2019-02-19,1.924
2019-02-20,1.924
2019-02-21,1.926
2019-02-22,1.931
2019-02-25,1.942
2019-02-26,1.94
2019-02-27,1.938
2019-02-28,1.939
2019-03-01,1.941
2019-03-04,1.945
2019-03-05,1.948
2019-03-06,1.948
2019-03-07,1.947
2019-03-08,1.943
2019-03-11,1.947
2019-03-12,1.949
2019-03-13,1.947
2019-03-14,1.944
2019-03-15,1.946
2019-03-18,1.949
2019-03-19,1.951
2019-03-20,1.95
2019-03-21,1.951
2019-03-22,1.951
2019-03-25,1.953
2019-03-26,1.949
2019-03-27,1.949
2019-03-28,1.949
2019-03-29,1.951
2019-04-01,1.954
2019-04-02,1.955
2019-04-03,1.955
2019-04-04,1.957
2019-04-08,1.955
2019-04-09,1.952
2019-04-10,1.951
2019-04-11,1.947
2019-04-12,1.947
2019-04-15,1.945
2019-04-16,1.948
2019-04-17,1.949
2019-04-18,1.948
2019-04-19,1.949
2019-04-22,1.944
2019-04-23,1.942
2019-04-24,1.942
2019-04-25,1.937
2019-04-26,1.933
2019-04-29,1.931
2019-04-30,1.934
2019-05-06,1.924
2019-05-07,1.925
2019-05-08,1.926
2019-05-09,1.926
2019-05-10,1.934
2019-05-13,1.932
2019-05-14,1.933
2019-05-15,1.936
2019-05-16,1.936
2019-05-17,1.932
2019-05-20,1.93
2019-05-21,1.932
2019-05-22,1.932
2019-05-23,1.93
2019-05-24,1.93
2019-05-27,1.93
2019-05-28,1.93
2019-05-29,1.93
2019-05-30,1.928
2019-05-31,1.927
2019-06-03,1.923
2019-06-04,1.919
2019-06-05,1.92
2019-06-06,1.917
2019-06-10,1.919
2019-06-11,1.926
2019-06-12,1.924
2019-06-13,1.923
2019-06-14,1.921
2019-06-17,1.921
2019-06-18,1.921
2019-06-19,1.924
2019-06-20,1.931
2019-06-21,1.935
2019-06-24,1.934
2019-06-25,1.932
2019-06-26,1.933
2019-06-27,1.935
2019-06-28,1.934
2019-06-30,1.934
2019-07-01,1.94
2019-07-02,1.941
2019-07-03,1.939
2019-07-04,1.938
2019-07-05,1.938
2019-07-08,1.933
2019-07-09,1.932
2019-07-10,1.932
2019-07-11,1.932
2019-07-12,1.935
2019-07-15,1.937
2019-07-16,1.937
2019-07-17,1.938
2019-07-18,1.936
2019-07-19,1.938
2019-07-22,1.936
2019-07-23,1.936
2019-07-24,1.937
2019-07-25,1.941
2019-07-26,1.944
2019-07-29,1.944
2019-07-30,1.946
2019-07-31,1.946
2019-08-01,1.945
2019-08-02,1.944
2019-08-05,1.94
2019-08-06,1.939
2019-08-07,1.941
2019-08-08,1.943
2019-08-09,1.943
2019-08-12,1.947
2019-08-13,1.945
2019-08-14,1.947
2019-08-15,1.948
2019-08-16,1.951
2019-08-19,1.957
2019-08-20,1.955
2019-08-21,1.954
2019-08-22,1.953
2019-08-23,1.958
2019-08-26,1.953
2019-08-27,1.956
2019-08-28,1.956
2019-08-29,1.956
2019-08-30,1.956
2019-09-02,1.961
2019-09-03,1.964
2019-09-04,1.965
2019-09-05,1.97
2019-09-06,1.972
2019-09-09,1.976
2019-09-10,1.974
2019-09-11,1.972
2019-09-12,1.972
2019-09-16,1.97
2019-09-17,1.963
2019-09-18,1.963
2019-09-19,1.966
2019-09-20,1.971
2019-09-23,1.967
2019-09-24,1.968
2019-09-25,1.967
2019-09-26,1.964
2019-09-27,1.965
2019-09-30,1.963
2019-10-08,1.965
2019-10-09,1.966
2019-10-10,1.968
2019-10-11,1.972
2019-10-14,1.976
2019-10-15,1.974
2019-10-16,1.971
2019-10-17,1.971
2019-10-18,1.968
2019-10-21,1.967
2019-10-22,1.967
2019-10-23,1.965
2019-10-24,1.967
2019-10-25,1.968
2019-10-28,1.97
2019-10-29,1.968
2019-10-30,1.965
2019-10-31,1.963
2019-11-01,1.966
2019-11-04,1.967
2019-11-05,1.971
2019-11-06,1.97
2019-11-07,1.971
2019-11-08,1.97
2019-11-11,1.966
2019-11-12,1.965
2019-11-13,1.965
2019-11-14,1.966
2019-11-15,1.964
2019-11-18,1.966
2019-11-19,1.97
2019-11-20,1.968
2019-11-21,1.967
2019-11-22,1.965
2019-11-25,1.965
2019-11-26,1.966
2019-11-27,1.965
2019-11-28,1.964
2019-11-29,1.964
2019-12-02,1.964
2019-12-03,1.965
2019-12-04,1.965
2019-12-05,1.969
2019-12-06,1.971
2019-12-09,1.971
2019-12-10,1.972
2019-12-11,1.974
2019-12-12,1.976
2019-12-13,1.98
2019-12-16,1.986
2019-12-17,1.99
2019-12-18,1.99
2019-12-19,1.99
2019-12-20,1.986
2019-12-23,1.984
2019-12-24,1.988
2019-12-25,1.99
2019-12-26,1.994
2019-12-27,1.992
2019-12-30,1.994
2019-12-31,1.996
2020-01-02,2.002
2020-01-03,2.005
2020-01-06,2.009
2020-01-07,2.011
2020-01-08,2.01
2020-01-09,2.012
2020-01-10,2.011
2020-01-13,2.013
2020-01-14,2.015
2020-01-15,2.012
2020-01-16,2.011
2020-01-17,2.011
2020-01-20,2.015
2020-01-21,2.013
2020-01-22,2.014
2020-01-23,2.007
2020-02-03,1.988
2020-02-04,1.995
2020-02-05,1.998
2020-02-06,2.002
2020-02-07,2.004
2020-02-10,2.007
2020-02-11,2.008
2020-02-12,2.016
2020-02-13,2.014
2020-02-14,2.014
2020-02-17,2.024
2020-02-18,2.027
2020-02-19,2.027
2020-02-20,2.032
2020-02-21,2.034
2020-02-24,2.036
2020-02-25,2.033
2020-02-26,2.03
2020-02-27,2.029
2020-02-28,2.023
2020-03-02,2.026
2020-03-03,2.028
2020-03-04,2.028
2020-03-05,2.033
2020-03-06,2.031
2020-03-09,2.02
2020-03-10,2.024
2020-03-11,2.022
2020-03-12,2.017
2020-03-13,2.014
2020-03-16,2.001
2020-03-17,1.999
2020-03-18,1.997
2020-03-19,1.995
2020-03-20,2.005
2020-03-23,1.997
2020-03-24,2.001
2020-03-25,2.01
2020-03-26,2.007
2020-03-27,2.005
2020-03-30,2.002
2020-03-31,2.002
2020-04-01,2.003
2020-04-02,2.007
2020-04-03,2.006
2020-04-07,2.017
2020-04-08,2.019
2020-04-09,2.021
2020-04-10,2.016
2020-04-13,2.013
2020-04-14,2.017
2020-04-15,2.015
2020-04-16,2.017
2020-04-17,2.02
2020-04-20,2.024
2020-04-21,2.023
2020-04-22,2.025
2020-04-23,2.024
2020-04-24,2.021
2020-04-27,2.026
2020-04-28,2.026
2020-04-29,2.027
2020-04-30,2.031
2020-05-06,2.032
2020-05-07,2.031
2020-05-08,2.032
2020-05-11,2.03
2020-05-12,2.028
2020-05-13,2.026
2020-05-14,2.021
2020-05-15,2.019
2020-05-18,2.017
2020-05-19,2.018
2020-05-20,2.012
2020-05-21,2.009
2020-05-22,2.004
2020-05-25,2.0
2020-05-26,2.004
2020-05-27,2.001
2020-05-28,2.002
2020-05-29,2.011
2020-06-01,2.021
2020-06-02,2.018
2020-06-03,2.017
2020-06-04,2.017
2020-06-05,2.014
2020-06-08,2.014
2020-06-09,2.014
2020-06-10,2.018
2020-06-11,2.017
2020-06-12,2.019
2020-06-15,2.019
2020-06-16,2.024
2020-06-17,2.022
2020-06-18,2.023
2020-06-19,2.028
2020-06-22,2.026
2020-06-23,2.024
2020-06-24,2.026
2020-06-29,2.023
2020-06-30,2.03
2020-07-01,2.035
2020-07-02,2.049
2020-07-03,2.057
2020-07-06,2.081
2020-07-07,2.079
2020-07-08,2.095
2020-07-09,2.1
2020-07-10,2.095
2020-07-13,2.107
2020-07-14,2.105
2020-07-15,2.094
2020-07-16,2.07
2020-07-17,2.072
2020-07-20,2.089
2020-07-21,2.088
2020-07-22,2.094
2020-07-23,2.097
2020-07-24,2.077
2020-07-27,2.075
2020-07-28,2.079
2020-07-29,2.092
2020-07-30,2.093
2020-07-31,2.095
2020-08-03,2.108
2020-08-04,2.105
2020-08-05,2.111
2020-08-06,2.118
2020-08-07,2.117
2020-08-10,2.117
2020-08-11,2.107
2020-08-12,2.099
2020-08-13,2.099
2020-08-14,2.103
2020-08-17,2.116
2020-08-18,2.118
2020-08-19,2.111
2020-08-20,2.102
2020-08-21,2.104
2020-08-24,2.107
2020-08-25,2.102
2020-08-26,2.093
2020-08-27,2.097
2020-08-28,2.105
2020-08-31,2.106
2020-09-01,2.108
2020-09-02,2.109
2020-09-03,2.105
2020-09-04,2.102
2020-09-07,2.095
2020-09-08,2.095
2020-09-09,2.086
2020-09-10,2.081
2020-09-11,2.09
2020-09-14,2.094
2020-09-15,2.102
2020-09-16,2.097
2020-09-17,2.098
2020-09-18,2.106
2020-09-21,2.106
2020-09-22,2.098
2020-09-23,2.099
2020-09-24,2.087
2020-09-25,2.088
2020-09-28,2.085
2020-09-29,2.095
2020-09-30,2.099
2020-10-09,2.108
2020-10-12,2.126
2020-10-13,2.13
2020-10-14,2.129
2020-10-15,2.129
2020-10-16,2.126
2020-10-19,2.119
2020-10-20,2.126
2020-10-21,2.119
2020-10-22,2.12
2020-10-23,2.113
2020-10-26,2.115
2020-10-27,2.119
2020-10-28,2.122
2020-10-29,2.123
2020-10-30,2.112
2020-11-02,2.115
2020-11-03,2.122
2020-11-04,2.125
2020-11-05,2.133
2020-11-06,2.128
2020-11-09,2.137
2020-11-10,2.135
2020-11-11,2.13
2020-11-12,2.129
2020-11-13,2.127
2020-11-16,2.129
2020-11-17,2.125
2020-11-18,2.123
2020-11-19,2.128
2020-11-20,2.128
2020-11-23,2.135
2020-11-24,2.134
2020-11-25,2.127
2020-11-26,2.126
2020-11-27,2.131
2020-11-30,2.13
2020-12-01,2.137
2020-12-02,2.136
2020-12-03,2.133
2020-12-04,2.134
2020-12-07,2.132
2020-12-08,2.131
2020-12-09,2.13
2020-12-10,2.127
2020-12-11,2.122
2020-12-14,2.122
2020-12-15,2.122
2020-12-16,2.121
2020-12-17,2.125
2020-12-18,2.127
2020-12-21,2.134
2020-12-22,2.13
2020-12-23,2.132
2020-12-24,2.128
2020-12-25,2.133
2020-12-28,2.133
2020-12-29,2.13
2020-12-30,2.139
2020-12-31,2.144
2021-01-04,2.15
2021-01-05,2.157
2021-01-06,2.158
2021-01-07,2.16
2021-01-08,2.157
2021-01-11,2.156
2021-01-12,2.163
2021-01-13,2.159
2021-01-14,2.157
2021-01-15,2.161
2021-01-18,2.165
2021-01-19,2.16
2021-01-20,2.161
2021-01-21,2.164
2021-01-22,2.163
2021-01-25,2.162
2021-01-26,2.159
2021-01-27,2.159
2021-01-28,2.148
2021-01-29,2.143
2021-02-01,2.144
2021-02-02,2.147
2021-02-03,2.145
2021-02-04,2.14
2021-02-05,2.14
2021-02-08,2.143
2021-02-09,2.148
2021-02-10,2.151
2021-02-18,2.153
2021-02-19,2.156
2021-02-22,2.158
2021-02-23,2.157
2021-02-24,2.151
2021-02-25,2.151
2021-02-26,2.147
2021-03-01,2.151
2021-03-02,2.151
2021-03-03,2.155
2021-03-04,2.15
2021-03-05,2.151
2021-03-08,2.147
2021-03-09,2.145
2021-03-10,2.146
2021-03-11,2.15
2021-03-12,2.15
2021-03-15,2.149
2021-03-16,2.15
2021-03-17,2.151
2021-03-18,2.153
2021-03-19,2.152
2021-03-22,2.154
2021-03-23,2.153
2021-03-24,2.15
2021-03-25,2.15
2021-03-26,2.152
2021-03-29,2.154
2021-03-30,2.154
2021-03-31,2.153
2021-04-01,2.154
2021-04-02,2.154
2021-04-06,2.154
2021-04-07,2.155
2021-04-08,2.155
2021-04-09,2.155
2021-04-12,2.152
2021-04-13,2.153
2021-04-14,2.155
2021-04-15,2.155
2021-04-16,2.155
2021-04-19,2.159
2021-04-20,2.159
2021-04-21,2.159
2021-04-22,2.159
2021-04-23,2.158
2021-04-26,2.155
2021-04-27,2.154
2021-04-28,2.155
2021-04-29,2.157
2021-04-30,2.158
2021-05-06,2.159
2021-05-07,2.159
2021-05-10,2.16
2021-05-11,2.16
2021-05-12,2.161
2021-05-13,2.16
2021-05-14,2.161
2021-05-17,2.162
2021-05-18,2.163
2021-05-19,2.164
2021-05-20,2.164
2021-05-21,2.166
2021-05-24,2.167
2021-05-25,2.169
2021-05-26,2.17
2021-05-27,2.17
2021-05-28,2.17
2021-05-31,2.171
2021-06-01,2.172
2021-06-02,2.17
2021-06-03,2.17
2021-06-04,2.169
2021-06-07,2.169
2021-06-08,2.167
2021-06-09,2.167
2021-06-10,2.168
2021-06-11,2.165
2021-06-15,2.163
2021-06-16,2.16
2021-06-17,2.159
2021-06-18,2.161
2021-06-21,2.163
2021-06-22,2.165
2021-06-23,2.167
2021-06-24,2.167
2021-06-25,2.169
2021-06-28,2.168
2021-06-29,2.166
2021-06-30,2.167
2021-07-01,2.167
2021-07-02,2.166
2021-07-05,2.167
2021-07-06,2.168
2021-07-07,2.171
2021-07-08,2.172
2021-07-09,2.175
2021-07-12,2.178
2021-07-13,2.181
2021-07-14,2.179
2021-07-15,2.182
2021-07-16,2.183
2021-07-19,2.181
2021-07-20,2.181
2021-07-21,2.185
2021-07-22,2.19
2021-07-23,2.192
2021-07-26,2.19
2021-07-27,2.185
2021-07-28,2.183
2021-07-29,2.187
2021-07-30,2.19
2021-08-02,2.193
2021-08-03,2.189
2021-08-04,2.194
2021-08-05,2.193
2021-08-06,2.193
2021-08-09,2.194
2021-08-10,2.195
2021-08-11,2.197
2021-08-12,2.199
2021-08-13,2.2
2021-08-16,2.2
2021-08-17,2.197
2021-08-18,2.197
2021-08-19,2.195
2021-08-20,2.195
2021-08-23,2.197
2021-08-24,2.199
2021-08-25,2.201
2021-08-26,2.201
2021-08-27,2.202
2021-08-30,2.205
2021-08-31,2.207
2021-09-01,2.206
2021-09-02,2.21
2021-09-03,2.209
2021-09-06,2.21
2021-09-07,2.215
2021-09-08,2.217
2021-09-09,2.218
2021-09-10,2.218
2021-09-13,2.221
2021-09-14,2.217
2021-09-15,2.217
2021-09-16,2.214
2021-09-17,2.212
2021-09-22,2.213
2021-09-23,2.216
2021-09-24,2.21
2021-09-27,2.205
2021-09-28,2.205
2021-09-29,2.2
2021-09-30,2.204
2021-10-08,2.204
2021-10-11,2.204
2021-10-12,2.199
2021-10-13,2.2
2021-10-14,2.2
2021-10-15,2.201
2021-10-18,2.204
2021-10-19,2.205
2021-10-20,2.204
2021-10-21,2.206
2021-10-22,2.204
2021-10-25,2.204
2021-10-26,2.205
2021-10-27,2.202
2021-10-28,2.2
2021-10-29,2.203
2021-11-01,2.205
2021-11-02,2.204
2021-11-03,2.205
2021-11-04,2.206
2021-11-05,2.202
2021-11-08,2.204
2021-11-09,2.206
2021-11-10,2.208
2021-11-11,2.211
2021-11-12,2.213
2021-11-15,2.212
2021-11-16,2.209
2021-11-17,2.21
2021-11-18,2.211
2021-11-19,2.213
2021-11-22,2.217
2021-11-23,2.216
2021-11-24,2.216
2021-11-25,2.216
2021-11-26,2.216
2021-11-29,2.217
2021-11-30,2.218
2021-12-01,2.218
2021-12-02,2.219
2021-12-03,2.22
2021-12-06,2.218
2021-12-07,2.213
2021-12-08,2.216
2021-12-09,2.218
2021-12-10,2.219
2021-12-13,2.22
2021-12-14,2.219
2021-12-15,2.219
2021-12-16,2.219
2021-12-17,2.218
2021-12-20,2.216
2021-12-21,2.219
2021-12-22,2.222
2021-12-23,2.224
2021-12-24,2.224
2021-12-27,2.223
2021-12-28,2.224
2021-12-29,2.223
2021-12-30,2.227
2021-12-31,2.229
2022-01-04,2.229
2022-01-05,2.226
2022-01-06,2.226
2022-01-07,2.225
2022-01-10,2.227
2022-01-11,2.223
2022-01-12,2.227
2022-01-13,2.223
2022-01-14,2.22
2022-01-17,2.224
2022-01-18,2.226
2022-01-19,2.225
2022-01-20,2.227
2022-01-21,2.225
2022-01-24,2.227
2022-01-25,2.221
2022-01-26,2.223
2022-01-27,2.22
2022-01-28,2.221
2022-02-07,2.224
2022-02-08,2.226
2022-02-09,2.23
2022-02-10,2.23
2022-02-11,2.228
2022-02-14,2.213
2022-02-15,2.207
2022-02-16,2.21
2022-02-17,2.211
2022-02-18,2.213
2022-02-21,2.213
2022-02-22,2.21
2022-02-23,2.213
2022-02-24,2.211
2022-02-25,2.214
2022-02-28,2.215
2022-03-01,2.216
2022-03-02,2.214
2022-03-03,2.212
2022-03-04,2.207
2022-03-07,2.198
2022-03-08,2.191
2022-03-09,2.189
2022-03-10,2.194
2022-03-11,2.195
2022-03-14,2.19
2022-03-15,2.18
2022-03-16,2.191
2022-03-17,2.195
2022-03-18,2.198
2022-03-21,2.198
2022-03-22,2.198
2022-03-23,2.197
2022-03-24,2.191
2022-03-25,2.187
2022-03-28,2.187
2022-03-29,2.189
2022-03-30,2.196
2022-03-31,2.195
2022-04-01,2.202
2022-04-06,2.204
2022-04-07,2.201
2022-04-08,2.202
2022-04-11,2.196
2022-04-12,2.198
2022-04-13,2.196
2022-04-14,2.198
2022-04-15,2.197
2022-04-18,2.196
2022-04-19,2.198
2022-04-20,2.193
2022-04-21,2.186
2022-04-22,2.187
2022-04-25,2.176
2022-04-26,2.174
2022-04-27,2.183
2022-04-28,2.184
2022-04-29,2.192
2022-05-05,2.193
2022-05-06,2.189
2022-05-09,2.187
2022-05-10,2.19
2022-05-11,2.194
2022-05-12,2.193
2022-05-13,2.195
2022-05-16,2.194
2022-05-17,2.197
2022-05-18,2.197
2022-05-19,2.196
2022-05-20,2.202
2022-05-23,2.204
2022-05-24,2.198
2022-05-25,2.2
2022-05-26,2.203
2022-05-27,2.203
2022-05-30,2.202
2022-05-31,2.203
2022-06-01,2.201
2022-06-02,2.201
2022-06-06,2.204
2022-06-07,2.203
2022-06-08,2.204
2022-06-09,2.205
2022-06-10,2.207
2022-06-13,2.206
2022-06-14,2.206
2022-06-15,2.21
2022-06-16,2.211
2022-06-17,2.213
2022-06-20,2.211
2022-06-21,2.209
2022-06-22,2.208
2022-06-23,2.21
2022-06-24,2.211
2022-06-27,2.214
2022-06-28,2.218
2022-06-29,2.216
2022-06-30,2.217
2022-07-01,2.218
2022-07-04,2.219
2022-07-05,2.219
2022-07-06,2.215
2022-07-07,2.217
2022-07-08,2.219
2022-07-11,2.218
2022-07-12,2.216
2022-07-13,2.217
2022-07-14,2.218
2022-07-15,2.216
2022-07-18,2.219
2022-07-19,2.22
2022-07-20,2.222
2022-07-21,2.223
2022-07-22,2.221
2022-07-25,2.221
2022-07-26,2.225
2022-07-27,2.226
2022-07-28,2.227
2022-07-29,2.229
2022-08-01,2.229
2022-08-02,2.228
2022-08-03,2.226
2022-08-04,2.227
2022-08-05,2.228
2022-08-08,2.229
2022-08-09,2.228
2022-08-10,2.227
2022-08-11,2.23
2022-08-12,2.231
2022-08-15,2.233
2022-08-16,2.236
2022-08-17,2.237
2022-08-18,2.234
2022-08-19,2.233
2022-08-22,2.235
2022-08-23,2.234
2022-08-24,2.23
2022-08-25,2.23
2022-08-26,2.23
2022-08-29,2.229
2022-08-30,2.229
2022-08-31,2.227
2022-09-01,2.227
2022-09-02,2.228
2022-09-05,2.229
2022-09-06,2.23
2022-09-07,2.231
2022-09-08,2.23
2022-09-09,2.231
2022-09-13,2.232
2022-09-14,2.23
2022-09-15,2.229
2022-09-16,2.226
2022-09-19,2.226
2022-09-20,2.226
2022-09-21,2.226
2022-09-22,2.225
2022-09-23,2.223
2022-09-26,2.219
2022-09-27,2.221
2022-09-28,2.218
2022-09-29,2.216
2022-09-30,2.216
2022-10-10,2.216
2022-10-11,2.217
2022-10-12,2.22
2022-10-13,2.22
2022-10-14,2.223
2022-10-17,2.223
2022-10-18,2.222
2022-10-19,2.22
2022-10-20,2.218
2022-10-21,2.217
2022-10-24,2.213
2022-10-25,2.211
2022-10-26,2.211
2022-10-27,2.212
2022-10-28,2.209
2022-10-31,2.205
2022-11-01,2.209
2022-11-02,2.21
2022-11-03,2.21
2022-11-04,2.214
2022-11-07,2.213
2022-11-08,2.212
2022-11-09,2.211
2022-11-10,2.209
2022-11-11,2.213
2022-11-14,2.208
2022-11-15,2.208
2022-11-16,2.201
2022-11-17,2.199
2022-11-18,2.197
2022-11-21,2.197
2022-11-22,2.197
2022-11-23,2.198
2022-11-24,2.2
2022-11-25,2.202
2022-11-28,2.199
2022-11-29,2.205
2022-11-30,2.205
2022-12-01,2.207
2022-12-02,2.206
2022-12-05,2.21
2022-12-06,2.208
2022-12-07,2.203
2022-12-08,2.202
2022-12-09,2.202
2022-12-12,2.198
2022-12-13,2.193
2022-12-14,2.193
2022-12-15,2.193
2022-12-16,2.191
2022-12-19,2.188
2022-12-20,2.186
2022-12-21,2.187
2022-12-22,2.186
2022-12-23,2.187
2022-12-26,2.189
2022-12-27,2.194
2022-12-28,2.193
2022-12-29,2.192
2022-12-30,2.193
2022-12-31,2.193
2023-01-03,2.196
2023-01-04,2.199
2023-01-05,2.202
2023-01-06,2.202
2023-01-09,2.203
2023-01-10,2.2
2023-01-11,2.199
2023-01-12,2.2
2023-01-13,2.201
2023-01-16,2.203
2023-01-17,2.205
2023-01-18,2.206
2023-01-19,2.207
2023-01-20,2.209
2023-01-30,2.209
2023-01-31,2.208
2023-02-01,2.211
2023-02-02,2.211
2023-02-03,2.211
2023-02-06,2.209
2023-02-07,2.21
2023-02-08,2.209
2023-02-09,2.212
2023-02-10,2.211
2023-02-13,2.212
2023-02-14,2.212
2023-02-15,2.211
2023-02-16,2.21
2023-02-17,2.209
2023-02-20,2.211
2023-02-21,2.211
2023-02-22,2.211
2023-02-23,2.211
2023-02-24,2.21
2023-02-27,2.209
2023-02-28,2.209
2023-03-01,2.211
2023-03-02,2.211
2023-03-03,2.211
2023-03-06,2.211
2023-03-07,2.21
2023-03-08,2.21
2023-03-09,2.211
2023-03-10,2.209
2023-03-13,2.21
2023-03-14,2.211
2023-03-15,2.212
2023-03-16,2.21
2023-03-17,2.211
2023-03-20,2.213
2023-03-21,2.214
2023-03-22,2.215
2023-03-23,2.216
2023-03-24,2.214
2023-03-27,2.215
2023-03-28,2.214
2023-03-29,2.214
2023-03-30,2.214
2023-03-31,2.216
2023-04-03,2.218
2023-04-04,2.218
2023-04-06,2.218
2023-04-07,2.219
2023-04-10,2.22
2023-04-11,2.22
2023-04-12,2.22
2023-04-13,2.22
2023-04-14,2.22
2023-04-17,2.222
2023-04-18,2.222
2023-04-19,2.222
2023-04-20,2.22
2023-04-21,2.218
2023-04-24,2.216
2023-04-25,2.216
2023-04-26,2.219
2023-04-27,2.221
2023-04-28,2.222
2023-05-04,2.223
2023-05-05,2.223
2023-05-08,2.224
2023-05-09,2.225
2023-05-10,2.223
2023-05-11,2.224
2023-05-12,2.221
2023-05-15,2.222
2023-05-16,2.221
2023-05-17,2.222
2023-05-18,2.221
2023-05-19,2.222
2023-05-22,2.223
2023-05-23,2.223
2023-05-24,2.222
2023-05-25,2.222
2023-05-26,2.222
2023-05-29,2.222
2023-05-30,2.222
2023-05-31,2.221
2023-06-01,2.222
2023-06-02,2.224
2023-06-05,2.224
2023-06-06,2.224
2023-06-07,2.224
2023-06-08,2.225
2023-06-09,2.227
2023-06-12,2.228
2023-06-13,2.229
2023-06-14,2.229
2023-06-15,2.23
2023-06-16,2.229
2023-06-19,2.227
2023-06-20,2.227
2023-06-21,2.226
2023-06-26,2.225
2023-06-27,2.226
2023-06-28,2.226
2023-06-29,2.227
2023-06-30,2.228
2023-07-03,2.23
2023-07-04,2.23
2023-07-05,2.23
2023-07-06,2.23
2023-07-07,2.23
2023-07-10,2.231
2023-07-11,2.232
2023-07-12,2.231
2023-07-13,2.232
2023-07-14,2.231
2023-07-17,2.232
2023-07-18,2.232
2023-07-19,2.233
2023-07-20,2.234
2023-07-21,2.234
2023-07-24,2.234
2023-07-25,2.234
2023-07-26,2.234
2023-07-27,2.235
2023-07-28,2.236
2023-07-31,2.235
2023-08-01,2.234
2023-08-02,2.235
2023-08-03,2.236
2023-08-04,2.236
2023-08-07,2.236
2023-08-08,2.236
2023-08-09,2.236
2023-08-10,2.236
2023-08-11,2.236
2023-08-14,2.237
2023-08-15,2.237
2023-08-16,2.238
2023-08-17,2.238
2023-08-18,2.238
2023-08-21,2.239
2023-08-22,2.237
2023-08-23,2.237
2023-08-24,2.237
2023-08-25,2.237
2023-08-28,2.236
2023-08-29,2.236
2023-08-30,2.236
2023-08-31,2.236
2023-09-01,2.236
2023-09-04,2.235
2023-09-05,2.234
2023-09-06,2.233
2023-09-07,2.23
2023-09-08,2.228
2023-09-11,2.227
2023-09-12,2.228
2023-09-13,2.229
2023-09-14,2.23
2023-09-15,2.23
2023-09-18,2.23
2023-09-19,2.23
2023-09-20,2.23
2023-09-21,2.231
2023-09-22,2.231
2023-09-25,2.231
2023-09-26,2.23
2023-09-27,2.231
2023-09-28,2.232
2023-10-09,2.233
2023-10-10,2.232
2023-10-11,2.231
2023-10-12,2.231
2023-10-13,2.231
2023-10-16,2.23
2023-10-17,2.229
2023-10-18,2.228
2023-10-19,2.2252
2023-10-20,2.2249
2023-10-23,2.2242
2023-10-24,2.2249
2023-10-25,2.2264
2023-10-26,2.2271
2023-10-27,2.2289
2023-10-30,2.23
2023-10-31,2.2294
2023-11-01,2.2291
2023-11-02,2.2295
2023-11-03,2.2306
2023-11-06,2.2325
2023-11-07,2.233
2023-11-08,2.2331
2023-11-09,2.2335
2023-11-10,2.2336
2023-11-13,2.2342
2023-11-14,2.2343
2023-11-15,2.2354
2023-11-16,2.2351
2023-11-17,2.2356
2023-11-20,2.2364
2023-11-21,2.236
2023-11-22,2.2339
2023-11-23,2.233
2023-11-24,2.2324
2023-11-27,2.2319
2023-11-28,2.2324
2023-11-29,2.2319
2023-11-30,2.232
2023-12-01,2.233
2023-12-04,2.2328
2023-12-05,2.232
2023-12-06,2.2327
2023-12-07,2.2333
2023-12-08,2.2339
2023-12-11,2.2346
2023-12-12,2.2345
2023-12-13,2.2349
2023-12-14,2.2354
2023-12-15,2.2364
2023-12-18,2.2362
2023-12-19,2.236
2023-12-20,2.2356
2023-12-21,2.2366
2023-12-22,2.2374
2023-12-25,2.2377
2023-12-26,2.2378
2023-12-27,2.2395
2023-12-28,2.2428
2023-12-29,2.2447
2023-12-31,2.2448
2024-01-02,2.2449
2024-01-03,2.2435
2024-01-04,2.2435
2024-01-05,2.2437
2024-01-08,2.2431
2024-01-09,2.2444
2024-01-10,2.2443
2024-01-11,2.2453
2024-01-12,2.2453
2024-01-15,2.2458
2024-01-16,2.245
2024-01-17,2.2436
2024-01-18,2.2438
2024-01-19,2.2444
2024-01-22,2.2428
2024-01-23,2.2433
2024-01-24,2.243
2024-01-25,2.2456
2024-01-26,2.246
2024-01-29,2.2449
2024-01-30,2.2449
2024-01-31,2.2445
2024-02-01,2.2447
2024-02-02,2.2441
2024-02-05,2.2439
2024-02-06,2.2448
2024-02-07,2.245
2024-02-08,2.2469
2024-02-19,2.2481
2024-02-20,2.2497
2024-02-21,2.2514
2024-02-22,2.2522
2024-02-23,2.2533
2024-02-26,2.2542
2024-02-27,2.2554
2024-02-28,2.2528
2024-02-29,2.2549
2024-03-01,2.2542
2024-03-04,2.2536
2024-03-05,2.2525
2024-03-06,2.2533
2024-03-07,2.253
2024-03-08,2.2531
2024-03-11,2.2538
2024-03-12,2.2532
2024-03-13,2.2526
2024-03-14,2.2512
2024-03-15,2.2523
2024-03-18,2.2543
2024-03-19,2.2556
2024-03-20,2.2565
2024-03-21,2.2567
2024-03-22,2.2555
2024-03-25,2.2538
2024-03-26,2.2532
2024-03-27,2.252
2024-03-28,2.2528
2024-03-29,2.2543
2024-04-01,2.2558
2024-04-02,2.2567
2024-04-03,2.2582
2024-04-08,2.258
2024-04-09,2.2604
2024-04-10,2.2604
2024-04-11,2.2619
2024-04-12,2.2639
2024-04-15,2.2619
2024-04-16,2.259
2024-04-17,2.2617
2024-04-18,2.2627
2024-04-19,2.2638
2024-04-22,2.2637
2024-04-23,2.2643
2024-04-24,2.2643
2024-04-25,2.2643
2024-04-26,2.2642
2024-04-29,2.2629
2024-04-30,2.265
2024-05-06,2.2684
2024-05-07,2.2711
2024-05-08,2.2715
2024-05-09,2.2732
2024-05-10,2.2732
2024-05-13,2.2733
2024-05-14,2.2742
2024-05-15,2.2738
2024-05-16,2.2741
2024-05-17,2.2741
2024-05-20,2.2756
2024-05-21,2.2749
2024-05-22,2.2758
2024-05-23,2.2747
2024-05-24,2.2746
2024-05-27,2.2751
2024-05-28,2.2755
2024-05-29,2.2762
2024-05-30,2.2767
2024-05-31,2.2762
2024-06-03,2.274
2024-06-04,2.2744
2024-06-05,2.2744
2024-06-06,2.2735
2024-06-07,2.2742
2024-06-11,2.2753
2024-06-12,2.2762
2024-06-13,2.2758
2024-06-14,2.2755
2024-06-17,2.275
2024-06-18,2.2753
2024-06-19,2.2743
2024-06-20,2.2722
2024-06-21,2.2701
2024-06-24,2.2669
2024-06-25,2.2692
2024-06-26,2.2745
2024-06-27,2.2744
2024-06-28,2.2755
2024-06-30,2.2756
2024-07-01,2.2756
2024-07-02,2.2771
2024-07-03,2.2767
2024-07-04,2.2747
2024-07-05,2.275
2024-07-08,2.2715
2024-07-09,2.2732
2024-07-10,2.2727
2024-07-11,2.2747
2024-07-12,2.2745
2024-07-15,2.274
2024-07-16,2.2741
2024-07-17,2.273
2024-07-18,2.2722
2024-07-19,2.2733
2024-07-22,2.2738
2024-07-23,2.2727
2024-07-24,2.2699
2024-07-25,2.2712
2024-07-26,2.2747
2024-07-29,2.2751
2024-07-30,2.275
2024-07-31,2.2781
2024-08-01,2.279
2024-08-02,2.2788
2024-08-05,2.2775
2024-08-06,2.2774
2024-08-07,2.278
2024-08-08,2.277
2024-08-09,2.2757
2024-08-12,2.2724
2024-08-13,2.2727
2024-08-14,2.2733
2024-08-15,2.2715
2024-08-16,2.2684
2024-08-19,2.2694
2024-08-20,2.2671
2024-08-21,2.2666
2024-08-22,2.2655
2024-08-23,2.2649
2024-08-26,2.2665
2024-08-27,2.2641
2024-08-28,2.2654
2024-08-29,2.2683
2024-08-30,2.2714
2024-09-02,2.2711
2024-09-03,2.2723
2024-09-04,2.2733
2024-09-05,2.2758
2024-09-06,2.2752
2024-09-09,2.2745
2024-09-10,2.273
2024-09-11,2.2736
2024-09-12,2.2736
2024-09-13,2.2727
2024-09-18,2.2723
2024-09-19,2.2735
2024-09-20,2.2721
2024-09-23,2.2717
2024-09-24,2.2764
2024-09-25,2.2782
2024-09-26,2.2816
2024-09-27,2.2827
2024-09-30,2.2831
2024-10-08,2.2874
2024-10-09,2.2772
2024-10-10,2.28
2024-10-11,2.2813
2024-10-14,2.286
2024-10-15,2.2869
2024-10-16,2.2876
2024-10-17,2.2882
2024-10-18,2.2896
2024-10-21,2.291
2024-10-22,2.2906
2024-10-23,2.2902
2024-10-24,2.289
2024-10-25,2.2908
2024-10-28,2.2912
2024-10-29,2.2893
2024-10-30,2.2889
2024-10-31,2.2901
2024-11-01,2.2911
2024-11-04,2.2924
2024-11-05,2.2942
2024-11-06,2.2943
2024-11-07,2.2967
2024-11-08,2.2969
2024-11-11,2.2993
2024-11-12,2.2996
2024-11-13,2.2993
2024-11-14,2.2975
2024-11-15,2.2969
2024-11-18,2.2953
2024-11-19,2.2966
2024-11-20,2.2977
2024-11-21,2.2989
2024-11-22,2.2984
2024-11-25,2.299
2024-11-26,2.2995
2024-11-27,2.3009
2024-11-28,2.3022
2024-11-29,2.3044
2024-12-02,2.3088
2024-12-03,2.3088
2024-12-04,2.3094
2024-12-05,2.3107
2024-12-06,2.3118
2024-12-09,2.3134
2024-12-10,2.3179
2024-12-11,2.3199
2024-12-12,2.3217
2024-12-13,2.3236
2024-12-16,2.3243
2024-12-17,2.3221
2024-12-18,2.3211
2024-12-19,2.3207
2024-12-20,2.324
2024-12-23,2.3231
2024-12-24,2.3224
2024-12-25,2.3207
2024-12-26,2.3219
2024-12-27,2.3245
2024-12-30,2.3244
2024-12-31,2.3255
2025-01-02,2.3277
2025-01-03,2.3284
2025-01-06,2.3284
2025-01-07,2.3285
2025-01-08,2.328
2025-01-09,2.3271
2025-01-10,2.3265
2025-01-13,2.3256
2025-01-14,2.3278
2025-01-15,2.3287
2025-01-16,2.3277
2025-01-17,2.3276
2025-01-20,2.3277
2025-01-21,2.3288
2025-01-22,2.3292
2025-01-23,2.3287
2025-01-24,2.3288
2025-01-27,2.3298
2025-02-05,2.3312
2025-02-06,2.333
2025-02-07,2.334
2025-02-10,2.3335
2025-02-11,2.3335
2025-02-12,2.3338
2025-02-13,2.3337
2025-02-14,2.3323
2025-02-17,2.3309
2025-02-18,2.329
2025-02-19,2.3304
2025-02-20,2.3292
2025-02-21,2.328
2025-02-24,2.3256
2025-02-25,2.3254
2025-02-26,2.327
2025-02-27,2.3255
2025-02-28,2.3247
2025-03-03,2.3257
2025-03-04,2.326
2025-03-05,2.3259
2025-03-06,2.3263
2025-03-07,2.3255
2025-03-10,2.3254
2025-03-11,2.3227
2025-03-12,2.3233
2025-03-13,2.3238
2025-03-14,2.3249
2025-03-17,2.3247
2025-03-18,2.325
2025-03-19,2.3246
2025-03-20,2.3258
2025-03-21,2.3254
2025-03-24,2.3252
2025-03-25,2.3266
2025-03-26,2.3277
2025-03-27,2.3281
2025-03-28,2.3281
2025-03-31,2.3276
2025-04-01,2.3283
2025-04-02,2.3291
2025-04-03,2.3307
2025-04-07,2.3293
2025-04-08,2.3294
2025-04-09,2.3302
2025-04-10,2.3309
2025-04-11,2.3307
2025-04-14,2.3309
2025-04-15,2.3302
2025-04-16,2.3298
2025-04-17,2.3297
2025-04-18,2.3296
2025-04-21,2.33
2025-04-22,2.3304
2025-04-23,2.3308
2025-04-24,2.3301
2025-04-25,2.3304
2025-04-28,2.3299
2025-04-29,2.3308
2025-04-30,2.3316
2025-05-06,2.3331
2025-05-07,2.3332
2025-05-08,2.3349
2025-05-09,2.3352
2025-05-12,2.3355
2025-05-13,2.3361
2025-05-14,2.3362
2025-05-15,2.3357
2025-05-16,2.3359
2025-05-19,2.3364
2025-05-20,2.3372
2025-05-21,2.3376
2025-05-22,2.3369
2025-05-23,2.3368
2025-05-26,2.3371
2025-05-27,2.3368
2025-05-28,2.3364
2025-05-29,2.3363
2025-05-30,2.3366
2025-06-03,2.3374
2025-06-04,2.3379
2025-06-05,2.3383
2025-06-06,2.3391
2025-06-09,2.3404
2025-06-10,2.3403
2025-06-11,2.3413
2025-06-12,2.3412
2025-06-13,2.3408
2025-06-16,2.3411
2025-06-17,2.3417
2025-06-18,2.3424
2025-06-19,2.3424
2025-06-20,2.3429
2025-06-23,2.3434
2025-06-24,2.3438
2025-06-25,2.344
2025-06-26,2.3438
2025-06-27,2.3445
2025-06-30,2.3446
2025-07-01,2.3454
2025-07-02,2.3464
2025-07-03,2.3475
2025-07-04,2.3479
2025-07-07,2.3482
2025-07-08,2.3486
2025-07-09,2.3485
2025-07-10,2.3485
2025-07-11,2.3482
2025-07-14,2.3473
2025-07-15,2.3479
2025-07-16,2.3485
2025-07-17,2.3495
2025-07-18,2.35
2025-07-21,2.3502
2025-07-22,2.3502
2025-07-23,2.3487
2025-07-24,2.3471
2025-07-25,2.3463
2025-07-28,2.3469
2025-07-29,2.3458
2025-07-30,2.3465
2025-07-31,2.3474
2025-08-01,2.3479
2025-08-04,2.3485
2025-08-05,2.349
2025-08-06,2.3496
2025-08-07,2.35
2025-08-08,2.3502
2025-08-11,2.3495
2025-08-12,2.3486
2025-08-13,2.3487
2025-08-14,2.3479
2025-08-15,2.3479
2025-08-18,2.3457
2025-08-19,2.3456
2025-08-20,2.3455
2025-08-21,2.3461
2025-08-22,2.3465
2025-08-25,2.3473
2025-08-26,2.3479
2025-08-27,2.3465
2025-08-28,2.3463
2025-08-29,2.3462
2025-09-01,2.3463
2025-09-02,2.3461
2025-09-03,2.3469
2025-09-04,2.3475
2025-09-05,2.3477
2025-09-08,2.3473
2025-09-09,2.3465
2025-09-10,2.345
2025-09-11,2.3448
2025-09-12,2.3451
2025-09-15,2.3451
2025-09-16,2.3453
2025-09-17,2.346
2025-09-18,2.3455
2025-09-19,2.3448
2025-09-22,2.3447
2025-09-23,2.3435
2025-09-24,2.3425
2025-09-25,2.3419
2025-09-26,2.3419
2025-09-29,2.3423
2025-09-30,2.3432
2025-10-09,2.3444
2025-10-10,2.3444
2025-10-13,2.3452
2025-10-14,2.3453
2025-10-15,2.3455
2025-10-16,2.3456
2025-10-17,2.3461
2025-10-20,2.3462
2025-10-21,2.3467
2025-10-22,2.347
2025-10-23,2.3475
2025-10-24,2.3477
2025-10-27,2.3483
2025-10-28,2.3492
2025-10-29,2.35
2025-10-30,2.3505
2025-10-31,2.3513
2025-11-03,2.3518
2025-11-04,2.3517
2025-11-05,2.3525
2025-11-06,2.3522
2025-11-07,2.3519
2025-11-10,2.3521
2025-11-11,2.3523
2025-11-12,2.3524
2025-11-13,2.3525
2025-11-14,2.3525
2025-11-17,2.3526
2025-11-18,2.3527
2025-11-19,2.3527
2025-11-20,2.3526
2025-11-21,2.3523
2025-11-24,2.3522
2025-11-25,2.352
2025-11-26,2.3511
2025-11-27,2.3505
2025-11-28,2.3507
2025-12-01,2.3509
2025-12-02,2.3507
2025-12-03,2.3507
2025-12-04,2.3496
2025-12-05,2.3496
2025-12-08,2.3496
2025-12-09,2.3497
2025-12-10,2.3498
2025-12-11,2.35
2025-12-12,2.3502
2025-12-15,2.35
2025-12-16,2.3498
2025-12-17,2.3503
2025-12-18,2.3503
2025-12-19,2.3511
2025-12-22,2.3517
2025-12-23,2.3516
2025-12-24,2.3529
2025-12-25,2.3543
2025-12-26,2.3535
2025-12-29,2.352
2025-12-30,2.3517
2025-12-31,2.3519
2026-01-05,2.3577
2026-01-06,2.3608
2026-01-07,2.3621
2026-01-08,2.3644
2026-01-09,2.3716
2026-01-12,2.3778
2026-01-13,2.3755
2026-01-14,2.3777
2026-01-15,2.3793
2026-01-16,2.3826
2026-01-19,2.3835
2026-01-20,2.3809
2026-01-21,2.3869
2026-01-22,2.3899
2026-01-23,2.3939
2026-01-26,2.3895
2026-01-27,2.391
2026-01-28,2.3936
2026-01-29,2.3897
2026-01-30,2.3813
2026-02-02,2.3726
2026-02-03,2.3809
2026-02-04,2.3788
2026-02-05,2.3759
2026-02-06,2.378
2026-02-09,2.3814
2026-02-10,2.3818
2026-02-11,2.3806
2026-02-12,2.3835
2026-02-13,2.3811
2026-02-24,2.3847
2026-02-25,2.3849
2026-02-26,2.3809
2026-02-27,2.3799
2026-03-02,2.3801
2026-03-03,2.375
2026-03-04,2.3742
2026-03-05,2.3743
2026-03-06,2.3744
2026-03-09,2.3729
2026-03-10,2.3746
2026-03-11,2.3744
2026-03-12,2.3727
2026-03-13,2.3713
2026-03-16,2.37
2026-03-17,2.3685
2026-03-18,2.3701
2026-03-19,2.3687
2026-03-20,2.3682
2026-03-23,2.3672
2026-03-24,2.3682
2026-03-25,2.3684
2026-03-26,2.368
2026-03-27,2.3689
2026-03-30,2.369
2026-03-31,2.3676
2026-04-01,2.3697
2026-04-02,2.3686
2026-04-03,2.37
2026-04-07,2.3707
2026-04-08,2.3759
2026-04-09,2.3777
2026-04-10,2.3786
2026-04-13,2.3777
2026-04-14,2.3803
2026-04-15,2.3802
2026-04-16,2.3852
2026-04-17,2.3857
2026-04-20,2.386
2026-04-21,2.3863
2026-04-22,2.3885
2026-04-23,2.3863
2026-04-24,2.3856
2026-04-27,2.3857
2026-04-28,2.3849
2026-04-29,2.3884
2026-04-30,2.3886
2026-05-06,2.3915
2026-05-07,2.3924
2026-05-08,2.3914
2026-05-11,2.3931
2026-05-12,2.3911
2026-05-13,2.3925
2026-05-14,2.3891
2026-05-15,2.3871
2026-05-18,2.3876
2026-05-19,2.3908
2026-05-20,2.391
2026-05-21,2.3896
2026-05-22,2.3903
2026-05-25,2.3909
2026-05-26,2.3916
2026-05-27,2.3905
2026-05-28,2.3915
2026-05-29,2.3898
2026-06-01,2.3909
2026-06-02,2.3928
2026-06-03,2.3922
2026-06-04,2.3914
2026-06-05,2.3907
2026-06-08,2.3891
2026-06-09,2.39
2026-06-10,2.3883
2026-06-11,2.3889
2026-06-12,2.39
2026-06-15,2.392
2026-06-16,2.392
2026-06-17,2.3926
2026-06-18,2.3927
2026-06-22,2.3933
2026-06-23,2.3913
2026-06-24,2.3925
2026-06-25,2.3911
2026-06-26,2.3902
2026-06-29,2.392
2026-06-30,2.3929
2026-07-01,2.393
2026-07-02,2.3924
2026-07-03,2.3933
2026-07-06,2.3935
2026-07-07,2.3923
2026-07-08,2.3918
2026-07-09,2.3926
2026-07-10,2.3924
2026-07-13,2.3911
2026-07-14,2.3931
2026-07-15,2.3932
2026-07-16,2.3927
2026-07-17,2.3909
2026-07-20,2.3914
2026-07-21,2.3933
2026-07-22,2.3938
2026-07-23,2.3949
2026-07-24,2.3935
2026-07-27,2.3958
2026-07-28,2.394
2026-07-29,2.3964
2026-07-30,2.3963
2026-07-31,2.3975
2026-08-03,2.3963
2026-08-04,2.3984
2026-08-05,2.4005
2026-08-06,2.4003
2026-08-07,2.4024
2026-08-10,2.403
2026-08-11,2.4006
2026-08-12,2.3998
2026-08-13,2.3992
2026-08-14,2.3996
2026-08-17,2.4009
2026-08-18,2.4011
2026-08-19,2.3994
2026-08-20,2.4003
2026-08-21,2.3996
2026-08-24,2.3988
2026-08-25,2.3993
2026-08-26,2.4
2026-08-27,2.3998
2026-08-28,2.3994
