date,close
20050828,1000.0
20050901,1006.9999999999999
20050908,1006.9999999999999
20050914,1025.000125
20050915,1023.000349756125
20050918,1027.0002811236716
20050919,1017.0003793863705
20050920,999.000489671611
20050921,978.0005003782242
20050922,971.0009507970173
20050925,973.001212755659
20050926,959.0016713065306
20050927,958.0014325633579
20050928,970.0013585076466
20050929,971.0014299082679
20051009,961.0010861816428
20051010,974.0015088755081
20051011,977.0014335228446
20051012,970.0012182516534
20051013,959.0014044366796
20051016,951.001414720869
20051017,956.0017801594712
20051018,952.001868711284
20051019,953.0014706734308
20051020,958.0018693900544
20051023,959.0020233416976
20051024,946.0017919132775
20051025,926.001422028647
20051026,926.001422028647
20051027,918.0016957437416
20051030,925.0014586737876
20051031,921.001752366482
20051101,931.0019893936774
20051102,923.0018892988176
20051103,927.0021794870387
20051106,926.001944135372
20051107,930.002272534037
20051108,927.0020852028422
20051109,911.0020292122412
20051110,913.001678666362
20051113,910.0015551502643
20051114,905.0010966047136
20051115,911.0012538752027
20051116,911.0012538752027
20051117,930.0010960260239
20051120,932.0015283835759
20051121,917.0018957857706
20051122,924.002288258199
20051123,930.0027591181477
20051124,933.0029480190628
20051127,929.003164380905
20051128,920.0029817243827
20051129,922.0030682066515
20051130,921.0026948776472
20051201,920.00248595101
20051204,911.0021016309514
20051205,918.0022417798837
20051206,926.0026313169953
20051207,926.0026313169953
20051208,940.0028650998771
20051211,941.0030281483432
20051212,942.0033143672649
20051213,951.0032140327298
20051214,949.003254273619
20051215,955.0028528471368
20051218,956.0027408340677
20051219,960.0026563017174
20051220,956.0023252329081
20051221,962.0021958260697
20051222,969.002685805096
20051225,976.0027612073519
20051226,973.0025287194004
20051227,975.0020489159186
20051228,989.0021033363023
20051229,981.002065322415
20051230,981.002065322415
20060103,999.002472219016
20060104,1016.0024972887669
20060105,1028.0025027842446
20060108,1033.0027069577873
20060109,1035.0026001984575
20060110,1031.0023151486903
20060111,1041.002006603317
20060112,1036.0020739656015
20060115,1018.0015379304492
20060116,1021.0015884627304
20060117,1040.0014070224336
20060118,1048.0010978452501
20060119,1050.0006839399389
20060122,1053.0005358939554
20060123,1056.0005344207173
20060124,1067.0008919877778
20060205,1090.0011632154662
20060206,1086.0008589464655
20060207,1089.0003933188757
20060208,1075.0002042623682
20060209,1087.0004315425492
20060212,1086.00039114553
20060213,1093.9998700267079
20060214,1096.9996176703212
20060215,1075.9997539892584
20060216,1078.0000375319244
20060219,1079.999727601546
20060220,1094.999843818204
20060221,1094.999843818204
20060222,1098.000143390266
20060223,1104.9998943043788
20060226,1110.000018826106
20060227,1116.9996789448235
20060228,1119.9999400824695
20060301,1107.0001007779322
20060302,1110.9996921420432
20060305,1107.9999929732596
20060306,1085.0001291191206
20060307,1080.9997336430586
20060308,1075.65310896046
20060309,1079.9299057216867
20060312,1090.6222917182372
20060313,1088.4835814041776
20060314,1099.1757556243108
20060315,1098.1062576140882
20060316,1094.8986892355977
20060319,1107.7298069747496
20060320,1110.9377924957487
20060321,1117.3534582474117
20060322,1118.4227655069544
20060323,1113.0767046878314
20060326,1120.5610324501522
20060327,1126.9762443609295
20060328,1136.5994945115274
20060329,1126.9759065914984
20060330,1133.391780427724
20060402,1151.5691178022237
20060403,1162.2614370610172
20060404,1171.8849617598826
20060405,1175.0924109002194
20060406,1175.0924109002194
20060409,1191.1312472165964
20060410,1196.4770442541046
20060411,1190.061534342814
20060412,1166.538778054994
20060413,1191.8270056856704
20060416,1197.3249036628984
20060417,1203.9221638820807
20060418,1210.5184534179907
20060419,1208.3189413881303
20060420,1222.6121461458106
20060423,1217.115281936739
20060424,1216.0162268371503
20060425,1231.4085602364548
20060426,1231.4085602364548
20060427,1249.0004629279929
20060507,1296.2776284507434
20060508,1331.4611958421533
20060509,1345.7544317795189
20060510,1334.7596180718801
20060511,1376.5389288771482
20060514,1433.7120967491314
20060515,1410.6235971430833
20060516,1416.12079730115
20060517,1410.623416366027
20060518,1449.1052231644921
20060521,1457.9012918691005
20060522,1401.8274923812312
20060523,1394.1314594480582
20060524,1398.529944202617
20060525,1422.7189181175452
20060528,1459.0010959673787
20060529,1472.1948428782116
20060530,1461.200491791597
20060531,1499.6826679434205
20060601,1486.4884598308543
20060604,1500.7810463721278
20060605,1496.3837579062576
20060606,1417.2220643455007
20060607,1423.819233055029
20060608,1391.9342251499947
20060611,1396.3327373014686
20060612,1396.3327373014686
20060613,1382.0398754024507
20060614,1384.2387008442158
20060615,1412.8246142553498
20060618,1430.2518058721896
20060619,1433.9861933373218
20060620,1429.0073932740545
20060621,1426.5180623949711
20060622,1436.4765849885503
20060625,1461.3721606829868
20060626,1462.6172497638888
20060627,1461.3725624843396
20060628,1494.9812086763545
20060629,1493.7358893295273
20060702,1521.1205493886052
20060703,1511.161773151758
20060704,1493.735055583772
20060705,1519.8754190564882
20060706,1511.1619732790373
20060709,1513.650857049028
20060710,1519.8749893732133
20060711,1521.1197669895098
20060712,1446.4327864303248
20060713,1458.880786990344
20060716,1473.8182673683382
20060717,1475.0636438042643
20060718,1437.7209325977155
20060719,1447.6785877768873
20060720,1458.8821723676926
20060723,1461.3710253537517
20060724,1477.552786717494
20060725,1475.063110271875
20060726,1458.8816679521926
20060727,1443.94417855403
20060730,1395.397331326865
20060731,1382.9489917340982
20060801,1375.4796842297424
20060802,1371.7452568870585
20060803,1341.8700169373153
20060806,1324.4431510273505
20060807,1353.0736386231085
20060808,1351.8288108755753
20060809,1372.9903390810216
20060810,1376.7248728033221
20060813,1346.84994306349
20060814,1368.0116493689034
20060815,1385.438749770214
20060816,1374.2360920395718
20060817,1370.5022925775004
20060820,1372.9924952431136
20060821,1389.1745847920492
20060822,1389.1745847920492
20060823,1396.6427873598911
20060824,1399.1330014497541
20060827,1429.0072892967091
20060828,1432.7412853436415
20060829,1437.7200613102104
20060830,1442.6988858825275
20060831,1421.5373786244024
20060903,1441.4545388363092
20060904,1445.1893475464342
20060905,1451.4137780663168
20060906,1432.7427912252717
20060907,1436.476518939205
20060910,1443.94476036117
20060911,1452.6575230451892
20060912,1442.6995557247144
20060913,1443.944605441305
20060914,1467.5949741338281
20060917,1481.287635242497
20060918,1485.0219613709432
20060919,1485.0219613709432
20060920,1494.9805186438969
20060921,1482.5333108456678
20060924,1480.0441374167578
20060925,1463.861334818243
20060926,1478.7985758787286
20060927,1494.9810686945693
20060928,1512.408063012342
20060929,1512.408063012342
20061008,1546.0167949886022
20061009,1547.2613385085679
20061010,1546.0157931310684
20061011,1536.0579054075113
20061012,1541.036269078937
20061015,1527.3441618281706
20061016,1523.6098053525006
20061017,1547.2608003609876
20061018,1549.7503429887684
20061019,1550.9947925141887
20061022,1518.6301841787952
20061023,1549.7499539129872
20061024,1557.2181989408934
20061025,1565.9323919821666
20061026,1549.7500466434228
20061029,1555.9738428307428
20061030,1574.6455289447117
20061031,1590.8281610456768
20061101,1589.584133423739
20061102,1598.298233643168
20061105,1618.2146279325955
20061106,1626.9287137040126
20061107,1609.501053322815
20061108,1638.1308580593213
20061109,1616.9694836349108
20061112,1588.3394219576712
20061113,1607.0103518627836
20061114,1639.373933338948
20061115,1635.639439518802
20061116,1664.269672268139
20061119,1696.6347245847376
20061120,1716.5515196166377
20061121,1740.2021664539159
20061122,1750.159603250365
20061123,1752.648330206187
20061126,1767.5861519245343
20061127,1760.1181004326531
20061128,1783.7688073481665
20061129,1832.3158592089542
20061130,1847.2528980932254
20061203,1899.53384961506
20061204,1913.2256896030856
20061205,1898.2891366443541
20061206,1893.309924238936
20061207,1827.3375399288302
20061210,1908.2483915217992
20061211,1920.695895779696
20061212,1921.9405067201612
20061213,1954.304062912822
20061214,1986.6692924987215
20061217,2036.4611849766172
20061218,2040.196054789864
20061219,2056.3788898964576
20061220,2028.994092219706
20061221,2016.546213463938
20061224,2058.869485392119
20061225,2057.623869353457
20061226,2102.436859604106
20061227,2096.2136464996775
20061228,2155.9641202795046
20061230,2155.9641202795046
20070103,2179.6150466789704
20070104,2187.0845874439397
20070107,2244.3446490278097
20070108,2314.051749481964
20070109,2370.068000181674
20070110,2346.417091607861
20070111,2289.1574753213545
20070114,2399.9435404970072
20070115,2467.1611591792475
20070116,2421.1041946596893
20070117,2428.573301100215
20070118,2506.994361566042
20070121,2600.3523245963997
20070122,2617.7798858758447
20070123,2643.921035816201
20070124,2563.009120357118
20070125,2624.0036114033765
20070128,2665.0823879398963
20070129,2631.473033945586
20070130,2467.1612262329895
20070131,2477.118688942066
20070201,2397.452074787
20070204,2376.0044685259554
20070205,2423.667118164586
20070206,2471.3309557104108
20070207,2509.4611210260664
20070208,2497.546199623435
20070211,2576.1914319033776
20070212,2609.555687137958
20070213,2669.134453031005
20070214,2738.2463514233364
20070215,2743.0136383211643
20070225,2771.612298514301
20070226,2528.5308134854026
20070227,2614.3238639869624
20070228,2547.5958616825587
20070301,2578.5771749564806
20070304,2545.486294070264
20070305,2586.2140747753883
20070306,2649.8504582993114
20070307,2685.4882971129787
20070308,2670.2159251672974
20070311,2672.760640943982
20070312,2695.668872397513
20070313,2654.9400114044583
20070314,2700.758966121277
20070315,2660.031520912168
20070318,2713.4875143564186
20070319,2726.2137707987504
20070320,2756.758269886779
20070321,2764.3944902943654
20070322,2769.4865049454875
20070325,2815.304889683305
20070326,2835.6679899503847
20070327,2848.394467889282
20070328,2833.12137675246
20070329,2833.12137675246
20070330,2833.12137675246
20070401,2896.758949117074
20070402,2934.9411288253864
20070403,2957.8512792769975
20070404,2988.3970094380907
20070405,3013.852175164485
20070408,3074.942958755069
20070409,3118.2166310136286
20070410,3156.3991936603907
20070411,3209.8528140050294
20070412,3199.6711608790056
20070415,3283.6721278655623
20070416,3309.1271542007757
20070417,3329.491522707727
20070418,3179.3081485929497
20070419,3306.582212397423
20070422,3441.4940732454506
20070423,3454.220718328312
20070424,3456.7664789977202
20070425,3500.038281781814
20070426,3477.130531227552
20070429,3540.768974210079
20070507,3662.9538299721203
20070508,3678.2283474431038
20070509,3698.591019574549
20070510,3678.2265774207717
20070513,3708.770570919674
20070514,3586.588833231296
20070515,3675.6796998487616
20070516,3749.4983752608246
20070517,3746.9524658640225
20070520,3800.4064897420394
20070521,3836.0429013963503
20070522,3902.226149574142
20070523,3884.408584975186
20070524,3945.498678791091
20070527,4024.4086523669125
20070528,4116.044437381307
20070529,3853.860638808992
20070530,3894.5882380399253
20070531,3767.31309442078
20070603,3492.400955981613
20070604,3606.948214936854
20070605,3647.674267231706
20070606,3764.7646112098437
20070607,3797.8568921423785
20070610,3889.4953810928823
20070611,3986.2232417252812
20070612,4065.1345170184745
20070613,4024.405934292466
20070614,4047.3168772763934
20070617,4166.955564168684
20070618,4192.41149571019
20070619,4105.863352792749
20070620,4144.0437761103685
20070621,4011.678873857628
20070624,3848.7686064691434
20070625,3897.132232778035
20070626,4006.587088667839
20070627,3833.494513263211
20070628,3736.7677797045535
20070629,3736.7677797045535
20070701,3731.678301988596
20070702,3800.4046212763196
20070703,3718.950549028504
20070704,3525.49446041859
20070705,3688.404033940072
20070708,3795.3161132678592
20070709,3754.588576056382
20070710,3764.771020274647
20070711,3792.769622352429
20070712,3795.314570769028
20070715,3680.7681817086477
20070716,3767.314083965163
20070717,3785.1334795823177
20070718,3785.1334795823177
20070719,3942.9546200135023
20070722,4118.593533562004
20070723,4123.684115169487
20070724,4212.776310477724
20070725,4258.59446563048
20070726,4261.141105120928
20070729,4357.869008207173
20070730,4406.232638460257
20070731,4248.414604048526
20070801,4383.32725821469
20070802,4530.966486925877
20070805,4627.69355948877
20070806,4645.510179692801
20070807,4594.051863432343
20070808,4694.1103130179
20070809,4645.512188947225
20070812,4634.074937938038
20070813,4662.662546230177
20070814,4651.229697666821
20070815,4571.182034569975
20070816,4482.560528465768
20070819,4696.970363663342
20070820,4774.155677649422
20070821,4842.765068892921
20070822,4915.5034002276925
20070823,4980.584665246707
20070826,5003.555121722825
20070827,5007.382841390942
20070828,4934.645598236897
20070829,4995.899354047812
20070830,5041.836648608281
20070902,5149.026095757695
20070903,5095.4298831269525
20070904,5099.25655096918
20070905,5141.366211567084
20070906,5034.173867422122
20070909,5110.738617771746
20070910,4881.0415813346135
20070911,4953.778862979661
20070912,5083.939402604453
20070913,5126.049672676226
20070916,5217.928987009275
20070917,5198.789623484925
20070918,5149.021610419303
20070919,5217.930966631544
20070920,5191.131673186924
20070923,5233.242133319815
20070924,5183.474000631943
20070925,5099.2529150696755
20070926,5156.675602146275
20070927,5298.319167586029
20070929,5298.319167586029
20071007,5363.398421921488
20071008,5390.193960437407
20071009,5397.848035861229
20071010,5470.584038144458
20071011,5455.271873421691
20071014,5531.836614165165
20071015,5581.606548182808
20071016,5531.84094419921
20071017,5340.428183848029
20071018,5340.428183848029
20071021,5210.265927723101
20071022,5271.517813969414
20071023,5313.626698267403
20071024,5083.9292433547
20071025,5137.524025438145
20071028,5233.230960508032
20071029,5313.623854523356
20071030,5397.844792617551
20071031,5321.281762079064
20071101,5202.606536221177
20071104,5110.72850479151
20071105,5068.616101912028
20071106,5099.240680399781
20071107,4865.7158542001935
20071108,4819.778630820689
20071111,4758.528883980219
20071112,4724.072376331318
20071113,4911.655842250682
20071114,4854.233673798929
20071115,4789.152962934307
20071118,4777.66857412919
20071119,4842.749975445979
20071120,4781.498873756538
20071121,4574.770769949674
20071122,4651.3341335555515
20071125,4601.564858326507
20071126,4521.170918686685
20071127,4463.747526848446
20071128,4643.676725908179
20071129,4547.970548587212
20071202,4578.596582261397
20071203,4628.365927110578
20071204,4754.697175091062
20071205,4758.52470631701
20071206,4819.776436336722
20071209,4903.997209785271
20071210,4907.827231606112
20071211,4850.40565299632
20071212,4674.306825358636
20071213,4758.528485737948
20071216,4643.681400734663
20071217,4624.540146000835
20071218,4731.732362044989
20071219,4815.952466357027
20071220,4873.377883565868
20071223,4969.086151821218
20071224,4976.743513581174
20071225,5015.02462468764
20071226,5106.904890836543
20071227,5080.108960874324
20071228,5080.108960874324
20071230,5080.108960874324
20080101,5118.392662003474
20080102,5152.844563011418
20080103,5206.439299311301
20080106,5275.346523437686
20080107,5248.547763098622
20080108,5328.939769186005
20080109,5378.706737690432
20080110,5401.673815460371
20080113,5432.301305994031
20080114,5397.849651111418
20080115,5225.577279496198
20080116,5099.243723187097
20080117,5141.353277853176
20080120,4900.172395589084
20080121,4547.972504656118
20080122,4747.041809157421
20080123,4796.809795484627
20080124,4842.748842895983
20080127,4528.83217740178
20080128,4555.629277395467
20080129,4505.863583169199
20080130,4425.469965118295
20080131,4383.357192930229
20080203,4724.0711641795015
20080204,4697.271508465111
20080212,4601.564601480134
20080213,4658.987526142005
20080214,4597.7358171358155
20080217,4689.612371969641
20080218,4785.317981256797
20080219,4681.95511286165
20080220,4651.330444468422
20080221,4494.371298619834
20080224,4329.755961065286
20080225,4325.928456795705
20080226,4436.949084710909
20080227,4421.637173419572
20080228,4471.402699806409
20080302,4578.595636728868
20080303,4467.578428325103
20080304,4429.2957487727845
20080305,4479.063315805995
20080306,4421.637245034047
20080309,4249.365836330276
20080310,4260.851872185875
20080311,4138.34812000866
20080312,4038.812571026211
20080313,4000.528666665454
20080316,3828.2579012215056
20080317,3644.5015219628735
20080318,3755.5203273249067
20080319,3862.710388507414
20080320,3893.3378191778897
20080323,3728.7236028452294
20080324,3774.661477632283
20080325,3782.3164911089207
20080326,3633.013329938887
20080327,3789.9704048322374
20080330,3671.2950615457253
20080331,3479.8810796268544
20080401,3449.2546462450587
20080402,3541.1324422570883
20080406,3721.0609227806135
20080407,3763.172169243722
20080408,3575.58932612343
20080409,3636.8427468692507
20080410,3663.6390042281832
20080413,3437.7719959785118
20080414,3479.8812651572525
20080415,3395.661178777917
20080416,3299.9544684540615
20080417,3192.7620474552677
20080420,3188.933925760369
20080421,3219.5604471833717
20080422,3365.0330664289045
20080423,3659.809963048076
20080424,3686.607091597514
20080427,3621.5274166095433
20080428,3663.638537409879
20080429,3828.2531441727797
20080504,3920.1312196329263
20080505,3878.0211700716295
20080506,3701.920228738677
20080507,3797.625972412258
20080508,3755.5140980041783
20080511,3778.4828222275723
20080512,3732.5440280749294
20080513,3847.390675274767
20080514,3820.593599221478
20080515,3809.1088948622187
20080518,3789.9681226655366
20080519,3602.3836504342057
20080520,3671.2936472833617
20080521,3602.383465523853
20080522,3571.7560012999693
20080525,3464.564031944956
20080526,3479.877404966153
20080527,3571.756608089474
20080528,3483.705664186852
20080529,3514.330920680719
20080601,3525.815754129504
20080602,3514.332172218304
20080603,3453.0808767887115
20080604,3422.4555024924725
20080605,3403.313708867032
20080609,3139.1655153533175
20080610,3077.9141178177438
20080611,3028.147324446749
20080612,2932.439700110285
20080615,2909.469899939321
20080616,2806.1080722740767
20080617,2947.7519894382554
20080618,2741.0261424189507
20080619,2813.7620121341797
20080622,2760.165473327048
20080623,2817.587955834144
20080624,2928.6065564699206
20080625,2936.2619340085325
20080626,2786.961823450001
20080629,2767.820969646546
20080630,2679.7710489601504
20080701,2679.7710489601504
20080702,2737.195862768317
20080703,2721.883989111991
20080706,2852.044481471326
20080707,2871.18455198648
20080708,2978.3744848657916
20080709,2940.0934376118116
20080710,2920.953429332959
20080713,2943.9238071012337
20080714,2829.0754515386
20080715,2729.5400899271176
20080716,2702.7414653242136
20080717,2794.618458696445
20080720,2882.668502474594
20080721,2878.8403187033077
20080722,2859.698909424249
20080723,2947.749038845422
20080724,2913.2957480793966
20080727,2932.436101144278
20080728,2882.6697280717585
20080729,2863.528801077362
20080730,2786.963767994155
20080731,2821.4190010578664
20080803,2760.1659945449
20080804,2691.2584504910865
20080805,2710.3986805909794
20080806,2710.3986805909794
20080807,2587.8940810256286
20080810,2461.5608556722
20080811,2450.075212719634
20080812,2450.075212719634
20080813,2450.075212719634
20080814,2453.904680277115
20080817,2327.5727595270882
20080818,2358.198961896946
20080819,2534.2974693766005
20080820,2450.075161576808
20080821,2411.7927371771702
20080824,2407.9652221032698
20080825,2342.885146045485
20080826,2339.0568717168467
20080827,2346.7126048579757
20080828,2400.3068273277217
20080831,2323.7418401496225
20080901,2300.7716520597432
20080902,2262.4891125411214
20080903,2266.317244119541
20080904,2201.237678137404
20080907,2147.6419431501145
20080908,2159.1275322620813
20080909,2162.955665376782
20080910,2094.0482237892084
20080911,2101.704064095382
20080915,1994.5129534183893
20080916,1925.6045253907378
20080917,1891.149683617921
20080918,2063.4201817477287
20080921,2170.61073334916
20080922,2094.046780951735
20080923,2109.3605450608347
20080924,2189.7546035147384
20080925,2208.895248504061
20080929,2208.895248504061
20081005,2097.876173314247
20081006,2071.077903076331
20081007,1994.512224077502
20081008,1967.7139578347967
20081009,1883.4918650115517
20081012,1960.0558093242714
20081013,1910.2880322697188
20081014,1891.1469461863765
20081015,1799.2693540998034
20081016,1810.7540903870224
20081019,1872.0064690025445
20081020,1856.6934560861037
20081021,1810.7551465956212
20081022,1810.7551465956212
20081023,1757.160415766684
20081026,1634.656463060678
20081027,1684.4235790785606
20081028,1638.4842948063513
20081029,1676.7658418702067
20081030,1642.3116573514578
20081102,1630.826971931599
20081103,1607.8567740319425
20081104,1669.1080778386893
20081105,1630.8254149653812
20081106,1657.6231381840923
20081109,1776.2990091392442
20081110,1757.1576110167596
20081111,1780.1271753079707
20081112,1849.0358982641421
20081113,1917.9439190847518
20081116,1963.8825118346697
20081117,1818.4098786530285
20081118,1929.4292569744318
20081119,1910.2873893159885
20081120,1898.802741531421
20081123,1818.4093322577219
20081124,1814.5815806133194
20081125,1822.237300301927
20081126,1849.0351220401674
20081127,1810.7526988734478
20081130,1845.2058904749126
20081201,1849.034692697648
20081202,1929.4270230667562
20081203,1960.052818203895
20081204,1986.8506603343785
20081207,2067.242611752828
20081208,2013.6472798005243
20081209,2071.070459278596
20081210,2021.3026361421314
20081211,1937.0810192019972
20081214,1952.393644658789
20081215,1971.5349119510238
20081216,1975.3636327500328
20081217,2021.3026893932672
20081218,2025.1310366869784
20081221,1994.5049800191612
20081222,1898.798658552942
20081223,1868.1729349891416
20081224,1849.031635097243
20081225,1845.2041396125915
20081228,1837.5483876373391
20081229,1822.236096923157
20081230,1810.7505428042505
20090104,1868.1730640176588
20090105,1925.5969676594336
20090106,1914.1127073443126
20090107,1875.8304531974263
20090108,1902.6285670518048
20090111,1906.4566557287128
20090112,1864.346841116977
20090113,1937.082468776315
20090114,1937.082468776315
20090115,1971.537354648439
20090118,1990.6790108247208
20090119,2005.9913137759845
20090120,2002.1638823493001
20090121,2021.3045690645597
20090122,2009.8195165031348
20090201,2032.7897437572487
20090202,2082.5565022639134
20090203,2136.1510938496754
20090204,2124.6671455691394
20090205,2205.060301023185
20090208,2262.48448138243
20090209,2289.2813475799235
20090210,2293.109025993077
20090211,2281.6251359909033
20090212,2358.1896306793506
20090215,2415.6139063760234
20090216,2346.7061040827402
20090217,2239.5156093665532
20090218,2262.4840814562167
20090219,2304.5956976643615
20090222,2365.847242116885
20090223,2266.313682793785
20090224,2266.313682793785
20090225,2159.1238445386875
20090226,2113.184166498438
20090301,2136.154478388276
20090302,2113.1844092821666
20090303,2247.172979937112
20090304,2266.3143993802164
20090305,2247.173107963051
20090308,2170.6074258285344
20090309,2205.0614774987107
20090310,2185.919338812544
20090311,2182.0917940502836
20090312,2170.6074449381967
20090315,2205.061496911701
20090316,2281.6256422074684
20090317,2293.111345690341
20090318,2339.049245278555
20090319,2335.2202216640344
20090322,2392.6432869147525
20090323,2404.127974691943
20090324,2358.1898973515295
20090325,2430.9259065454403
20090326,2450.0670171335787
20090329,2434.754098276494
20090330,2457.723568439634
20090331,2496.0050707416503
20090401,2522.8021811811327
20090402,2515.1454765612484
20090406,2522.8015793919008
20090407,2430.9236686720274
20090408,2465.377149828116
20090409,2538.113171879495
20090412,2595.5354442800967
20090413,2614.677518181662
20090414,2626.161181841516
20090415,2626.161181841516
20090416,2591.7059471357547
20090419,2645.299834416575
20090420,2614.6751982335345
20090421,2522.7981264428063
20090422,2538.1115110703145
20090423,2518.971612165333
20090426,2461.5491352944123
20090427,2469.2045531051776
20090428,2549.596914945176
20090429,2564.909794016337
20090503,2652.9580174253297
20090504,2664.4426726827637
20090505,2698.8965808832245
20090506,2702.723616234917
20090507,2721.864304885092
20090510,2664.4411336449316
20090511,2721.865168957247
20090512,2744.834989118078
20090513,2725.692509903968
20090514,2729.5193821878734
20090517,2752.488287788984
20090518,2779.2865137588974
20090519,2752.4886331932344
20090520,2695.066215327557
20090521,2687.4095322098115
20090524,2698.8955205504762
20090525,2668.2684541832696
20090526,2706.5501016954368
20090531,2798.4266514475903
20090601,2806.083146765951
20090602,2874.992130601082
20090603,2890.3043386886634
20090604,2878.8182692467144
20090607,2886.4759258429112
20090608,2897.9612135518396
20090609,2924.758660893554
20090610,2901.7905311295567
20090611,2848.194460019594
20090614,2905.616908528049
20090615,2901.787305442609
20090616,2947.7255002750708
20090617,2989.8367067720005
20090618,3012.804632353423
20090621,3012.804632353423
20090622,3012.804632353423
20090623,3047.259066129017
20090624,3047.259066129017
20090625,3058.7441855492566
20090628,3104.683464472021
20090629,3093.199240336939
20090630,3162.106439813925
20090701,3204.2162112729275
20090702,3242.496982349005
20090705,3288.4366795949254
20090706,3257.811468797858
20090707,3265.4673257495333
20090708,3307.578792382399
20090709,3307.578792382399
20090712,3276.9539203437303
20090713,3361.1749130504845
20090714,3399.4586953101298
20090715,3407.1142762919676
20090716,3422.4258478496236
20090719,3487.506697772332
20090720,3441.5692595492746
20090721,3502.8223092307326
20090722,3544.9332390323043
20090723,3560.2473506249244
20090726,3629.15593809627
20090727,3640.642216640345
20090728,3460.714397009546
20090729,3529.6241420828
20090730,3621.5002585012153
20090802,3671.266915053539
20090803,3671.266915053539
20090804,3629.1574835378747
20090805,3556.4219092528087
20090806,3456.8883292785504
20090809,3449.2313216291986
20090810,3460.717261930224
20090811,3311.4149978160303
20090812,3353.526262343257
20090813,3265.4760767991725
20090816,3074.0636656054353
20090817,3104.690561905862
20090818,2959.217180937201
20090819,3077.8906675443254
20090820,3135.3148737286997
20090823,3158.2841904936363
20090824,3047.264184629404
20090825,3104.6868309245606
20090826,3089.3745154744406
20090827,2989.8410473348854
20090830,2786.9444541806456
20090831,2802.2587139563684
20090901,2844.3682556509902
20090902,2993.6691453901108
20090903,3016.639568742689
20090906,3043.43637803183
20090907,3104.6885785760987
20090908,3127.6570646804053
20090909,3097.0310467030545
20090910,3165.9399874921983
20090913,3215.705398155588
20090914,3227.1886821324015
20090915,3185.0770970192557
20090916,3242.500852001416
20090917,3131.484107830592
20090920,3139.140586474238
20090921,3070.2333114605417
20090922,3005.1535759575127
20090923,3024.2933990827864
20090924,3001.3238907167524
20090927,2920.9304289800134
20090928,2920.9304289800134
20090929,2951.5563845278693
20091008,3097.0297440520944
20091011,3085.545957761149
20091012,3131.483565980297
20091013,3158.27967085439
20091014,3169.7631757376166
20091015,3169.7631757376166
20091018,3250.1547094006746
20091019,3296.0923960633436
20091020,3288.4355734272885
20091021,3265.465850946899
20091022,3326.7161939131097
20091025,3330.5452442523037
20091026,3238.6688231443595
20091027,3250.1531427912296
20091028,3173.5892852064962
20091029,3208.041770486698
20091101,3311.404876331779
20091102,3349.6880281070503
20091103,3368.828145499654
20091104,3376.485491874375
20091105,3395.62678812781
20091108,3407.110797925259
20091109,3414.7665758881967
20091110,3407.1106692250555
20091111,3410.9402616172642
20091112,3426.251972451664
20091115,3525.784592251385
20091116,3529.61359431857
20091117,3529.61359431857
20091118,3541.0989569544827
20091119,3529.615173037079
20091122,3564.0677467410933
20091123,3453.050600497855
20091124,3529.615091462694
20091125,3395.6273729756786
20091126,3303.751883145075
20091129,3422.4259545395303
20091130,3468.3651781273143
20091201,3498.990842650178
20091202,3495.1629466683185
20091203,3541.09987327638
20091206,3564.067447054451
20091207,3525.785798605639
20091208,3460.7068443349763
20091209,3479.8480138909927
20091210,3479.8480138909927
20091213,3514.3019890765277
20091214,3487.505436409819
20091215,3464.536725605624
20091216,3391.802241588259
20091217,3307.5804001273814
20091220,3311.407270650329
20091221,3227.1849381286083
20091222,3253.983481854829
20091223,3349.689644023143
20091224,3338.2035582337876
20091227,3387.9694968799367
20091228,3407.1115245373085
20091229,3460.70538881828
20091230,3476.019010163801
20100103,3437.737612804867
20100104,3464.5347774966804
20100105,3445.393222851011
20100106,3380.313190264578
20100107,3387.9695996405276
20100110,3387.9695996405276
20100111,3437.735485089647
20100112,3330.546892664552
20100113,3376.485125955074
20100114,3387.9685518684473
20100117,3407.1105741865035
20100118,3410.940166471889
20100119,3307.578446607291
20100120,3319.062358973911
20100121,3280.780293725506
20100124,3242.4968684780233
20100125,3165.9317899226517
20100126,3123.8217311848903
20100127,3131.4782182480244
20100128,3131.4782182480244
20100131,3081.7127664036266
20100201,3077.8852791477534
20100202,3154.4507533518326
20100203,3142.9653981588785
20100204,3081.7152884795582
20100207,3081.7152884795582
20100208,3097.0283317480134
20100209,3139.1386259747915
20100210,3142.968375098481
20100211,3173.5934589454405
20100221,3154.4535167945405
20100222,3123.8269275999824
20100223,3165.9361145840303
20100224,3208.0462308441124
20100225,3200.3886244910873
20100228,3238.6716732172495
20100301,3227.187343464021
20100302,3250.155235787455
20100303,3169.762646030252
20100304,3181.24669609682
20100307,3204.215297242639
20100308,3223.3572794283664
20100309,3196.5582870071985
20100310,3196.5582870071985
20100311,3154.4468281341656
20100314,3108.5086189760477
20100315,3127.6508150517025
20100316,3192.730973211298
20100317,3185.0748043375374
20100318,3211.8708386664293
20100321,3219.52793874581
20100322,3192.7318077116283
20100323,3192.7318077116283
20100324,3150.62286789972
20100325,3193.1153185190838
20100328,3269.679837626534
20100329,3277.337427806256
20100330,3257.814328748814
20100331,3300.690423129477
20100401,3314.853685735126
20100405,3312.5564921309115
20100406,3295.7121423684257
20100407,3258.9616562688757
20100408,3288.4389644498274
20100411,3263.9368057257116
20100412,3301.070614764453
20100413,3312.172115241906
20100414,3303.7492615528454
20100415,3268.1480595103517
20100418,3102.0019484609643
20100419,3092.8138186896226
20100420,3152.1525446150017
20100421,3118.0809277602584
20100422,3107.3609655306186
20100425,3089.7515509389564
20100426,3029.2665745777754
20100427,3018.930717025316
20100428,2984.8590649529683
20100429,2992.897290414887
20100503,2954.9982320263634
20100504,2971.8417219489133
20100505,2844.3615994441925
20100506,2789.2350272853646
20100509,2808.759672476362
20100510,2755.929711796754
20100511,2772.3908799653163
20100512,2835.1744438330106
20100513,2817.9479239122816
20100516,2677.070253352135
20100517,2729.516736685556
20100518,2721.4783098960174
20100519,2687.7891298978147
20100520,2727.603350278991
20100523,2825.9880031235543
20100524,2770.861455146623
20100525,2770.861455146623
20100526,2814.884901945992
20100527,2805.6971176260404
20100530,2733.725375164697
20100531,2706.5439437594346
20100601,2719.5597135849735
20100602,2700.035994401147
20100603,2708.840811778889
20100606,2663.668182401664
20100607,2667.495873579775
20100608,2744.442459549057
20100609,2715.348625035377
20100610,2723.771636470237
20100616,2708.842644130744
20100617,2665.9670827594423
20100620,2744.4451557746315
20100621,2747.5079565684755
20100622,2724.5387900515634
20100623,2724.5387900515634
20100624,2705.3989050514515
20100627,2687.7894635784714
20100628,2572.942907589227
20100629,2548.4433452231624
20100630,2510.16062929122
20100701,2519.3478171944257
20100704,2499.4399307429553
20100705,2548.823864894575
20100706,2565.669041817663
20100707,2562.605632981733
20100708,2630.74787936835
20100711,2658.69431409088
20100712,2620.0289226810564
20100713,2638.4031855158187
20100714,2595.1439268861013
20100715,2602.7996014704154
20100718,2666.346953740316
20100719,2723.004160160344
20100720,2727.981811765117
20100721,2760.5211788158513
20100722,2772.772371807436
20100725,2789.2343213788567
20100726,2774.3035500565156
20100727,2839.0003088438334
20100728,2852.7808163429613
20100729,2844.359407373117
20100801,2890.2986561616003
20100802,2841.2965327450365
20100803,2851.2495944992424
20100804,2826.3667392880475
20100805,2870.774613495741
20100808,2889.9169386185304
20100809,2807.9935732425724
20100810,2824.45403156892
20100811,2791.9134966712145
20100812,2828.663454027898
20100815,2891.8275089563404
20100816,2910.5867940069397
20100817,2905.6096905891877
20100818,2923.220590923849
20100819,2869.6262646098517
20100822,2867.712223891357
20100823,2881.8758545651563
20100824,2816.4140445287085
20100825,2822.539745075559
20100826,2830.578338269534
20100829,2883.4082523749967
20100830,2871.5401440082214
20100831,2853.928988305019
20100901,2889.149325949691
20100902,2887.999444517963
20100905,2938.5307707986944
20100906,2945.8036344564207
20100907,2943.888862094024
20100908,2893.7397153282523
20100909,2899.4808949234634
20100912,2928.1915547449958
20100913,2930.4872569239155
20100914,2882.6353305056045
20100915,2832.1027331618416
20100916,2835.5494021880995
20100919,2824.8310254478283
20100920,2831.7207883188958
20100926,2875.3632691084663
20100927,2853.5421372592023
20100928,2847.418435832644
20100929,2903.3104123096027
20101007,3003.6081738132502
20101010,3085.150128515932
20101011,3121.5178782308776
20101012,3162.4784358290235
20101013,3168.604156559225
20101014,3265.0754787098267
20101017,3245.168313516133
20101018,3309.4810591533956
20101019,3329.3875877242035
20101020,3308.7154201920243
20101021,3312.543603933186
20101024,3407.865358679968
20101025,3393.702270249293
20101026,3335.8973394801374
20101027,3330.156260158892
20101028,3313.3123297950083
20101031,3399.8295413506153
20101101,3390.2590211917136
20101102,3351.2100177856273
20101103,3407.1014984622557
20101104,3445.383690898978
20101107,3471.0311270940297
20101108,3448.063314126048
20101109,3425.0957643906545
20101110,3435.049092681974
20101111,3232.154482973621
20101114,3254.7407785006403
20101115,3119.6039413772937
20101116,3057.586215022713
20101117,3098.1664992684946
20101118,3127.261380863125
20101121,3121.135075818014
20101122,3060.650599183736
20101123,3124.5814688994865
20101124,3167.456975815725
20101125,3140.6602898003243
20101128,3135.302323345925
20101129,3085.153162684007
20101130,3083.6229267153153
20101201,3100.8511280068738
20101202,3103.5302633814713
20101205,3110.4201005661785
20101206,3142.961315658302
20101207,3116.164427480999
20101208,3070.9925079402346
20101209,3106.9783981482783
20101212,3199.2370147028932
20101213,3206.8927888790777
20101214,3186.2211579619634
20101215,3170.143485998887
20101216,3165.549948087675
20101219,3121.9096765033382
20101220,3186.9890056197264
20101221,3155.214725233698
20101222,3130.3327019105054
20101223,3106.2134884422853
20101226,3047.2575564316508
20101227,2996.7248843733446
20101228,3013.953055733607
20101229,3017.39800407631
20101230,3077.884764466024
20110103,3134.9241249211086
20110104,3121.907919954436
20110105,3106.978956281214
20110106,3113.4880771946227
20110109,3059.126575366805
20110110,3074.4405630030915
20110111,3090.90111777741
20110112,3089.7513025615967
20110113,3043.812880195111
20110116,2933.943410471588
20110117,2937.0064473921207
20110118,2999.787897211575
20110119,2906.380501668201
20110120,2942.3643986593547
20110123,2914.800328972714
20110124,2900.252560530811
20110125,2937.387394315848
20110126,2982.1766773043755
20110127,2991.36476364715
20110130,3028.4995658230655
20110131,3029.2657762132185
20110208,2995.1956240281484
20110209,3054.1500594958943
20110210,3069.8453366516437
20110213,3161.339007065209
20110214,3159.8089189857897
20110215,3188.522102632614
20110216,3185.8437440664025
20110217,3154.068138563084
20110220,3196.944540838711
20110221,3108.8942942949316
20110222,3119.6137618216603
20110223,3134.5442332857383
20110224,3140.6691327175786
20110227,3179.717072044656
20110228,3193.882711600615
20110301,3183.164041220484
20110302,3162.8745536217443
20110303,3208.4294358175584
20110306,3268.532944438729
20110307,3271.213141453169
20110308,3272.361337265819
20110309,3217.6180044546995
20110310,3186.9927162883
20110313,3201.541338038156
20110314,3146.413997738477
20110315,3187.75787766876
20110316,3139.9064441670744
20110317,3157.5150395059636
20110320,3147.944611421221
20110321,3162.4912634705984
20110322,3201.9212045435497
20110323,3189.2896253916256
20110324,3229.4874318300617
20110327,3224.5107916976112
20110328,3194.2681049822795
20110329,3192.354738387395
20110330,3162.110369595913
20110331,3208.0495090454033
20110405,3243.270684605213
20110406,3255.5205179809664
20110407,3282.316707364468
20110410,3263.9422984366415
20110411,3257.815878742476
20110412,3299.541984517409
20110413,3282.315075816244
20110414,3287.2910654711814
20110417,3287.672391234776
20110418,3229.8652475796953
20110419,3229.8652475796953
20110420,3250.1552610649906
20110421,3233.693224667696
20110424,3186.6074176233096
20110425,3169.7630108137528
20110426,3150.2404404301506
20110427,3106.2158302751395
20110428,3135.3117539573263
20110502,3152.540292045322
20110503,3075.9745459724177
20110504,3073.2953721428753
20110505,3069.0849574830395
20110508,3076.7423244519596
20110509,3098.562581016973
20110510,3091.2902546393266
20110511,3050.7108874666756
20110512,3075.9768750366743
20110515,3049.944882743239
20110516,3064.4931198339236
20110517,3086.315375340261
20110518,3069.0875629151114
20110519,3069.851765718277
20110522,2977.974172222095
20110523,2981.035529671139
20110524,2947.346847150326
20110525,2936.244191577111
20110526,2922.8461093309447
20110529,2915.1882525244973
20110530,2959.2134255141223
20110531,2962.276211409529
20110601,2917.1044614617454
20110602,2946.9639427292677
20110606,2963.808788625908
20110607,2967.6380295808135
20110608,2916.7222639072957
20110609,2928.972497415706
20110612,2920.5517014856364
20110613,2960.747254553183
20110614,2933.949531152222
20110615,2893.7544225754364
20110616,2870.019848801472
20110619,2854.7082929081166
20110620,2887.6316436502257
20110621,2887.6316436502257
20110622,2935.8666426257596
20110623,3004.3927059312878
20110626,3013.580138826026
20110627,3019.706747248259
20110628,2982.1899106204464
20110629,3024.3014143483183
20110630,3030.4256247123735
20110703,3098.567775309656
20110704,3099.7173439542958
20110705,3091.6766771640782
20110706,3080.1910983084135
20110707,3087.8484533788082
20110710,3091.677385460998
20110711,3038.8468022982406
20110712,3085.5508388027624
20110713,3094.7396092007166
20110714,3107.7560839970147
20110717,3102.0129507537886
20110718,3075.9808580710624
20110719,3072.917181136424
20110720,3042.6735302396796
20110721,3051.095650571383
20110724,2956.9205322208472
20110725,2966.107684314457
20110726,2986.781454874129
20110727,2968.789083389967
20110728,2960.749602552147
20110731,2966.1085593327666
20110801,2945.8203767869304
20110802,2944.2885501910014
20110803,2949.647155352349
20110804,2889.92564939793
20110807,2792.688321072638
20110808,2797.2822933608018
20110809,2821.783688968349
20110810,2862.363760199403
20110811,2870.404140001803
20110814,2910.2166454236285
20110815,2891.0761505466767
20110816,2880.3560401804493
20110817,2831.3554232249
20110818,2806.0884074280407
20110821,2777.7609449550546
20110822,2819.105138859765
20110823,2808.770299420705
20110824,2897.201623527667
20110825,2894.5217120259035
20110828,2848.5827579343404
20110829,2837.8635410162337
20110830,2842.841153667176
20110831,2831.3560754063606
20110901,2802.6432934456648
20110904,2745.985056625367
20110905,2726.461102872761
20110906,2779.2917396631265
20110907,2757.8550624751047
20110908,2752.8771340873373
20110912,2723.39932573553
20110913,2735.6491759026885
20110914,2731.8220027056004
20110915,2736.416927314151
20110918,2684.7369572248963
20110919,2695.0731945102116
20110920,2771.637528893052
20110921,2690.8609247509935
20110922,2675.5472352282354
20110925,2620.420259993593
20110926,2645.686352140451
20110927,2619.655444121741
20110928,2598.6012733173343
20110929,2592.094375728948
20111009,2568.7421974980057
20111010,2563.766543861452
20111011,2651.8165420438295
20111012,2668.660880718892
20111013,2660.2385869793425
20111016,2672.872060028907
20111017,2602.0489690543213
20111018,2593.243635343041
20111019,2533.9050344791217
20111020,2522.0387572026557
20111023,2587.1174452935134
20111024,2633.439783151494
20111025,2658.3231556624924
20111026,2663.682335144308
20111027,2712.683435381623
20111030,2699.6679802586623
20111031,2701.5820448566656
20111101,2744.0752288402164
20111102,2745.990593349947
20111103,2764.3667624006453
20111106,2738.334720599118
20111107,2730.2949698594393
20111108,2752.8827001450863
20111109,2703.4987373871836
20111110,2699.2866863543345
20111113,2751.350527960737
20111114,2745.9908971322693
20111115,2675.5507386390323
20111116,2667.8933124250475
20111117,2615.4478656893957
20111120,2618.1286997517277
20111121,2617.3642061714004
20111122,2593.629947549838
20111123,2598.223266186949
20111124,2579.848631248475
20111127,2583.2953090198225
20111128,2616.6017354390156
20111129,2533.911887395672
20111130,2592.8658813678194
20111201,2567.5984033538903
20111204,2533.5263725413843
20111205,2528.550526745713
20111206,2539.6533921086534
20111207,2536.5905701177703
20111208,2516.3003821473985
20111211,2491.416687668343
20111212,2438.9698749762365
20111213,2415.233820152968
20111214,2361.6373664499533
20111215,2408.723692262233
20111218,2403.7472691140188
20111219,2397.2403252565273
20111220,2360.4882338300195
20111221,2362.784988881536
20111222,2380.3948254036695
20111225,2358.190502472304
20111226,2329.8615599661043
20111227,2333.689522509129
20111228,2337.516773326044
20111229,2371.588417814044
20111230,2371.588417814044
20120103,2326.4144016315227
20120104,2304.592634544219
20120105,2318.3740984987935
20120108,2392.6408943701035
20120109,2468.439757903748
20120110,2456.954107710222
20120111,2456.5708228694193
20120112,2417.5236296399103
20120115,2370.8194906388967
20120116,2480.690378293575
20120117,2443.938950339156
20120118,2488.345321066818
20120119,2522.4157452028653
20120129,2480.687421529974
20120130,2483.751070495564
20120131,2450.446452391289
20120201,2504.807156491137
20120202,2523.9488927810416
20120205,2522.0357395203137
20120206,2477.62773421884
20120207,2544.622788152117
20120208,2545.770413029574
20120209,2549.981117292725
20120212,2548.066081473638
20120213,2538.8777551838443
20120214,2564.9088688077445
20120215,2551.891956298545
20120216,2553.0403076788793
20120219,2556.486912094246
20120220,2577.15866526544
20120221,2610.4632866966654
20120222,2618.8846412595485
20120223,2658.3145684183523
20120226,2666.3533116732488
20120227,2672.096636706593
20120228,2645.298179537063
20120229,2644.5336883631767
20120301,2688.9406980581707
20120304,2672.4790031046587
20120305,2633.0492478928527
20120306,2615.82120666389
20120307,2646.8291512476835
20120308,2674.0094398018464
20120311,2664.821543366687
20120312,2690.086716419347
20120313,2617.7341440945324
20120314,2599.357650402989
20120315,2635.3431577151678
20120318,2641.467695213698
20120319,2598.208378769183
20120320,2601.271666447752
20120321,2597.442594554741
20120322,2568.3486400531333
20120325,2570.644743737341
20120326,2562.606337623674
20120327,2493.6978532049734
20120328,2463.072749869763
20120329,2474.1738187534265
20120330,2474.1738187534265
20120404,2529.3008856090714
20120405,2535.808776787743
20120408,2512.07360663701
20120409,2535.807678072516
20120410,2535.807678072516
20120411,2584.043811724812
20120412,2593.6151100034403
20120415,2587.488991113612
20120416,2556.8634714147915
20120417,2611.9894478584947
20120418,2608.544233776769
20120419,2638.0207836184472
20120422,2617.7317657716376
20120423,2616.9673880960327
20120424,2637.2567362559407
20120425,2642.615641944013
20120426,2637.639596690233
20120501,2692.001348778019
20120502,2699.6574006139435
20120503,2722.6260857783673
20120506,2725.689040124868
20120507,2717.266660990882
20120508,2668.2661912932335
20120509,2667.8846292278786
20120510,2648.7425570131686
20120513,2628.8346079546577
20120514,2630.364589696487
20120515,2590.551391266841
20120516,2627.68435490926
20120517,2590.1689053742207
20120520,2602.801159125731
20120521,2641.0831585741516
20120522,2631.1289161494856
20120523,2610.456136255299
20120524,2589.400197060264
20120527,2629.5954563192304
20120528,2664.0484159879247
20120529,2656.008317868473
20120530,2648.3510458880587
20120531,2649.5004302419743
20120603,2579.444989365946
20120604,2579.444989365946
20120605,2578.297136345678
20120606,2566.8134009003948
20120607,2550.7348817571547
20120610,2584.805047572785
20120611,2569.1101113239233
20120612,2609.3064081256975
20120613,2591.6961991772573
20120614,2599.3520697496265
20120617,2612.3670255628626
20120618,2591.695365289584
20120619,2586.719310188228
20120620,2548.4384511167523
20120624,2497.9054650695584
20120625,2501.350076705889
20120626,2495.2242703680363
20120627,2476.083404990043
20120628,2510.919422414848
20120629,2510.919422414848
20120701,2515.130234286238
20120702,2518.5759627072107
20120703,2515.130550790227
20120704,2483.356906542094
20120705,2525.4671896063282
20120708,2470.7226373372323
20120709,2462.2999438665497
20120710,2480.2919695563824
20120711,2503.643918449756
20120712,2505.559206047369
20120715,2456.941335213226
20120716,2471.1056020107303
20120717,2471.4886233790417
20120718,2482.207469538637
20120719,2457.323339656512
20120722,2425.166806433767
20120723,2435.1196910073713
20120724,2419.807658390317
20120725,2407.5585920235453
20120726,2409.0897992880723
20120729,2396.4565323806055
20120730,2393.393860932223
20120731,2418.2779769043354
20120801,2396.8399426390783
20120802,2415.597612030172
20120805,2446.606638575803
20120806,2449.6697900873
20120807,2450.8186852188514
20120808,2472.2559962584605
20120809,2460.77236715584
20120812,2414.4507881164986
20120813,2419.426971190807
20120814,2394.5431647921096
20120815,2383.0589357737663
20120816,2377.699436227211
20120819,2366.2151479502336
20120820,2377.700756278384
20120821,2360.091504477386
20120822,2366.215941931505
20120823,2340.566161120967
20120826,2294.244016226222
20120827,2304.196446768611
20120828,2280.8434157806114
20120829,2277.3970613793667
20120830,2271.270863284256
20120902,2295.3894885814716
20120903,2272.0384913141324
20120904,2267.4444294846953
20120905,2285.053402924073
20120906,2382.2892803787013
20120909,2391.477770133122
20120910,2376.930410857402
20120911,2384.969189506922
20120912,2363.914681501955
20120913,2380.376983343934
20120916,2325.249832786672
20120917,2302.281014938405
20120918,2313.0004353439585
20120919,2263.9995211211967
20120920,2267.062712473273
20120923,2282.757587631726
20120924,2277.3976728159664
20120925,2252.8974286518123
20120926,2317.9768766732773
20120927,2357.7904475070177
20120929,2357.7904475070177
20121007,2335.205172810348
20121008,2383.4411708599187
20121009,2387.2689773803195
20121010,2366.213264999825
20121011,2368.12753153121
20121014,2358.5579281762925
20121015,2361.6193363670654
20121016,2364.299774313842
20121017,2398.7547149249176
20121018,2395.3101031542856
20121021,2404.1152630934807
20121022,2375.0206601795235
20121023,2371.1921268753144
20121024,2355.113073062973
20121025,2313.003651316607
20121028,2301.1356295817013
20121029,2304.9647192693255
20121030,2319.511351612634
20121031,2361.239360828145
20121101,2369.6619016282193
20121104,2364.6856116348004
20121105,2355.498808033599
20121106,2350.9055853579334
20121107,2310.3266040490703
20121108,2306.114878649889
20121111,2316.450885535998
20121112,2277.7870038055166
20121113,2288.123601228786
20121114,2259.412226280567
20121115,2243.7160895445963
20121118,2241.4185242689023
20121119,2231.4643846026242
20121120,2260.5582172490736
20121121,2243.7147979723504
20121122,2258.263044722403
20121125,2241.8025653894215
20121126,2217.3019051522806
20121127,2196.2464062609547
20121128,2182.8471069363563
20121129,2206.5812035300755
20121202,2176.337801554492
20121203,2198.5407998059513
20121204,2273.1900541225623
20121205,2268.595937023181
20121206,2310.705614806205
20121209,2334.0576057494363
20121210,2322.191256881806
20121211,2330.9970061279023
20121212,2306.4958965964915
20121213,2416.7487069497006
20121216,2427.4669874650226
20121217,2428.615179350093
20121218,2431.6776630912536
20121219,2445.4604120856548
20121220,2432.8271635968204
20121223,2442.0159517937254
20121224,2507.095676909028
20121225,2515.9005969263326
20121226,2503.650676919898
20121227,2538.869530992131
20121230,2580.5958517339864
20130103,2581.744216888008
20130106,2592.8457170206266
20130107,2582.510633992582
20130108,2583.275057140244
20130109,2587.485795483383
20130110,2541.5475726703708
20130113,2632.6595116030308
20130114,2650.269371076143
20130115,2632.2766923159074
20130116,2608.5414533812946
20130117,2649.886835417388
20130120,2664.434714143829
20130121,2651.0352719663997
20130122,2661.371658491797
20130123,2637.637546041367
20130124,2626.918187054255
20130127,2703.8658745894486
20130128,2726.835215194086
20130129,2739.46864274608
20130130,2737.5537541648005
20130131,2791.913359061251
20130203,2796.1235644067156
20130204,2818.710650559993
20130205,2822.538459623454
20130206,2807.2261884799964
20130207,2818.7105508170685
20130217,2785.4046669486133
20130218,2735.2562413248706
20130219,2751.7170133851637
20130220,2662.9025950611444
20130221,2649.5028692027963
20130224,2657.1599324947924
20130225,2621.174015529016
20130226,2647.204894677234
20130227,2723.3861571362554
20130228,2718.7918046891664
20130303,2600.1165424144842
20130304,2674.3836712154693
20130305,2700.7985587360645
20130306,2670.9385298706784
20130307,2658.6896057726913
20130310,2644.906958856366
20130311,2609.303866283201
20130312,2582.122747908129
20130313,2588.6296972328573
20130314,2593.9881607061293
20130317,2557.6204466930294
20130318,2579.442064344214
20130319,2661.7494811753736
20130320,2666.343660779882
20130321,2669.407289646119
20130324,2664.0471198085093
20130325,2627.296589790751
20130326,2635.7197026576205
20130327,2554.1784422165015
20130328,2550.7328554979513
20130331,2548.8198058563275
20130401,2542.312668891976
20130402,2539.633071338964
20130407,2528.532335184141
20130408,2544.99308068619
20130409,2541.165411092838
20130410,2533.8925956862904
20130411,2518.5802827305583
20130414,2494.0795337401555
20130415,2516.2843238290443
20130416,2515.1368981773785
20130417,2521.2612565244403
20130418,2587.8729789218155
20130421,2584.8115251877507
20130422,2506.3340624715256
20130423,2550.741289390396
20130424,2523.943201404061
20130425,2504.036861374587
20130501,2505.949945536677
20130502,2548.4433387631425
20130505,2580.2173303108416
20130506,2584.046372829023
20130507,2596.679775545784
20130508,2582.1331754431767
20130509,2594.76755307062
20130512,2584.814024737041
20130513,2548.828243884652
20130514,2561.845109726171
20130515,2607.3998394673213
20130516,2645.2983961339787
20130519,2663.291715824482
20130520,2668.2694080413576
20130521,2671.714143847139
20130522,2638.4085553299406
20130523,2652.574170863507
20130526,2655.253270776079
20130527,2698.5126570635625
20130528,2696.599411589705
20130529,2688.9437658602014
20130530,2662.145752289639
20130602,2661.7624033013094
20130603,2626.5419631808263
20130604,2622.7124649985085
20130605,2592.087051544721
20130606,2552.6562233166223
20130612,2475.3260556874684
20130613,2492.1706494964214
20130616,2480.3029328635193
20130617,2495.9982898226795
20130618,2479.155293362956
20130619,2402.591540438028
20130620,2401.4431016816984
20130623,2258.650893412603
20130624,2253.2911148425355
20130625,2259.4155600926774
20130626,2253.6721257389213
20130627,2295.3988651469776
20130629,2295.015533536498
20130630,2308.4138342212837
20130701,2317.218124585004
20130702,2301.5212890090647
20130703,2319.896634980513
20130704,2325.63837915209
20130707,2265.153176187102
20130708,2264.387554413551
20130709,2325.2565562637415
20130710,2430.5325468485817
20130711,2379.999344667053
20130714,2411.3915360232113
20130715,2422.1101714008346
20130716,2388.0383476197385
20130717,2351.6709116238376
20130718,2297.6930091893355
20130721,2311.090857125919
20130722,2374.255281342027
20130723,2358.941334777371
20130724,2348.222305352143
20130725,2334.8233488778037
20130728,2286.971144342553
20130729,2300.7524324583615
20130730,2304.9628094097598
20130731,2356.6446855223453
20130801,2359.324190529784
20130804,2389.9505778470507
20130805,2405.6453832917723
20130806,2392.6284361227804
20130807,2389.5658717245433
20130808,2399.1360830408003
20130811,2465.364234613142
20130812,2471.4881993719205
20130813,2462.6822869175585
20130814,2435.5016625168496
20130815,2417.8929854968533
20130818,2445.0725205468234
20130819,2426.3139241691883
20130820,2422.4852007968493
20130821,2418.6576741795902
20130822,2401.8141421366036
20130825,2449.665485290391
20130826,2454.643205556501
20130827,2442.3920813175687
20130828,2432.4393335861996
20130829,2427.8444556850554
20130901,2434.353506670747
20130902,2468.042524849563
20130903,2464.2145908935213
20130904,2455.4099521602584
20130905,2471.104932574467
20130908,2553.0294744041084
20130909,2588.248516003513
20130910,2596.6706766745883
20130911,2621.5545717691607
20130912,2603.562842743109
20130915,2593.226698257419
20130916,2544.2250865671463
20130917,2549.201590836472
20130922,2588.250260804905
20130923,2559.9218617003953
20130924,2545.373825760352
20130925,2501.349040070001
20130926,2511.68461430357
20130929,2525.4662277822536
20131007,2557.622989260605
20131008,2569.1067164823853
20131009,2544.987942628049
20131010,2583.653944440397
20131013,2587.865300369835
20131014,2582.505831332769
20131015,2537.3326393310967
20131016,2529.294369529696
20131017,2541.928194905497
20131020,2586.3356804704963
20131021,2561.4525448886898
20131022,2534.272971934876
20131023,2516.279633834138
20131024,2484.889045402057
20131027,2482.210335011114
20131028,2487.9516875159948
20131029,2523.171131604471
20131030,2489.865272667292
20131031,2500.9675819181157
20131103,2496.373304470132
20131104,2499.436354514717
20131105,2469.5755883873294
20131106,2456.9437092527282
20131107,2424.403946767385
20131110,2432.0602144312766
20131111,2456.1789555777914
20131112,2404.4984941734792
20131113,2420.5773756040176
20131114,2466.51509303823
20131117,2543.845274235165
20131118,2527.384051465589
20131119,2539.634281963043
20131120,2525.0872567959586
20131121,2513.2193466890176
20131124,2503.649007416826
20131125,2502.499832522422
20131126,2529.296600729072
20131127,2554.1798206870444
20131128,2553.7966937139417
20131201,2533.1237094783273
20131202,2556.8590786361397
20131203,2589.0166952681466
20131204,2582.1247328253426
20131205,2565.663687653581
20131208,2564.89911987466
20131209,2567.96160942379
20131210,2528.1479326312838
20131211,2525.8498461605222
20131212,2523.9352519771323
20131215,2485.652202075143
20131216,2474.1684889015564
20131217,2474.9330069646267
20131218,2450.0500305126043
20131219,2396.0729782903813
20131222,2402.580712499418
20131223,2406.026013241142
20131224,2422.8706013598435
20131225,2383.0579916382985
20131226,2420.958145937314
20131229,2417.130611108587
20131230,2447.3737493147783
20140101,2439.334126548279
20140102,2407.942335673729
20140105,2356.2606693231637
20140106,2355.4948846056336
20140107,2359.322563793118
20140108,2339.79916957773
20140109,2322.571228292129
20140112,2311.4693378208926
20140113,2330.6106154073877
20140114,2326.3992020253468
20140115,2329.460743375212
20140116,2296.1564431271768
20140119,2283.522990377091
20140120,2304.960704210751
20140121,2360.8513913664533
20140122,2348.983391422054
20140123,2362.764876979527
20140126,2333.2870223743303
20140127,2337.1159463780464
20140128,2344.7723382183813
20140129,2319.50507150174
20140206,2329.458067763554
20140209,2384.2003323559975
20140210,2402.1938922642885
20140211,2407.9351356668
20140212,2396.0688313182336
20140213,2411.7654782321993
20140216,2427.844718675573
20140217,2398.749427566965
20140218,2424.7806563549216
20140219,2403.726285915792
20140220,2380.7562775275806
20140223,2331.372250062826
20140224,2274.715241641799
20140225,2280.0744707511076
20140226,2270.8857706339804
20140227,2295.7701369085876
20140302,2306.489087677814
20140303,2300.363052660942
20140304,2280.455710803214
20140305,2290.40989998087
20140306,2284.285343908321
20140309,2213.847121043564
20140310,2224.566568803657
20140311,2229.5429242180708
20140312,2254.80810463531
20140313,2237.964688093684
20140316,2258.636767917605
20140317,2253.660991117883
20140318,2237.200251238758
20140319,2203.1299286126427
20140320,2275.8662632057894
20140323,2292.7099494197755
20140324,2290.412654050457
20140325,2287.350372331992
20140326,2273.1870988265123
20140327,2269.3590517520884
20140330,2263.9988256718498
20140331,2280.8429769348486
20140401,2298.070183939637
20140402,2282.758142304047
20140403,2303.0472966728453
20140407,2354.727678010184
20140408,2356.2582510008906
20140409,2391.095529241939
20140410,2388.03253586898
20140413,2385.735248569474
20140414,2347.069637395909
20140415,2350.1325632727103
20140416,2342.475831381568
20140417,2342.0940078210524
20140420,2304.9601073270496
20140421,2314.1476783148555
20140422,2312.2338781848894
20140423,2308.404818882615
20140424,2286.200272929783
20140427,2253.276702799321
20140428,2276.629662547133
20140429,2277.394610113749
20140504,2275.096718952144
20140505,2275.8634265464307
20140506,2255.9564491544297
20140507,2256.3399617507857
20140508,2254.807906916757
20140511,2300.7473632122783
20140512,2295.3889226033566
20140513,2293.4745682419057
20140514,2265.145570374982
20140515,2267.442427983342
20140518,2236.8160831085706
20140519,2237.5810742089943
20140520,2257.4865954451575
20140521,2253.276382944652
20140522,2271.6518518475655
20140525,2279.691227751254
20140526,2270.887060229679
20140527,2293.473302930723
20140528,2279.3088118118235
20140529,2280.840507333361
20140602,2274.7164505711708
20140603,2252.8950956608414
20140604,2276.246353327366
20140605,2262.08127227061
20140608,2260.9321349842967
20140609,2288.1130611110775
20140610,2287.730946229872
20140611,2280.8403006198278
20140612,2304.574724788077
20140615,2320.6537426429236
20140616,2300.364266970997
20140617,2291.942633389616
20140618,2258.638414983832
20140619,2270.505301216157
20140622,2268.9749806431373
20140623,2282.7567346755636
20140624,2273.185135687069
20140625,2289.645269254579
20140626,2292.3241542196065
20140629,2307.6368795697936
20140630,2307.6368795697936
20140701,2314.14441557018
20140702,2325.629514304655
20140703,2324.4806533245887
20140706,2322.5676057469022
20140707,2326.7784208161215
20140708,2295.387853140891
20140709,2291.9424759733265
20140710,2304.192908507404
20140713,2329.0758877263756
20140714,2332.5205909643228
20140715,2329.0754580514686
20140716,2317.5907869678167
20140717,2328.309644357543
20140720,2330.223514885205
20140721,2357.403241962826
20140722,2362.7616195318074
20140723,2402.5741528209187
20140724,2427.0756040313863
20140727,2491.7717313324465
20140728,2499.428945862832
20140729,2491.7731950016537
20140730,2520.485897527658
20140731,2499.429758339712
20140803,2546.134102804048
20140804,2540.0081041527014
20140805,2533.8841446135893
20140806,2497.51530548595
20140807,2501.7261162909995
20140810,2536.5626524603517
20140811,2528.1412644541833
20140812,2529.673318060443
20140813,2506.703884332454
20140814,2531.9689527826404
20140817,2546.1327871045064
20140818,2546.1327871045064
20140819,2537.710179844765
20140820,2525.4606528066543
20140821,2536.5625778363924
20140824,2513.594003694084
20140825,2494.835051644515
20140826,2498.280418850836
20140827,2481.819249171028
20140828,2509.0001335879497
20140831,2525.8430514847255
20140901,2557.6181570724034
20140902,2580.2044830175096
20140903,2597.8143786141045
20140904,2621.1661320634666
20140908,2616.9539180892402
20140909,2603.937189300664
20140910,2594.750498896811
20140911,2610.062121590801
20140914,2608.9136942573014
20140915,2559.913077251761
20140916,2572.927675336509
20140917,2580.201341874685
20140918,2597.0448962344435
20140921,2550.3422378654595
20140922,2571.0153120455966
20140923,2614.272644670764
20140924,2608.913385749189
20140925,2609.2968960168937
20140928,2619.6323210220166
20140929,2623.07713752416
20141007,2650.257462823186
20141008,2653.7027975248566
20141009,2638.3909323831376
20141012,2626.5234499692783
20141013,2617.7193433649813
20141014,2635.328741387798
20141015,2615.806226071597
20141016,2613.1276404960995
20141019,2626.1436292734106
20141020,2604.323001857778
20141021,2589.7752535694003
20141022,2566.8065368454936
20141023,2561.44704479656
20141026,2539.244421812263
20141027,2587.479908849009
20141028,2622.698097888353
20141029,2640.3068929175756
20141030,2680.1200805558797
20141102,2684.330549202433
20141103,2685.095583408956
20141104,2675.141934081259
20141105,2677.8224262992085
20141106,2673.9931402296
20141109,2737.92296822621
20141110,2731.0316161151845
20141111,2766.633344262862
20141112,2752.086386138728
20141113,2753.2340061617474
20141116,2739.0686172000455
20141117,2713.0365090621763
20141118,2708.8258764001116
20141119,2708.8258764001116
20141120,2755.5287433351264
20141123,2821.7551211524424
20141124,2858.121901153855
20141125,2895.637609228401
20141126,2927.411440714464
20141127,2981.3899802697983
20141130,2991.726459331394
20141201,3094.3217348012454
20141202,3138.728346017378
20141203,3272.7143816521684
20141204,3291.4735804877987
20141207,3416.2730927655743
20141208,3275.7788618255904
20141209,3391.007659069168
20141210,3354.255918060176
20141211,3366.505660672932
20141214,3389.8591104410198
20141215,3475.6089864987357
20141216,3532.2648885876515
20141217,3517.334004903592
20141218,3553.703238514295
20141221,3562.889561385855
20141222,3493.598485196023
20141223,3398.6599463608213
20141224,3503.1687397114165
20141225,3612.653272333617
20141228,3621.8402496051617
20141229,3623.372288030745
20141230,3698.4050813712856
20150104,3805.2113217162073
20150105,3804.4464742405426
20150106,3806.360110817085
20150107,3721.7561446339537
20150108,3709.504123405819
20150111,3676.5822743105923
20150112,3676.964638867121
20150113,3665.0990739774966
20150114,3765.779345539659
20150115,3796.406428956933
20150118,3518.479107105854
20150119,3559.824755093455
20150120,3710.654529966765
20150121,3729.029691199161
20150122,3733.2397657205247
20150125,3766.1632072144134
20150126,3733.239408456945
20150127,3683.856117561876
20150128,3640.2134741371206
20150129,3593.5095352639414
20150201,3511.203792868256
20150202,3593.8926421903034
20150203,3558.672494296838
20150204,3524.6017638364406
20150205,3470.6260124250493
20150208,3503.5483707789135
20150209,3563.651743079626
20150210,3590.4504041875844
20150211,3598.8736008358082
20150212,3625.2893330659426
20150215,3655.150841302407
20150216,3677.7360183508144
20150224,3634.0960027570636
20150225,3720.6129262947006
20150226,3726.7370551713816
20150301,3754.6838563481115
20150302,3662.4237646299257
20150303,3685.0099319863984
20150304,3650.938330155252
20150305,3633.3298545889133
20150308,3692.2842648094734
20150309,3674.675761150597
20150310,3678.504773293716
20150311,3745.497702224941
20150312,3769.9970026951937
20150315,3856.5146639100462
20150316,3907.0465755512596
20150317,3994.712886613479
20150318,3988.5889917583004
20150319,4040.6520438677217
20150322,4118.36590462743
20150323,4119.514928714821
20150324,4086.974880292902
20150325,4096.546575462548
20150326,4117.983803691945
20150329,4232.064309005623
20150330,4196.079066186148
20150331,4267.2823318602605
20150401,4267.666387270128
20150402,4312.455546004528
20150406,4400.502950887301
20150407,4435.337332246526
20150408,4403.562575598312
20150409,4484.337123922513
20150412,4560.517042983708
20150413,4578.125199286668
20150414,4521.850884337036
20150415,4651.628004717509
20150416,4732.403525019428
20150419,4660.433132210933
20150420,4755.752971064044
20150421,4873.662354475635
20150422,4875.19268445494
20150423,4838.058341777447
20150426,4940.272000364178
20150427,4875.959539463437
20150428,4907.350966978503
20150429,4885.527977228349
20150503,4921.895847490838
20150504,4735.46427657958
20150505,4693.356528232234
20150506,4612.199007146042
20150507,4698.714636122088
20150510,4827.34194928593
20150511,4882.851554360769
20150512,4854.140387221129
20150513,4836.91304298688
20150514,4754.990246777811
20150517,4713.645606582078
20150518,4864.859357641231
20150519,4893.187433680776
20150520,4977.022413982029
20150521,5084.595776437837
20150524,5228.154253589783
20150525,5324.624155877022
20150526,5310.077282683165
20150527,4972.048383022121
20150528,4979.322489806483
20150531,5206.718189270965
20150601,5289.406080834777
20150602,5275.627177994203
20150603,5312.762317700104
20150604,5359.0842923481305
20150607,5480.82125113311
20150608,5442.154057206366
20150609,5427.988130195458
20150610,5421.479972427354
20150611,5450.5716339594
20150614,5340.317470947669
20150615,5190.2545500140395
20150616,5262.222619604533
20150617,5061.242551093977
20150618,4779.488239517127
20150622,4927.638036477439
20150623,5019.129491900715
20150624,4850.687506152527
20150625,4490.839253508602
20150628,4347.666807267494
20150629,4625.208813243028
20150630,4412.361328866397
20150701,4270.336242412845
20150702,4061.700424617281
20150705,4177.312665503587
20150706,4117.593803637548
20150707,3851.918416239246
20150708,4086.9701818349968
20150709,4292.160606784204
20150712,4396.288423104788
20150713,4297.521407391317
20150714,4152.05030775112
20150715,4183.0578194494055
20150716,4338.864174050438
20150719,4347.667729459587
20150720,4355.323972331164
20150721,4348.0505812973715
20150722,4441.842380386538
20150723,4367.956774231188
20150726,4013.8508865010394
20150727,4005.8111431753778
20150728,4124.483298291948
20150729,4010.404214744491
20150730,4011.170201949508
20150802,4022.654182237689
20150803,4141.708655415196
20150804,4060.9329115086325
20150805,4026.0982289937115
20150806,4101.128595589238
20150809,4277.608361314634
20150810,4259.997447691101
20150811,4209.848757736881
20150812,4268.803479740228
20150813,4267.655171604179
20150816,4271.867347258552
20150817,4021.50601763777
20150818,4081.989468143042
20150819,3958.3378431740525
20150820,3790.282651704255
20150823,3476.3714424901086
20150824,3239.0256586255387
20150825,3221.032871091874
20150826,3397.8933439777866
20150827,3537.6215140688414
20150830,3554.4641300973235
20150831,3545.275840321022
20150901,3550.636297391587
20150906,3452.635184947282
20150907,3541.0675299393374
20150908,3606.527704297796
20150909,3565.5647626323816
20150910,3555.994786809476
20150913,3485.1735946353783
20150914,3360.376498558675
20150915,3518.4788524393616
20150916,3447.2753959025467
20150917,3462.588193211146
20150920,3520.392640508613
20150921,3551.4002588862127
20150922,3475.602723160804
20150923,3496.6579244577115
20150924,3442.680016077858
20150927,3454.164796611494
20150928,3389.4682899709605
20150929,3413.9673667708707
20151007,3508.1416565832446
20151008,3552.5477136722757
20151011,3661.650006506865
20151012,3658.969678702102
20151013,3619.921154290993
20151014,3701.459878291397
20151015,3748.546149403142
20151018,3747.781445988664
20151019,3791.4243609272016
20151020,3686.9137484182434
20151021,3738.976657459658
20151022,3785.2988392689253
20151025,3802.9080494692053
20151026,3807.5019623929643
20151027,3738.213041681337
20151028,3746.6352356642456
20151029,3747.7854526815945
20151101,3689.2150616270865
20151102,3678.1142135066507
20151103,3843.1070608961318
20151104,3920.4380611754837
20151105,4008.8674620833576
20151108,4055.5707680166283
20151109,4048.2991296295745
20151110,4048.683718046889
20151111,4010.4034134927556
20151112,3962.932268287242
20151115,3981.688826713046
20151116,3975.9472314249256
20151117,3934.219665231121
20151118,3993.555566222137
20151119,3992.0260344402736
20151122,3970.5888546353294
20151123,3971.736354814319
20151124,4000.448036923271
20151125,3978.6255928818546
20151126,3777.2633730005114
20151129,3786.068173922976
20151130,3810.5678210764313
20151201,3940.725386140939
20151202,3968.286819491608
20151203,3897.464804624142
20151206,3908.5647843877114
20151207,3843.1041413787857
20151208,3854.9716469673635
20151209,3844.2509708171474
20151210,3832.7681931673164
20151213,3935.747008981336
20151214,3919.2877149897754
20151215,3911.2492558863314
20151216,3982.0702461626656
20151217,3994.319094239862
20151220,4091.9362585839904
20151221,4102.2724895731735
20151222,4092.3203765134685
20151223,4055.1866614169853
20151224,4063.609284112749
20151227,3952.973457743495
20151228,3987.044135975786
20151229,3990.8716983463232
20151230,3956.4185029744995
20160103,3693.8072684210642
20160104,3703.377923053543
20160105,3764.628090522926
20160106,3517.7098986936176
20160107,3585.0845963832967
20160110,3414.3485275651387
20160111,3437.6992571451565
20160112,3377.2129387156874
20160113,3443.440084443902
20160114,3339.3138997304027
20160117,3351.946524213083
20160118,3445.3552180033294
20160119,3395.9729416636874
20160120,3302.1829609608194
20160121,3334.339618634656
20160124,3350.034355219569
20160125,3160.157758000079
20160126,3149.0561237962247
20160127,3072.4931222583673
20160128,3165.8999856681435
20160131,3119.962776876099
20160201,3181.597641533286
20160202,3168.1999338647893
20160203,3205.334405289619
20160204,3183.8971287870418
20160214,3166.286993767721
20160215,3257.013781287141
20160216,3283.8124906795715
20160217,3274.2434610817313
20160218,3271.944942172052
20160221,3340.469285095961
20160222,3310.228016657987
20160223,3330.516404172084
20160224,3136.044220816072
20160225,3165.9024978424613
20160228,3093.165887954531
20160229,3147.9087378395507
20160301,3271.5585930618877
20160302,3278.4484954588756
20160303,3314.4327461450325
20160306,3325.536095844618
20160307,3328.216477937869
20160308,3291.849056483442
20160309,3232.513477240328
20160310,3237.106878891486
20160313,3285.724987105557
20160314,3294.146300247509
20160315,3309.0753712802302
20160316,3344.6777131998338
20160317,3393.2959484389066
20160320,3471.772703838453
20160321,3448.0396656350135
20160322,3457.9941561497017
20160323,3403.2506506636955
20160324,3418.9464426645573
20160327,3390.6170524406384
20160328,3355.781852843863
20160329,3437.7065552173403
20160330,3439.621357768596
20160331,3443.4496563397925
20160404,3486.7097143723895
20160405,3479.8199759767895
20160406,3431.203411092418
20160407,3406.704618737218
20160410,3451.8775219816735
20160411,3440.0099670611003
20160412,3484.0352146195487
20160413,3498.197817766977
20160414,3494.752092916476
20160417,3450.344278071787
20160418,3459.9155330991584
20160419,3401.342623039323
20160420,3381.434564666674
20160421,3395.98149616387
20160424,3382.5843491615033
20160425,3399.811851251783
20160426,3386.797371485191
20160427,3381.8221661464795
20160428,3378.758235263951
20160502,3436.565409911082
20160503,3432.355617283941
20160504,3436.9481090998665
20160505,3354.258574543033
20160508,3288.4144787247533
20160509,3291.8607370984564
20160510,3305.6437580046872
20160511,3313.299628948226
20160512,3297.9855580632275
20160515,3318.6573315411674
20160516,3310.2345792337155
20160517,3292.2434542955802
20160518,3287.2655821926855
20160519,3302.9622753476556
20160522,3312.914100683278
20160523,3289.180384065983
20160524,3284.970233174379
20160525,3289.9469630776375
20160526,3288.4171377398065
20160529,3292.6296000932516
20160530,3397.9048462970336
20160531,3388.716911592646
20160601,3395.2232480629036
20160602,3418.57559356308
20160605,3410.53510376702
20160606,3409.0037735054284
20160607,3398.6676740641597
20160612,3299.518342008686
20160613,3308.70750059118
20160614,3350.4336108811353
20160615,3330.5286847988905
20160616,3347.7541791566705
20160619,3350.8173742305985
20160620,3344.310086889843
20160621,3373.020988985793
20160622,3358.473149460297
20160623,3322.1042437247916
20160626,3366.892853138689
20160627,3383.737418082942
20160628,3399.434575965429
20160629,3403.6464754050503
20160630,3405.1781163189826
20160703,3457.239884539384
20160704,3461.8345563459366
20160705,3472.552396132384
20160706,3471.7884346052347
20160707,3459.5364932195125
20160710,3472.1707204927507
20160711,3543.7564642371503
20160712,3560.5999387116694
20160713,3554.475706817085
20160714,3556.39156922306
20160717,3541.8459277049374
20160718,3528.8296439206215
20160719,3518.109059462391
20160720,3533.8033439766527
20160721,3505.858027132485
20160724,3512.3648996308434
20160725,3552.560403542219
20160726,3498.9664772943806
20160727,3502.7943466205406
20160728,3487.4801297371155
20160731,3459.5349514575314
20160801,3471.7851647206426
20160802,3476.3783364935675
20160803,3484.419199585877
20160804,3489.7782363148403
20160807,3519.256393076992
20160808,3542.990258191904
20160809,3529.2080260875377
20160810,3520.4026520624493
20160811,3583.1855129593305
20160814,3685.7792805663817
20160815,3670.08523238973
20160816,3664.7269079504413
20160817,3655.9205691906363
20160818,3658.2164873080883
20160821,3629.506804315695
20160822,3634.4828581444112
20160823,3622.9978923126746
20160824,3601.560613783861
20160825,3600.0299505230028
20160828,3600.4115536977583
20160829,3605.0056788402767
20160830,3621.848265371819
20160831,3595.0502100563326
20160901,3607.6832164944703
20160904,3614.9563058589233
20160905,3639.4584797000352
20160906,3637.9262676800813
20160907,3636.3947007213883
20160908,3614.9581539606356
20160911,3555.6222308215256
20160912,3554.0897576400416
20160913,3532.2676465281315
20160918,3557.152472097922
20160919,3551.4112280079557
20160920,3562.129387094084
20160921,3587.7767186811616
20160922,3572.080195536931
20160925,3517.3380665403274
20160926,3537.246199996946
20160927,3527.674411779754
20160928,3542.6035298904058
20160929,3551.789500843412
20161009,3593.1323306332292
20161010,3605.765783907736
20161011,3598.875165494688
20161012,3601.937808260524
20161013,3604.9994553975453
20161016,3576.671369677031
20161017,3621.462025239497
20161018,3616.102261442142
20161019,3618.7817932178714
20161020,3628.353471060933
20161023,3669.698558863672
20161024,3669.3169102135507
20161025,3656.3018431330233
20161026,3647.11355660123
20161027,3641.7522996730263
20161030,3637.542434014604
20161031,3660.8954564409783
20161101,3634.4820957227566
20161102,3667.403234545813
20161103,3655.9169276152156
20161106,3658.212843445758
20161107,3673.5261224084225
20161108,3655.1511447441358
20161109,3693.8153335532393
20161110,3721.3785835722138
20161113,3734.395965857549
20161114,3734.011323073066
20161115,3734.3959262393423
20161116,3741.2858867232544
20161117,3722.1454681267783
20161120,3746.261248614771
20161121,3774.590476176796
20161122,3781.097870157725
20161123,3795.6437536642215
20161124,3829.3300919779913
20161127,3844.2606500066136
20161128,3874.1190224752154
20161129,3847.321741196755
20161130,3874.8839541506877
20161201,3837.750941218062
20161204,3776.500436196222
20161205,3766.164154502353
20161206,3783.006440601288
20161207,3777.263836824455
20161208,3801.3816664225797
20161211,3714.0981419798504
20161212,3709.886354686845
20161213,3683.089845546942
20161214,3643.2756443165795
20161215,3649.0174467320226
20161218,3631.024141702187
20161219,3610.3527212634767
20161220,3640.979343397955
20161221,3637.917279770157
20161222,3608.824855283835
20161225,3624.1370991448043
20161226,3618.01230744725
20161227,3603.080770654415
20161228,3598.86876923352
20161229,3611.5007986135297
20161230,3611.5007986135297
20170102,3644.4232398936906
20170103,3671.6033484168174
20170104,3670.8359833169984
20170105,3650.16550589494
20170108,3666.6277523265267
20170109,3660.8858132663836
20170110,3636.387165404005
20170111,3618.7761423619527
20170112,3621.0740652123527
20170115,3620.310018584593
20170116,3627.583221411929
20170117,3641.3644100700735
20170118,3631.0265765098848
20170119,3657.4422948539936
20170122,3667.0138213396267
20170123,3667.0138213396267
20170124,3678.8802780654823
20170125,3691.5135529403587
20170202,3666.629060079988
20170205,3675.432636453241
20170206,3667.776710271509
20170207,3685.770822812101
20170208,3699.551919918595
20170209,3717.161787057408
20170212,3740.5129974037022
20170213,3740.131465077967
20170214,3725.9675872197167
20170215,3745.4916573767478
20170216,3725.5843692177905
20170219,3777.26567558758
20170220,3788.748563241366
20170221,3795.640296877902
20170222,3778.7952452403574
20170223,3779.5623406751415
20170226,3750.467269776624
20170227,3757.3568781512045
20170228,3763.098119461019
20170301,3739.3642596215786
20170302,3731.706041617874
20170305,3750.8459619053315
20170306,3758.50143851358
20170307,3753.1418154622593
20170308,3730.5554080168076
20170309,3731.7044190824768
20170312,3763.0955166557987
20170313,3761.5639367805197
20170314,3768.4551219127015
20170315,3787.214491509583
20170316,3750.4633620839736
20170319,3754.2925851766613
20170320,3771.138096006349
20170321,3754.677078217281
20170322,3766.9285895235043
20170323,3795.6401192328526
20170326,3783.7711525800114
20170327,3775.3484779943687
20170328,3771.5202746376826
20170329,3742.042072171114
20170330,3763.098542911221
20170404,3812.865521141222
20170405,3823.2021995690357
20170406,3826.6469047508476
20170409,3814.015143318265
20170410,3826.6471614729353
20170411,3818.2247110705334
20170412,3823.9673210359833
20170413,3794.874577657542
20170416,3787.9830854245156
20170417,3770.372752060377
20170418,3752.7613409355035
20170419,3768.838170520071
20170420,3774.1974583985507
20170423,3737.4480977461244
20170424,3747.4009220304224
20170425,3751.9952355608316
20170426,3753.5260496169403
20170427,3746.251716132783
20170501,3732.4692560691306
20170502,3718.688979575723
20170503,3709.500099107191
20170504,3686.9129530037276
20170507,3662.4134164310176
20170508,3657.0553056027793
20170509,3643.6558549630504
20170510,3663.5611468987136
20170511,3693.803844166362
20170514,3708.734199304483
20170515,3739.742925944868
20170516,3720.6029216498823
20170517,3708.734198329819
20170518,3714.4753188688337
20170521,3722.1308525010227
20170522,3735.913903047834
20170523,3735.913903047834
20170524,3800.6087241069135
20170525,3795.633727287058
20170530,3808.265596331469
20170531,3813.6238260255072
20170601,3802.141004685345
20170604,3784.533289692647
20170605,3809.4165960723763
20170606,3852.6763309373737
20170607,3880.6236450419938
20170608,3898.6142162604087
20170611,3896.699996680225
20170612,3905.506538672722
20170613,3864.162846454333
20170614,3857.6555962209036
20170615,3851.9115470381307
20170618,3888.277443953718
20170619,3881.0024768560806
20170620,3924.260130463119
20170621,3927.7056308576653
20170622,3961.012574607338
20170625,4008.10109209427
20170626,4014.6102482678316
20170627,3985.5163677986343
20170628,4010.015336911492
20170629,4008.868472525135
20170702,3992.4080585769466
20170703,3961.0157540123564
20170704,4006.187177671113
20170705,4008.482722923918
20170706,4007.7171027238396
20170709,4008.1018435657015
20170710,4030.306727779056
20170711,4018.8203536048854
20170712,4050.9789540744327
20170713,4072.0359426777113
20170716,4031.0753331303167
20170717,4036.0537111667336
20170718,4102.2813165132675
20170719,4121.041048973683
20170720,4102.282070118755
20170723,4117.97740131903
20170724,4093.4754357811817
20170725,4078.9272240824153
20170726,4086.5833704820175
20170727,4096.538287572513
20170730,4113.38325301101
20170731,4147.07186185317
20170801,4138.649158901746
20170802,4104.194904653889
20170803,4083.5220749191476
20170806,4103.429245034379
20170807,4109.937283817004
20170808,4108.790611314819
20170809,4093.0950311795964
20170810,4022.656958788027
20170813,4072.0390956141086
20170814,4083.5222458637404
20170815,4078.9282833371435
20170816,4099.600291877096
20170817,4104.19594380429
20170820,4121.039563957664
20170821,4132.908157901862
20170822,4136.735230856079
20170823,4114.913952513313
20170824,4179.225942677143
20170827,4227.842878068307
20170828,4221.33622787896
20170829,4220.952086282224
20170830,4208.318776687981
20170831,4217.122579568812
20170903,4234.733283461092
20170904,4246.59900612135
20170905,4238.560194202762
20170906,4218.270206553114
20170907,4214.060372886974
20170910,4213.676893393041
20170911,4226.309496719433
20170912,4230.903495142367
20170913,4217.504223773251
20170914,4219.0351778064805
20170917,4230.90332376165
20170918,4219.4206521409615
20170919,4230.137980597399
20170920,4225.163338332217
20170921,4224.778848468429
20170924,4203.722550687662
20170925,4207.934680683451
20170926,4208.317602739394
20170927,4209.466473444941
20170928,4224.014389577166
20171008,4270.719316682722
20171009,4278.756810436718
20171010,4292.153598010196
20171011,4302.4891038742035
20171012,4310.909075050486
20171015,4302.869229625516
20171016,4302.48627426408
20171017,4334.64305667793
20171018,4321.244674989739
20171019,4317.035782676298
20171022,4320.864993415533
20171023,4350.341934400614
20171024,4368.717778731522
20171025,4385.943632933061
20171026,4415.421560090004
20171029,4402.404897330859
20171030,4398.957814296249
20171031,4388.620263432653
20171101,4389.002073395571
20171102,4384.4067882247255
20171105,4413.501711671385
20171106,4447.953506032692
20171107,4441.828674054885
20171108,4470.540654603976
20171109,4507.672965281116
20171112,4524.518139152373
20171113,4494.276259910278
20171114,4467.476890572433
20171115,4500.017992243363
20171116,4516.479058058989
20171119,4539.829254789153
20171120,4616.393475171172
20171121,4626.729580162081
20171122,4496.954442168115
20171123,4498.870144760479
20171126,4442.211374157366
20171127,4448.337183642329
20171128,4446.806955651156
20171129,4397.8075898068355
20171130,4389.385788272356
20171203,4410.823548462278
20171204,4433.027634205237
20171205,4407.378136313725
20171206,4360.673150203209
20171207,4394.743089525747
20171210,4453.316225422946
20171211,4397.8056386730495
20171212,4433.023266227544
20171213,4408.140706634208
20171214,4361.436455847419
20171217,4365.649603463768
20171218,4417.330163469572
20171219,4412.351832375342
20171220,4451.0172714824475
20171221,4437.236922009938
20171224,4423.454864130175
20171225,4436.088251222131
20171226,4371.392340166307
20171227,4400.103645056519
20171228,4412.353533604356
20171230,4412.353533604356
20180101,4470.54365200553
20180102,4495.426697972593
20180103,4513.417395617879
20180104,4523.369480975217
20180107,4545.19021535144
20180108,4575.433911044389
20180109,4594.193190079671
20180110,4591.896093484631
20180111,4611.801963049887
20180114,4612.184742612821
20180115,4646.148871057421
20180116,4635.6067592689915
20180117,4659.419871191356
20180118,4673.86407279205
20180121,4726.56189021278
20180122,4773.40684510668
20180123,4781.216138705274
20180124,4755.450164933791
20180125,4772.626850929531
20180128,4691.038794912891
20180129,4643.804725286913
20180130,4664.102795741142
20180131,4633.263748055701
20180201,4659.029327758638
20180204,4662.150877408237
20180205,4532.939365840867
20180206,4431.442320500324
20180207,4392.79571202324
20180208,4216.350286658404
20180211,4267.878303511657
20180212,4314.722535771
20180213,4347.121787292105
20180221,4435.346623965198
20180222,4454.476273954359
20180225,4503.270607059255
20180226,4441.593812824971
20180227,4404.897364743411
20180228,4431.053645295257
20180301,4397.483982878501
20180304,4399.045089692423
20180305,4449.0138428662385
20180306,4418.17327890749
20180307,4460.331488334825
20180308,4492.731336266089
20180311,4511.86138629591
20180312,4474.385865621336
20180313,4455.647137616114
20180314,4479.070474618562
20180315,4437.692821574036
20180318,4456.038243698424
20180319,4459.5496018344575
20180320,4441.590995587871
20180321,4398.649693842527
20180322,4278.025523288284
20180325,4252.263253587042
20180326,4286.617288412771
20180327,4214.0105647816345
20180328,4267.098669876754
20180329,4272.172250195238
20180401,4259.680418535667
20180402,4234.697392880955
20180403,4226.499018728337
20180408,4224.546376181685
20180409,4301.450018413697
20180410,4313.162866813837
20180411,4271.7823822696255
20180412,4243.285321997505
20180415,4178.876494094905
20180416,4116.419006014163
20180417,4134.765885523968
20180418,4182.001451000194
20180419,4128.522016444804
20180422,4134.376260664123
20180423,4214.78987893404
20180424,4199.17408243259
20180425,4123.051454666252
20180426,4125.001658004308
20180501,4131.638785672037
20180502,4162.088963522439
20180503,4145.303258732554
20180506,4206.591567412915
20180507,4252.653745076086
20180508,4245.237116944673
20180509,4267.48640467458
20180510,4246.405021835488
20180513,4283.879546153185
20180514,4299.104454060214
20180515,4266.702103789962
20180516,4236.643187468762
20180517,4277.242939134275
20180520,4296.370769558083
20180521,4281.535401290799
20180522,4227.665122871759
20180523,4199.5596051349075
20180524,4190.580946699129
20180527,4208.147862027691
20180528,4178.480419600396
20180529,4094.1628632132793
20180530,4177.311216802278
20180531,4144.51932375038
20180603,4182.773237108597
20180604,4223.760232059024
20180605,4215.561913448598
20180606,4214.389987236659
20180607,4163.252579131529
20180610,4163.252579131529
20180611,4211.267371126653
20180612,4172.620570461824
20180613,4157.006624287155
20180614,4142.951784890441
20180618,4005.1530655732004
20180619,4021.157657223231
20180620,3977.4356100162427
20180621,3996.563097864811
20180624,3945.8147396481236
20180625,3915.364887302259
20180626,3840.413057264632
20180627,3804.1096326343095
20180628,3898.9689104336785
20180629,3898.9689104336785
20180701,3792.0084963137515
20180702,3794.351957564473
20180703,3747.8977065480112
20180704,3726.819529846385
20180705,3752.583033256213
20180708,3852.5180720148596
20180709,3863.0585614598926
20180710,3800.2104617235013
20180711,3883.7504883035695
20180712,3899.7554240658687
20180715,3881.797050338046
20180716,3862.279374768946
20180717,3843.9335477387935
20180718,3841.200510986351
20180719,3909.516262074243
20180722,3944.651084721505
20180723,4003.5960058804976
20180724,3999.6924997747647
20180725,3955.9718610597265
20180726,3941.5286077949977
20180729,3934.8910736194707
20180730,3938.015377131924
20180731,3864.236659041358
20180801,3783.431606264144
20180802,3724.875435293994
20180805,3679.983236547831
20180806,3781.087095988746
20180807,3724.8736741326816
20180808,3813.097307104514
20180809,3820.9065303894645
20180812,3805.290485399763
20180813,3786.941374679165
20180814,3701.4511731457833
20180815,3685.4460982731007
20180816,3635.869477359131
20180819,3675.6858840056907
20180820,3738.926059640008
20180821,3719.4088656086874
20180822,3733.851330233846
20180823,3740.8784384373457
20180826,3827.1505769845876
20180827,3820.1239285252445
20180828,3806.0696925921998
20180829,3768.2031052206003
20180830,3750.2476174242242
20180902,3736.195439601736
20180903,3780.697263482832
20180904,3710.822416659142
20180905,3675.688350018213
20180906,3691.3026741290905
20180909,3640.554644965164
20180910,3634.3074531944035
20180911,3611.2768468635104
20180912,3647.971030904491
20180913,3653.826024409093
20180916,3614.3975877796947
20180917,3682.713316586319
20180918,3728.3863271386226
20180919,3726.04490052518
20180920,3833.0047454396554
20180924,3800.6043563264534
20180925,3840.423288167686
20180926,3825.5877330054946
20180927,3863.4534003867825
20181007,3705.357023789555
20181008,3703.01523815052
20181009,3695.2092820284984
20181010,3526.962708208459
20181011,3576.5376960350377
20181014,3529.3023626835034
20181015,3501.9749744892447
20181016,3520.321821380594
20181017,3441.4666125816684
20181018,3538.2785098602035
20181021,3682.7145769112067
20181022,3590.197421310043
20181023,3595.273960463776
20181024,3601.910836194792
20181025,3580.0508393299256
20181028,3477.3857214104614
20181029,3512.9106939403905
20181030,3559.365424957058
20181031,3584.348610874832
20181101,3705.363388675188
20181104,3676.0873125412654
20181105,3655.0086278911535
20181106,3632.756935364552
20181107,3622.999350236163
20181108,3574.2047949871826
20181111,3614.4110247259937
20181112,3648.7623871049896
20181113,3614.0188716549756
20181114,3654.618759659147
20181115,3671.0133794149783
20181118,3710.0509356916773
20181119,3628.8527609131297
20181120,3637.4422553982113
20181121,3624.5584349295905
20181122,3548.4354586791997
20181125,3546.0934912764715
20181126,3541.7991720585355
20181127,3586.3018786554508
20181128,3542.190365547989
20181129,3579.6667396154867
20181202,3673.7439611993213
20181203,3680.7718333970956
20181204,3663.987513836805
20181205,3589.0369852537597
20181206,3589.428190285152
20181209,3550.0019110430594
20181210,3566.3958198682562
20181211,3577.715560200518
20181212,3630.805281398334
20181213,3573.0319077607237
20181216,3567.958202451704
20181217,3533.2169934344315
20181218,3493.401171135419
20181219,3468.0285984294624
20181220,3427.431855656247
20181223,3436.799026917756
20181224,3414.54919001749
20181225,3398.1525248070266
20181226,3385.6609161258357
20181227,3407.132777655906
20181230,3407.132777655906
20190101,3362.632216446942
20190102,3356.7778737581084
20190103,3432.5101393679647
20190106,3452.418698176299
20190107,3445.0029028126164
20190108,3477.7924404415867
20190109,3471.5463252185536
20190110,3495.357661463227
20190113,3466.080545690811
20190114,3530.490720471383
20190115,3530.8826049413556
20190116,3512.5361389260806
20190117,3573.0430864552213
20190120,3591.3906627041683
20190121,3546.106817838132
20190122,3543.7628412315407
20190123,3562.5022591359734
20190124,3589.8266514635466
20190127,3589.0476590801786
20190128,3599.9763092020776
20190129,3572.6488890389246
20190130,3607.782318213733
20190131,3656.577574067574
20190210,3719.0355756102217
20190211,3744.0200566071708
20190212,3815.066581201349
20190213,3820.533571612211
20190214,3752.9979996668217
20190217,3866.203431328772
20190218,3859.5690262406115
20190219,3873.2319005935033
20190220,3863.471356204008
20190221,3945.060144304324
20190224,4167.5694265633765
20190225,4120.334194682708
20190226,4113.309024880774
20190227,4103.938906922096
20190228,4188.648309899874
20190303,4230.8070551390165
20190304,4253.839568747194
20190305,4287.410870623747
20190306,4246.033068311357
20190307,4086.3737328767133
20190310,4162.494702772741
20190311,4189.038931492323
20190312,4155.857554115973
20190313,4128.53279069766
20190314,4177.720130366031
20190317,4290.146756794312
20190318,4271.407395760634
20190319,4272.577761387072
20190320,4274.1372522699785
20190321,4271.012857938569
20190324,4174.201809487675
20190325,4129.308269026636
20190326,4174.590263504781
20190327,4158.977295919274
20190328,4310.82987494788
20190331,4418.1824713237065
20190401,4415.452034556428
20190402,4468.931989598975
20190403,4511.091893988852
20190407,4507.18979950055
20190408,4525.926187497074
20190409,4536.856299239879
20190410,4443.560386302311
20190411,4433.802327693991
20190414,4420.137348920038
20190415,4536.466523668916
20190416,4538.027068153058
20190417,4522.411717011543
20190418,4573.55114870751
20190421,4473.619056108251
20190422,4466.591000571106
20190423,4478.302402174603
20190424,4385.395540539089
20190425,4329.964140906675
20190428,4341.2826671710045
20190429,4354.944683724591
20190505,4112.918632926597
20190506,4151.172889131448
20190507,4094.961857039719
20190508,4023.132131105385
20190509,4161.322696676723
20190512,4096.131415310587
20190513,4071.1491098086076
20190514,4158.202491223645
20190515,4175.770896749064
20190516,4075.0554784903734
20190519,4041.8723017290263
20190520,4094.182213058003
20190521,4075.83618256129
20190522,4010.643182821222
20190523,4021.9652285263264
20190526,4069.5893187973065
20190527,4107.843458394002
20190528,4099.644202851047
20190529,4077.784899961446
20190530,4067.6352933454423
20190602,4071.5402232270544
20190603,4035.6251669179687
20190604,4035.2337112767777
20190605,4002.051984468949
20190609,4050.8490043155784
20190610,4168.740862888175
20190611,4139.855657449223
20190612,4134.39104798139
20190613,4104.722657821077
20190616,4104.722657821077
20190617,4118.387279548963
20190618,4176.942509889591
20190619,4296.394711787412
20190620,4302.250697779579
20190623,4310.446485358849
20190624,4268.286008285553
20190625,4262.4299198821855
20190626,4307.321831798385
20190627,4301.076215142278
20190629,4301.076215142278
20190630,4417.794520392594
20190701,4418.965235940497
20190702,4375.243993896102
20190703,4353.7746716180545
20190704,4378.369144738024
20190707,4283.117723994248
20190708,4275.309600383407
20190709,4269.845754714117
20190710,4272.189900033455
20190711,4304.201418954405
20190714,4320.596122159202
20190715,4302.250871024515
20190716,4300.689153958332
20190717,4263.99567409676
20190718,4307.718685738949
20190721,4280.394826115306
20190722,4291.326954501204
20190723,4323.726473007688
20190724,4357.300209070592
20190725,4365.8884477826705
20190728,4361.203849478199
20190729,4378.7707785838975
20190730,4342.466390058658
20190731,4307.722316471799
20190801,4248.387749284717
20190804,4171.483434247166
20190805,4131.274505424457
20190806,4115.269947990443
20190807,4167.18819365429
20190808,4128.933406036544
20190811,4199.591843414047
20190812,4163.67693396917
20190813,4181.634872585379
20190814,4196.467131478439
20190815,4214.423814334035
20190818,4301.085011228186
20190819,4297.1796260379915
20190820,4290.935824041358
20190821,4303.817213385129
20190822,4333.096081887788
20190825,4274.148642789787
20190826,4329.191129011634
20190827,4313.575736609289
20190828,4300.302864067742
20190829,4310.060251266312
20190901,4362.371452535931
20190902,4367.837503965959
20190903,4404.92044437463
20190904,4449.031317704597
20190905,4474.404143309467
20190908,4500.557035527112
20190909,4485.723199538014
20190910,4454.103336704471
20190911,4499.775712319039
20190915,4483.378529623349
20190916,4412.330430064408
20190917,4432.631562373134
20190918,4447.857651789887
20190919,4459.9602724604065
20190922,4411.556323623394
20190923,4422.876377149812
20190924,4390.474384810812
20190925,4358.463436071155
20190926,4370.954792278936
20190929,4329.963978236944
20191007,4354.168476875288
20191008,4360.024833476685
20191009,4393.597024694456
20191010,4433.802831067434
20191013,4478.304910082858
20191014,4459.957294866249
20191015,4445.511493188177
20191016,4447.854277745087
20191017,4387.737079327084
20191020,4399.838458191868
20191021,4415.845070502771
20191022,4389.301425783979
20191023,4388.910777957084
20191024,4417.017362579121
20191027,4449.027487405732
20191028,4431.462726885454
20191029,4410.772227413626
20191030,4405.695428579873
20191031,4475.9618649702925
20191103,4503.287612155936
20191104,4529.834492629595
20191105,4510.315435800854
20191106,4517.73039437731
20191107,4497.82075652929
20191110,4422.477761036668
20191111,4422.866939079639
20191112,4418.961547572432
20191113,4425.2055402391525
20191114,4394.755700916767
20191117,4427.936106458688
20191118,4470.094486128281
20191119,4428.325923249898
20191120,4408.416169898966
20191121,4365.47378798798
20191124,4395.530075018278
20191125,4409.973786844787
20191126,4392.796938945027
20191127,4378.353422609776
20191128,4342.048116029497
20191201,4349.855118542117
20191202,4365.858235523234
20191203,4364.688185516114
20191204,4396.698808668688
20191205,4421.293941804382
20191208,4413.875010570034
20191209,4419.33938783312
20191210,4421.681637708672
20191211,4409.190387082144
20191212,4489.605201361749
20191215,4510.293302129623
20191216,4568.458044553888
20191217,4558.69981817072
20191218,4552.846447604189
20191219,4542.306608077985
20191222,4488.044213337886
20191223,4515.76237439946
20191224,4513.81156505372
20191225,4551.285228666796
20191226,4546.993366696162
20191229,4610.232950440173
20191230,4626.239679244102
20200101,4685.964433503143
20200102,4677.768681708945
20200105,4660.59191510971
20200106,4693.3838398244225
20200107,4642.244729505695
20200108,4697.677773820723
20200109,4696.118144799814
20200112,4739.449226921883
20200113,4724.614750841617
20200114,4699.630988039167
20200115,4680.893559289854
20200116,4686.749357132526
20200119,4719.542542384382
20200120,4643.029318687246
20200121,4661.768585017467
20200122,4524.358294205493
20200202,4185.5200528358555
20200203,4291.3090721712815
20200204,4336.200456375265
20200205,4412.712713428006
20200206,4412.324394709225
20200209,4429.1088767066985
20200210,4468.536803927142
20200211,4502.890914875732
20200212,4476.738124442134
20200213,4506.794944209639
20200216,4602.825730880858
20200217,4581.744789033424
20200218,4575.110422578904
20200219,4674.655675153375
20200220,4680.513018714342
20200223,4662.165407680982
20200224,4652.407495482706
20200225,4598.146466862891
20200226,4611.416717566257
20200227,4456.048865518014
20200301,4591.508294980897
20200302,4614.539300588521
20200303,4639.522416361907
20200304,4737.504490273054
20200305,4664.504283582437
20200308,4513.043164990231
20200309,4604.387158649633
20200310,4546.224540061571
20200311,4462.6876641379395
20200312,4403.351768955561
20200315,4223.391185510116
20200316,4203.874894841874
20200317,4124.631853074105
20200318,4073.494667359692
20200319,4142.589283907447
20200322,4010.254269233023
20200323,4112.138789197157
20200324,4215.978517901964
20200325,4189.8225871769
20200326,4202.706291632469
20200329,4163.667352889495
20200330,4176.549739679335
20200331,4164.838694209275
20200401,4227.686110104893
20200402,4204.801645190895
20200406,4295.940720850409
20200407,4276.669130776674
20200408,4290.320258642113
20200409,4264.625530613106
20200412,4247.362326465183
20200413,4324.048453269512
20200414,4293.935779840943
20200415,4299.556541776755
20200416,4339.3059420054815
20200419,4353.760170098301
20200420,4305.180914120344
20200421,4338.5030143956365
20200422,4328.0645761430005
20200423,4293.132766948949
20200426,4320.432798213978
20200427,4348.939013816594
20200428,4367.809060197544
20200429,4417.593347865676
20200505,4442.486486380899
20200506,4430.44290551632
20200507,4476.213811173209
20200510,4472.601506627592
20200511,4472.601506627592
20200512,4481.032360467585
20200513,4435.263095937768
20200514,4422.414138748837
20200517,4433.2534758029105
20200518,4468.985498817882
20200519,4446.9042414682235
20200520,4424.020472241627
20200521,4328.466054061681
20200524,4334.088731465906
20200525,4381.061585137533
20200526,4352.155340798795
20200527,4365.002903364833
20200528,4379.053847710765
20200531,4490.667172181216
20200601,4506.725797988936
20200602,4507.527995180979
20200603,4506.324485206265
20200604,4526.801223667043
20200607,4549.684203852679
20200608,4576.581936865856
20200609,4571.364633457828
20200610,4528.402948632592
20200611,4531.613586323172
20200614,4481.027183859046
20200615,4545.666000986213
20200616,4549.279805456998
20200617,4579.791825112197
20200618,4641.220572862427
20200621,4646.4419460068975
20200622,4667.722650119609
20200623,4693.017039160607
20200628,4660.898030544592
20200629,4723.53117827905
20200630,4813.467211913483
20200701,4908.619831758589
20200702,4998.55556431607
20200705,5267.152947564594
20200706,5294.8581720687835
20200707,5376.361923911438
20200708,5448.630980892655
20200709,5360.706422753991
20200712,5469.110628034922
20200713,5421.737191774884
20200714,5361.91374360084
20200715,5128.649048099229
20200716,5161.569846338978
20200719,5307.311932520204
20200720,5318.956174900154
20200721,5344.247811511805
20200722,5345.049448683531
20200723,5121.818803508712
20200726,5145.906717341612
20200727,5188.864746617981
20200728,5307.705315909771
20200729,5283.215563582165
20200730,5325.771864946818
20200802,5407.272151796099
20200803,5411.289755004884
20200804,5411.690190446753
20200805,5396.034170725791
20200806,5337.81635805783
20200809,5355.484530203001
20200810,5309.314898068121
20200811,5272.781502254514
20200812,5260.738469303365
20200813,5337.424253970401
20200816,5455.461391346957
20200817,5453.050077411981
20200818,5375.158710106229
20200819,5309.313015907428
20200820,5353.077683097553
20200823,5393.225765720785
20200824,5399.69763663965
20200825,5339.221023109286
20200826,5365.917128224832
20200827,5486.113671897068
20200830,5455.391435334444
20200831,5482.122853367583
20200901,5483.767490223594
20200902,5454.703522525409
20200903,5403.974779765923
20200906,5294.274091736675
20200907,5320.745462195358
20200908,5202.092838388402
20200909,5198.971582685369
20200910,5247.322018404343
20200913,5270.934967487163
20200914,5310.9940732400655
20200915,5280.190307615273
20200916,5254.3173751079585
20200917,5365.708903460248
20200920,5316.880952438759
20200921,5257.331885771445
20200922,5274.681080994491
20200923,5178.681885320391
20200924,5185.414171771308
20200927,5197.859165783559
20200928,5208.2548841151265
20200929,5203.046629231011
20201008,5302.945124512247
20201011,5455.669944098199
20201012,5473.128087919314
20201013,5438.10006815663
20201014,5428.855298040763
20201015,5422.340671683115
20201018,5383.2998188469965
20201019,5423.674567488349
20201020,5422.589832574851
20201021,5406.322063077127
20201022,5341.986830526509
20201025,5312.605902958614
20201026,5321.637332993644
20201027,5363.146104190995
20201028,5401.7607561411705
20201029,5318.573640496596
20201101,5345.6983660631295
20201102,5406.63932743625
20201103,5445.026466661048
20201104,5522.345842487634
20201105,5522.898077071884
20201108,5625.071691497714
20201109,5594.696304363626
20201110,5539.868280580862
20201111,5544.854162033384
20201112,5488.851134996847
20201115,5539.348565438819
20201116,5528.269868307941
20201117,5524.400079400126
20201118,5563.070879955925
20201119,5579.203785507797
20201122,5644.480469798238
20201123,5611.742483073408
20201124,5543.279224779913
20201125,5551.039815694606
20201126,5617.652293482941
20201129,5595.743449538358
20201130,5708.777467219032
20201201,5709.348344965754
20201202,5697.929648275823
20201203,5706.476542748237
20201206,5659.6834350977015
20201207,5644.9682581664465
20201208,5572.712664461916
20201209,5569.926308129685
20201210,5511.442081894324
20201213,5559.391628006804
20201214,5569.9544721000175
20201215,5579.423394702588
20201216,5646.93441777849
20201217,5628.299534199821
20201220,5677.26574014736
20201221,5589.83584774909
20201222,5634.554534531083
20201223,5626.66615818274
20201224,5670.554154216566
20201227,5694.370481664276
20201228,5672.162436785785
20201229,5748.169413438714
20201230,5851.636462880611
20210103,5910.7379911557055
20210104,6016.540201197392
20210105,6068.884100947809
20210106,6169.020688613447
20210107,6148.662920341024
20210110,6090.250622597784
20210111,6254.078364345663
20210112,6234.0653135797575
20210113,6119.981918341248
20210114,6105.905959929064
20210117,6170.017972508319
20210118,6083.637720893203
20210119,6124.3980936231865
20210120,6218.101384455622
20210121,6223.075865563186
20210124,6282.195086286037
20210125,6162.2051601379735
20210126,6176.994452522304
20210127,6017.0102962019755
20210128,5988.7303478098265
20210131,6058.798492879202
20210201,6147.256950875238
20210202,6130.659357107875
20210203,6118.398038393659
20210204,6128.187475255089
20210207,6213.369281161135
20210208,6341.98602528117
20210209,6470.7283415943775
20210217,6428.668607374015
20210218,6438.954477145814
20210221,6247.717529174584
20210222,6228.97437658706
20210223,6078.233196673654
20210224,6111.663479255359
20210225,5971.095219232486
20210228,6057.676099911357
20210301,5983.166683882447
20210302,6092.658634197495
20210303,5910.48814103499
20210304,5892.165627797781
20210307,5697.724162080454
20210308,5582.060361590221
20210309,5616.66913583208
20210310,5749.222527437718
20210311,5768.194961778263
20210314,5649.946965061808
20210315,5696.276530175315
20210316,5719.061636296016
20210317,5761.382692404608
20210318,5617.924263363733
20210321,5671.294543865689
20210322,5620.252892970898
20210323,5535.387074287037
20210324,5533.172919457323
20210325,5652.136137225655
20210328,5661.7447686589385
20210329,5712.134297100003
20210330,5663.009942144943
20210331,5729.833459462253
20210401,5783.693893981199
20210405,5761.137487794672
20210406,5721.961752877668
20210407,5731.116891682273
20210408,5650.308143509553
20210411,5557.078059141645
20210412,5548.742442052932
20210413,5592.577507345151
20210414,5559.022042301081
20210415,5577.366815040675
20210418,5703.973041742097
20210419,5700.550657917052
20210420,5717.082254825012
20210421,5710.793464344704
20210422,5761.048446830936
20210425,5699.981333294528
20210426,5714.231286627764
20210427,5745.088135575555
20210428,5793.346875914389
20210429,5749.896774345031
20210505,5683.197971762628
20210506,5614.431276304301
20210509,5610.501174410888
20210510,5643.042081222471
20210511,5666.178553755482
20210512,5611.216621784054
20210513,5736.9078741120165
20210516,5817.224584349585
20210517,5820.13319664176
20210518,5805.000850330491
20210519,5820.674352626383
20210520,5765.960013711695
20210523,5788.44725776517
20210524,5962.679520223903
20210525,5965.064592031992
20210526,5983.5562922672925
20210527,5966.203979019717
20210530,5978.136386977757
20210531,5989.494846113015
20210601,5936.188341982609
20210602,5899.977593096515
20210603,5931.247474339927
20210606,5927.095601107889
20210607,5877.900707618694
20210608,5885.541978538598
20210609,5926.152218190515
20210610,5882.298691775905
20210614,5819.94632564308
20210615,5729.1551629630485
20210616,5755.509276712679
20210617,5758.387031351034
20210620,5745.142741178927
20210621,5779.613597626001
20210622,5807.355742894606
20210623,5817.8089832318165
20210624,5911.475707861849
20210627,5923.889806848359
20210628,5861.688963876451
20210629,5900.3761110380365
20210630,5906.276487149074
20210701,5747.397649644763
20210704,5752.570307529443
20210705,5753.720821590949
20210706,5817.011750628448
20210707,5762.913541347603
20210708,5747.353674785964
20210711,5816.321918883396
20210712,5833.770884640046
20210713,5769.599404909005
20210714,5844.027237232332
20210715,5786.755770307454
20210718,5807.009415503531
20210719,5802.944508912678
20210720,5842.984826024176
20210721,5851.749303263213
20210722,5785.0393612060125
20210725,5608.017156753109
20210726,5420.709383717555
20210727,5431.008731546618
20210728,5528.766888714457
20210729,5488.4068904268415
20210801,5620.677496486129
20210802,5621.801631985426
20210803,5669.586945857302
20210804,5636.70334157133
20210805,5608.519824863473
20210808,5678.065470691781
20210809,5739.388577775251
20210810,5709.543757170821
20210811,5665.009315864888
20210812,5635.55126742239
20210815,5631.6063815351945
20210816,5520.100575180797
20210817,5581.925701622823
20210818,5547.317762272762
20210819,5449.130237880533
20210822,5525.41806121086
20210823,5582.329867241333
20210824,5595.169225935988
20210825,5490.539561410985
20210826,5517.992259218038
20210829,5502.541880892228
20210830,5494.2880680708895
20210831,5564.06552653539
20210901,5564.06552653539
20210902,5535.132385797406
20210905,5633.6577422646
20210906,5697.881440526416
20210907,5675.08991476431
20210908,5672.819878798406
20210909,5720.471565780312
20210912,5696.445585204035
20210913,5616.125702452658
20210914,5562.210895709111
20210915,5497.689249318886
20210916,5550.467066112347
20210921,5513.833983476005
20210922,5547.468370775209
20210923,5543.585142915666
20210926,5573.520502687411
20210927,5580.766079340905
20210928,5527.190724979232
20210929,5562.012026546601
20211007,5630.424774473125
20211010,5637.181284202493
20211011,5579.682035103628
20211012,5641.058537489766
20211013,5612.853244802317
20211014,5633.620801808086
20211017,5571.087610908016
20211018,5622.898725689461
20211019,5609.403768747806
20211020,5628.475741561549
20211021,5663.935138733387
20211024,5687.7236663160675
20211025,5669.522950583856
20211026,5599.220865996616
20211027,5562.266008281038
20211028,5610.1014959522545
20211031,5590.466140716422
20211101,5535.6795725374
20211102,5515.197558119012
20211103,5567.040415165331
20211104,5538.648509047988
20211107,5544.741022407941
20211108,5543.07760010122
20211109,5515.362212100714
20211110,5599.195717724645
20211111,5588.557245860968
20211114,5581.850977165935
20211115,5582.4091622636515
20211116,5585.758607761009
20211117,5533.252476848056
20211118,5590.798302607275
20211121,5614.838735308486
20211122,5615.400219182017
20211123,5619.330999335444
20211124,5597.415608438036
20211125,5557.673957618125
20211128,5548.225911890175
20211129,5527.142653424992
20211130,5539.8550815278695
20211201,5553.150733723536
20211202,5601.46314510693
20211205,5591.9406577602485
20211206,5623.255525443706
20211207,5703.105753905007
20211208,5790.363271939754
20211209,5771.255073142353
20211212,5801.842725030007
20211213,5764.710931589815
20211214,5716.86383085762
20211215,5747.734895544251
20211216,5660.944098621533
20211219,5579.992598011245
20211220,5616.262549898318
20211221,5617.385802408297
20211222,5654.460548704192
20211223,5624.491907796059
20211226,5622.2421110329415
20211227,5662.160030021275
20211228,5584.0222216069815
20211229,5625.343986046873
20211230,5645.595224396643
20220103,5620.754605409297
20220104,5567.35743665791
20220105,5513.354069522327
20220106,5517.7647527779445
20220109,5540.939364739612
20220110,5490.516816520481
20220111,5542.127674595774
20220112,5455.11627010462
20220113,5413.111874824815
20220116,5456.416769823413
20220117,5506.615804105789
20220118,5470.822801379102
20220119,5517.324795190823
20220120,5469.324069472664
20220123,5477.528055576872
20220124,5360.308955187527
20220125,5396.759056082802
20220126,5296.379337639662
20220127,5235.470975256806
20220206,5310.861757300504
20220207,5283.245276162542
20220208,5330.266159120388
20220209,5316.940493722587
20220210,5274.936663822179
20220213,5220.60481618481
20220214,5272.810864346658
20220215,5292.320264544741
20220216,5305.021833179648
20220217,5328.894431428956
20220220,5310.243300918954
20220221,5244.927308317651
20220222,5297.90107413166
20220223,5195.651583400919
20220224,5243.971143126547
20220227,5252.36149695555
20220228,5293.855152781499
20220301,5248.857383982856
20220302,5219.463782632552
20220303,5159.439949132277
20220306,5003.108918673569
20220307,4908.049849218772
20220308,4864.859010545646
20220309,4937.83189570383
20220310,4952.645391390942
20220313,4809.018675040604
20220314,4600.3072645438415
20220315,4788.459831663685
20220316,4877.046338549463
20220317,4908.25943511618
20220320,4899.915394076482
20220321,4895.99546176122
20220322,4919.98583952385
20220323,4892.433918822517
20220324,4808.284055418769
20220327,4779.434351086256
20220328,4764.140161162781
20220329,4895.154015594757
20220330,4860.398422084035
20220331,4918.723203149042
20220405,4904.950778180225
20220406,4845.600873764244
20220407,4869.828878133065
20220410,4727.629874891579
20220411,4814.145501602095
20220412,4771.2996066378355
20220413,4827.600941996162
20220414,4823.738861242565
20220417,4799.620166936352
20220418,4765.06290173441
20220419,4695.016477078914
20220420,4612.853688730033
20220421,4631.766388853826
20220424,4414.073368577697
20220425,4380.085003639648
20220426,4501.85136674083
20220427,4529.762845214624
20220428,4635.759295792645
20220504,4629.269232778536
20220505,4518.166771191851
20220508,4483.376887053673
20220509,4530.452344367736
20220510,4592.519541485575
20220511,4572.771707457187
20220512,4605.238386580134
20220515,4570.238574842125
20220516,4624.167390025262
20220517,4609.370054377181
20220518,4618.127857480497
20220519,4703.563222843886
20220522,4677.693625118245
20220523,4574.316596003132
20220524,4600.39020060035
20220525,4614.19137120215
20220526,4623.419753944554
20220529,4655.783692222165
20220530,4724.223712497831
20220531,4716.664954557834
20220601,4727.041617457861
20220605,4811.182958248612
20220606,4825.616507123357
20220607,4870.977302290317
20220608,4823.241724727872
20220609,4891.731757219008
20220612,4836.944361538155
20220613,4872.737749813537
20220614,4934.621519236169
20220615,4906.987638728446
20220616,4972.250574323535
20220619,4999.597952482315
20220620,4996.098233915577
20220621,4937.144274755373
20220622,5017.619726433885
20220623,5074.820591315232
20220626,5129.121171642305
20220627,5180.412383358728
20220628,5107.886609991706
20220629,5181.950965836585
20220630,5161.741357069823
20220703,5193.227979347948
20220704,5185.957460176862
20220705,5115.428438718457
20220706,5138.44786669269
20220707,5125.6017470259585
20220710,5046.667480121759
20220711,5007.3034737768085
20220712,5016.316620029607
20220713,5018.323146677619
20220714,4949.0702872534675
20220717,4997.076269039827
20220718,4971.591180067723
20220719,4987.997430961947
20220720,4938.616256395424
20220721,4941.579426149261
20220724,4913.41242342021
20220725,4950.754357838205
20220726,4927.4858123563645
20220727,4929.456806681306
20220728,4869.317433639795
20220731,4889.281635117718
20220801,4799.318853031553
20220802,4755.165119583662
20220803,4793.206440540331
20220804,4858.3940481316795
20220807,4849.163099440229
20220808,4857.891593019222
20220809,4806.397942133217
20220810,4899.161422416389
20220811,4896.711841705181
20220814,4890.835787495135
20220815,4882.032283077644
20220816,4925.482370397034
20220817,4885.093414959779
20220818,4853.340307762541
20220821,4886.828355886102
20220822,4864.348945449026
20220823,4777.763534220034
20220824,4816.463418847216
20220825,4809.238723718946
20220828,4788.558997206955
20220829,4773.7144643156125
20220830,4777.056064440633
20220831,4737.88420471222
20220901,4715.616148950073
20220904,4706.184916652172
20220905,4747.1287254270455
20220906,4750.451715534844
20220907,4731.449908672705
20220908,4793.431902476318
20220912,4812.605630086223
20220913,4761.1107498443
20220914,4718.736864170686
20220915,4613.980905786097
20220918,4608.905526789732
20220919,4614.43621342188
20220920,4582.135159927926
20220921,4544.103438100525
20220922,4529.107896754793
20220925,4507.821089640045
20220926,4569.578238568114
20220927,4499.6636915180225
20220928,4497.863826041415
20220929,4472.675788615583
20221009,4378.302329475795
20221010,4385.307613202956
20221011,4448.456042833079
20221012,4413.758085698981
20221013,4513.950394244348
20221016,4518.012949599167
20221017,4508.525122405009
20221018,4439.9955405444525
20221019,4418.239562395785
20221020,4404.543019752358
20221023,4282.537178105218
20221024,4276.113372338061
20221025,4308.61183396783
20221026,4280.174995863642
20221027,4179.590883460847
20221030,4143.228442774737
20221031,4283.683886984801
20221101,4332.08951490773
20221102,4299.16563459443
20221103,4432.009852703399
20221106,4440.873872408805
20221107,4412.008192238148
20221108,4372.741319327228
20221109,4340.82030769614
20221110,4455.417963819317
20221113,4461.2100071722825
20221114,4541.065666300667
20221115,4506.0994606701515
20221116,4488.525672773539
20221117,4469.225012380612
20221120,4433.024289780329
20221121,4433.4675922093065
20221122,4437.457713042295
20221123,4419.264136418821
20221124,4440.476604273632
20221127,4392.963504607903
20221128,4521.238038942453
20221129,4525.759276981395
20221130,4572.374597534303
20221201,4545.854824868604
20221204,4630.407724611159
20221205,4653.559763234215
20221206,4642.391219802453
20221207,4642.391219802453
20221208,4682.7800234147335
20221211,4632.674277164196
20221212,4623.872196037583
20221213,4636.819038186488
20221214,4633.573264859758
20221215,4635.890051492187
20221218,4567.742467735252
20221219,4496.028910991809
20221220,4497.827322556206
20221221,4503.674498075529
20221222,4494.667149079379
20221225,4511.74688424588
20221226,4564.083148103134
20221227,4545.370407195911
20221228,4529.007073730005
20221229,4545.764399902806
20221230,4545.764399902806
20230102,4563.492881062428
20230103,4568.969072519703
20230104,4653.038103454065
20230105,4666.066610143736
20230108,4701.0621097198145
20230109,4706.233278040507
20230110,4697.762058140034
20230111,4706.6878060505005
20230112,4769.2867538709725
20230115,4838.441411802102
20230116,4836.989879378562
20230117,4828.7669965836185
20230118,4857.256721863462
20230119,4885.914536522457
20230129,4907.412560483155
20230130,4857.356952366227
20230131,4900.587429242286
20230201,4884.415490725787
20230202,4839.967309760183
20230205,4779.46771838818
20230206,4787.59281350944
20230207,4767.963682974051
20230208,4828.516821747821
20230209,4800.994275863858
20230212,4842.282826636288
20230213,4844.2197397669415
20230214,4820.483063042084
20230215,4786.739681600789
20230216,4721.640021931018
20230219,4831.182070439818
20230220,4842.776907408873
20230221,4801.129026005156
20230222,4797.288122784353
20230223,4750.274699181066
20230226,4732.223655324177
20230227,4760.14377489059
20230228,4823.929701474125
20230301,4813.799449101029
20230302,4827.759467503422
20230305,4804.103446112654
20230306,4737.3264082116875
20230307,4720.745765782947
20230308,4704.695230179285
20230309,4646.357009325063
20230312,4691.8913080164475
20230313,4665.616716691556
20230314,4667.949525049901
20230315,4614.734900464333
20230316,4636.885627986561
20230319,4614.628576972225
20230320,4662.620714172736
20230321,4681.737459100845
20230322,4725.745791216393
20230323,4712.041128421865
20230326,4695.54898447239
20230327,4680.992782620525
20230328,4688.482371072718
20230329,4724.583685329978
20230330,4738.284978017435
20230402,4782.351028312996
20230403,4796.219846295104
20230405,4789.025516525662
20230406,4818.238572176468
20230409,4797.520146316109
20230410,4792.242874155161
20230411,4788.888304143253
20230412,4757.760530166322
20230413,4782.976660976203
20230416,4846.5902505671875
20230417,4860.6453622938325
20230418,4819.329876714335
20230419,4806.799619034878
20230420,4718.354506044636
20230423,4662.2060874227045
20230424,4640.293718811818
20230425,4637.50954258053
20230426,4669.972109378594
20230427,4714.803841628629
20230503,4715.746802396954
20230504,4700.656412629284
20230507,4750.953436244417
20230508,4712.470713410838
20230509,4678.069677202939
20230510,4671.052572687135
20230511,4612.664415528546
20230514,4680.470582436815
20230515,4658.004323641118
20230516,4637.974905049462
20230517,4633.800727634917
20230518,4622.2162258158305
20230521,4649.949523170726
20230522,4588.1051945125555
20230523,4528.00101646444
20230524,4518.492214329865
20230525,4519.847761994164
20230528,4501.768370946188
20230529,4505.819962480038
20230530,4464.366418825222
20230531,4476.866644797932
20230601,4538.647404496144
20230604,4519.131220656811
20230605,4478.910952792965
20230606,4458.755853505397
20230607,4493.0882735773885
20230608,4514.205788463202
20230611,4523.234200040128
20230612,4547.659664720345
20230613,4552.207324385065
20230614,4622.311317180595
20230615,4665.761043562094
20230618,4633.567292361515
20230619,4627.543654881445
20230620,4564.146306809569
20230625,4504.355990190364
20230626,4546.246500899135
20230627,4544.428002298775
20230628,4524.886961888891
20230629,4553.8462384449795
20230702,4610.769316425542
20230703,4617.2243934685375
20230704,4585.365545153604
20230705,4557.394815328167
20230706,4538.709496585322
20230709,4559.587560269614
20230710,4587.857003143286
20230711,4564.000146726941
20230712,4632.916548942517
20230713,4635.233007216988
20230716,4605.5675159708
20230717,4594.51415393247
20230718,4591.297994024718
20230719,4560.995427264154
20230720,4561.907626349606
20230723,4542.747614318938
20230724,4667.218898951278
20230725,4658.817904933166
20230726,4653.227323447246
20230727,4757.459615492464
20230730,4782.198405493025
20230731,4762.591392030504
20230801,4731.158288843102
20230802,4770.4269026405
20230803,4788.07748218027
20230806,4753.603324308571
20230807,4741.243955665369
20230808,4728.442596985073
20230809,4738.372326438741
20230810,4636.023484187664
20230813,4604.0349221467695
20230814,4593.445641825831
20230815,4561.750866897233
20230816,4575.892294584615
20230817,4523.269533196892
20230820,4461.300740592094
20230821,4493.422105924357
20230822,4423.774063282529
20230823,4454.2981043191785
20230824,4440.935210006221
20230827,4490.673684358291
20230828,4533.335084359695
20230829,4531.521750325951
20230830,4505.692076349093
20230831,4535.429644052996
20230903,4600.286287962955
20230904,4567.624255318417
20230905,4558.489006807781
20230906,4497.861103017238
20230907,4477.170941943358
20230910,4508.511138536961
20230911,4500.395818487595
20230912,4472.94340399482
20230913,4469.365049271624
20230914,4442.101922471067
20230917,4462.979801506681
20230918,4454.946437863968
20230919,4438.017641400084
20230920,4400.294491448184
20230921,4475.979556701093
20230924,4447.780885493877
20230925,4422.873312535111
20230926,4431.276771828928
20230927,4419.312324544989
20231008,4412.683356058172
20231009,4381.353304230159
20231010,4393.182958151579
20231011,4432.721604774943
20231012,4388.394388727194
20231015,4346.265802595413
20231016,4361.043106324238
20231017,4327.899178716174
20231018,4240.475615306107
20231019,4213.7606189296785
20231022,4172.044388802275
20231023,4187.063748601963
20231024,4208.836480094694
20231025,4219.35857129493
20231026,4274.2102327217635
20231029,4298.573231048277
20231030,4285.677511355133
20231031,4284.391808101726
20231101,4264.6836057844575
20231102,4298.801074630734
20231105,4353.395848278543
20231106,4339.029641979225
20231107,4329.049873802673
20231108,4330.781493752193
20231109,4300.899101445303
20231112,4292.297303242412
20231113,4295.301911354682
20231114,4324.080434160757
20231115,4284.298894166478
20231116,4279.157735493479
20231119,4288.571882511565
20231120,4293.718168770579
20231121,4252.498474350381
20231122,4271.634717484957
20231123,4245.150582236551
20231126,4215.434528160895
20231127,4223.022310311585
20231128,4188.3935273670295
20231129,4197.607993127237
20231130,4182.076843552666
20231203,4156.14796712264
20231204,4080.921688917719
20231205,4087.0430714510962
20231206,4077.234168079614
20231207,4089.465870583853
20231210,4112.366879459122
20231211,4120.180376530095
20231212,4055.493544618572
20231213,4034.810527541017
20231214,4023.109577011148
20231217,4009.028693491609
20231218,4014.240430793148
20231219,3976.105146700613
20231220,4013.878145594269
20231221,4020.7017384417795
20231224,4032.3617734832605
20231225,4006.554658132968
20231226,4019.776288504807
20231227,4108.211366851913
20231228,4126.698318002746
20231230,4126.698318002746
20240101,4075.5272588595126
20240102,4066.153546164136
20240103,4030.778010312508
20240104,4010.2210424599143
20240107,3960.8953236376574
20240108,3968.421024752569
20240109,3950.5631301411827
20240110,3971.501114730931
20240111,3958.395161052319
20240114,3954.832605407372
20240115,3977.3751512581944
20240116,3895.4412231422757
20240117,3946.8610472877544
20240118,3941.3354418215517
20240121,3883.0036772825924
20240122,3897.759091256267
20240123,3949.20951126085
20240124,4024.2444919748054
20240125,4014.183880744868
20240128,3980.0633177585373
20240129,3912.8002476884176
20240130,3878.3676055087594
20240131,3881.0824628326154
20240201,3836.838122756324
20240204,3860.2428353051373
20240205,3987.6308488702066
20240206,4023.918289594926
20240207,4048.464191161455
20240218,4091.7827580068824
20240219,4099.557145247095
20240220,4152.441432420782
20240221,4186.076208023391
20240222,4189.843676610611
20240225,4147.9452398445055
20240226,4195.231815578733
20240227,4144.889033791788
20240228,4219.49703640004
20240229,4244.392068914801
20240303,4247.787582569932
20240304,4275.398201856637
20240305,4259.151688689581
20240306,4234.87452406405
20240307,4252.2375096127125
20240310,4301.988688475181
20240311,4311.453063589827
20240312,4282.997473370134
20240313,4271.433380192035
20240314,4280.4033902904375
20240317,4318.070940124993
20240318,4288.708057732143
20240319,4297.714344653381
20240320,4292.986858874261
20240321,4251.34488634318
20240324,4229.237892934197
20240325,4249.961158609573
20240326,4203.2115858648685
20240327,4223.807322635606
20240328,4242.392074855203
20240331,4308.573391222943
20240401,4291.339097658052
20240402,4276.748544726015
20240407,4240.396182095844
20240408,4237.003865150167
20240409,4204.37893538851
20240410,4203.958497494972
20240411,4171.167621214511
20240414,4254.1738568766805
20240415,4211.2067009222255
20240416,4272.269198085598
20240417,4277.395921123301
20240418,4245.315451714877
20240421,4234.277631540418
20240422,4206.331399172251
20240423,4223.577357908857
20240424,4233.2915858320475
20240425,4294.674313826611
20240428,4339.768394121791
20240429,4320.239436348243
20240505,4380.290764513483
20240506,4381.604851742837
20240507,4348.304654869592
20240508,4387.439396763418
20240509,4389.6331164618005
20240512,4387.877263215216
20240513,4379.540296415106
20240514,4348.007606280918
20240515,4363.660433663529
20240516,4406.860671956799
20240519,4421.403312174257
20240520,4405.486260250429
20240521,4415.618878649005
20240522,4367.0470709838655
20240523,4321.629781445633
20240526,4360.524449478644
20240527,4330.872883222189
20240528,4336.503017970378
20240529,4315.68780348412
20240530,4299.288189830881
20240602,4309.176552667491
20240603,4339.771706191431
20240604,4318.072847660474
20240605,4316.345618521409
20240606,4298.216966923619
20240610,4263.83123118823
20240611,4265.536763680705
20240612,4247.194955596879
20240613,4265.882613401504
20240616,4259.910377742743
20240617,4270.560153687099
20240618,4257.321417210669
20240619,4229.223095857078
20240620,4221.18757197495
20240623,4200.081634115075
20240624,4178.241209617677
20240625,4206.235425722115
20240626,4179.315518997494
20240627,4190.599670898787
20240629,4190.599670898787
20240630,4209.876429384921
20240701,4202.298651812028
20240702,4193.053594778042
20240703,4173.346242882585
20240704,4157.070192535342
20240707,4125.892166091327
20240708,4173.339926001378
20240709,4165.4105801419755
20240710,4217.894753451765
20240711,4228.439490335393
20240714,4233.513617723796
20240715,4262.72486168609
20240716,4267.840131520114
20240717,4291.313252243474
20240718,4314.915475130814
20240721,4286.868524542464
20240722,4201.559840904069
20240723,4177.190793826825
20240724,4155.469401698926
20240725,4171.675732365552
20240728,4150.817353703724
20240729,4127.157694787613
20240730,4212.177143300237
20240731,4185.640427297446
20240801,4145.03971515266
20240804,4097.371758428405
20240805,4096.55228407672
20240806,4094.504007934681
20240807,4096.960710339442
20240808,4084.6698282084235
20240811,4078.1343564832896
20240812,4087.5140655032005
20240813,4059.718969857779
20240814,4097.880328174442
20240815,4103.617360633887
20240818,4116.748936187916
20240819,4088.7550434218374
20240820,4076.07990278723
20240821,4066.2973110205403
20240822,4083.3757597268263
20240825,4080.517396695018
20240826,4058.482602752865
20240827,4039.001886259651
20240828,4028.9043815440023
20240829,4080.0714671896108
20240901,4014.3823165678577
20240902,4023.6153958959635
20240903,3999.071341980998
20240904,4005.469856128168
20240905,3974.6277382359813
20240908,3929.714444793915
20240909,3932.8582163497495
20240910,3922.239499165605
20240911,3906.550541168943
20240912,3891.7056491125004
20240917,3904.9374483194833
20240918,3934.6149729267113
20240919,3940.1234338888094
20240922,3953.5198535640316
20240923,4116.404871530869
20240924,4174.857820706607
20240925,4341.4346477528015
20240926,4526.379763747071
20240929,4886.679592941337
20241007,5162.288321983229
20241008,4816.4150044103535
20241009,4866.02407895578
20241010,4737.561043271347
20241013,4822.837142050232
20241014,4701.78392978477
20241015,4673.103047813083
20241016,4623.100845201483
20241017,4785.371684868054
20241020,4796.37803974325
20241021,4821.79884335389
20241022,4840.121678958635
20241023,4788.816389161673
20241024,4821.380340607972
20241027,4829.094549152946
20241028,4783.701060390908
20241029,4742.561231271547
20241030,4744.932511887182
20241031,4744.458018635993
20241103,4807.084864481989
20241104,4922.4549012295565
20241105,4899.8116086839
20241106,5039.94622069226
20241107,4992.570726217752
20241110,5023.524664720302
20241111,4971.280008207211
20241112,5000.610560255634
20241113,4918.600547067442
20241114,4837.44363804083
20241117,4815.675141669646
20241118,4845.532327547998
20241119,4856.192498668604
20241120,4860.077452667538
20241121,4717.677183304379
20241124,4697.3911714161695
20241125,4688.466128190479
20241126,4765.356972692803
20241127,4726.757581213991
20241128,4777.806563091101
20241201,4813.640112314285
20241202,4818.935116437831
20241203,4794.358547343999
20241204,4783.810958539842
20241205,4843.60859552159
20241208,4835.858821768756
20241209,4869.22624763896
20241210,4860.948563017973
20241211,4906.641479510342
20241212,4796.732710369311
20241215,4771.310027004353
20241216,4784.192564077265
20241217,4807.156688384835
20241218,4811.4831294043815
20241219,4795.1240867644065
20241222,4801.837260485877
20241223,4859.459307611708
20241224,4861.889037265513
20241225,4864.319981784146
20241226,4857.02350181147
20241229,4878.394405219439
20241230,4804.242810260103
20250101,4671.165284415899
20250102,4618.848233230441
20250105,4611.458076057273
20250106,4643.738282589672
20250107,4637.701422822306
20250108,4626.570939407532
20250109,4572.902716510404
20250112,4561.470459719129
20250113,4675.507221212107
20250114,4646.986627162713
20250115,4651.633613789875
20250116,4666.053677992624
20250119,4686.584314175792
20250120,4689.864923195714
20250121,4649.063098363911
20250122,4658.36122456064
20250123,4695.1622782346685
20250126,4677.320661577377
20250204,4651.127665872544
20250205,4706.476085096427
20250206,4764.3657409431125
20250209,4774.370908999093
20250210,4753.363676999497
20250211,4795.6686137247925
20250212,4778.883773576756
20250213,4817.592732142728
20250216,4827.227917607013
20250217,4787.644648682636
20250218,4819.2431033639405
20250219,4805.749222674521
20250220,4863.418213346616
20250223,4852.718693277253
20250224,4802.250418867169
20250225,4841.62887230188
20250226,4851.312130046483
20250227,4761.562855640623
20250302,4760.610543069495
20250303,4757.278115689346
20250304,4777.2586837752415
20250305,4839.840772532698
20250306,4825.3212502151
20250309,4807.467561589304
20250310,4821.889964274071
20250311,4805.977727391966
20250312,4787.715012027877
20250313,4898.790000306924
20250316,4887.522783306219
20250317,4899.741590264484
20250318,4902.681435218643
20250319,4861.989179306328
20250320,4791.976535124318
20250323,4814.498824839402
20250324,4812.091575426982
20250325,4796.692882385616
20250326,4812.042299609251
20250327,4792.312926180853
20250330,4760.204429575441
20250331,4761.156470461356
20250401,4757.347545284986
20250402,4730.70639903139
20250406,4412.329858376577
20250407,4484.2508350681155
20250408,4526.851218001263
20250409,4583.889543348078
20250410,4601.308323612802
20250413,4611.43120192475
20250414,4613.736917525713
20250415,4627.578128278289
20250416,4627.578128278289
20250417,4628.9664017167715
20250420,4643.316197562094
20250421,4645.173524041119
20250422,4648.4251455079475
20250423,4645.636090420642
20250424,4648.888035683936
20250427,4642.8444812375465
20250428,4635.415930067567
20250429,4631.244055730506
20250505,4675.2408742599455
20250506,4701.889747243228
20250507,4726.809762903617
20250508,4720.192229235552
20250511,4771.642324534219
20250512,4778.7997880210205
20250513,4833.755985583262
20250514,4793.152435304363
20250515,4772.062564589024
20250518,4758.223583151716
20250519,4783.442168142421
20250520,4805.924346332689
20250521,4803.04079172489
20250522,4767.017985786953
20250525,4741.276088663704
20250526,4717.095580611519
20250527,4713.793613705091
20250528,4740.19085794184
20250529,4719.3340181668955
20250602,4733.020086819579
20250603,4752.425469175539
20250604,4763.3560477546425
20250605,4761.927040940317
20250608,4775.736629359043
20250609,4751.857946212248
20250610,4787.972066603461
20250611,4789.887255430102
20250612,4759.710965720893
20250615,4771.610243135195
20250616,4767.792954940686
20250617,4774.467865077604
20250618,4737.704462516506
20250619,4745.758560102784
20250622,4759.995835783092
20250623,4813.783788727441
20250624,4883.583653663988
20250625,4871.863052895195
20250626,4846.529365020141
20250629,4867.369441289728
20250630,4875.157232395792
20250701,4876.13226384227
20250702,4905.389057425324
20250703,4922.06738022057
20250706,4904.347937651775
20250707,4943.092286359224
20250708,4935.677647929686
20250709,4960.356036169334
20250710,4972.756926259757
20250713,4977.729683186017
20250714,4979.720775059291
20250715,4967.769445199149
20250716,5003.040608260064
20250717,5037.061284396233
20250720,5069.298476616368
20250721,5109.345934581638
20250722,5110.878738362012
20250723,5145.632713782874
20250724,5121.962803299472
20250727,5133.231121466732
20250728,5152.737399728305
20250729,5151.706852248359
20250730,5063.097494389687
20250731,5038.794626416617
20250803,5057.438166534358
20250804,5095.87469660002
20250805,5108.10479587186
20250806,5109.1264168310345
20250807,5099.419076639056
20250810,5120.3266948532755
20250811,5145.416295658057
20250812,5184.521459505058
20250813,5181.929198775306
20250814,5216.6481244071
20250817,5260.467968652119
20250818,5241.530283964971
20250819,5298.66296406019
20250820,5318.7978833236175
20250821,5425.705720778423
20250824,5533.134694049836
20250825,5513.768722620662
20250826,5436.575960503973
20250827,5525.735806256238
20250828,5567.17882480316
20250831,5598.911744104538
20250901,5559.719361895806
20250902,5523.025214107293
20250903,5412.5647098251475
20250904,5525.146055789511
20250907,5533.433774873194
20250908,5496.359768581544
20250909,5507.902124095565
20250910,5628.525180613258
20250911,5598.693997156009
20250914,5611.570993349467
20250915,5600.909008462103
20250916,5633.95437161203
20250917,5570.854082649975
20250918,5575.867851324359
20250921,5599.844083085053
20250922,5595.924192226894
20250923,5651.323841729941
20250924,5684.666652396147
20250925,5634.641585855061
20250928,5716.907353008544
20250929,5742.0617453617815
20251008,5822.450609796847
20251009,5714.153028454626
20251012,5687.8679245237345
20251013,5623.026230184165
20251014,5702.87320265278
20251015,5718.270960299941
20251016,5597.043615941582
20251019,5625.588538382885
20251020,5707.722131043275
20251021,5689.457420223936
20251022,5705.387901000563
20251023,5773.2820170224695
20251026,5838.520103814824
20251027,5811.079059326894
20251028,5876.744252697288
20251029,5832.668670802059
20251030,5751.59457627791
20251102,5766.548722176233
20251103,5725.029571376564
20251104,5735.90712756218
20251105,5813.915464497026
20251106,5797.055109649984
20251109,5816.765097022793
20251110,5766.740917188397
20251111,5759.8208280877725
20251112,5825.482785527974
20251113,5739.265640302159
20251116,5703.108266768256
20251117,5668.889617167646
20251118,5692.69895355975
20251119,5665.943268478019
20251120,5536.193167629872
20251123,5530.103355145478
20251124,5579.321275006273
20251125,5611.123406273809
20251126,5608.8789569113005
20251127,5621.779378512196
20251130,5680.2458840487225
20251201,5654.116752982098
20251202,5626.976992567784
20251203,5645.546016643258
20251204,5690.710384776404
20251207,5733.959783700705
20251208,5706.436776738941
20251209,5699.018408929181
20251210,5652.856359816855
20251211,5688.4693548837
20251214,5656.045079560863
20251215,5591.56616565387
20251216,5689.977730169378
20251217,5659.2518504264635
20251218,5680.757007458084
20251221,5731.883820525207
20251222,5742.201211402153
20251223,5758.279374794078
20251224,5769.220105606187
20251225,5786.527765923004
20251228,5765.117613189089
20251229,5779.5304072220615
20251230,5754.100473430284
20260104,5856.523461857344
20260105,5942.02870440046
20260106,5925.391024028139
20260107,5879.172974040719
20260108,5904.453417829094
20260111,5941.651474361417
20260112,5907.784060957557
20260113,5886.516038338109
20260114,5896.523115603283
20260115,5876.474937010233
20260118,5880.000821972439
20260119,5861.184819342127
20260120,5866.459885679535
20260121,5867.046531668103
20260122,5843.57834554143
20260125,5848.837566052417
20260126,5847.082914782601
20260127,5861.7006220695575
20260128,5903.904866548459
20260129,5848.408160802904
20260201,5729.1006343225245
20260202,5793.266561426937
20260203,5838.454040606068
20260204,5805.758697978673
20260205,5776.7299044887795
20260208,5866.269218008356
20260209,5872.722114148166
20260210,5860.389397708455
20260211,5867.421864985706
20260212,5797.012802605877
20260223,5852.084424230633
20260224,5886.026513891172
20260225,5875.431666166168
20260226,5856.630284834436
20260301,5877.714153859841
20260302,5791.899527213487
20260303,5728.767822366859
20260304,5782.045363114871
20260305,5797.07868105897
20260308,5743.745557193227
20260309,5813.819252990984
20260310,5848.702168508929
20260311,5828.8165811359995
20260312,5807.249959785796
20260315,5809.572859769711
20260316,5769.4868070372995
20260317,5793.718651626857
20260318,5705.074756256966
20260319,5686.248009561318
20260322,5509.974321264916
20260323,5576.645010552223
20260324,5651.372053693623
20260325,5580.729903022452
20260326,5610.307771508472
20260329,5597.404063634003
20260330,5548.146907874024
20260331,5638.026887781583
20260401,5581.646618903767
20260402,5536.993445952537
20260406,5536.993445952537
20260407,5720.821628358161
20260408,5685.924616425176
20260409,5769.507708286626
20260412,5780.469772932372
20260413,5845.211034389215
20260414,5827.090880182609
20260415,5888.275334424526
20260416,5878.854093889446
20260419,5912.3635622246165
20260420,5925.9619984177325
20260421,5966.851136206814
20260422,5951.337323252676
20260423,5932.2930438182675
20260426,5934.072731731413
20260427,5918.644142628911
20260428,5981.381770540776
20260429,5978.3910796555065
20260505,6060.295037446787
20260506,6087.566365115297
20260507,6054.084750107164
20260510,6148.528472208835
20260511,6144.224502278289
20260512,6205.666747301071
20260513,6106.996646018984
20260514,6042.262481571183
20260517,6012.051169163327
20260518,6034.896963606148
20260519,6033.689984213427
20260520,5954.64864542023
20260521,6027.295358894357
20260524,6117.102059741883
20260525,6148.299280246567
20260526,6104.6463553568165
20260527,6111.971930983245
20260528,6087.524043259313
20260531,6030.910069657001
20260601,6114.136628618268
20260602,6142.873070772774
20260603,6102.94439581275
20260604,6001.635518842259
20260607,5879.802317809761
20260608,5983.874818834995
20260609,5927.028008056062
20260610,5897.3928680157815
20260611,5958.136014556344
20260614,6093.981515688229
20260615,6085.449941566266
20260616,6141.436081028676
20260617,6154.333096798836
20260621,6293.421024786489
20260622,6126.645367629648
20260623,6155.440600857506
20260624,6246.541121750197
20260625,6076.010549126417
20260628,6148.922675715934
20260629,6211.641687008237
20260630,6187.416284428904
20260701,6016.0248533502245
20260702,6052.722604955661
20260705,6051.512060434669
20260706,5992.812393448453
20260707,5950.263425454969
20260708,6093.069747665889
20260709,5988.878254980802
20260712,5889.462875948121
20260713,6008.430026042273
20260714,5997.614851995397
20260715,5897.454683967073
20260716,5701.06944299097
20260719,5781.454522137143
20260720,5949.694848731332
20260721,5924.111160881788
20260722,5936.551794319639
20260723,5843.941586328253
20260726,5919.328432791887
20260727,5761.282363636344
20260728,5799.306827236343
20260729,5740.733828281255
20260730,5787.807845673162
20260802,5734.560013492968
20260803,5803.948189656234
20260804,5872.434778294178
20260805,5864.213369604566
20260806,5917.577711267968
20260809,5926.45407783487
20260810,5883.190963066675
20260811,5916.136832459849
20260812,5885.372920931057
20260813,5887.7270700994295
20260816,5978.398066978962
20260817,5959.865032971326
20260818,5799.544663584398
20260819,5804.184299315265
20260820,5838.428986681225
20260823,5771.287053334391
20260824,5758.590221817055
20260825,5805.234802613773
20260826,5854.57929843599
20260827,5830.575523312403
20260830,5849.233364987003
20260831,5832.85551156504
20260901,5756.445104363537
