净值日期,累计净值
2004-05-11,1.0
2004-07-02,0.9951
2004-07-05,0.9957
2004-07-06,0.9969
2004-07-07,0.9958
2004-07-08,0.9961
2004-07-09,0.9958
2004-07-12,0.9929
2004-07-13,0.9922
2004-07-14,0.9929
2004-07-15,0.9953
2004-07-16,0.9988
2004-07-19,0.9986
2004-07-20,0.9963
2004-07-21,0.9949
2004-07-22,0.9887
2004-07-23,0.9893
2004-07-26,0.9873
2004-07-27,0.9861
2004-07-28,0.9875
2004-07-29,0.9911
2004-07-30,0.9899
2004-08-02,0.9895
2004-08-03,0.9877
2004-08-04,0.9935
2004-08-05,0.991
2004-08-06,0.991
2004-08-09,0.991
2004-08-10,0.9922
2004-08-11,0.9891
2004-08-12,0.9869
2004-08-13,0.9882
2004-08-16,0.9884
2004-08-17,0.9897
2004-08-18,0.9899
2004-08-19,0.9894
2004-08-20,0.9895
2004-08-23,0.9874
2004-08-24,0.9885
2004-08-25,0.9882
2004-08-26,0.989
2004-08-27,0.9876
2004-08-30,0.9875
2004-08-31,0.9894
2004-09-01,0.9869
2004-09-02,0.9876
2004-09-03,0.9875
2004-09-06,0.9869
2004-09-07,0.9874
2004-09-08,0.9856
2004-09-09,0.9826
2004-09-10,0.9829
2004-09-13,0.978
2004-09-14,0.9817
2004-09-15,0.9892
2004-09-16,0.9926
2004-09-17,1.0003
2004-09-20,1.0108
2004-09-21,1.0099
2004-09-22,1.0065
2004-09-23,1.0136
2004-09-24,1.0092
2004-09-27,1.0095
2004-09-28,1.0119
2004-09-29,1.0097
2004-09-30,1.0068
2004-10-08,1.0108
2004-10-11,1.012
2004-10-12,1.0073
2004-10-13,1.0058
2004-10-14,0.9977
2004-10-15,0.9976
2004-10-18,0.9992
2004-10-19,0.9989
2004-10-20,1.0006
2004-10-21,1.0021
2004-10-22,1.0055
2004-10-25,1.0041
2004-10-26,1.0042
2004-10-27,1.0041
2004-10-28,1.0034
2004-10-29,0.999
2004-11-01,0.9979
2004-11-02,0.997
2004-11-03,0.9991
2004-11-04,0.9958
2004-11-05,0.9944
2004-11-08,0.9938
2004-11-09,0.995
2004-11-10,1.0021
2004-11-11,1.001
2004-11-12,1.0007
2004-11-15,1.0048
2004-11-16,1.0046
2004-11-17,1.0018
2004-11-18,1.0056
2004-11-19,1.0062
2004-11-22,1.0068
2004-11-23,1.0048
2004-11-24,1.0033
2004-11-25,1.0017
2004-11-26,1.0015
2004-11-29,0.9976
2004-11-30,0.9983
2004-12-01,0.9975
2004-12-02,0.995
2004-12-03,0.9933
2004-12-06,0.9931
2004-12-07,0.9907
2004-12-08,0.9913
2004-12-09,0.9962
2004-12-10,0.9926
2004-12-13,0.9898
2004-12-14,0.9896
2004-12-15,0.9904
2004-12-16,0.9875
2004-12-17,0.9848
2004-12-20,0.9758
2004-12-21,0.9749
2004-12-22,0.9799
2004-12-23,0.9736
2004-12-24,0.9719
2004-12-27,0.9684
2004-12-28,0.9689
2004-12-29,0.9683
2004-12-30,0.9695
2004-12-31,0.97
2005-01-04,0.9623
2005-01-05,0.9618
2005-01-06,0.9608
2005-01-07,0.9597
2005-01-10,0.9635
2005-01-11,0.9655
2005-01-12,0.9656
2005-01-13,0.9666
2005-01-14,0.965
2005-01-17,0.9595
2005-01-18,0.9583
2005-01-19,0.957
2005-01-20,0.9542
2005-01-21,0.9631
2005-01-24,0.9681
2005-01-25,0.9691
2005-01-26,0.9701
2005-01-27,0.9665
2005-01-28,0.9645
2005-01-31,0.9643
2005-02-01,0.9651
2005-02-02,0.9821
2005-02-03,0.9848
2005-02-04,0.9929
2005-02-16,0.9968
2005-02-17,0.9933
2005-02-18,0.9909
2005-02-21,0.9983
2005-02-22,1.0054
2005-02-23,1.004
2005-02-24,1.003
2005-02-25,1.0057
2005-02-28,1.0015
2005-03-01,0.9982
2005-03-02,0.9913
2005-03-03,0.9909
2005-03-04,0.9896
2005-03-07,0.9909
2005-03-08,0.999
2005-03-09,0.9985
2005-03-10,0.9902
2005-03-11,0.9905
2005-03-14,0.9946
2005-03-15,0.9904
2005-03-16,0.9864
2005-03-17,0.9835
2005-03-18,0.9787
2005-03-21,0.9803
2005-03-22,0.9773
2005-03-23,0.9776
2005-03-24,0.9785
2005-03-25,0.9786
2005-03-28,0.9784
2005-03-29,0.9786
2005-03-30,0.9763
2005-03-31,0.9777
2005-04-01,0.9895
2005-04-04,0.9872
2005-04-05,0.9848
2005-04-06,0.9943
2005-04-07,1.0003
2005-04-08,1.0059
2005-04-11,1.0035
2005-04-12,1.0001
2005-04-13,1.0074
2005-04-14,1.0024
2005-04-15,0.9984
2005-04-18,0.9969
2005-04-19,0.9991
2005-04-20,0.9978
2005-04-21,0.9986
2005-04-22,1.0006
2005-04-25,0.9993
2005-04-26,1.0032
2005-04-27,0.9998
2005-04-28,1.0051
2005-04-29,1.0016
2005-05-09,0.9963
2005-05-10,0.9976
2005-05-11,0.9915
2005-05-12,0.9846
2005-05-13,0.9845
2005-05-16,0.9783
2005-05-17,0.9827
2005-05-18,0.9819
2005-05-19,0.9828
2005-05-20,0.9828
2005-05-23,0.9774
2005-05-24,0.9763
2005-05-25,0.9758
2005-05-26,0.9698
2005-05-27,0.967
2005-05-30,0.9686
2005-05-31,0.9703
2005-06-01,0.9638
2005-06-02,0.9543
2005-06-03,0.9539
2005-06-06,0.9616
2005-06-07,0.9612
2005-06-08,0.9915
2005-06-09,0.9923
2005-06-10,0.9839
2005-06-13,0.9803
2005-06-14,0.9785
2005-06-15,0.9741
2005-06-16,0.9817
2005-06-17,0.9849
2005-06-20,0.9997
2005-06-21,0.9956
2005-06-22,0.9997
2005-06-23,0.9987
2005-06-24,0.9991
2005-06-27,1.0061
2005-06-28,1.0014
2005-06-29,0.9985
2005-06-30,0.989
2005-07-01,0.9851
2005-07-04,0.9837
2005-07-05,0.9826
2005-07-06,0.9799
2005-07-07,0.9806
2005-07-08,0.9765
2005-07-11,0.9759
2005-07-12,0.9854
2005-07-13,0.9839
2005-07-14,0.9859
2005-07-15,0.9834
2005-07-18,0.9817
2005-07-19,0.9809
2005-07-20,0.9845
2005-07-21,0.9848
2005-07-22,0.99
2005-07-25,0.9898
2005-07-26,1.0005
2005-07-27,1.0075
2005-07-28,1.0087
2005-07-29,1.0095
2005-08-01,1.0126
2005-08-02,1.0184
2005-08-03,1.0191
2005-08-04,1.0187
2005-08-05,1.032
2005-08-08,1.0348
2005-08-09,1.035
2005-08-10,1.0372
2005-08-11,1.0455
2005-08-12,1.0442
2005-08-15,1.0528
2005-08-16,1.0464
2005-08-17,1.046
2005-08-18,1.0371
2005-08-19,1.0393
2005-08-22,1.0396
2005-08-23,1.0349
2005-08-24,1.0381
2005-08-25,1.0356
2005-08-26,1.0327
2005-08-29,1.0277
2005-08-30,1.0265
2005-08-31,1.0313
2005-09-01,1.0412
2005-09-02,1.0436
2005-09-05,1.0435
2005-09-06,1.0403
2005-09-07,1.0455
2005-09-08,1.0481
2005-09-09,1.0489
2005-09-12,1.0482
2005-09-13,1.0529
2005-09-14,1.0556
2005-09-15,1.0546
2005-09-16,1.0518
2005-09-19,1.0505
2005-09-20,1.047
2005-09-21,1.0366
2005-09-22,1.0235
2005-09-23,1.0192
2005-09-26,1.0202
2005-09-27,1.0138
2005-09-28,1.0116
2005-09-29,1.0158
2005-09-30,1.022
2005-10-10,1.0179
2005-10-11,1.0168
2005-10-12,1.017
2005-10-13,1.0137
2005-10-14,1.0099
2005-10-17,1.0055
2005-10-18,1.0061
2005-10-19,1.0062
2005-10-20,1.0065
2005-10-21,1.005
2005-10-24,1.0072
2005-10-25,1.003
2005-10-26,0.998
2005-10-27,0.9994
2005-10-28,0.9951
2005-10-31,0.9977
2005-11-01,0.9956
2005-11-02,0.9975
2005-11-03,0.9978
2005-11-04,0.9998
2005-11-07,0.9995
2005-11-08,1.0012
2005-11-09,1.0004
2005-11-10,0.9949
2005-11-11,0.996
2005-11-14,0.9943
2005-11-15,0.9885
2005-11-16,0.9896
2005-11-17,0.99
2005-11-18,0.9974
2005-11-21,0.999
2005-11-22,0.9936
2005-11-23,0.9946
2005-11-24,0.9943
2005-11-25,0.998
2005-11-28,0.9979
2005-11-29,0.9968
2005-11-30,0.9947
2005-12-01,0.9934
2005-12-02,0.9945
2005-12-05,0.9927
2005-12-06,0.9959
2005-12-07,1.0018
2005-12-08,1.0018
2005-12-09,1.0077
2005-12-12,1.009
2005-12-13,1.0081
2005-12-14,1.0129
2005-12-15,1.0184
2005-12-16,1.0204
2005-12-19,1.0237
2005-12-20,1.0255
2005-12-21,1.0255
2005-12-22,1.0304
2005-12-23,1.0357
2005-12-26,1.0375
2005-12-27,1.0381
2005-12-28,1.0419
2005-12-29,1.0447
2005-12-30,1.0427
2005-12-31,1.0427
2006-01-04,1.0658
2006-01-05,1.0744
2006-01-06,1.0829
2006-01-09,1.0835
2006-01-10,1.0932
2006-01-11,1.0991
2006-01-12,1.1059
2006-01-13,1.1042
2006-01-16,1.0985
2006-01-17,1.103
2006-01-18,1.1146
2006-01-19,1.121
2006-01-20,1.126
2006-01-23,1.1274
2006-01-24,1.1274
2006-01-25,1.1288
2006-02-06,1.1325
2006-02-07,1.1328
2006-02-08,1.1366
2006-02-09,1.1336
2006-02-10,1.1385
2006-02-13,1.1384
2006-02-14,1.1366
2006-02-15,1.1356
2006-02-16,1.1252
2006-02-17,1.1205
2006-02-20,1.1233
2006-02-21,1.1292
2006-02-22,1.1309
2006-02-23,1.1319
2006-02-24,1.1357
2006-02-27,1.1564
2006-02-28,1.1599
2006-03-01,1.1602
2006-03-02,1.1483
2006-03-03,1.1464
2006-03-06,1.1445
2006-03-07,1.1326
2006-03-08,1.1271
2006-03-09,1.13
2006-03-10,1.1331
2006-03-13,1.138
2006-03-14,1.1373
2006-03-15,1.1402
2006-03-16,1.1395
2006-03-17,1.1379
2006-03-20,1.1429
2006-03-21,1.1447
2006-03-22,1.1463
2006-03-23,1.1454
2006-03-24,1.1435
2006-03-27,1.1468
2006-03-28,1.1475
2006-03-29,1.1522
2006-03-30,1.1528
2006-03-31,1.1683
2006-04-03,1.1821
2006-04-04,1.1881
2006-04-05,1.1929
2006-04-06,1.1956
2006-04-07,1.193
2006-04-10,1.1985
2006-04-11,1.203
2006-04-12,1.1999
2006-04-13,1.1872
2006-04-14,1.1941
2006-04-17,1.1965
2006-04-18,1.1975
2006-04-19,1.1997
2006-04-20,1.1943
2006-04-21,1.1958
2006-04-24,1.1931
2006-04-25,1.1986
2006-04-26,1.2036
2006-04-27,1.2019
2006-04-28,1.2148
2006-05-08,1.2386
2006-05-09,1.2522
2006-05-10,1.2589
2006-05-11,1.2548
2006-05-12,1.2729
2006-05-15,1.3085
2006-05-16,1.3035
2006-05-17,1.3128
2006-05-18,1.31
2006-05-19,1.3259
2006-05-22,1.3384
2006-05-23,1.3211
2006-05-24,1.3138
2006-05-25,1.3106
2006-05-26,1.3239
2006-05-29,1.3493
2006-05-30,1.3568
2006-05-31,1.3624
2006-06-01,1.3878
2006-06-02,1.3835
2006-06-05,1.387
2006-06-06,1.3883
2006-06-07,1.3476
2006-06-08,1.3482
2006-06-09,1.3459
2006-06-12,1.3516
2006-06-13,1.3448
2006-06-14,1.3435
2006-06-15,1.3456
2006-06-16,1.3566
2006-06-19,1.3641
2006-06-20,1.3729
2006-06-21,1.3723
2006-06-22,1.3777
2006-06-23,1.3919
2006-06-26,1.4012
2006-06-27,1.3979
2006-06-28,1.4006
2006-06-29,1.4152
2006-06-30,1.4135
2006-07-03,1.4223
2006-07-04,1.4169
2006-07-05,1.4105
2006-07-06,1.4212
2006-07-07,1.4188
2006-07-10,1.42
2006-07-11,1.4216
2006-07-12,1.4247
2006-07-13,1.3983
2006-07-14,1.4022
2006-07-17,1.4061
2006-07-18,1.4047
2006-07-19,1.3947
2006-07-20,1.3997
2006-07-21,1.4028
2006-07-24,1.4046
2006-07-25,1.4128
2006-07-26,1.4095
2006-07-27,1.4037
2006-07-28,1.4002
2006-07-31,1.3788
2006-08-01,1.3753
2006-08-02,1.3711
2006-08-03,1.3643
2006-08-04,1.3566
2006-08-07,1.3538
2006-08-08,1.3619
2006-08-09,1.3627
2006-08-10,1.368
2006-08-11,1.3691
2006-08-14,1.3656
2006-08-15,1.37
2006-08-16,1.3769
2006-08-17,1.373
2006-08-18,1.3727
2006-08-21,1.3721
2006-08-22,1.3775
2006-08-23,1.3788
2006-08-24,1.3814
2006-08-25,1.382
2006-08-28,1.3878
2006-08-29,1.3894
2006-08-30,1.3899
2006-08-31,1.391
2006-09-01,1.3846
2006-09-04,1.3929
2006-09-05,1.3997
2006-09-06,1.4008
2006-09-07,1.3997
2006-09-08,1.4016
2006-09-11,1.4045
2006-09-12,1.4059
2006-09-13,1.405
2006-09-14,1.4042
2006-09-15,1.4082
2006-09-18,1.4083
2006-09-19,1.4121
2006-09-20,1.4141
2006-09-21,1.4213
2006-09-22,1.4189
2006-09-25,1.4183
2006-09-26,1.4138
2006-09-27,1.4193
2006-09-28,1.4252
2006-09-29,1.4325
2006-09-30,1.4325
2006-10-09,1.4404
2006-10-10,1.4387
2006-10-11,1.4397
2006-10-12,1.4351
2006-10-13,1.4366
2006-10-16,1.4334
2006-10-17,1.4304
2006-10-18,1.4378
2006-10-19,1.439
2006-10-20,1.4467
2006-10-23,1.4423
2006-10-24,1.4486
2006-10-25,1.4487
2006-10-26,1.4493
2006-10-27,1.4452
2006-10-30,1.4446
2006-10-31,1.4502
2006-11-01,1.455
2006-11-02,1.4572
2006-11-03,1.4631
2006-11-06,1.4715
2006-11-07,1.474
2006-11-08,1.4689
2006-11-09,1.4764
2006-11-10,1.4717
2006-11-13,1.4636
2006-11-14,1.4652
2006-11-15,1.4763
2006-11-16,1.4762
2006-11-17,1.4825
2006-11-20,1.4905
2006-11-21,1.4923
2006-11-22,1.4922
2006-11-23,1.4966
2006-11-24,1.4949
2006-11-27,1.4968
2006-11-28,1.4952
2006-11-29,1.4987
2006-11-30,1.5231
2006-12-01,1.5306
2006-12-04,1.5458
2006-12-05,1.5544
2006-12-06,1.5494
2006-12-07,1.5558
2006-12-08,1.5411
2006-12-11,1.5559
2006-12-12,1.5567
2006-12-13,1.559
2006-12-14,1.5656
2006-12-15,1.5774
2006-12-18,1.5965
2006-12-19,1.5959
2006-12-20,1.6024
2006-12-21,1.598
2006-12-22,1.5964
2006-12-25,1.6084
2006-12-26,1.6067
2006-12-27,1.6216
2006-12-28,1.6202
2006-12-29,1.6403
2006-12-31,1.6403
2007-01-04,1.647
2007-01-05,1.6498
2007-01-08,1.6644
2007-01-09,1.6829
2007-01-10,1.6961
2007-01-11,1.6924
2007-01-12,1.6722
2007-01-15,1.7
2007-01-16,1.7226
2007-01-17,1.6987
2007-01-18,1.701
2007-01-19,1.7257
2007-01-22,1.7635
2007-01-23,1.7729
2007-01-24,1.7915
2007-01-25,1.7641
2007-01-26,1.7815
2007-01-29,1.8076
2007-01-30,1.79
2007-01-31,1.7396
2007-02-01,1.7425
2007-02-02,1.7171
2007-02-05,1.7193
2007-02-06,1.7274
2007-02-07,1.7435
2007-02-08,1.7665
2007-02-09,1.7725
2007-02-12,1.8038
2007-02-13,1.8267
2007-02-14,1.8478
2007-02-15,1.8691
2007-02-16,1.8731
2007-02-26,1.8873
2007-02-27,1.8051
2007-02-28,1.831
2007-03-01,1.8117
2007-03-02,1.83
2007-03-05,1.8294
2007-03-06,1.8381
2007-03-07,1.8607
2007-03-08,1.8748
2007-03-09,1.8747
2007-03-12,1.889
2007-03-13,1.9017
2007-03-14,1.9139
2007-03-15,1.9252
2007-03-16,1.9133
2007-03-19,1.9214
2007-03-20,1.9249
2007-03-21,1.941
2007-03-22,1.9485
2007-03-23,1.9447
2007-03-26,1.9654
2007-03-27,1.974
2007-03-28,1.973
2007-03-29,1.9657
2007-03-30,1.9595
2007-03-31,1.9595
2007-04-02,1.9738
2007-04-03,1.9855
2007-04-04,1.9967
2007-04-05,2.0156
2007-04-06,2.0285
2007-04-09,2.048
2007-04-10,2.0537
2007-04-11,2.0717
2007-04-12,2.0903
2007-04-13,2.0978
2007-04-16,2.1223
2007-04-17,2.1441
2007-04-18,2.1542
2007-04-19,2.1274
2007-04-20,2.1538
2007-04-23,2.2
2007-04-24,2.2174
2007-04-25,2.2106
2007-04-26,2.2211
2007-04-27,2.2222
2007-04-30,2.2434
2007-05-08,2.2692
2007-05-09,2.2759
2007-05-10,2.2891
2007-05-11,2.2818
2007-05-14,2.288
2007-05-15,2.2677
2007-05-16,2.2894
2007-05-17,2.3133
2007-05-18,2.3088
2007-05-21,2.3163
2007-05-22,2.3318
2007-05-23,2.3447
2007-05-24,2.3489
2007-05-25,2.3627
2007-05-28,2.3915
2007-05-29,2.4127
2007-05-30,2.3735
2007-05-31,2.3896
2007-06-01,2.342
2007-06-04,2.2919
2007-06-05,2.2922
2007-06-06,2.3109
2007-06-07,2.3317
2007-06-08,2.3372
2007-06-11,2.3469
2007-06-12,2.3695
2007-06-13,2.3917
2007-06-14,2.3876
2007-06-15,2.3863
2007-06-18,2.4023
2007-06-19,2.4048
2007-06-20,2.3918
2007-06-21,2.3965
2007-06-22,2.3822
2007-06-25,2.3574
2007-06-26,2.3532
2007-06-27,2.3655
2007-06-28,2.3433
2007-06-29,2.3607
2007-06-30,2.3606
2007-07-02,2.3467
2007-07-03,2.358
2007-07-04,2.355
2007-07-05,2.3207
2007-07-06,2.3382
2007-07-09,2.362
2007-07-10,2.3587
2007-07-11,2.352
2007-07-12,2.3525
2007-07-13,2.3451
2007-07-16,2.3312
2007-07-17,2.34
2007-07-18,2.3439
2007-07-19,2.3423
2007-07-20,2.3672
2007-07-23,2.3999
2007-07-24,2.4045
2007-07-25,2.4185
2007-07-26,2.4187
2007-07-27,2.4263
2007-07-30,2.448
2007-07-31,2.4711
2007-08-01,2.4441
2007-08-02,2.4592
2007-08-03,2.4794
2007-08-06,2.492
2007-08-07,2.5005
2007-08-08,2.491
2007-08-09,2.5004
2007-08-10,2.4872
2007-08-13,2.4894
2007-08-14,2.4966
2007-08-15,2.4997
2007-08-16,2.4933
2007-08-17,2.4853
2007-08-20,2.5175
2007-08-21,2.5339
2007-08-22,2.546
2007-08-23,2.5602
2007-08-24,2.5841
2007-08-27,2.5854
2007-08-28,2.5874
2007-08-29,2.581
2007-08-30,2.5991
2007-08-31,2.6183
2007-09-03,2.6619
2007-09-04,2.6533
2007-09-05,2.6572
2007-09-06,2.6853
2007-09-07,2.6712
2007-09-10,2.6846
2007-09-11,2.6422
2007-09-12,2.6526
2007-09-13,2.6727
2007-09-14,2.6888
2007-09-17,2.7141
2007-09-18,2.7152
2007-09-19,2.7007
2007-09-20,2.7186
2007-09-21,2.7358
2007-09-24,2.7552
2007-09-25,2.7326
2007-09-26,2.7217
2007-09-27,2.7373
2007-09-28,2.7641
2007-09-30,2.764
2007-10-08,2.7767
2007-10-09,2.7724
2007-10-10,2.7688
2007-10-11,2.7846
2007-10-12,2.789
2007-10-15,2.7973
2007-10-16,2.8097
2007-10-17,2.8
2007-10-18,2.767
2007-10-19,2.7711
2007-10-22,2.7569
2007-10-23,2.7597
2007-10-24,2.7668
2007-10-25,2.7343
2007-10-26,2.7346
2007-10-29,2.7481
2007-10-30,2.7496
2007-10-31,2.7552
2007-11-01,2.7393
2007-11-02,2.725
2007-11-05,2.7255
2007-11-06,2.7203
2007-11-07,2.7176
2007-11-08,2.6828
2007-11-09,2.6742
2007-11-12,2.6503
2007-11-13,2.6473
2007-11-14,2.6672
2007-11-15,2.6541
2007-11-16,2.635
2007-11-19,2.6203
2007-11-20,2.6363
2007-11-21,2.6313
2007-11-22,2.6016
2007-11-23,2.6076
2007-11-26,2.6065
2007-11-27,2.5952
2007-11-28,2.5925
2007-11-29,2.6134
2007-11-30,2.5994
2007-12-03,2.6073
2007-12-04,2.6146
2007-12-05,2.6317
2007-12-06,2.636
2007-12-07,2.6491
2007-12-10,2.6727
2007-12-11,2.6742
2007-12-12,2.6689
2007-12-13,2.64
2007-12-14,2.6621
2007-12-17,2.6508
2007-12-18,2.6443
2007-12-19,2.6601
2007-12-20,2.676
2007-12-21,2.6878
2007-12-24,2.7078
2007-12-25,2.7103
2007-12-26,2.7187
2007-12-27,2.7315
2007-12-28,2.733
2007-12-29,2.733
2007-12-31,2.7329
2008-01-02,2.7462
2008-01-03,2.7474
2008-01-04,2.7673
2008-01-07,2.8136
2008-01-08,2.8195
2008-01-09,2.8419
2008-01-10,2.8539
2008-01-11,2.8566
2008-01-14,2.8639
2008-01-15,2.8566
2008-01-16,2.8363
2008-01-17,2.8014
2008-01-18,2.7995
2008-01-21,2.7632
2008-01-22,2.7093
2008-01-23,2.7408
2008-01-24,2.7598
2008-01-25,2.7666
2008-01-28,2.7301
2008-01-29,2.734
2008-01-30,2.7234
2008-01-31,2.7182
2008-02-01,2.6985
2008-02-04,2.7478
2008-02-05,2.742
2008-02-13,2.7328
2008-02-14,2.7435
2008-02-15,2.7397
2008-02-18,2.7586
2008-02-19,2.7729
2008-02-20,2.7588
2008-02-21,2.7596
2008-02-22,2.7446
2008-02-25,2.727
2008-02-26,2.7141
2008-02-27,2.7151
2008-02-28,2.7142
2008-02-29,2.7152
2008-03-03,2.7357
2008-03-04,2.7296
2008-03-05,2.7272
2008-03-06,2.7304
2008-03-07,2.7177
2008-03-10,2.6897
2008-03-11,2.6848
2008-03-12,2.6673
2008-03-13,2.6564
2008-03-14,2.6474
2008-03-17,2.6147
2008-03-18,2.585
2008-03-19,2.5926
2008-03-20,2.6106
2008-03-21,2.6084
2008-03-24,2.5917
2008-03-25,2.5923
2008-03-26,2.5977
2008-03-27,2.5888
2008-03-28,2.6014
2008-03-31,2.5941
2008-04-01,2.5674
2008-04-02,2.5642
2008-04-03,2.5734
2008-04-07,2.5872
2008-04-08,2.5883
2008-04-09,2.5667
2008-04-10,2.5763
2008-04-11,2.5808
2008-04-14,2.5604
2008-04-15,2.5589
2008-04-16,2.5543
2008-04-17,2.5445
2008-04-18,2.5356
2008-04-21,2.538
2008-04-22,2.5326
2008-04-23,2.5486
2008-04-24,2.5827
2008-04-25,2.58
2008-04-28,2.5775
2008-04-29,2.5801
2008-04-30,2.596
2008-05-05,2.6094
2008-05-06,2.6062
2008-05-07,2.5866
2008-05-08,2.5955
2008-05-09,2.5967
2008-05-12,2.6048
2008-05-13,2.6049
2008-05-14,2.6106
2008-05-15,2.6074
2008-05-16,2.6041
2008-05-19,2.6038
2008-05-20,2.5857
2008-05-21,2.5902
2008-05-22,2.5901
2008-05-23,2.5885
2008-05-26,2.5813
2008-05-27,2.5821
2008-05-28,2.5904
2008-05-29,2.5845
2008-05-30,2.5825
2008-06-02,2.5822
2008-06-03,2.5793
2008-06-04,2.5731
2008-06-05,2.5701
2008-06-06,2.5696
2008-06-10,2.5441
2008-06-11,2.5401
2008-06-12,2.5344
2008-06-13,2.5317
2008-06-16,2.5322
2008-06-17,2.5237
2008-06-18,2.5323
2008-06-19,2.5201
2008-06-20,2.5237
2008-06-23,2.5203
2008-06-24,2.5232
2008-06-25,2.5299
2008-06-26,2.5338
2008-06-27,2.5235
2008-06-30,2.5221
2008-07-01,2.5159
2008-07-02,2.5164
2008-07-03,2.5268
2008-07-04,2.5237
2008-07-07,2.5343
2008-07-08,2.5345
2008-07-09,2.5386
2008-07-10,2.5378
2008-07-11,2.5356
2008-07-14,2.5352
2008-07-15,2.5295
2008-07-16,2.5234
2008-07-17,2.5228
2008-07-18,2.5263
2008-07-21,2.5331
2008-07-22,2.5329
2008-07-23,2.5318
2008-07-24,2.5358
2008-07-25,2.5372
2008-07-28,2.5405
2008-07-29,2.5395
2008-07-30,2.5383
2008-07-31,2.5346
2008-08-01,2.5344
2008-08-04,2.5307
2008-08-05,2.5244
2008-08-06,2.525
2008-08-07,2.5238
2008-08-08,2.5204
2008-08-11,2.5129
2008-08-12,2.5126
2008-08-13,2.5126
2008-08-14,2.5135
2008-08-15,2.5141
2008-08-18,2.509
2008-08-19,2.5103
2008-08-20,2.5178
2008-08-21,2.5127
2008-08-22,2.5098
2008-08-25,2.5091
2008-08-26,2.5072
2008-08-27,2.5061
2008-08-28,2.5055
2008-08-29,2.5097
2008-09-01,2.5053
2008-09-02,2.503
2008-09-03,2.4999
2008-09-04,2.5009
2008-09-05,2.4982
2008-09-08,2.4937
2008-09-09,2.4928
2008-09-10,2.4925
2008-09-11,2.489
2008-09-12,2.4899
2008-09-16,2.486
2008-09-17,2.483
2008-09-18,2.4819
2008-09-19,2.4936
2008-09-22,2.4946
2008-09-23,2.4884
2008-09-24,2.4861
2008-09-25,2.4933
2008-09-26,2.4945
2008-09-30,2.4946
2008-10-06,2.484
2008-10-07,2.4833
2008-10-08,2.4793
2008-10-09,2.4813
2008-10-10,2.4764
2008-10-13,2.4802
2008-10-14,2.4791
2008-10-15,2.4782
2008-10-16,2.4735
2008-10-17,2.4717
2008-10-20,2.4734
2008-10-21,2.4741
2008-10-22,2.4725
2008-10-23,2.4671
2008-10-24,2.4616
2008-10-27,2.4479
2008-10-28,2.44
2008-10-29,2.4365
2008-10-30,2.4396
2008-10-31,2.4364
2008-11-03,2.4356
2008-11-04,2.4361
2008-11-05,2.4417
2008-11-06,2.44
2008-11-07,2.4422
2008-11-10,2.451
2008-11-11,2.4507
2008-11-12,2.4539
2008-11-13,2.4591
2008-11-14,2.4657
2008-11-17,2.4677
2008-11-18,2.4548
2008-11-19,2.4629
2008-11-20,2.4616
2008-11-21,2.4603
2008-11-24,2.4577
2008-11-25,2.4583
2008-11-26,2.4596
2008-11-27,2.4647
2008-11-28,2.4654
2008-12-01,2.4699
2008-12-02,2.4709
2008-12-03,2.478
2008-12-04,2.4809
2008-12-05,2.486
2008-12-08,2.4915
2008-12-09,2.4862
2008-12-10,2.491
2008-12-11,2.4884
2008-12-12,2.482
2008-12-15,2.4849
2008-12-16,2.4854
2008-12-17,2.4901
2008-12-18,2.496
2008-12-19,2.4985
2008-12-22,2.4949
2008-12-23,2.4853
2008-12-24,2.483
2008-12-25,2.4836
2008-12-26,2.4834
2008-12-29,2.4832
2008-12-30,2.4815
2008-12-31,2.4829
2009-01-05,2.4897
2009-01-06,2.4965
2009-01-07,2.4983
2009-01-08,2.4963
2009-01-09,2.5012
2009-01-12,2.5024
2009-01-13,2.4971
2009-01-14,2.5004
2009-01-15,2.5032
2009-01-16,2.5067
2009-01-19,2.5083
2009-01-20,2.5121
2009-01-21,2.5129
2009-01-22,2.5167
2009-01-23,2.522
2009-02-02,2.5265
2009-02-03,2.5331
2009-02-04,2.5364
2009-02-05,2.5302
2009-02-06,2.5379
2009-02-09,2.5415
2009-02-10,2.5482
2009-02-11,2.5524
2009-02-12,2.559
2009-02-13,2.5761
2009-02-16,2.5848
2009-02-17,2.5706
2009-02-18,2.5562
2009-02-19,2.5598
2009-02-20,2.5673
2009-02-23,2.5798
2009-02-24,2.577
2009-02-25,2.5893
2009-02-26,2.5806
2009-02-27,2.5695
2009-03-02,2.5751
2009-03-03,2.5771
2009-03-04,2.5878
2009-03-05,2.5905
2009-03-06,2.5895
2009-03-09,2.5827
2009-03-10,2.5881
2009-03-11,2.5893
2009-03-12,2.5881
2009-03-13,2.5874
2009-03-16,2.5871
2009-03-17,2.5967
2009-03-18,2.6016
2009-03-19,2.6113
2009-03-20,2.6194
2009-03-23,2.6255
2009-03-24,2.6286
2009-03-25,2.6206
2009-03-26,2.6249
2009-03-27,2.6284
2009-03-30,2.6272
2009-03-31,2.6263
2009-04-01,2.6319
2009-04-02,2.6352
2009-04-03,2.6349
2009-04-07,2.6332
2009-04-08,2.6222
2009-04-09,2.6265
2009-04-10,2.6361
2009-04-13,2.6402
2009-04-14,2.6435
2009-04-15,2.6506
2009-04-16,2.6523
2009-04-17,2.6504
2009-04-20,2.6547
2009-04-21,2.6539
2009-04-22,2.6452
2009-04-23,2.6458
2009-04-24,2.6408
2009-04-27,2.6322
2009-04-28,2.6342
2009-04-29,2.6429
2009-04-30,2.6454
2009-05-04,2.6568
2009-05-05,2.6559
2009-05-06,2.6613
2009-05-07,2.6656
2009-05-08,2.6712
2009-05-11,2.6655
2009-05-12,2.673
2009-05-13,2.6843
2009-05-14,2.6822
2009-05-15,2.6822
2009-05-18,2.6857
2009-05-19,2.6929
2009-05-20,2.6911
2009-05-21,2.6812
2009-05-22,2.6772
2009-05-25,2.6774
2009-05-26,2.6756
2009-05-27,2.6791
2009-06-01,2.6902
2009-06-02,2.6943
2009-06-03,2.703
2009-06-04,2.7029
2009-06-05,2.7055
2009-06-08,2.7064
2009-06-09,2.7054
2009-06-10,2.7118
2009-06-11,2.7075
2009-06-12,2.7021
2009-06-15,2.7025
2009-06-16,2.7
2009-06-17,2.7063
2009-06-18,2.7104
2009-06-19,2.7103
2009-06-22,2.7083
2009-06-23,2.707
2009-06-24,2.7121
2009-06-25,2.7126
2009-06-26,2.7166
2009-06-29,2.7249
2009-06-30,2.7239
2009-07-01,2.7336
2009-07-02,2.7423
2009-07-03,2.7524
2009-07-06,2.765
2009-07-07,2.7655
2009-07-08,2.7679
2009-07-09,2.7816
2009-07-10,2.791
2009-07-13,2.7861
2009-07-14,2.7957
2009-07-15,2.806
2009-07-16,2.8183
2009-07-17,2.8316
2009-07-20,2.8591
2009-07-21,2.8432
2009-07-22,2.8589
2009-07-23,2.8614
2009-07-24,2.8631
2009-07-27,2.8858
2009-07-28,2.9027
2009-07-29,2.8773
2009-07-30,2.8807
2009-07-31,2.9033
2009-08-03,2.9155
2009-08-04,2.9218
2009-08-05,2.9126
2009-08-06,2.8886
2009-08-07,2.843
2009-08-10,2.8407
2009-08-11,2.8353
2009-08-12,2.8006
2009-08-13,2.8127
2009-08-14,2.8013
2009-08-17,2.7716
2009-08-18,2.7836
2009-08-19,2.7595
2009-08-20,2.7767
2009-08-21,2.787
2009-08-24,2.7975
2009-08-25,2.79
2009-08-26,2.7962
2009-08-27,2.7882
2009-08-28,2.7608
2009-08-31,2.7217
2009-09-01,2.7202
2009-09-02,2.723
2009-09-03,2.7465
2009-09-04,2.7479
2009-09-07,2.7497
2009-09-08,2.7567
2009-09-09,2.7685
2009-09-10,2.7665
2009-09-11,2.7715
2009-09-14,2.776
2009-09-15,2.7804
2009-09-16,2.7725
2009-09-17,2.7816
2009-09-18,2.7745
2009-09-21,2.7747
2009-09-22,2.7585
2009-09-23,2.7442
2009-09-24,2.7383
2009-09-25,2.7342
2009-09-28,2.7239
2009-09-29,2.7214
2009-09-30,2.7284
2009-10-09,2.7491
2009-10-12,2.7478
2009-10-13,2.7539
2009-10-14,2.7643
2009-10-15,2.7704
2009-10-16,2.7718
2009-10-19,2.7848
2009-10-20,2.7937
2009-10-21,2.7947
2009-10-22,2.7952
2009-10-23,2.8068
2009-10-26,2.8078
2009-10-27,2.7899
2009-10-28,2.794
2009-10-29,2.777
2009-10-30,2.7869
2009-11-02,2.8059
2009-11-03,2.8175
2009-11-04,2.8241
2009-11-05,2.8294
2009-11-06,2.8326
2009-11-09,2.8332
2009-11-10,2.8347
2009-11-11,2.8311
2009-11-12,2.8358
2009-11-13,2.831
2009-11-16,2.8414
2009-11-17,2.8421
2009-11-18,2.8438
2009-11-19,2.8473
2009-11-20,2.8459
2009-11-23,2.8487
2009-11-24,2.8285
2009-11-25,2.8396
2009-11-26,2.816
2009-11-27,2.8064
2009-11-30,2.8291
2009-12-01,2.8414
2009-12-02,2.8445
2009-12-03,2.851
2009-12-04,2.8454
2009-12-07,2.8508
2009-12-08,2.8478
2009-12-09,2.8388
2009-12-10,2.8391
2009-12-11,2.8407
2009-12-14,2.8394
2009-12-15,2.839
2009-12-16,2.8375
2009-12-17,2.8253
2009-12-18,2.813
2009-12-21,2.8145
2009-12-22,2.8062
2009-12-23,2.8118
2009-12-24,2.8256
2009-12-25,2.8269
2009-12-28,2.8317
2009-12-29,2.831
2009-12-30,2.8324
2009-12-31,2.8381
2010-01-04,2.8354
2010-01-05,2.8384
2010-01-06,2.838
2010-01-07,2.8306
2010-01-08,2.83
2010-01-11,2.8294
2010-01-12,2.8385
2010-01-13,2.8338
2010-01-14,2.8436
2010-01-15,2.8449
2010-01-18,2.8486
2010-01-19,2.8467
2010-01-20,2.8324
2010-01-21,2.8323
2010-01-22,2.8182
2010-01-25,2.7948
2010-01-26,2.7795
2010-01-27,2.781
2010-01-28,2.7863
2010-01-29,2.7876
2010-02-01,2.7833
2010-02-02,2.7818
2010-02-03,2.7868
2010-02-04,2.7873
2010-02-05,2.7806
2010-02-08,2.7769
2010-02-09,2.7781
2010-02-10,2.7851
2010-02-11,2.787
2010-02-12,2.7931
2010-02-22,2.7911
2010-02-23,2.7899
2010-02-24,2.7962
2010-02-25,2.8017
2010-02-26,2.8028
2010-03-01,2.8072
2010-03-02,2.8058
2010-03-03,2.8094
2010-03-04,2.7977
2010-03-05,2.8
2010-03-08,2.8029
2010-03-09,2.8019
2010-03-10,2.7985
2010-03-11,2.7982
2010-03-12,2.7924
2010-03-15,2.7847
2010-03-16,2.7874
2010-03-17,2.7967
2010-03-18,2.7945
2010-03-19,2.7957
2010-03-22,2.7974
2010-03-23,2.7953
2010-03-24,2.7973
2010-03-25,2.7924
2010-03-26,2.7952
2010-03-29,2.8006
2010-03-30,2.8007
2010-03-31,2.7986
2010-04-01,2.8087
2010-04-02,2.8104
2010-04-06,2.8108
2010-04-07,2.8067
2010-04-08,2.8075
2010-04-09,2.8133
2010-04-12,2.8154
2010-04-13,2.8177
2010-04-14,2.8224
2010-04-15,2.8199
2010-04-16,2.8147
2010-04-19,2.799
2010-04-20,2.8078
2010-04-21,2.8187
2010-04-22,2.8217
2010-04-23,2.8216
2010-04-26,2.8219
2010-04-27,2.8143
2010-04-28,2.8158
2010-04-29,2.8111
2010-04-30,2.8085
2010-05-04,2.8075
2010-05-05,2.813
2010-05-06,2.7975
2010-05-07,2.793
2010-05-10,2.7898
2010-05-11,2.7833
2010-05-12,2.7796
2010-05-13,2.7925
2010-05-14,2.7926
2010-05-17,2.7781
2010-05-18,2.7843
2010-05-19,2.7846
2010-05-20,2.7829
2010-05-21,2.7872
2010-05-24,2.798
2010-05-25,2.7891
2010-05-26,2.7871
2010-05-27,2.7924
2010-05-28,2.7948
2010-05-31,2.7896
2010-06-01,2.7835
2010-06-02,2.785
2010-06-03,2.7871
2010-06-04,2.7895
2010-06-07,2.7879
2010-06-08,2.7902
2010-06-09,2.7968
2010-06-10,2.7971
2010-06-11,2.7955
2010-06-17,2.7901
2010-06-18,2.776
2010-06-21,2.784
2010-06-22,2.7855
2010-06-23,2.786
2010-06-24,2.7871
2010-06-25,2.7824
2010-06-28,2.7801
2010-06-29,2.7651
2010-06-30,2.7636
2010-07-01,2.7588
2010-07-02,2.754
2010-07-05,2.755
2010-07-06,2.7643
2010-07-07,2.7697
2010-07-08,2.7718
2010-07-09,2.7832
2010-07-12,2.7855
2010-07-13,2.7782
2010-07-14,2.7811
2010-07-15,2.7763
2010-07-16,2.7777
2010-07-19,2.7877
2010-07-20,2.7947
2010-07-21,2.7962
2010-07-22,2.8
2010-07-23,2.8009
2010-07-26,2.8044
2010-07-27,2.8063
2010-07-28,2.813
2010-07-29,2.8131
2010-07-30,2.8123
2010-08-02,2.8165
2010-08-03,2.8117
2010-08-04,2.8122
2010-08-05,2.8143
2010-08-06,2.8198
2010-08-09,2.8224
2010-08-10,2.8124
2010-08-11,2.8165
2010-08-12,2.8151
2010-08-13,2.8225
2010-08-16,2.8514
2010-08-17,2.8533
2010-08-18,2.8524
2010-08-19,2.8532
2010-08-20,2.8447
2010-08-23,2.847
2010-08-24,2.849
2010-08-25,2.8413
2010-08-26,2.8432
2010-08-27,2.8453
2010-08-30,2.8563
2010-08-31,2.8582
2010-09-01,2.8553
2010-09-02,2.8629
2010-09-03,2.864
2010-09-06,2.8665
2010-09-07,2.8691
2010-09-08,2.8727
2010-09-09,2.8688
2010-09-10,2.8741
2010-09-13,2.8775
2010-09-14,2.8755
2010-09-15,2.8694
2010-09-16,2.861
2010-09-17,2.8634
2010-09-20,2.8584
2010-09-21,2.8559
2010-09-27,2.8669
2010-09-28,2.8664
2010-09-29,2.8653
2010-09-30,2.8757
2010-10-08,2.8943
2010-10-11,2.9016
2010-10-12,2.9071
2010-10-13,2.9101
2010-10-14,2.9123
2010-10-15,2.921
2010-10-18,2.9145
2010-10-19,2.924
2010-10-20,2.9211
2010-10-21,2.9144
2010-10-22,2.9235
2010-10-25,2.94
2010-10-26,2.9405
2010-10-27,2.9333
2010-10-28,2.932
2010-10-29,2.9335
2010-11-01,2.9465
2010-11-02,2.9449
2010-11-03,2.9345
2010-11-04,2.9431
2010-11-05,2.9557
2010-11-08,2.9613
2010-11-09,2.9607
2010-11-10,2.9607
2010-11-11,2.9619
2010-11-12,2.9311
2010-11-15,2.9399
2010-11-16,2.9153
2010-11-17,2.8981
2010-11-18,2.9027
2010-11-19,2.9123
2010-11-22,2.9141
2010-11-23,2.9043
2010-11-24,2.9153
2010-11-25,2.9222
2010-11-26,2.921
2010-11-29,2.921
2010-11-30,2.9104
2010-12-01,2.9104
2010-12-02,2.9147
2010-12-03,2.9116
2010-12-06,2.9069
2010-12-07,2.9181
2010-12-08,2.9153
2010-12-09,2.9106
2010-12-10,2.9149
2010-12-13,2.93
2010-12-14,2.9332
2010-12-15,2.9323
2010-12-16,2.9349
2010-12-17,2.9401
2010-12-20,2.9386
2010-12-21,2.9444
2010-12-22,2.9409
2010-12-23,2.9292
2010-12-24,2.9216
2010-12-27,2.9101
2010-12-28,2.9029
2010-12-29,2.9075
2010-12-30,2.915
2010-12-31,2.9266
2011-01-04,2.939
2011-01-05,2.938
2011-01-06,2.9358
2011-01-07,2.9281
2011-01-10,2.916
2011-01-11,2.9133
2011-01-12,2.916
2011-01-13,2.9139
2011-01-14,2.907
2011-01-17,2.8893
2011-01-18,2.8882
2011-01-19,2.8954
2011-01-20,2.8833
2011-01-21,2.8813
2011-01-24,2.8729
2011-01-25,2.8729
2011-01-26,2.877
2011-01-27,2.8783
2011-01-28,2.881
2011-01-31,2.8855
2011-02-01,2.8878
2011-02-09,2.8825
2011-02-10,2.889
2011-02-11,2.8922
2011-02-14,2.9011
2011-02-15,2.8992
2011-02-16,2.9028
2011-02-17,2.9034
2011-02-18,2.8979
2011-02-21,2.908
2011-02-22,2.8965
2011-02-23,2.9022
2011-02-24,2.9021
2011-02-25,2.9025
2011-02-28,2.9061
2011-03-01,2.9035
2011-03-02,2.9009
2011-03-03,2.895
2011-03-04,2.901
2011-03-07,2.9027
2011-03-08,2.9025
2011-03-09,2.9073
2011-03-10,2.9045
2011-03-11,2.9019
2011-03-14,2.907
2011-03-15,2.8985
2011-03-16,2.9023
2011-03-17,2.8969
2011-03-18,2.896
2011-03-21,2.8936
2011-03-22,2.8936
2011-03-23,2.899
2011-03-24,2.898
2011-03-25,2.9089
2011-03-28,2.9072
2011-03-29,2.9039
2011-03-30,2.9064
2011-03-31,2.9021
2011-04-01,2.9056
2011-04-06,2.9045
2011-04-07,2.9067
2011-04-08,2.9139
2011-04-11,2.917
2011-04-12,2.9202
2011-04-13,2.9256
2011-04-14,2.9311
2011-04-15,2.9314
2011-04-18,2.9333
2011-04-19,2.9183
2011-04-20,2.9162
2011-04-21,2.9228
2011-04-22,2.9245
2011-04-25,2.9104
2011-04-26,2.9075
2011-04-27,2.9069
2011-04-28,2.8902
2011-04-29,2.8976
2011-05-03,2.9023
2011-05-04,2.8896
2011-05-05,2.8925
2011-05-06,2.8965
2011-05-09,2.8991
2011-05-10,2.9037
2011-05-11,2.9043
2011-05-12,2.9013
2011-05-13,2.904
2011-05-16,2.9013
2011-05-17,2.9003
2011-05-18,2.9016
2011-05-19,2.8989
2011-05-20,2.8959
2011-05-23,2.8796
2011-05-24,2.8797
2011-05-25,2.8752
2011-05-26,2.8726
2011-05-27,2.8681
2011-05-30,2.864
2011-05-31,2.8692
2011-06-01,2.8742
2011-06-02,2.8672
2011-06-03,2.8727
2011-06-07,2.8759
2011-06-08,2.8766
2011-06-09,2.8679
2011-06-10,2.8698
2011-06-13,2.8694
2011-06-14,2.8737
2011-06-15,2.8703
2011-06-16,2.8654
2011-06-17,2.8616
2011-06-20,2.8549
2011-06-21,2.857
2011-06-22,2.8565
2011-06-23,2.8625
2011-06-24,2.8724
2011-06-27,2.8741
2011-06-28,2.8724
2011-06-29,2.869
2011-06-30,2.8781
2011-07-01,2.8837
2011-07-04,2.8941
2011-07-05,2.8971
2011-07-06,2.9
2011-07-07,2.9019
2011-07-08,2.9021
2011-07-11,2.904
2011-07-12,2.8988
2011-07-13,2.9052
2011-07-14,2.9062
2011-07-15,2.9098
2011-07-18,2.9067
2011-07-19,2.8958
2011-07-20,2.894
2011-07-21,2.8884
2011-07-22,2.8914
2011-07-25,2.879
2011-07-26,2.8843
2011-07-27,2.8903
2011-07-28,2.8881
2011-07-29,2.8829
2011-08-01,2.8797
2011-08-02,2.8742
2011-08-03,2.8713
2011-08-04,2.8746
2011-08-05,2.8704
2011-08-08,2.8554
2011-08-09,2.8589
2011-08-10,2.8618
2011-08-11,2.8751
2011-08-12,2.8772
2011-08-15,2.8797
2011-08-16,2.8788
2011-08-17,2.8785
2011-08-18,2.8703
2011-08-19,2.8649
2011-08-22,2.8583
2011-08-23,2.8625
2011-08-24,2.8626
2011-08-25,2.8704
2011-08-26,2.8725
2011-08-29,2.8441
2011-08-30,2.8347
2011-08-31,2.8309
2011-09-01,2.8263
2011-09-02,2.808
2011-09-05,2.7865
2011-09-06,2.7842
2011-09-07,2.7944
2011-09-08,2.7932
2011-09-09,2.7928
2011-09-13,2.786
2011-09-14,2.7885
2011-09-15,2.7889
2011-09-16,2.791
2011-09-19,2.7846
2011-09-20,2.7855
2011-09-21,2.7934
2011-09-22,2.7835
2011-09-23,2.7729
2011-09-26,2.7617
2011-09-27,2.7638
2011-09-28,2.7623
2011-09-29,2.7515
2011-09-30,2.7581
2011-10-10,2.7577
2011-10-11,2.7532
2011-10-12,2.7674
2011-10-13,2.7813
2011-10-14,2.782
2011-10-17,2.7906
2011-10-18,2.7744
2011-10-19,2.7742
2011-10-20,2.7658
2011-10-21,2.7726
2011-10-24,2.7802
2011-10-25,2.7879
2011-10-26,2.7919
2011-10-27,2.7858
2011-10-28,2.8021
2011-10-31,2.8096
2011-11-01,2.815
2011-11-02,2.8201
2011-11-03,2.825
2011-11-04,2.8279
2011-11-07,2.8258
2011-11-08,2.8249
2011-11-09,2.8279
2011-11-10,2.8212
2011-11-11,2.8195
2011-11-14,2.8285
2011-11-15,2.8289
2011-11-16,2.8184
2011-11-17,2.8178
2011-11-18,2.8066
2011-11-21,2.8069
2011-11-22,2.8097
2011-11-23,2.8118
2011-11-24,2.8096
2011-11-25,2.8097
2011-11-28,2.8091
2011-11-29,2.8124
2011-11-30,2.7964
2011-12-01,2.8024
2011-12-02,2.7968
2011-12-05,2.7866
2011-12-06,2.7861
2011-12-07,2.788
2011-12-08,2.7899
2011-12-09,2.787
2011-12-12,2.7851
2011-12-13,2.7758
2011-12-14,2.7732
2011-12-15,2.7679
2011-12-16,2.7798
2011-12-19,2.7755
2011-12-20,2.7756
2011-12-21,2.7674
2011-12-22,2.7657
2011-12-23,2.7667
2011-12-26,2.7611
2011-12-27,2.7563
2011-12-28,2.7551
2011-12-29,2.758
2011-12-30,2.7647
2011-12-31,2.7646
2012-01-04,2.7597
2012-01-05,2.7564
2012-01-06,2.7561
2012-01-09,2.7727
2012-01-10,2.7908
2012-01-11,2.7866
2012-01-12,2.7838
2012-01-13,2.7732
2012-01-16,2.765
2012-01-17,2.7821
2012-01-18,2.7727
2012-01-19,2.7816
2012-01-20,2.7914
2012-01-30,2.7852
2012-01-31,2.7848
2012-02-01,2.7835
2012-02-02,2.79
2012-02-03,2.7929
2012-02-06,2.7937
2012-02-07,2.7866
2012-02-08,2.7957
2012-02-09,2.793
2012-02-10,2.7911
2012-02-13,2.7893
2012-02-14,2.7887
2012-02-15,2.7931
2012-02-16,2.7897
2012-02-17,2.7893
2012-02-20,2.7893
2012-02-21,2.7851
2012-02-22,2.7872
2012-02-23,2.7875
2012-02-24,2.7909
2012-02-27,2.7948
2012-02-28,2.7942
2012-02-29,2.7895
2012-03-01,2.7889
2012-03-02,2.7959
2012-03-05,2.7941
2012-03-06,2.7898
2012-03-07,2.7866
2012-03-08,2.7909
2012-03-09,2.7969
2012-03-12,2.795
2012-03-13,2.7995
2012-03-14,2.7905
2012-03-15,2.7881
2012-03-16,2.798
2012-03-19,2.7981
2012-03-20,2.7922
2012-03-21,2.7893
2012-03-22,2.7883
2012-03-23,2.7853
2012-03-26,2.7834
2012-03-27,2.7828
2012-03-28,2.7746
2012-03-29,2.7713
2012-03-30,2.7731
2012-03-31,2.7731
2012-04-05,2.7798
2012-04-06,2.7795
2012-04-09,2.7785
2012-04-10,2.778
2012-04-11,2.7813
2012-04-12,2.7906
2012-04-13,2.7948
2012-04-16,2.7952
2012-04-17,2.7887
2012-04-18,2.7969
2012-04-19,2.7942
2012-04-20,2.7971
2012-04-23,2.7913
2012-04-24,2.7898
2012-04-25,2.7912
2012-04-26,2.7911
2012-04-27,2.79
2012-05-02,2.7991
2012-05-03,2.801
2012-05-04,2.8029
2012-05-07,2.801
2012-05-08,2.7987
2012-05-09,2.7925
2012-05-10,2.793
2012-05-11,2.7912
2012-05-14,2.788
2012-05-15,2.7893
2012-05-16,2.7848
2012-05-17,2.7906
2012-05-18,2.7869
2012-05-21,2.7886
2012-05-22,2.7969
2012-05-23,2.7967
2012-05-24,2.7946
2012-05-25,2.7898
2012-05-28,2.7947
2012-05-29,2.8025
2012-05-30,2.8057
2012-05-31,2.8047
2012-06-01,2.8034
2012-06-04,2.7903
2012-06-05,2.7888
2012-06-06,2.789
2012-06-07,2.7899
2012-06-08,2.7903
2012-06-11,2.7971
2012-06-12,2.7966
2012-06-13,2.8078
2012-06-14,2.8059
2012-06-15,2.808
2012-06-18,2.8101
2012-06-19,2.8068
2012-06-20,2.805
2012-06-21,2.7993
2012-06-25,2.7917
2012-06-26,2.7904
2012-06-27,2.7911
2012-06-28,2.7887
2012-06-29,2.7938
2012-06-30,2.7938
2012-07-02,2.7947
2012-07-03,2.7945
2012-07-04,2.7945
2012-07-05,2.7908
2012-07-06,2.7996
2012-07-09,2.793
2012-07-10,2.7886
2012-07-11,2.7915
2012-07-12,2.7943
2012-07-13,2.7961
2012-07-16,2.7894
2012-07-17,2.7906
2012-07-18,2.7911
2012-07-19,2.7953
2012-07-20,2.7934
2012-07-23,2.789
2012-07-24,2.7906
2012-07-25,2.7892
2012-07-26,2.7859
2012-07-27,2.7845
2012-07-30,2.7786
2012-07-31,2.7784
2012-08-01,2.7823
2012-08-02,2.7804
2012-08-03,2.7815
2012-08-06,2.7862
2012-08-07,2.7863
2012-08-08,2.7873
2012-08-09,2.7906
2012-08-10,2.792
2012-08-13,2.7842
2012-08-14,2.784
2012-08-15,2.7811
2012-08-16,2.7793
2012-08-17,2.7772
2012-08-20,2.7748
2012-08-21,2.7767
2012-08-22,2.773
2012-08-23,2.7702
2012-08-24,2.7667
2012-08-27,2.7554
2012-08-28,2.7552
2012-08-29,2.7523
2012-08-30,2.7512
2012-08-31,2.7511
2012-09-03,2.7554
2012-09-04,2.7523
2012-09-05,2.749
2012-09-06,2.7477
2012-09-07,2.7592
2012-09-10,2.7624
2012-09-11,2.7581
2012-09-12,2.7583
2012-09-13,2.7549
2012-09-14,2.7555
2012-09-17,2.7473
2012-09-18,2.7446
2012-09-19,2.7434
2012-09-20,2.7376
2012-09-21,2.7364
2012-09-24,2.7363
2012-09-25,2.7375
2012-09-26,2.7347
2012-09-27,2.7417
2012-09-28,2.7479
2012-09-30,2.7478
2012-10-08,2.7455
2012-10-09,2.7537
2012-10-10,2.7549
2012-10-11,2.7524
2012-10-12,2.7525
2012-10-15,2.7514
2012-10-16,2.7513
2012-10-17,2.7521
2012-10-18,2.7561
2012-10-19,2.7554
2012-10-22,2.7557
2012-10-23,2.7499
2012-10-24,2.7485
2012-10-25,2.7457
2012-10-26,2.7388
2012-10-29,2.7361
2012-10-30,2.7359
2012-10-31,2.7361
2012-11-01,2.7412
2012-11-02,2.742
2012-11-05,2.739
2012-11-06,2.7347
2012-11-07,2.7351
2012-11-08,2.7305
2012-11-09,2.7297
2012-11-12,2.7292
2012-11-13,2.724
2012-11-14,2.7245
2012-11-15,2.7222
2012-11-16,2.7209
2012-11-19,2.7198
2012-11-20,2.7187
2012-11-21,2.7208
2012-11-22,2.7182
2012-11-23,2.7225
2012-11-26,2.7221
2012-11-27,2.7166
2012-11-28,2.7114
2012-11-29,2.7096
2012-11-30,2.7137
2012-12-03,2.7088
2012-12-04,2.7113
2012-12-05,2.7209
2012-12-06,2.7214
2012-12-07,2.7302
2012-12-10,2.7351
2012-12-11,2.7323
2012-12-12,2.7312
2012-12-13,2.7273
2012-12-14,2.7453
2012-12-17,2.7507
2012-12-18,2.7503
2012-12-19,2.7506
2012-12-20,2.7546
2012-12-21,2.7554
2012-12-24,2.7545
2012-12-25,2.7663
2012-12-26,2.7712
2012-12-27,2.7702
2012-12-28,2.7736
2012-12-31,2.782
2013-01-04,2.7868
2013-01-07,2.7902
2013-01-08,2.79
2013-01-09,2.7917
2013-01-10,2.7992
2013-01-11,2.7931
2013-01-14,2.8191
2013-01-15,2.8287
2013-01-16,2.8298
2013-01-17,2.8231
2013-01-18,2.8333
2013-01-21,2.8357
2013-01-22,2.8271
2013-01-23,2.8277
2013-01-24,2.8182
2013-01-25,2.8103
2013-01-28,2.827
2013-01-29,2.8313
2013-01-30,2.8329
2013-01-31,2.8366
2013-02-01,2.8431
2013-02-04,2.8366
2013-02-05,2.8375
2013-02-06,2.8414
2013-02-07,2.8451
2013-02-08,2.8559
2013-02-18,2.8561
2013-02-19,2.8445
2013-02-20,2.8549
2013-02-21,2.8396
2013-02-22,2.8353
2013-02-25,2.8379
2013-02-26,2.8318
2013-02-27,2.8313
2013-02-28,2.8453
2013-03-01,2.8488
2013-03-04,2.8297
2013-03-05,2.8392
2013-03-06,2.8487
2013-03-07,2.844
2013-03-08,2.8451
2013-03-11,2.8435
2013-03-12,2.8372
2013-03-13,2.8311
2013-03-14,2.83
2013-03-15,2.8298
2013-03-18,2.821
2013-03-19,2.8241
2013-03-20,2.8377
2013-03-21,2.8454
2013-03-22,2.8536
2013-03-25,2.8552
2013-03-26,2.8511
2013-03-27,2.8539
2013-03-28,2.8403
2013-03-29,2.842
2013-04-01,2.8406
2013-04-02,2.8294
2013-04-03,2.8243
2013-04-08,2.8249
2013-04-09,2.8301
2013-04-10,2.8266
2013-04-11,2.8286
2013-04-12,2.8292
2013-04-15,2.8158
2013-04-16,2.817
2013-04-17,2.8198
2013-04-18,2.8196
2013-04-19,2.8318
2013-04-22,2.8274
2013-04-23,2.8127
2013-04-24,2.8198
2013-04-25,2.8163
2013-04-26,2.8108
2013-05-02,2.8119
2013-05-03,2.8249
2013-05-06,2.8329
2013-05-07,2.8355
2013-05-08,2.8418
2013-05-09,2.8406
2013-05-10,2.8425
2013-05-13,2.8445
2013-05-14,2.8412
2013-05-15,2.852
2013-05-16,2.8639
2013-05-17,2.8823
2013-05-20,2.8851
2013-05-21,2.8831
2013-05-22,2.8702
2013-05-23,2.8675
2013-05-24,2.8826
2013-05-27,2.8887
2013-05-28,2.8906
2013-05-29,2.8961
2013-05-30,2.891
2013-05-31,2.885
2013-06-03,2.8796
2013-06-04,2.8717
2013-06-05,2.8766
2013-06-06,2.867
2013-06-07,2.8597
2013-06-13,2.8457
2013-06-14,2.8591
2013-06-17,2.8605
2013-06-18,2.8612
2013-06-19,2.8561
2013-06-20,2.8272
2013-06-21,2.8302
2013-06-24,2.8061
2013-06-25,2.8174
2013-06-26,2.8361
2013-06-27,2.8362
2013-06-28,2.8346
2013-06-30,2.8346
2013-07-01,2.8489
2013-07-02,2.8573
2013-07-03,2.8546
2013-07-04,2.8499
2013-07-05,2.8438
2013-07-08,2.8332
2013-07-09,2.8343
2013-07-10,2.8467
2013-07-11,2.854
2013-07-12,2.8539
2013-07-15,2.8672
2013-07-16,2.8697
2013-07-17,2.8618
2013-07-18,2.8589
2013-07-19,2.8545
2013-07-22,2.8608
2013-07-23,2.8743
2013-07-24,2.874
2013-07-25,2.8614
2013-07-26,2.859
2013-07-29,2.8535
2013-07-30,2.8432
2013-07-31,2.8451
2013-08-01,2.8619
2013-08-02,2.8633
2013-08-05,2.8725
2013-08-06,2.8793
2013-08-07,2.8734
2013-08-08,2.8737
2013-08-09,2.8763
2013-08-12,2.8802
2013-08-13,2.8809
2013-08-14,2.8778
2013-08-15,2.8692
2013-08-16,2.8549
2013-08-19,2.8684
2013-08-20,2.8712
2013-08-21,2.8668
2013-08-22,2.8697
2013-08-23,2.8689
2013-08-26,2.8759
2013-08-27,2.8764
2013-08-28,2.8689
2013-08-29,2.8658
2013-08-30,2.858
2013-09-02,2.8591
2013-09-03,2.8694
2013-09-04,2.8678
2013-09-05,2.8736
2013-09-06,2.8738
2013-09-09,2.8791
2013-09-10,2.8825
2013-09-11,2.8999
2013-09-12,2.9151
2013-09-13,2.907
2013-09-16,2.8983
2013-09-17,2.8915
2013-09-18,2.896
2013-09-23,2.9019
2013-09-24,2.9045
2013-09-25,2.8964
2013-09-26,2.8901
2013-09-27,2.8884
2013-09-30,2.8911
2013-10-08,2.9068
2013-10-09,2.9155
2013-10-10,2.9113
2013-10-11,2.9194
2013-10-14,2.9206
2013-10-15,2.9205
2013-10-16,2.9104
2013-10-17,2.9056
2013-10-18,2.9096
2013-10-21,2.9265
2013-10-22,2.9172
2013-10-23,2.9081
2013-10-24,2.8982
2013-10-25,2.8869
2013-10-28,2.886
2013-10-29,2.8793
2013-10-30,2.8934
2013-10-31,2.8859
2013-11-01,2.8862
2013-11-04,2.883
2013-11-05,2.8846
2013-11-06,2.8802
2013-11-07,2.8737
2013-11-08,2.8659
2013-11-11,2.8704
2013-11-12,2.8737
2013-11-13,2.8606
2013-11-14,2.8687
2013-11-15,2.874
2013-11-18,2.8903
2013-11-19,2.8861
2013-11-20,2.8856
2013-11-21,2.8842
2013-11-22,2.8815
2013-11-25,2.8787
2013-11-26,2.882
2013-11-27,2.8878
2013-11-28,2.8943
2013-11-29,2.9033
2013-12-02,2.8865
2013-12-03,2.8956
2013-12-04,2.9001
2013-12-05,2.8921
2013-12-06,2.885
2013-12-09,2.8899
2013-12-10,2.8887
2013-12-11,2.8814
2013-12-12,2.8872
2013-12-13,2.8877
2013-12-16,2.878
2013-12-17,2.8742
2013-12-18,2.8739
2013-12-19,2.8685
2013-12-20,2.8645
2013-12-23,2.8682
2013-12-24,2.8734
2013-12-25,2.8845
2013-12-26,2.8728
2013-12-27,2.8807
2013-12-30,2.882
2013-12-31,2.8844
2014-01-02,2.8978
2014-01-03,2.8966
2014-01-06,2.887
2014-01-07,2.8901
2014-01-08,2.9004
2014-01-09,2.8928
2014-01-10,2.8836
2014-01-13,2.8822
2014-01-14,2.8935
2014-01-15,2.8969
2014-01-16,2.8937
2014-01-17,2.8877
2014-01-20,2.8747
2014-01-21,2.8841
2014-01-22,2.8949
2014-01-23,2.8966
2014-01-24,2.9042
2014-01-27,2.9021
2014-01-28,2.9017
2014-01-29,2.9092
2014-01-30,2.9032
2014-02-07,2.9151
2014-02-10,2.9288
2014-02-11,2.9285
2014-02-12,2.9305
2014-02-13,2.9248
2014-02-14,2.9312
2014-02-17,2.94
2014-02-18,2.9333
2014-02-19,2.934
2014-02-20,2.9525
2014-02-21,2.9388
2014-02-24,2.9255
2014-02-25,2.9085
2014-02-26,2.9168
2014-02-27,2.9164
2014-02-28,2.9263
2014-03-03,2.9383
2014-03-04,2.9334
2014-03-05,2.9221
2014-03-06,2.9298
2014-03-07,2.9353
2014-03-10,2.9181
2014-03-11,2.9155
2014-03-12,2.905
2014-03-13,2.9171
2014-03-14,2.9173
2014-03-17,2.9282
2014-03-18,2.9284
2014-03-19,2.9233
2014-03-20,2.9157
2014-03-21,2.9249
2014-03-24,2.9203
2014-03-25,2.9204
2014-03-26,2.9204
2014-03-27,2.9124
2014-03-28,2.9038
2014-03-31,2.9011
2014-04-01,2.9088
2014-04-02,2.9079
2014-04-03,2.9061
2014-04-04,2.9124
2014-04-08,2.9227
2014-04-09,2.9279
2014-04-10,2.9392
2014-04-11,2.9355
2014-04-14,2.9398
2014-04-15,2.9326
2014-04-16,2.9282
2014-04-17,2.9273
2014-04-18,2.9287
2014-04-21,2.9243
2014-04-22,2.923
2014-04-23,2.9215
2014-04-24,2.9196
2014-04-25,2.9139
2014-04-28,2.9011
2014-04-29,2.8994
2014-04-30,2.9063
2014-05-05,2.9068
2014-05-06,2.9102
2014-05-07,2.9044
2014-05-08,2.9033
2014-05-09,2.9027
2014-05-12,2.9119
2014-05-13,2.9121
2014-05-14,2.9122
2014-05-15,2.9045
2014-05-16,2.9002
2014-05-19,2.8928
2014-05-20,2.893
2014-05-21,2.8992
2014-05-22,2.9036
2014-05-23,2.91
2014-05-26,2.9145
2014-05-27,2.9147
2014-05-28,2.9209
2014-05-29,2.9194
2014-05-30,2.9196
2014-06-03,2.9203
2014-06-04,2.9155
2014-06-05,2.9214
2014-06-06,2.9235
2014-06-09,2.9248
2014-06-10,2.9334
2014-06-11,2.9358
2014-06-12,2.9361
2014-06-13,2.9496
2014-06-16,2.9556
2014-06-17,2.9431
2014-06-18,2.9372
2014-06-19,2.9313
2014-06-20,2.9388
2014-06-23,2.94
2014-06-24,2.9453
2014-06-25,2.9469
2014-06-26,2.9555
2014-06-27,2.957
2014-06-30,2.9593
2014-07-01,2.9516
2014-07-02,2.9535
2014-07-03,2.9584
2014-07-04,2.9541
2014-07-07,2.9525
2014-07-08,2.9559
2014-07-09,2.944
2014-07-10,2.9396
2014-07-11,2.9449
2014-07-14,2.9502
2014-07-15,2.9466
2014-07-16,2.9423
2014-07-17,2.9349
2014-07-18,2.9378
2014-07-21,2.9355
2014-07-22,2.9461
2014-07-23,2.9475
2014-07-24,2.954
2014-07-25,2.9562
2014-07-28,2.968
2014-07-29,2.9713
2014-07-30,2.9704
2014-07-31,2.9754
2014-08-01,2.9818
2014-08-04,2.9919
2014-08-05,2.9876
2014-08-06,2.9854
2014-08-07,2.975
2014-08-08,2.9772
2014-08-11,2.9898
2014-08-12,2.992
2014-08-13,2.9912
2014-08-14,2.9848
2014-08-15,2.9923
2014-08-18,2.9982
2014-08-19,2.9993
2014-08-20,2.9986
2014-08-21,2.9916
2014-08-22,2.9949
2014-08-25,2.9938
2014-08-26,2.9874
2014-08-27,2.988
2014-08-28,2.9872
2014-08-29,2.9958
2014-09-01,3.0104
2014-09-02,3.0205
2014-09-03,3.0369
2014-09-04,3.0421
2014-09-05,3.047
2014-09-09,3.042
2014-09-10,3.0399
2014-09-11,3.0339
2014-09-12,3.0417
2014-09-15,3.0347
2014-09-16,3.0108
2014-09-17,3.0158
2014-09-18,3.0239
2014-09-19,3.0318
2014-09-22,3.0114
2014-09-23,3.0194
2014-09-24,3.0382
2014-09-25,3.0403
2014-09-26,3.0359
2014-09-29,3.0353
2014-09-30,3.0378
2014-10-08,3.0458
2014-10-09,3.0489
2014-10-10,3.0345
2014-10-13,3.0241
2014-10-14,3.0178
2014-10-15,3.0249
2014-10-16,3.0204
2014-10-17,3.0196
2014-10-20,3.029
2014-10-21,3.0259
2014-10-22,3.0273
2014-10-23,3.0257
2014-10-24,3.0255
2014-10-27,3.0188
2014-10-28,3.0348
2014-10-29,3.0558
2014-10-30,3.0747
2014-10-31,3.0897
2014-11-03,3.0971
2014-11-04,3.1038
2014-11-05,3.0938
2014-11-06,3.094
2014-11-07,3.0976
2014-11-10,3.1339
2014-11-11,3.1294
2014-11-12,3.1373
2014-11-13,3.136
2014-11-14,3.1269
2014-11-17,3.1148
2014-11-18,3.0934
2014-11-19,3.099
2014-11-20,3.11
2014-11-21,3.1253
2014-11-24,3.1419
2014-11-25,3.1511
2014-11-26,3.1642
2014-11-27,3.1701
2014-11-28,3.1875
2014-12-01,3.1867
2014-12-02,3.2257
2014-12-03,3.2169
2014-12-04,3.2794
2014-12-05,3.2938
2014-12-08,3.3387
2014-12-09,3.2201
2014-12-10,3.2628
2014-12-11,3.2272
2014-12-12,3.2283
2014-12-15,3.2394
2014-12-16,3.2974
2014-12-17,3.3228
2014-12-18,3.3323
2014-12-19,3.3627
2014-12-22,3.4042
2014-12-23,3.3634
2014-12-24,3.3272
2014-12-25,3.3602
2014-12-26,3.39
2014-12-29,3.4003
2014-12-30,3.4145
2014-12-31,3.4522
2015-01-05,3.5138
2015-01-06,3.5223
2015-01-07,3.5342
2015-01-08,3.4937
2015-01-09,3.5163
2015-01-12,3.5
2015-01-13,3.5101
2015-01-14,3.5252
2015-01-15,3.5669
2015-01-16,3.5827
2015-01-19,3.4743
2015-01-20,3.4883
2015-01-21,3.5486
2015-01-22,3.5523
2015-01-23,3.5569
2015-01-26,3.537
2015-01-27,3.5089
2015-01-28,3.478
2015-01-29,3.4562
2015-01-30,3.4457
2015-02-02,3.4045
2015-02-03,3.4317
2015-02-04,3.4195
2015-02-05,3.4175
2015-02-06,3.4069
2015-02-09,3.4142
2015-02-10,3.4271
2015-02-11,3.4352
2015-02-12,3.4355
2015-02-13,3.4482
2015-02-16,3.4632
2015-02-17,3.4693
2015-02-25,3.4511
2015-02-26,3.4609
2015-02-27,3.4594
2015-03-02,3.4666
2015-03-03,3.4596
2015-03-04,3.464
2015-03-05,3.4566
2015-03-06,3.4478
2015-03-09,3.4622
2015-03-10,3.4657
2015-03-11,3.4653
2015-03-12,3.4704
2015-03-13,3.4764
2015-03-16,3.5075
2015-03-17,3.5201
2015-03-18,3.5305
2015-03-19,3.5292
2015-03-20,3.5345
2015-03-23,3.5494
2015-03-24,3.5593
2015-03-25,3.5544
2015-03-26,3.5407
2015-03-27,3.5448
2015-03-30,3.5534
2015-03-31,3.5459
2015-04-01,3.5724
2015-04-02,3.5939
2015-04-03,3.6132
2015-04-07,3.6263
2015-04-08,3.606
2015-04-09,3.5951
2015-04-10,3.6211
2015-04-13,3.6395
2015-04-14,3.6359
2015-04-15,3.6021
2015-04-16,3.6219
2015-04-17,3.6475
2015-04-20,3.6253
2015-04-21,3.6571
2015-04-22,3.7188
2015-04-23,3.7189
2015-04-24,3.7192
2015-04-27,3.7348
2015-04-28,3.7016
2015-04-29,3.7167
2015-04-30,3.7209
2015-05-04,3.7242
2015-05-05,3.6894
2015-05-06,3.6826
2015-05-07,3.6729
2015-05-08,3.6898
2015-05-11,3.7193
2015-05-12,3.7384
2015-05-13,3.7336
2015-05-14,3.7378
2015-05-15,3.7371
2015-05-18,3.7416
2015-05-19,3.7495
2015-05-20,3.7615
2015-05-21,3.7836
2015-05-22,3.7967
2015-05-25,3.8312
2015-05-26,3.8695
2015-05-27,3.8689
2015-05-28,3.8126
2015-05-29,3.834
2015-06-01,3.8877
2015-06-02,3.9059
2015-06-03,3.8918
2015-06-04,3.8818
2015-06-05,3.8862
2015-06-08,3.8838
2015-06-09,3.8805
2015-06-10,3.8747
2015-06-11,3.8673
2015-06-12,3.874
2015-06-15,3.8558
2015-06-16,3.8142
2015-06-17,3.8169
2015-06-18,3.7669
2015-06-19,3.7092
2015-06-23,3.7146
2015-06-24,3.7346
2015-06-25,3.7017
2015-06-26,3.6121
2015-06-29,3.5589
2015-06-30,3.6236
2015-07-01,3.5802
2015-07-02,3.5477
2015-07-03,3.5529
2015-07-06,3.5483
2015-07-07,3.487
2015-07-08,3.4347
2015-07-09,3.4863
2015-07-10,3.52
2015-07-13,3.5421
2015-07-14,3.5398
2015-07-15,3.5096
2015-07-16,3.5137
2015-07-17,3.5415
2015-07-20,3.5584
2015-07-21,3.5704
2015-07-22,3.5731
2015-07-23,3.5969
2015-07-24,3.5812
2015-07-27,3.5296
2015-07-28,3.5264
2015-07-29,3.5454
2015-07-30,3.528
2015-07-31,3.5199
2015-08-03,3.5063
2015-08-04,3.5313
2015-08-05,3.5295
2015-08-06,3.5332
2015-08-07,3.5502
2015-08-10,3.5782
2015-08-11,3.5662
2015-08-12,3.5523
2015-08-13,3.5636
2015-08-14,3.5624
2015-08-17,3.5646
2015-08-18,3.539
2015-08-19,3.545
2015-08-20,3.5303
2015-08-21,3.5128
2015-08-24,3.4748
2015-08-25,3.4586
2015-08-26,3.4635
2015-08-27,3.4792
2015-08-28,3.4954
2015-08-31,3.4854
2015-09-01,3.47
2015-09-02,3.4679
2015-09-07,3.4665
2015-09-08,3.4806
2015-09-09,3.4895
2015-09-10,3.4889
2015-09-11,3.489
2015-09-14,3.47
2015-09-15,3.4581
2015-09-16,3.4813
2015-09-17,3.4757
2015-09-18,3.4798
2015-09-21,3.4951
2015-09-22,3.4974
2015-09-23,3.4948
2015-09-24,3.4984
2015-09-25,3.4861
2015-09-28,3.4937
2015-09-29,3.4936
2015-09-30,3.4942
2015-10-08,3.5063
2015-10-09,3.5099
2015-10-12,3.5212
2015-10-13,3.5237
2015-10-14,3.5183
2015-10-15,3.528
2015-10-16,3.5314
2015-10-19,3.533
2015-10-20,3.54
2015-10-21,3.526
2015-10-22,3.5355
2015-10-23,3.5441
2015-10-26,3.5446
2015-10-27,3.5456
2015-10-28,3.5403
2015-10-29,3.5394
2015-10-30,3.5398
2015-11-02,3.5347
2015-11-03,3.5341
2015-11-04,3.5487
2015-11-05,3.5482
2015-11-06,3.5572
2015-11-09,3.558
2015-11-10,3.5598
2015-11-11,3.5608
2015-11-12,3.5604
2015-11-13,3.5563
2015-11-16,3.5592
2015-11-17,3.5574
2015-11-18,3.5532
2015-11-19,3.5599
2015-11-20,3.5625
2015-11-23,3.5635
2015-11-24,3.567
2015-11-25,3.5723
2015-11-26,3.57
2015-11-27,3.5592
2015-11-30,3.5597
2015-12-01,3.5588
2015-12-02,3.5568
2015-12-03,3.5637
2015-12-04,3.5625
2015-12-07,3.5901
2015-12-08,3.5829
2015-12-09,3.5816
2015-12-10,3.5843
2015-12-11,3.5801
2015-12-14,3.5835
2015-12-15,3.5861
2015-12-16,3.5921
2015-12-17,3.5982
2015-12-18,3.5963
2015-12-21,3.5989
2015-12-22,3.6026
2015-12-23,3.5993
2015-12-24,3.5974
2015-12-25,3.5975
2015-12-28,3.5918
2015-12-29,3.5916
2015-12-30,3.5927
2015-12-31,3.5898
2016-01-04,3.5641
2016-01-05,3.5585
2016-01-06,3.5625
2016-01-07,3.5437
2016-01-08,3.5464
2016-01-11,3.5335
2016-01-12,3.5379
2016-01-13,3.5316
2016-01-14,3.5415
2016-01-15,3.531
2016-01-18,3.5338
2016-01-19,3.5372
2016-01-20,3.5277
2016-01-21,3.5181
2016-01-22,3.5216
2016-01-25,3.5267
2016-01-26,3.5089
2016-01-27,3.5067
2016-01-28,3.5009
2016-01-29,3.5099
2016-02-01,3.5112
2016-02-02,3.5186
2016-02-03,3.5181
2016-02-04,3.5223
2016-02-05,3.5193
2016-02-15,3.5194
2016-02-16,3.5298
2016-02-17,3.5328
2016-02-18,3.5379
2016-02-19,3.5361
2016-02-22,3.5405
2016-02-23,3.5366
2016-02-24,3.5343
2016-02-25,3.5128
2016-02-26,3.515
2016-02-29,3.5044
2016-03-01,3.5079
2016-03-02,3.5183
2016-03-03,3.5172
2016-03-04,3.5122
2016-03-07,3.5144
2016-03-08,3.5157
2016-03-09,3.5115
2016-03-10,3.5092
2016-03-11,3.5106
2016-03-14,3.5182
2016-03-15,3.5173
2016-03-16,3.515
2016-03-17,3.5246
2016-03-18,3.5358
2016-03-21,3.5414
2016-03-22,3.5424
2016-03-23,3.5439
2016-03-24,3.5415
2016-03-25,3.5419
2016-03-28,3.5401
2016-03-29,3.5341
2016-03-30,3.542
2016-03-31,3.5437
2016-04-01,3.5424
2016-04-05,3.5494
2016-04-06,3.5498
2016-04-07,3.5454
2016-04-08,3.541
2016-04-11,3.5471
2016-04-12,3.545
2016-04-13,3.549
2016-04-14,3.5514
2016-04-15,3.5509
2016-04-18,3.5476
2016-04-19,3.5482
2016-04-20,3.538
2016-04-21,3.5364
2016-04-22,3.5388
2016-04-25,3.5382
2016-04-26,3.5382
2016-04-27,3.5397
2016-04-28,3.5393
2016-04-29,3.5397
2016-05-03,3.549
2016-05-04,3.5485
2016-05-05,3.5478
2016-05-06,3.5398
2016-05-09,3.5339
2016-05-10,3.5366
2016-05-11,3.5388
2016-05-12,3.5412
2016-05-13,3.5427
2016-05-16,3.5509
2016-05-17,3.5494
2016-05-18,3.5401
2016-05-19,3.5423
2016-05-20,3.5437
2016-05-23,3.5504
2016-05-24,3.547
2016-05-25,3.5457
2016-05-26,3.5467
2016-05-27,3.5462
2016-05-30,3.544
2016-05-31,3.555
2016-06-01,3.5585
2016-06-02,3.5598
2016-06-03,3.561
2016-06-06,3.5633
2016-06-07,3.561
2016-06-08,3.5594
2016-06-13,3.5494
2016-06-14,3.5527
2016-06-15,3.5641
2016-06-16,3.5618
2016-06-17,3.5655
2016-06-20,3.5655
2016-06-21,3.5616
2016-06-22,3.5654
2016-06-23,3.5639
2016-06-24,3.5631
2016-06-27,3.5728
2016-06-28,3.5728
2016-06-29,3.5754
2016-06-30,3.5735
2016-07-01,3.5744
2016-07-04,3.5817
2016-07-05,3.5838
2016-07-06,3.5851
2016-07-07,3.5868
2016-07-08,3.5837
2016-07-11,3.582
2016-07-12,3.5854
2016-07-13,3.5903
2016-07-14,3.5903
2016-07-15,3.587
2016-07-18,3.5821
2016-07-19,3.5825
2016-07-20,3.584
2016-07-21,3.587
2016-07-22,3.5847
2016-07-25,3.582
2016-07-26,3.5854
2016-07-27,3.5776
2016-07-28,3.5781
2016-07-29,3.5755
2016-08-01,3.5704
2016-08-02,3.5751
2016-08-03,3.5774
2016-08-04,3.58
2016-08-05,3.5794
2016-08-08,3.5814
2016-08-09,3.5851
2016-08-10,3.5856
2016-08-11,3.5841
2016-08-12,3.5872
2016-08-15,3.5972
2016-08-16,3.5978
2016-08-17,3.5978
2016-08-18,3.5988
2016-08-19,3.5986
2016-08-22,3.5965
2016-08-23,3.5946
2016-08-24,3.5936
2016-08-25,3.592
2016-08-26,3.5934
2016-08-29,3.594
2016-08-30,3.5939
2016-08-31,3.5941
2016-09-01,3.5938
2016-09-02,3.593
2016-09-05,3.5947
2016-09-06,3.5984
2016-09-07,3.6004
2016-09-08,3.6004
2016-09-09,3.6001
2016-09-12,3.5956
2016-09-13,3.5959
2016-09-14,3.5953
2016-09-19,3.5973
2016-09-20,3.5973
2016-09-21,3.5982
2016-09-22,3.6004
2016-09-23,3.5991
2016-09-26,3.5947
2016-09-27,3.596
2016-09-28,3.5967
2016-09-29,3.5984
2016-09-30,3.5997
2016-10-10,3.6035
2016-10-11,3.6048
2016-10-12,3.6045
2016-10-13,3.6039
2016-10-14,3.6042
2016-10-17,3.6025
2016-10-18,3.6072
2016-10-19,3.607
2016-10-20,3.61
2016-10-21,3.611
2016-10-24,3.6125
2016-10-25,3.6126
2016-10-26,3.6114
2016-10-27,3.6107
2016-10-28,3.6119
2016-10-31,3.6094
2016-11-01,3.6122
2016-11-02,3.611
2016-11-03,3.6125
2016-11-04,3.6121
2016-11-07,3.6137
2016-11-08,3.6157
2016-11-09,3.6141
2016-11-10,3.6185
2016-11-11,3.6212
2016-11-14,3.6215
2016-11-15,3.6205
2016-11-16,3.6208
2016-11-17,3.6196
2016-11-18,3.6196
2016-11-21,3.6206
2016-11-22,3.6236
2016-11-23,3.624
2016-11-24,3.6242
2016-11-25,3.6243
2016-11-28,3.6263
2016-11-29,3.6238
2016-11-30,3.6197
2016-12-01,3.6186
2016-12-02,3.613
2016-12-05,3.6045
2016-12-06,3.6026
2016-12-07,3.6082
2016-12-08,3.6084
2016-12-09,3.6086
2016-12-12,3.5916
2016-12-13,3.5909
2016-12-14,3.5877
2016-12-15,3.5803
2016-12-16,3.5865
2016-12-19,3.581
2016-12-20,3.5809
2016-12-21,3.5907
2016-12-22,3.5939
2016-12-23,3.5911
2016-12-26,3.5935
2016-12-27,3.5939
2016-12-28,3.5925
2016-12-29,3.5939
2016-12-30,3.5974
2016-12-31,3.5974
2017-01-03,3.5987
2017-01-04,3.6025
2017-01-05,3.603
2017-01-06,3.5989
2017-01-09,3.6017
2017-01-10,3.6003
2017-01-11,3.5973
2017-01-12,3.5943
2017-01-13,3.5899
2017-01-16,3.582
2017-01-17,3.5852
2017-01-18,3.5826
2017-01-19,3.5794
2017-01-20,3.5855
2017-01-23,3.5885
2017-01-24,3.5874
2017-01-25,3.59
2017-01-26,3.5929
2017-02-03,3.5888
2017-02-06,3.5903
2017-02-07,3.5916
2017-02-08,3.5952
2017-02-09,3.5966
2017-02-10,3.5981
2017-02-13,3.602
2017-02-14,3.6017
2017-02-15,3.5988
2017-02-16,3.6019
2017-02-17,3.5973
2017-02-20,3.6023
2017-02-21,3.6071
2017-02-22,3.6085
2017-02-23,3.6094
2017-02-24,3.6084
2017-02-27,3.6078
2017-02-28,3.6084
2017-03-01,3.6077
2017-03-02,3.6062
2017-03-03,3.6064
2017-03-06,3.6092
2017-03-07,3.6122
2017-03-08,3.6112
2017-03-09,3.6084
2017-03-10,3.6082
2017-03-13,3.6089
2017-03-14,3.6071
2017-03-15,3.6047
2017-03-16,3.6046
2017-03-17,3.6023
2017-03-20,3.6009
2017-03-21,3.6028
2017-03-22,3.6015
2017-03-23,3.602
2017-03-24,3.6049
2017-03-27,3.6052
2017-03-28,3.6038
2017-03-29,3.6015
2017-03-30,3.5968
2017-03-31,3.5963
2017-04-05,3.6014
2017-04-06,3.6011
2017-04-07,3.5996
2017-04-10,3.5945
2017-04-11,3.5938
2017-04-12,3.5919
2017-04-13,3.5909
2017-04-14,3.5871
2017-04-17,3.5815
2017-04-18,3.5805
2017-04-19,3.5799
2017-04-20,3.5807
2017-04-21,3.5794
2017-04-24,3.5711
2017-04-25,3.5738
2017-04-26,3.5782
2017-04-27,3.5787
2017-04-28,3.5802
2017-05-02,3.5791
2017-05-03,3.5784
2017-05-04,3.5776
2017-05-05,3.575
2017-05-08,3.5684
2017-05-09,3.5678
2017-05-10,3.563
2017-05-11,3.5602
2017-05-12,3.5623
2017-05-15,3.5636
2017-05-16,3.5691
2017-05-17,3.5699
2017-05-18,3.5696
2017-05-19,3.5694
2017-05-22,3.5664
2017-05-23,3.5625
2017-05-24,3.5635
2017-05-25,3.5701
2017-05-26,3.571
2017-05-31,3.5715
2017-06-01,3.569
2017-06-02,3.566
2017-06-05,3.5671
2017-06-06,3.5709
2017-06-07,3.5798
2017-06-08,3.585
2017-06-09,3.5923
2017-06-12,3.5926
2017-06-13,3.5967
2017-06-14,3.5905
2017-06-15,3.5916
2017-06-16,3.5911
2017-06-19,3.5981
2017-06-20,3.6009
2017-06-21,3.6081
2017-06-22,3.6053
2017-06-23,3.6087
2017-06-26,3.6205
2017-06-27,3.6236
2017-06-28,3.6173
2017-06-29,3.6176
2017-06-30,3.6166
2017-07-03,3.6161
2017-07-04,3.6137
2017-07-05,3.6206
2017-07-06,3.6184
2017-07-07,3.6185
2017-07-10,3.6169
2017-07-11,3.6142
2017-07-12,3.6139
2017-07-13,3.614
2017-07-14,3.6183
2017-07-17,3.611
2017-07-18,3.6076
2017-07-19,3.6163
2017-07-20,3.6217
2017-07-21,3.6225
2017-07-24,3.6247
2017-07-25,3.6169
2017-07-26,3.615
2017-07-27,3.6165
2017-07-28,3.6186
2017-07-31,3.6222
2017-08-01,3.6279
2017-08-02,3.6288
2017-08-03,3.6261
2017-08-04,3.6235
2017-08-07,3.6257
2017-08-08,3.6256
2017-08-09,3.6249
2017-08-10,3.6226
2017-08-11,3.614
2017-08-14,3.6215
2017-08-15,3.6216
2017-08-16,3.6202
2017-08-17,3.6204
2017-08-18,3.6221
2017-08-21,3.6241
2017-08-22,3.6257
2017-08-23,3.6253
2017-08-24,3.6215
2017-08-25,3.6293
2017-08-28,3.637
2017-08-29,3.6373
2017-08-30,3.6339
2017-08-31,3.6352
2017-09-01,3.6389
2017-09-04,3.6407
2017-09-05,3.6435
2017-09-06,3.6443
2017-09-07,3.6434
2017-09-08,3.6458
2017-09-11,3.6426
2017-09-12,3.6411
2017-09-13,3.641
2017-09-14,3.6378
2017-09-15,3.6367
2017-09-18,3.6377
2017-09-19,3.6358
2017-09-20,3.637
2017-09-21,3.6366
2017-09-22,3.6341
2017-09-25,3.633
2017-09-26,3.6329
2017-09-27,3.6328
2017-09-28,3.6383
2017-09-29,3.6444
2017-10-09,3.648
2017-10-10,3.6468
2017-10-11,3.6509
2017-10-12,3.654
2017-10-13,3.6529
2017-10-16,3.652
2017-10-17,3.6542
2017-10-18,3.6613
2017-10-19,3.6579
2017-10-20,3.6584
2017-10-23,3.6601
2017-10-24,3.6625
2017-10-25,3.6664
2017-10-26,3.6673
2017-10-27,3.6687
2017-10-30,3.6664
2017-10-31,3.6671
2017-11-01,3.6689
2017-11-02,3.6679
2017-11-03,3.6709
2017-11-06,3.6809
2017-11-07,3.6838
2017-11-08,3.68
2017-11-09,3.6867
2017-11-10,3.701
2017-11-13,3.7049
2017-11-14,3.6942
2017-11-15,3.6857
2017-11-16,3.6978
2017-11-17,3.6951
2017-11-20,3.7026
2017-11-21,3.7105
2017-11-22,3.7034
2017-11-23,3.6803
2017-11-24,3.6767
2017-11-27,3.6662
2017-11-28,3.6693
2017-11-29,3.6681
2017-11-30,3.6544
2017-12-01,3.6565
2017-12-04,3.6602
2017-12-05,3.6576
2017-12-06,3.6554
2017-12-07,3.6514
2017-12-08,3.665
2017-12-11,3.674
2017-12-12,3.6681
2017-12-13,3.6735
2017-12-14,3.6736
2017-12-15,3.6699
2017-12-18,3.6684
2017-12-19,3.6744
2017-12-20,3.6742
2017-12-21,3.6804
2017-12-22,3.6823
2017-12-25,3.6772
2017-12-26,3.6764
2017-12-27,3.6688
2017-12-28,3.6722
2017-12-29,3.6768
2017-12-31,3.6768
2018-01-02,3.6852
2018-01-03,3.6886
2018-01-04,3.6887
2018-01-05,3.6933
2018-01-08,3.693
2018-01-09,3.6938
2018-01-10,3.6943
2018-01-11,3.6945
2018-01-12,3.6989
2018-01-15,3.6908
2018-01-16,3.6932
2018-01-17,3.692
2018-01-18,3.6979
2018-01-19,3.7003
2018-01-22,3.715
2018-01-23,3.7242
2018-01-24,3.7377
2018-01-25,3.7413
2018-01-26,3.7412
2018-01-29,3.7216
2018-01-30,3.7137
2018-01-31,3.7144
2018-02-01,3.7065
2018-02-02,3.72
2018-02-05,3.7254
2018-02-06,3.7043
2018-02-07,3.6934
2018-02-08,3.6855
2018-02-09,3.6625
2018-02-12,3.68
2018-02-13,3.6864
2018-02-14,3.6922
2018-02-22,3.7053
2018-02-23,3.7047
2018-02-26,3.7155
2018-02-27,3.7079
2018-02-28,3.7012
2018-03-01,3.7031
2018-03-02,3.6957
2018-03-05,3.6943
2018-03-06,3.7003
2018-03-07,3.6949
2018-03-08,3.698
2018-03-09,3.6993
2018-03-12,3.7072
2018-03-13,3.7058
2018-03-14,3.7019
2018-03-15,3.7025
2018-03-16,3.6987
2018-03-19,3.6984
2018-03-20,3.6992
2018-03-21,3.6976
2018-03-22,3.6919
2018-03-23,3.6728
2018-03-26,3.6749
2018-03-27,3.6804
2018-03-28,3.6735
2018-03-29,3.6767
2018-03-30,3.6803
2018-04-02,3.6836
2018-04-03,3.6797
2018-04-04,3.68
2018-04-09,3.6796
2018-04-10,3.6822
2018-04-11,3.6863
2018-04-12,3.6819
2018-04-13,3.6786
2018-04-16,3.6707
2018-04-17,3.6677
2018-04-18,3.6715
2018-04-19,3.6773
2018-04-20,3.6696
2018-04-23,3.6592
2018-04-24,3.6729
2018-04-25,3.6717
2018-04-26,3.6636
2018-04-27,3.6647
2018-05-02,3.6649
2018-05-03,3.6717
2018-05-04,3.6724
2018-05-07,3.6809
2018-05-08,3.686
2018-05-09,3.6836
2018-05-10,3.6858
2018-05-11,3.6836
2018-05-14,3.6838
2018-05-15,3.6853
2018-05-16,3.6818
2018-05-17,3.6807
2018-05-18,3.6856
2018-05-21,3.6894
2018-05-22,3.6895
2018-05-23,3.6815
2018-05-24,3.6781
2018-05-25,3.6729
2018-05-28,3.6713
2018-05-29,3.6649
2018-05-30,3.6545
2018-05-31,3.6615
2018-06-01,3.6566
2018-06-04,3.6576
2018-06-05,3.6646
2018-06-06,3.6655
2018-06-07,3.6664
2018-06-08,3.6599
2018-06-11,3.6615
2018-06-12,3.6688
2018-06-13,3.664
2018-06-14,3.6603
2018-06-15,3.6553
2018-06-19,3.629
2018-06-20,3.6326
2018-06-21,3.6303
2018-06-22,3.6341
2018-06-25,3.6332
2018-06-26,3.6325
2018-06-27,3.6245
2018-06-28,3.6214
2018-06-29,3.6354
2018-06-30,3.6354
2018-07-02,3.6264
2018-07-03,3.6303
2018-07-04,3.6261
2018-07-05,3.6237
2018-07-06,3.6263
2018-07-09,3.6381
2018-07-10,3.6393
2018-07-11,3.6337
2018-07-12,3.6433
2018-07-13,3.6459
2018-07-16,3.6438
2018-07-17,3.6444
2018-07-18,3.6461
2018-07-19,3.648
2018-07-20,3.6562
2018-07-23,3.6624
2018-07-24,3.6674
2018-07-25,3.6664
2018-07-26,3.6584
2018-07-27,3.6563
2018-07-30,3.6541
2018-07-31,3.6557
2018-08-01,3.6505
2018-08-02,3.6434
2018-08-03,3.6404
2018-08-06,3.6348
2018-08-07,3.6474
2018-08-08,3.6438
2018-08-09,3.6522
2018-08-10,3.6509
2018-08-13,3.652
2018-08-14,3.6494
2018-08-15,3.6445
2018-08-16,3.6421
2018-08-17,3.6362
2018-08-20,3.6364
2018-08-21,3.6407
2018-08-22,3.6383
2018-08-23,3.6393
2018-08-24,3.6408
2018-08-27,3.648
2018-08-28,3.6504
2018-08-29,3.6476
2018-08-30,3.6425
2018-08-31,3.641
2018-09-03,3.64
2018-09-04,3.6427
2018-09-05,3.6371
2018-09-06,3.6351
2018-09-07,3.6327
2018-09-10,3.6248
2018-09-11,3.6214
2018-09-12,3.6217
2018-09-13,3.6235
2018-09-14,3.6221
2018-09-17,3.6178
2018-09-18,3.6222
2018-09-19,3.6278
2018-09-20,3.6274
2018-09-21,3.6338
2018-09-25,3.6319
2018-09-26,3.6352
2018-09-27,3.632
2018-09-28,3.6351
2018-10-08,3.6216
2018-10-09,3.619
2018-10-10,3.6181
2018-10-11,3.6033
2018-10-12,3.6078
2018-10-15,3.6033
2018-10-16,3.5989
2018-10-17,3.6007
2018-10-18,3.5934
2018-10-19,3.6027
2018-10-22,3.6155
2018-10-23,3.6072
2018-10-24,3.6078
2018-10-25,3.609
2018-10-26,3.609
2018-10-29,3.6025
2018-10-30,3.6058
2018-10-31,3.6109
2018-11-01,3.6146
2018-11-02,3.6301
2018-11-05,3.6314
2018-11-06,3.6289
2018-11-07,3.6268
2018-11-08,3.6254
2018-11-09,3.6217
2018-11-12,3.6283
2018-11-13,3.6297
2018-11-14,3.629
2018-11-15,3.6344
2018-11-16,3.6377
2018-11-19,3.6383
2018-11-20,3.6293
2018-11-21,3.6306
2018-11-22,3.6288
2018-11-23,3.6229
2018-11-26,3.6227
2018-11-27,3.6246
2018-11-28,3.6329
2018-11-29,3.6282
2018-11-30,3.6291
2018-12-03,3.6378
2018-12-04,3.6375
2018-12-05,3.6402
2018-12-06,3.6373
2018-12-07,3.6378
2018-12-10,3.634
2018-12-11,3.6341
2018-12-12,3.6346
2018-12-13,3.6398
2018-12-14,3.6351
2018-12-17,3.6317
2018-12-18,3.6284
2018-12-19,3.6229
2018-12-20,3.6218
2018-12-21,3.6193
2018-12-24,3.6226
2018-12-25,3.6207
2018-12-26,3.6194
2018-12-27,3.6169
2018-12-28,3.6175
2018-12-31,3.6175
2019-01-02,3.6148
2019-01-03,3.6138
2019-01-04,3.6218
2019-01-07,3.6298
2019-01-08,3.6306
2019-01-09,3.6349
2019-01-10,3.641
2019-01-11,3.641
2019-01-14,3.6384
2019-01-15,3.6447
2019-01-16,3.6447
2019-01-17,3.6423
2019-01-18,3.6486
2019-01-21,3.6502
2019-01-22,3.6472
2019-01-23,3.6487
2019-01-24,3.6527
2019-01-25,3.6568
2019-01-28,3.6534
2019-01-29,3.653
2019-01-30,3.6533
2019-01-31,3.6544
2019-02-01,3.6636
2019-02-11,3.6693
2019-02-12,3.672
2019-02-13,3.6806
2019-02-14,3.684
2019-02-15,3.6787
2019-02-18,3.6923
2019-02-19,3.689
2019-02-20,3.6917
2019-02-21,3.6935
2019-02-22,3.7055
2019-02-25,3.7304
2019-02-26,3.7221
2019-02-27,3.7179
2019-02-28,3.7172
2019-03-01,3.7252
2019-03-04,3.7348
2019-03-05,3.7423
2019-03-06,3.7462
2019-03-07,3.7423
2019-03-08,3.7245
2019-03-11,3.7409
2019-03-12,3.75
2019-03-13,3.7419
2019-03-14,3.7339
2019-03-15,3.7422
2019-03-18,3.7592
2019-03-19,3.7611
2019-03-20,3.7589
2019-03-21,3.7636
2019-03-22,3.7652
2019-03-25,3.7538
2019-03-26,3.7394
2019-03-27,3.7434
2019-03-28,3.7408
2019-03-29,3.7618
2019-04-01,3.7836
2019-04-02,3.7869
2019-04-03,3.7907
2019-04-04,3.796
2019-04-08,3.7939
2019-04-09,3.7934
2019-04-10,3.7883
2019-04-11,3.7745
2019-04-12,3.7718
2019-04-15,3.7678
2019-04-16,3.7778
2019-04-17,3.78
2019-04-18,3.7814
2019-04-19,3.7862
2019-04-22,3.7706
2019-04-23,3.7618
2019-04-24,3.7594
2019-04-25,3.7418
2019-04-26,3.7347
2019-04-29,3.7339
2019-04-30,3.7378
2019-05-06,3.7052
2019-05-07,3.712
2019-05-08,3.709
2019-05-09,3.7057
2019-05-10,3.7262
2019-05-13,3.7169
2019-05-14,3.7172
2019-05-15,3.7314
2019-05-16,3.734
2019-05-17,3.7175
2019-05-20,3.7102
2019-05-21,3.7168
2019-05-22,3.7169
2019-05-23,3.7085
2019-05-24,3.7077
2019-05-27,3.7109
2019-05-28,3.7134
2019-05-29,3.7107
2019-05-30,3.7047
2019-05-31,3.7043
2019-06-03,3.6972
2019-06-04,3.6896
2019-06-05,3.6892
2019-06-06,3.6822
2019-06-10,3.6902
2019-06-11,3.7074
2019-06-12,3.7027
2019-06-13,3.7004
2019-06-14,3.6947
2019-06-17,3.6926
2019-06-18,3.6926
2019-06-19,3.7022
2019-06-20,3.7202
2019-06-21,3.7254
2019-06-24,3.7262
2019-06-25,3.7195
2019-06-26,3.7221
2019-06-27,3.729
2019-06-28,3.7283
2019-06-30,3.7282
2019-07-01,3.7431
2019-07-02,3.7442
2019-07-03,3.7414
2019-07-04,3.739
2019-07-05,3.7402
2019-07-08,3.7285
2019-07-09,3.7278
2019-07-10,3.7269
2019-07-11,3.7271
2019-07-12,3.7338
2019-07-15,3.7347
2019-07-16,3.7342
2019-07-17,3.7364
2019-07-18,3.7338
2019-07-19,3.7391
2019-07-22,3.7393
2019-07-23,3.7406
2019-07-24,3.7438
2019-07-25,3.749
2019-07-26,3.7564
2019-07-29,3.7563
2019-07-30,3.7611
2019-07-31,3.7586
2019-08-01,3.754
2019-08-02,3.7497
2019-08-05,3.7392
2019-08-06,3.7364
2019-08-07,3.7386
2019-08-08,3.7458
2019-08-09,3.7424
2019-08-12,3.7503
2019-08-13,3.7454
2019-08-14,3.7479
2019-08-15,3.7511
2019-08-16,3.7544
2019-08-19,3.7681
2019-08-20,3.768
2019-08-21,3.7717
2019-08-22,3.7688
2019-08-23,3.7748
2019-08-26,3.7681
2019-08-27,3.7759
2019-08-28,3.777
2019-08-29,3.7739
2019-08-30,3.7735
2019-09-02,3.7821
2019-09-03,3.7842
2019-09-04,3.7889
2019-09-05,3.7969
2019-09-06,3.8003
2019-09-09,3.8083
2019-09-10,3.8055
2019-09-11,3.8016
2019-09-12,3.8057
2019-09-16,3.8032
2019-09-17,3.7903
2019-09-18,3.7932
2019-09-19,3.7965
2019-09-20,3.7988
2019-09-23,3.7933
2019-09-24,3.7946
2019-09-25,3.789
2019-09-26,3.7828
2019-09-27,3.7845
2019-09-30,3.7811
2019-10-08,3.7841
2019-10-09,3.7896
2019-10-10,3.7972
2019-10-11,3.8025
2019-10-14,3.8108
2019-10-15,3.8065
2019-10-16,3.8018
2019-10-17,3.8015
2019-10-18,3.7943
2019-10-21,3.7936
2019-10-22,3.7963
2019-10-23,3.79
2019-10-24,3.7879
2019-10-25,3.7918
2019-10-28,3.7941
2019-10-29,3.7924
2019-10-30,3.7872
2019-10-31,3.7853
2019-11-01,3.7929
2019-11-04,3.7978
2019-11-05,3.8034
2019-11-06,3.8013
2019-11-07,3.805
2019-11-08,3.8052
2019-11-11,3.7945
2019-11-12,3.7924
2019-11-13,3.7934
2019-11-14,3.7936
2019-11-15,3.7897
2019-11-18,3.7949
2019-11-19,3.802
2019-11-20,3.7982
2019-11-21,3.7944
2019-11-22,3.7907
2019-11-25,3.7954
2019-11-26,3.7973
2019-11-27,3.7937
2019-11-28,3.7915
2019-11-29,3.7896
2019-12-02,3.7916
2019-12-03,3.7942
2019-12-04,3.793
2019-12-05,3.7973
2019-12-06,3.8025
2019-12-09,3.8033
2019-12-10,3.8131
2019-12-11,3.8151
2019-12-12,3.8146
2019-12-13,3.824
2019-12-16,3.8347
2019-12-17,3.8449
2019-12-18,3.8452
2019-12-19,3.8448
2019-12-20,3.8422
2019-12-23,3.8346
2019-12-24,3.8418
2019-12-25,3.8429
2019-12-26,3.8488
2019-12-27,3.8472
2019-12-30,3.8556
2019-12-31,3.8604
2020-01-02,3.8749
2020-01-03,3.8763
2020-01-06,3.8762
2020-01-07,3.882
2020-01-08,3.8745
2020-01-09,3.8849
2020-01-10,3.8801
2020-01-13,3.886
2020-01-14,3.888
2020-01-15,3.8808
2020-01-16,3.8776
2020-01-17,3.8803
2020-01-20,3.8894
2020-01-21,3.8817
2020-01-22,3.8855
2020-01-23,3.8633
2020-02-03,3.8101
2020-02-04,3.8358
2020-02-05,3.8483
2020-02-06,3.8636
2020-02-07,3.866
2020-02-10,3.8744
2020-02-11,3.8766
2020-02-12,3.887
2020-02-13,3.884
2020-02-14,3.8859
2020-02-17,3.9045
2020-02-18,3.9084
2020-02-19,3.9109
2020-02-20,3.9251
2020-02-21,3.931
2020-02-24,3.9334
2020-02-25,3.9332
2020-02-26,3.9232
2020-02-27,3.9274
2020-02-28,3.8996
2020-03-02,3.9195
2020-03-03,3.9217
2020-03-04,3.9251
2020-03-05,3.941
2020-03-06,3.9323
2020-03-09,3.9054
2020-03-10,3.916
2020-03-11,3.9104
2020-03-12,3.8947
2020-03-13,3.8843
2020-03-16,3.8495
2020-03-17,3.8467
2020-03-18,3.84
2020-03-19,3.8341
2020-03-20,3.8539
2020-03-23,3.8291
2020-03-24,3.8407
2020-03-25,3.8624
2020-03-26,3.8591
2020-03-27,3.859
2020-03-30,3.8524
2020-03-31,3.8497
2020-04-01,3.8499
2020-04-02,3.8578
2020-04-03,3.8527
2020-04-07,3.8681
2020-04-08,3.8668
2020-04-09,3.8688
2020-04-10,3.8574
2020-04-13,3.8513
2020-04-14,3.8619
2020-04-15,3.856
2020-04-16,3.861
2020-04-17,3.8707
2020-04-20,3.8736
2020-04-21,3.8682
2020-04-22,3.872
2020-04-23,3.8706
2020-04-24,3.8637
2020-04-27,3.8655
2020-04-28,3.8694
2020-04-29,3.8729
2020-04-30,3.8818
2020-05-06,3.8831
2020-05-07,3.88
2020-05-08,3.8866
2020-05-11,3.887
2020-05-12,3.8856
2020-05-13,3.8852
2020-05-14,3.8713
2020-05-15,3.866
2020-05-18,3.8611
2020-05-19,3.8644
2020-05-20,3.8533
2020-05-21,3.8467
2020-05-22,3.837
2020-05-25,3.8334
2020-05-26,3.8449
2020-05-27,3.8459
2020-05-28,3.847
2020-05-29,3.8566
2020-06-01,3.8741
2020-06-02,3.876
2020-06-03,3.8744
2020-06-04,3.8726
2020-06-05,3.8698
2020-06-08,3.8739
2020-06-09,3.8758
2020-06-10,3.8747
2020-06-11,3.8705
2020-06-12,3.8733
2020-06-15,3.8714
2020-06-16,3.8795
2020-06-17,3.8817
2020-06-18,3.8864
2020-06-19,3.8909
2020-06-22,3.8845
2020-06-23,3.8839
2020-06-24,3.8885
2020-06-29,3.884
2020-06-30,3.8905
2020-07-01,3.9028
2020-07-02,3.9201
2020-07-03,3.9335
2020-07-06,3.9751
2020-07-07,3.9809
2020-07-08,3.9932
2020-07-09,4.0087
2020-07-10,3.9992
2020-07-13,4.0188
2020-07-14,4.0023
2020-07-15,3.9959
2020-07-16,3.9642
2020-07-17,3.9689
2020-07-20,4.0027
2020-07-21,4.0075
2020-07-22,4.0141
2020-07-23,4.0155
2020-07-24,3.9813
2020-07-27,3.9841
2020-07-28,3.9918
2020-07-29,4.0115
2020-07-30,4.0141
2020-07-31,4.0229
2020-08-03,4.0427
2020-08-04,4.0395
2020-08-05,4.0484
2020-08-06,4.0487
2020-08-07,4.0454
2020-08-10,4.0402
2020-08-11,4.0284
2020-08-12,4.0156
2020-08-13,4.0195
2020-08-14,4.0305
2020-08-17,4.0505
2020-08-18,4.0567
2020-08-19,4.0423
2020-08-20,4.0305
2020-08-21,4.0352
2020-08-24,4.0464
2020-08-25,4.0446
2020-08-26,4.0302
2020-08-27,4.0358
2020-08-28,4.0535
2020-08-31,4.0531
2020-09-01,4.0637
2020-09-02,4.0664
2020-09-03,4.0622
2020-09-04,4.0594
2020-09-07,4.0419
2020-09-08,4.042
2020-09-09,4.0173
2020-09-10,4.0138
2020-09-11,4.0267
2020-09-14,4.0355
2020-09-15,4.0386
2020-09-16,4.0356
2020-09-17,4.0376
2020-09-18,4.0514
2020-09-21,4.0481
2020-09-22,4.0341
2020-09-23,4.0371
2020-09-24,4.0153
2020-09-25,4.0113
2020-09-28,4.0093
2020-09-29,4.0205
2020-09-30,4.0209
2020-10-09,4.0417
2020-10-12,4.0637
2020-10-13,4.07
2020-10-14,4.066
2020-10-15,4.0613
2020-10-16,4.0553
2020-10-19,4.0462
2020-10-20,4.0548
2020-10-21,4.0487
2020-10-22,4.0443
2020-10-23,4.0298
2020-10-26,4.0379
2020-10-27,4.0473
2020-10-28,4.0574
2020-10-29,4.0648
2020-10-30,4.0493
2020-11-02,4.0543
2020-11-03,4.0614
2020-11-04,4.0666
2020-11-05,4.0846
2020-11-06,4.0822
2020-11-09,4.0954
2020-11-10,4.0905
2020-11-11,4.0824
2020-11-12,4.0826
2020-11-13,4.0703
2020-11-16,4.0784
2020-11-17,4.0712
2020-11-18,4.0731
2020-11-19,4.0814
2020-11-20,4.0854
2020-11-23,4.0968
2020-11-24,4.0946
2020-11-25,4.0808
2020-11-26,4.0791
2020-11-27,4.0893
2020-11-30,4.0884
2020-12-01,4.1016
2020-12-02,4.1015
2020-12-03,4.0943
2020-12-04,4.0925
2020-12-07,4.0858
2020-12-08,4.0849
2020-12-09,4.0779
2020-12-10,4.0753
2020-12-11,4.0662
2020-12-14,4.0666
2020-12-15,4.0625
2020-12-16,4.0596
2020-12-17,4.0658
2020-12-18,4.0675
2020-12-21,4.0764
2020-12-22,4.0643
2020-12-23,4.0706
2020-12-24,4.0632
2020-12-25,4.0745
2020-12-28,4.0736
2020-12-29,4.0689
2020-12-30,4.0793
2020-12-31,4.0947
2021-01-04,4.1074
2021-01-05,4.1157
2021-01-06,4.1199
2021-01-07,4.1249
2021-01-08,4.1196
2021-01-11,4.111
2021-01-12,4.1294
2021-01-13,4.122
2021-01-14,4.1117
2021-01-15,4.116
2021-01-18,4.1337
2021-01-19,4.125
2021-01-20,4.1267
2021-01-21,4.1345
2021-01-22,4.1363
2021-01-25,4.1394
2021-01-26,4.1232
2021-01-27,4.1253
2021-01-28,4.0997
2021-01-29,4.0873
2021-02-01,4.0962
2021-02-02,4.0971
2021-02-03,4.0913
2021-02-04,4.0772
2021-02-05,4.0698
2021-02-08,4.0827
2021-02-09,4.1058
2021-02-10,4.113
2021-02-18,4.1324
2021-02-19,4.1337
2021-02-22,4.1311
2021-02-23,4.1271
2021-02-24,4.109
2021-02-25,4.1122
2021-02-26,4.0951
2021-03-01,4.1113
2021-03-02,4.1058
2021-03-03,4.1211
2021-03-04,4.1008
2021-03-05,4.0965
2021-03-08,4.0748
2021-03-09,4.0607
2021-03-10,4.0615
2021-03-11,4.0805
2021-03-12,4.0826
2021-03-15,4.074
2021-03-16,4.0776
2021-03-17,4.0807
2021-03-18,4.0857
2021-03-19,4.0744
2021-03-22,4.0847
2021-03-23,4.0729
2021-03-24,4.0547
2021-03-25,4.057
2021-03-26,4.0727
2021-03-29,4.0772
2021-03-30,4.0799
2021-03-31,4.0731
2021-04-01,4.0766
2021-04-02,4.0786
2021-04-06,4.0809
2021-04-07,4.0779
2021-04-08,4.0807
2021-04-09,4.0764
2021-04-12,4.0597
2021-04-13,4.0561
2021-04-14,4.0626
2021-04-15,4.0635
2021-04-16,4.0689
2021-04-19,4.0869
2021-04-20,4.0862
2021-04-21,4.0852
2021-04-22,4.0844
2021-04-23,4.0823
2021-04-26,4.0795
2021-04-27,4.0771
2021-04-28,4.082
2021-04-29,4.0855
2021-04-30,4.0826
2021-05-06,4.0849
2021-05-07,4.0803
2021-05-10,4.0835
2021-05-11,4.0791
2021-05-12,4.0801
2021-05-13,4.0709
2021-05-14,4.0796
2021-05-17,4.0876
2021-05-18,4.0893
2021-05-19,4.0858
2021-05-20,4.0848
2021-05-21,4.0836
2021-05-24,4.0855
2021-05-25,4.0986
2021-05-26,4.102
2021-05-27,4.1074
2021-05-28,4.105
2021-05-31,4.1089
2021-06-01,4.1101
2021-06-02,4.1075
2021-06-03,4.1081
2021-06-04,4.1112
2021-06-07,4.1119
2021-06-08,4.1081
2021-06-09,4.1117
2021-06-10,4.1145
2021-06-11,4.1092
2021-06-15,4.0977
2021-06-16,4.0844
2021-06-17,4.0858
2021-06-18,4.0891
2021-06-21,4.0927
2021-06-22,4.1009
2021-06-23,4.1056
2021-06-24,4.1091
2021-06-25,4.115
2021-06-28,4.116
2021-06-29,4.1101
2021-06-30,4.1127
2021-07-01,4.1084
2021-07-02,4.0969
2021-07-05,4.0984
2021-07-06,4.1025
2021-07-07,4.1127
2021-07-08,4.1203
2021-07-09,4.1251
2021-07-12,4.1344
2021-07-13,4.1369
2021-07-14,4.1303
2021-07-15,4.1339
2021-07-16,4.1362
2021-07-19,4.1334
2021-07-20,4.1313
2021-07-21,4.1438
2021-07-22,4.1471
2021-07-23,4.1471
2021-07-26,4.1364
2021-07-27,4.122
2021-07-28,4.1119
2021-07-29,4.1321
2021-07-30,4.1379
2021-08-02,4.1491
2021-08-03,4.1399
2021-08-04,4.1515
2021-08-05,4.1537
2021-08-06,4.155
2021-08-09,4.1589
2021-08-10,4.1649
2021-08-11,4.1723
2021-08-12,4.1724
2021-08-13,4.1712
2021-08-16,4.1716
2021-08-17,4.1565
2021-08-18,4.1618
2021-08-19,4.16
2021-08-20,4.157
2021-08-23,4.1677
2021-08-24,4.1736
2021-08-25,4.1749
2021-08-26,4.1733
2021-08-27,4.175
2021-08-30,4.1807
2021-08-31,4.1834
2021-09-01,4.183
2021-09-02,4.1972
2021-09-03,4.1935
2021-09-06,4.1999
2021-09-07,4.2146
2021-09-08,4.2141
2021-09-09,4.2131
2021-09-10,4.2187
2021-09-13,4.2223
2021-09-14,4.2087
2021-09-15,4.2065
2021-09-16,4.187
2021-09-17,4.1887
2021-09-22,4.1938
2021-09-23,4.1988
2021-09-24,4.1878
2021-09-27,4.1715
2021-09-28,4.1796
2021-09-29,4.1635
2021-09-30,4.1743
2021-10-08,4.1758
2021-10-11,4.176
2021-10-12,4.1612
2021-10-13,4.1607
2021-10-14,4.1631
2021-10-15,4.1692
2021-10-18,4.1721
2021-10-19,4.1792
2021-10-20,4.1787
2021-10-21,4.1779
2021-10-22,4.1775
2021-10-25,4.1811
2021-10-26,4.1804
2021-10-27,4.1761
2021-10-28,4.1687
2021-10-29,4.1785
2021-11-01,4.1906
2021-11-02,4.1864
2021-11-03,4.1892
2021-11-04,4.2027
2021-11-05,4.197
2021-11-08,4.2024
2021-11-09,4.2094
2021-11-10,4.2112
2021-11-11,4.2257
2021-11-12,4.2349
2021-11-15,4.2318
2021-11-16,4.2252
2021-11-17,4.23
2021-11-18,4.2285
2021-11-19,4.2425
2021-11-22,4.2505
2021-11-23,4.2495
2021-11-24,4.2485
2021-11-25,4.2446
2021-11-26,4.2438
2021-11-29,4.2486
2021-11-30,4.2523
2021-12-01,4.2572
2021-12-02,4.2536
2021-12-03,4.263
2021-12-06,4.2528
2021-12-07,4.2399
2021-12-08,4.253
2021-12-09,4.2603
2021-12-10,4.2591
2021-12-13,4.2623
2021-12-14,4.2584
2021-12-15,4.2564
2021-12-16,4.2618
2021-12-17,4.2556
2021-12-20,4.2439
2021-12-21,4.2527
2021-12-22,4.26
2021-12-23,4.2673
2021-12-24,4.2612
2021-12-27,4.2571
2021-12-28,4.2611
2021-12-29,4.2559
2021-12-30,4.2647
2021-12-31,4.2697
2022-01-04,4.2663
2022-01-05,4.2542
2022-01-06,4.2528
2022-01-07,4.2484
2022-01-10,4.249
2022-01-11,4.2389
2022-01-12,4.2477
2022-01-13,4.2367
2022-01-14,4.2317
2022-01-17,4.2418
2022-01-18,4.2467
2022-01-19,4.2452
2022-01-20,4.2422
2022-01-21,4.2348
2022-01-24,4.2408
2022-01-25,4.2229
2022-01-26,4.2269
2022-01-27,4.2118
2022-01-28,4.2081
2022-02-07,4.2179
2022-02-08,4.2175
2022-02-09,4.2288
2022-02-10,4.2301
2022-02-11,4.2192
2022-02-14,4.1921
2022-02-15,4.1873
2022-02-16,4.1914
2022-02-17,4.1936
2022-02-18,4.1991
2022-02-21,4.1999
2022-02-22,4.1947
2022-02-23,4.2079
2022-02-24,4.201
2022-02-25,4.2055
2022-02-28,4.2086
2022-03-01,4.2103
2022-03-02,4.2062
2022-03-03,4.202
2022-03-04,4.1915
2022-03-07,4.1714
2022-03-08,4.1527
2022-03-09,4.1437
2022-03-10,4.1556
2022-03-11,4.1579
2022-03-14,4.1455
2022-03-15,4.1206
2022-03-16,4.1424
2022-03-17,4.1514
2022-03-18,4.1585
2022-03-21,4.158
2022-03-22,4.1577
2022-03-23,4.1576
2022-03-24,4.1468
2022-03-25,4.1373
2022-03-28,4.1317
2022-03-29,4.1288
2022-03-30,4.1437
2022-03-31,4.1383
2022-04-01,4.1455
2022-04-06,4.1441
2022-04-07,4.1352
2022-04-08,4.1365
2022-04-11,4.1217
2022-04-12,4.1272
2022-04-13,4.1228
2022-04-14,4.1315
2022-04-15,4.131
2022-04-18,4.1302
2022-04-19,4.1299
2022-04-20,4.1215
2022-04-21,4.1093
2022-04-22,4.111
2022-04-25,4.0841
2022-04-26,4.0771
2022-04-27,4.0923
2022-04-28,4.0947
2022-04-29,4.1145
2022-05-05,4.1174
2022-05-06,4.1034
2022-05-09,4.104
2022-05-10,4.1103
2022-05-11,4.1179
2022-05-12,4.1162
2022-05-13,4.121
2022-05-16,4.1199
2022-05-17,4.1267
2022-05-18,4.127
2022-05-19,4.1284
2022-05-20,4.1348
2022-05-23,4.1353
2022-05-24,4.1212
2022-05-25,4.1286
2022-05-26,4.1316
2022-05-27,4.1296
2022-05-30,4.1298
2022-05-31,4.1348
2022-06-01,4.1339
2022-06-02,4.1349
2022-06-06,4.1449
2022-06-07,4.1452
2022-06-08,4.1459
2022-06-09,4.1415
2022-06-10,4.1496
2022-06-13,4.1445
2022-06-14,4.1448
2022-06-15,4.1505
2022-06-16,4.1511
2022-06-17,4.1554
2022-06-20,4.1568
2022-06-21,4.1532
2022-06-22,4.1463
2022-06-23,4.1539
2022-06-24,4.1609
2022-06-27,4.1692
2022-06-28,4.1771
2022-06-29,4.1704
2022-06-30,4.1785
2022-07-01,4.1768
2022-07-04,4.18
2022-07-05,4.1794
2022-07-06,4.1707
2022-07-07,4.1727
2022-07-08,4.1731
2022-07-11,4.1646
2022-07-12,4.159
2022-07-13,4.161
2022-07-14,4.1641
2022-07-15,4.1577
2022-07-18,4.1661
2022-07-19,4.1683
2022-07-20,4.1743
2022-07-21,4.1711
2022-07-22,4.1698
2022-07-25,4.1647
2022-07-26,4.1713
2022-07-27,4.1755
2022-07-28,4.1799
2022-07-29,4.176
2022-08-01,4.1788
2022-08-02,4.1684
2022-08-03,4.1626
2022-08-04,4.1661
2022-08-05,4.1736
2022-08-08,4.1777
2022-08-09,4.1793
2022-08-10,4.1762
2022-08-11,4.1871
2022-08-12,4.1866
2022-08-15,4.19
2022-08-16,4.1922
2022-08-17,4.1967
2022-08-18,4.1911
2022-08-19,4.1848
2022-08-22,4.1892
2022-08-23,4.1896
2022-08-24,4.1712
2022-08-25,4.1698
2022-08-26,4.167
2022-08-29,4.1652
2022-08-30,4.1618
2022-08-31,4.1516
2022-09-01,4.15
2022-09-02,4.1525
2022-09-05,4.1545
2022-09-06,4.1646
2022-09-07,4.1663
2022-09-08,4.1625
2022-09-09,4.1661
2022-09-13,4.1668
2022-09-14,4.1619
2022-09-15,4.1526
2022-09-16,4.1404
2022-09-19,4.1384
2022-09-20,4.1409
2022-09-21,4.141
2022-09-22,4.1377
2022-09-23,4.1314
2022-09-26,4.1255
2022-09-27,4.1328
2022-09-28,4.1201
2022-09-29,4.1177
2022-09-30,4.1155
2022-10-10,4.1056
2022-10-11,4.108
2022-10-12,4.121
2022-10-13,4.1208
2022-10-14,4.1309
2022-10-17,4.1328
2022-10-18,4.1317
2022-10-19,4.1254
2022-10-20,4.1223
2022-10-21,4.1224
2022-10-24,4.1124
2022-10-25,4.108
2022-10-26,4.1153
2022-10-27,4.1157
2022-10-28,4.1021
2022-10-31,4.0989
2022-11-01,4.1107
2022-11-02,4.1188
2022-11-03,4.1171
2022-11-04,4.1336
2022-11-07,4.1336
2022-11-08,4.1323
2022-11-09,4.1325
2022-11-10,4.1278
2022-11-11,4.1386
2022-11-14,4.1365
2022-11-15,4.1479
2022-11-16,4.1365
2022-11-17,4.133
2022-11-18,4.1279
2022-11-21,4.1288
2022-11-22,4.1256
2022-11-23,4.1251
2022-11-24,4.1272
2022-11-25,4.128
2022-11-28,4.1229
2022-11-29,4.1368
2022-11-30,4.1346
2022-12-01,4.1403
2022-12-02,4.1374
2022-12-05,4.1434
2022-12-06,4.1436
2022-12-07,4.1394
2022-12-08,4.1367
2022-12-09,4.1413
2022-12-12,4.1377
2022-12-13,4.1306
2022-12-14,4.1282
2022-12-15,4.1289
2022-12-16,4.123
2022-12-19,4.1119
2022-12-20,4.107
2022-12-21,4.1046
2022-12-22,4.1012
2022-12-23,4.0996
2022-12-26,4.1071
2022-12-27,4.1139
2022-12-28,4.1108
2022-12-29,4.1069
2022-12-30,4.1087
2022-12-31,4.1087
2023-01-03,4.1154
2023-01-04,4.1159
2023-01-05,4.1261
2023-01-06,4.1278
2023-01-09,4.1297
2023-01-10,4.129
2023-01-11,4.1264
2023-01-12,4.1269
2023-01-13,4.1294
2023-01-16,4.1375
2023-01-17,4.1414
2023-01-18,4.1428
2023-01-19,4.1473
2023-01-20,4.1526
2023-01-30,4.1555
2023-01-31,4.1507
2023-02-01,4.1591
2023-02-02,4.1589
2023-02-03,4.1552
2023-02-06,4.1448
2023-02-07,4.1468
2023-02-08,4.1434
2023-02-09,4.1521
2023-02-10,4.1493
2023-02-13,4.1525
2023-02-14,4.1533
2023-02-15,4.1489
2023-02-16,4.1396
2023-02-17,4.1322
2023-02-20,4.1413
2023-02-21,4.1436
2023-02-22,4.1412
2023-02-23,4.1418
2023-02-24,4.138
2023-02-27,4.1328
2023-02-28,4.1347
2023-03-01,4.1401
2023-03-02,4.1382
2023-03-03,4.1391
2023-03-06,4.1396
2023-03-07,4.1295
2023-03-08,4.1284
2023-03-09,4.1283
2023-03-10,4.1209
2023-03-13,4.124
2023-03-14,4.1201
2023-03-15,4.1225
2023-03-16,4.1136
2023-03-17,4.1154
2023-03-20,4.1137
2023-03-21,4.1204
2023-03-22,4.1247
2023-03-23,4.1294
2023-03-24,4.1297
2023-03-27,4.1258
2023-03-28,4.1193
2023-03-29,4.1202
2023-03-30,4.1238
2023-03-31,4.1253
2023-04-03,4.1322
2023-04-04,4.1314
2023-04-06,4.1347
2023-04-07,4.1401
2023-04-10,4.1371
2023-04-11,4.1354
2023-04-12,4.1381
2023-04-13,4.1322
2023-04-14,4.1356
2023-04-17,4.1362
2023-04-18,4.1361
2023-04-19,4.1294
2023-04-20,4.1244
2023-04-21,4.1129
2023-04-24,4.1036
2023-04-25,4.0968
2023-04-26,4.1034
2023-04-27,4.1069
2023-04-28,4.1132
2023-05-04,4.1125
2023-05-05,4.1061
2023-05-08,4.1116
2023-05-09,4.1067
2023-05-10,4.1043
2023-05-11,4.106
2023-05-12,4.0959
2023-05-15,4.1007
2023-05-16,4.1008
2023-05-17,4.1019
2023-05-18,4.1029
2023-05-19,4.1047
2023-05-22,4.1062
2023-05-23,4.1015
2023-05-24,4.0969
2023-05-25,4.0956
2023-05-26,4.1007
2023-05-29,4.0967
2023-05-30,4.0959
2023-05-31,4.0942
2023-06-01,4.0948
2023-06-02,4.1046
2023-06-05,4.1015
2023-06-06,4.0935
2023-06-07,4.0934
2023-06-08,4.0944
2023-06-09,4.0971
2023-06-12,4.0994
2023-06-13,4.1002
2023-06-14,4.102
2023-06-15,4.1056
2023-06-16,4.1098
2023-06-19,4.1073
2023-06-20,4.1077
2023-06-21,4.0992
2023-06-26,4.091
2023-06-27,4.1002
2023-06-28,4.0981
2023-06-29,4.0981
2023-06-30,4.1035
2023-07-03,4.1064
2023-07-04,4.107
2023-07-05,4.1036
2023-07-06,4.1025
2023-07-07,4.1014
2023-07-10,4.102
2023-07-11,4.1069
2023-07-12,4.102
2023-07-13,4.1095
2023-07-14,4.1098
2023-07-17,4.1083
2023-07-18,4.1098
2023-07-19,4.1099
2023-07-20,4.1061
2023-07-21,4.1056
2023-07-24,4.1042
2023-07-25,4.1161
2023-07-26,4.1161
2023-07-27,4.1142
2023-07-28,4.1236
2023-07-31,4.1263
2023-08-01,4.1261
2023-08-02,4.1254
2023-08-03,4.1292
2023-08-04,4.1298
2023-08-07,4.1235
2023-08-08,4.1222
2023-08-09,4.1194
2023-08-10,4.1209
2023-08-11,4.1138
2023-08-14,4.1131
2023-08-15,4.1105
2023-08-16,4.1071
2023-08-17,4.1119
2023-08-18,4.1075
2023-08-21,4.1015
2023-08-22,4.1019
2023-08-23,4.0941
2023-08-24,4.097
2023-08-25,4.0915
2023-08-28,4.0943
2023-08-29,4.1043
2023-08-30,4.1079
2023-08-31,4.1046
2023-09-01,4.1077
2023-09-04,4.1112
2023-09-05,4.1075
2023-09-06,4.1063
2023-09-07,4.0955
2023-09-08,4.0943
2023-09-11,4.0967
2023-09-12,4.0954
2023-09-13,4.09
2023-09-14,4.0883
2023-09-15,4.0885
2023-09-18,4.0887
2023-09-19,4.0857
2023-09-20,4.0836
2023-09-21,4.0799
2023-09-22,4.0877
2023-09-25,4.084
2023-09-26,4.0833
2023-09-27,4.0858
2023-09-28,4.0889
2023-10-09,4.0864
2023-10-10,4.0816
2023-10-11,4.0799
2023-10-12,4.0836
2023-10-13,4.0805
2023-10-16,4.075
2023-10-17,4.0741
2023-10-18,4.0652
2023-10-19,4.0561
2023-10-20,4.0512
2023-10-23,4.0395
2023-10-24,4.0493
2023-10-25,4.0524
2023-10-26,4.0559
2023-10-27,4.0662
2023-10-30,4.0711
2023-10-31,4.0653
2023-11-01,4.0614
2023-11-02,4.058
2023-11-03,4.0623
2023-11-06,4.0707
2023-11-07,4.0701
2023-11-08,4.0688
2023-11-09,4.0671
2023-11-10,4.066
2023-11-13,4.0665
2023-11-14,4.0695
2023-11-15,4.073
2023-11-16,4.0676
2023-11-17,4.0668
2023-11-20,4.0698
2023-11-21,4.0691
2023-11-22,4.0607
2023-11-23,4.0636
2023-11-24,4.0589
2023-11-27,4.0591
2023-11-28,4.061
2023-11-29,4.0581
2023-11-30,4.055
2023-12-01,4.0553
2023-12-04,4.0532
2023-12-05,4.0438
2023-12-06,4.0446
2023-12-07,4.0448
2023-12-08,4.0476
2023-12-11,4.0518
2023-12-12,4.0528
2023-12-13,4.0463
2023-12-14,4.0443
2023-12-15,4.0414
2023-12-18,4.0362
2023-12-19,4.034
2023-12-20,4.0287
2023-12-21,4.0335
2023-12-22,4.0315
2023-12-25,4.0307
2023-12-26,4.023
2023-12-27,4.0281
2023-12-28,4.0402
2023-12-29,4.0495
2023-12-31,4.0495
2024-01-02,4.0482
2024-01-03,4.0419
2024-01-04,4.038
2024-01-05,4.0333
2024-01-08,4.0206
2024-01-09,4.0236
2024-01-10,4.0215
2024-01-11,4.0261
2024-01-12,4.0266
2024-01-15,4.0251
2024-01-16,4.0234
2024-01-17,4.011
2024-01-18,4.0108
2024-01-19,4.0089
2024-01-22,3.9877
2024-01-23,3.9913
2024-01-24,3.9931
2024-01-25,4.0099
2024-01-26,4.0089
2024-01-29,3.9998
2024-01-30,3.989
2024-01-31,3.98
2024-02-01,3.9804
2024-02-02,3.974
2024-02-05,3.9664
2024-02-06,3.9884
2024-02-07,3.9974
2024-02-08,4.0082
2024-02-19,4.0105
2024-02-20,4.0169
2024-02-21,4.0209
2024-02-22,4.0236
2024-02-23,4.0251
2024-02-26,4.0226
2024-02-27,4.0304
2024-02-28,4.0168
2024-02-29,4.0283
2024-03-01,4.0301
2024-03-04,4.0294
2024-03-05,4.0272
2024-03-06,4.0262
2024-03-07,4.0227
2024-03-08,4.0279
2024-03-11,4.036
2024-03-12,4.037
2024-03-13,4.037
2024-03-14,4.0353
2024-03-15,4.0374
2024-03-18,4.0436
2024-03-19,4.0407
2024-03-20,4.0433
2024-03-21,4.0441
2024-03-22,4.0402
2024-03-25,4.0375
2024-03-26,4.0363
2024-03-27,4.0293
2024-03-28,4.0333
2024-03-29,4.0374
2024-04-01,4.0449
2024-04-02,4.0436
2024-04-03,4.0472
2024-04-08,4.0429
2024-04-09,4.0445
2024-04-10,4.0407
2024-04-11,4.0421
2024-04-12,4.0428
2024-04-15,4.0432
2024-04-16,4.0367
2024-04-17,4.0463
2024-04-18,4.0481
2024-04-19,4.047
2024-04-22,4.045
2024-04-23,4.0413
2024-04-24,4.044
2024-04-25,4.0451
2024-04-26,4.0531
2024-04-29,4.0598
2024-04-30,4.0613
2024-05-06,4.0712
2024-05-07,4.0745
2024-05-08,4.0699
2024-05-09,4.0789
2024-05-10,4.0818
2024-05-13,4.0817
2024-05-14,4.0833
2024-05-15,4.0803
2024-05-16,4.0802
2024-05-17,4.0858
2024-05-20,4.09
2024-05-21,4.0892
2024-05-22,4.0893
2024-05-23,4.0824
2024-05-24,4.0791
2024-05-27,4.0847
2024-05-28,4.0825
2024-05-29,4.0826
2024-05-30,4.0812
2024-05-31,4.0801
2024-06-03,4.0788
2024-06-04,4.0845
2024-06-05,4.0797
2024-06-06,4.0798
2024-06-07,4.0792
2024-06-11,4.0793
2024-06-12,4.0817
2024-06-13,4.0771
2024-06-14,4.0792
2024-06-17,4.0775
2024-06-18,4.0791
2024-06-19,4.0742
2024-06-20,4.0678
2024-06-21,4.0639
2024-06-24,4.0534
2024-06-25,4.0563
2024-06-26,4.0657
2024-06-27,4.0614
2024-06-28,4.065
2024-06-30,4.065
2024-07-01,4.0709
2024-07-02,4.0659
2024-07-03,4.0616
2024-07-04,4.0556
2024-07-05,4.0571
2024-07-08,4.0503
2024-07-09,4.0572
2024-07-10,4.0543
2024-07-11,4.0612
2024-07-12,4.0582
2024-07-15,4.0575
2024-07-16,4.0604
2024-07-17,4.055
2024-07-18,4.0554
2024-07-19,4.054
2024-07-22,4.0506
2024-07-23,4.0363
2024-07-24,4.0275
2024-07-25,4.0248
2024-07-26,4.0335
2024-07-29,4.0315
2024-07-30,4.029
2024-07-31,4.0441
2024-08-01,4.0412
2024-08-02,4.037
2024-08-05,4.0265
2024-08-06,4.0276
2024-08-07,4.0282
2024-08-08,4.0281
2024-08-09,4.0269
2024-08-12,4.0247
2024-08-13,4.0259
2024-08-14,4.0215
2024-08-15,4.0182
2024-08-16,4.0109
2024-08-19,4.0132
2024-08-20,4.0032
2024-08-21,4.0017
2024-08-22,3.9985
2024-08-23,4.0003
2024-08-26,4.0043
2024-08-27,3.9993
2024-08-28,3.9986
2024-08-29,4.0027
2024-08-30,4.014
2024-09-02,4.0057
2024-09-03,4.0075
2024-09-04,4.0058
2024-09-05,4.0097
2024-09-06,4.0055
2024-09-09,3.999
2024-09-10,3.9957
2024-09-11,3.9938
2024-09-12,3.9918
2024-09-13,3.9893
2024-09-18,3.9869
2024-09-19,3.992
2024-09-20,3.9914
2024-09-23,3.991
2024-09-24,4.0118
2024-09-25,4.0166
2024-09-26,4.0359
2024-09-27,4.0545
2024-09-30,4.0913
2024-10-08,4.1211
2024-10-09,4.0707
2024-10-10,4.073
2024-10-11,4.0573
2024-10-14,4.0734
2024-10-15,4.066
2024-10-16,4.0693
2024-10-17,4.066
2024-10-18,4.0829
2024-10-21,4.0895
2024-10-22,4.092
2024-10-23,4.0927
2024-10-24,4.0888
2024-10-25,4.095
2024-10-28,4.0981
2024-10-29,4.0916
2024-10-30,4.0871
2024-10-31,4.0887
2024-11-01,4.0876
2024-11-04,4.0958
2024-11-05,4.1084
2024-11-06,4.1074
2024-11-07,4.1184
2024-11-08,4.1159
2024-11-11,4.1272
2024-11-12,4.1211
2024-11-13,4.1232
2024-11-14,4.1115
2024-11-15,4.1033
2024-11-18,4.0981
2024-11-19,4.1033
2024-11-20,4.1077
2024-11-21,4.1078
2024-11-22,4.0958
2024-11-25,4.0943
2024-11-26,4.0939
2024-11-27,4.1025
2024-11-28,4.1018
2024-11-29,4.1073
2024-12-02,4.1095
2024-12-03,4.1114
2024-12-04,4.1061
2024-12-05,4.106
2024-12-06,4.1124
2024-12-09,4.1113
2024-12-10,4.1193
2024-12-11,4.1251
2024-12-12,4.1322
2024-12-13,4.1242
2024-12-16,4.1132
2024-12-17,4.1094
2024-12-18,4.1135
2024-12-19,4.1164
2024-12-20,4.1174
2024-12-23,4.1142
2024-12-24,4.1206
2024-12-25,4.1181
2024-12-26,4.1208
2024-12-27,4.1213
2024-12-30,4.1228
2024-12-31,4.1155
2025-01-02,4.1031
2025-01-03,4.0976
2025-01-06,4.0959
2025-01-07,4.1031
2025-01-08,4.1027
2025-01-09,4.1046
2025-01-10,4.0997
2025-01-13,4.0965
2025-01-14,4.1096
2025-01-15,4.1088
2025-01-16,4.1095
2025-01-17,4.1138
2025-01-20,4.1194
2025-01-21,4.1232
2025-01-22,4.1189
2025-01-23,4.1177
2025-01-24,4.1244
2025-01-27,4.1212
2025-02-05,4.1182
2025-02-06,4.1243
2025-02-07,4.1323
2025-02-10,4.1317
2025-02-11,4.129
2025-02-12,4.1347
2025-02-13,4.1319
2025-02-14,4.1338
2025-02-17,4.1305
2025-02-18,4.1233
2025-02-19,4.1311
2025-02-20,4.1338
2025-02-21,4.141
2025-02-24,4.1391
2025-02-25,4.1362
2025-02-26,4.1442
2025-02-27,4.1444
2025-02-28,4.1302
2025-03-03,4.1278
2025-03-04,4.1298
2025-03-05,4.1323
2025-03-06,4.1406
2025-03-07,4.1398
2025-03-10,4.1404
2025-03-11,4.1367
2025-03-12,4.1378
2025-03-13,4.1332
2025-03-14,4.1437
2025-03-17,4.1457
2025-03-18,4.1467
2025-03-19,4.1414
2025-03-20,4.1372
2025-03-21,4.1277
2025-03-24,4.1272
2025-03-25,4.1294
2025-03-26,4.1306
2025-03-27,4.1315
2025-03-28,4.1295
2025-03-31,4.1237
2025-04-01,4.1261
2025-04-02,4.1269
2025-04-03,4.1188
2025-04-07,4.0755
2025-04-08,4.0809
2025-04-09,4.0871
2025-04-10,4.0975
2025-04-11,4.0985
2025-04-14,4.0992
2025-04-15,4.0955
2025-04-16,4.0908
2025-04-17,4.0931
2025-04-18,4.0921
2025-04-21,4.0952
2025-04-22,4.0973
2025-04-23,4.1001
2025-04-24,4.0981
2025-04-25,4.0987
2025-04-28,4.0944
2025-04-29,4.0968
2025-04-30,4.0978
2025-05-06,4.105
2025-05-07,4.1051
2025-05-08,4.1091
2025-05-09,4.1072
2025-05-12,4.1141
2025-05-13,4.1155
2025-05-14,4.1163
2025-05-15,4.1115
2025-05-16,4.1108
2025-05-19,4.1115
2025-05-20,4.1139
2025-05-21,4.1165
2025-05-22,4.1142
2025-05-23,4.1106
2025-05-26,4.1066
2025-05-27,4.1034
2025-05-28,4.1049
2025-05-29,4.1097
2025-05-30,4.1075
2025-06-03,4.1086
2025-06-04,4.1122
2025-06-05,4.1138
2025-06-06,4.1148
2025-06-09,4.1174
2025-06-10,4.1145
2025-06-11,4.1183
2025-06-12,4.1191
2025-06-13,4.1143
2025-06-16,4.1154
2025-06-17,4.1164
2025-06-18,4.116
2025-06-19,4.1113
2025-06-20,4.1129
2025-06-23,4.1146
2025-06-24,4.1215
2025-06-25,4.1292
2025-06-26,4.1271
2025-06-27,4.1283
2025-06-30,4.1329
2025-07-01,4.1364
2025-07-02,4.134
2025-07-03,4.1408
2025-07-04,4.1411
2025-07-07,4.1394
2025-07-08,4.1468
2025-07-09,4.1438
2025-07-10,4.1473
2025-07-11,4.1481
2025-07-14,4.146
2025-07-15,4.1442
2025-07-16,4.1458
2025-07-17,4.1524
2025-07-18,4.1543
2025-07-21,4.1599
2025-07-22,4.1654
2025-07-23,4.167
2025-07-24,4.1736
2025-07-25,4.1736
2025-07-28,4.1706
2025-07-29,4.1732
2025-07-30,4.1717
2025-07-31,4.1622
2025-08-01,4.162
2025-08-04,4.1692
2025-08-05,4.175
2025-08-06,4.178
2025-08-07,4.1782
2025-08-08,4.1793
2025-08-11,4.1842
2025-08-12,4.1832
2025-08-13,4.189
2025-08-14,4.1844
2025-08-15,4.195
2025-08-18,4.2032
2025-08-19,4.2009
2025-08-20,4.2051
2025-08-21,4.2073
2025-08-22,4.2181
2025-08-25,4.2268
2025-08-26,4.2273
2025-08-27,4.205
2025-08-28,4.2128
2025-08-29,4.2155
2025-09-01,4.2137
2025-09-02,4.2066
2025-09-03,4.2048
2025-09-04,4.1992
2025-09-05,4.2234
2025-09-08,4.2298
2025-09-09,4.2214
2025-09-10,4.2177
2025-09-11,4.2317
2025-09-12,4.2315
2025-09-15,4.2285
2025-09-16,4.2257
2025-09-17,4.2292
2025-09-18,4.2207
2025-09-19,4.2209
2025-09-22,4.2221
2025-09-23,4.2227
2025-09-24,4.2384
2025-09-25,4.2423
2025-09-26,4.2391
2025-09-29,4.2511
2025-09-30,4.2604
2025-10-09,4.2694
2025-10-10,4.2592
2025-10-13,4.2482
2025-10-14,4.2369
2025-10-15,4.2433
2025-10-16,4.2387
2025-10-17,4.2229
2025-10-20,4.2252
2025-10-21,4.2368
2025-10-22,4.2326
2025-10-23,4.2335
2025-10-24,4.2415
2025-10-27,4.2493
2025-10-28,4.2457
2025-10-29,4.2587
2025-10-30,4.2502
2025-10-31,4.2463
2025-11-03,4.2462
2025-11-04,4.2385
2025-11-05,4.2439
2025-11-06,4.249
2025-11-07,4.25
2025-11-10,4.2525
2025-11-11,4.2505
2025-11-12,4.2491
2025-11-13,4.2604
2025-11-14,4.2535
2025-11-17,4.2504
2025-11-18,4.2443
2025-11-19,4.2457
2025-11-20,4.2428
2025-11-21,4.2278
2025-11-24,4.2297
2025-11-25,4.2353
2025-11-26,4.231
2025-11-27,4.2268
2025-11-28,4.2307
2025-12-01,4.2357
2025-12-02,4.2306
2025-12-03,4.2276
2025-12-04,4.2273
2025-12-05,4.2363
2025-12-08,4.2423
2025-12-09,4.2355
2025-12-10,4.2389
2025-12-11,4.2324
2025-12-12,4.2392
2025-12-15,4.2361
2025-12-16,4.2291
2025-12-17,4.2416
2025-12-18,4.2418
2025-12-19,4.2446
2025-12-22,4.2496
2025-12-23,4.2496
2025-12-24,4.2556
2025-12-25,4.2637
2025-12-26,4.2635
2025-12-29,4.2575
2025-12-30,4.2612
2025-12-31,4.2615
2026-01-05,4.2775
2026-01-06,4.2924
2026-01-07,4.2932
2026-01-08,4.2913
2026-01-09,4.3008
2026-01-12,4.3104
2026-01-13,4.2984
2026-01-14,4.297
2026-01-15,4.3058
2026-01-16,4.3169
2026-01-19,4.3245
2026-01-20,4.3171
2026-01-21,4.327
2026-01-22,4.3378
2026-01-23,4.3543
2026-01-26,4.3448
2026-01-27,4.3462
2026-01-28,4.3575
2026-01-29,4.3485
2026-01-30,4.3331
2026-02-02,4.3044
2026-02-03,4.3375
2026-02-04,4.3432
2026-02-05,4.3322
2026-02-06,4.3396
2026-02-09,4.3583
2026-02-10,4.3552
2026-02-11,4.3591
2026-02-12,4.3642
2026-02-13,4.3553
2026-02-24,4.3651
2026-02-25,4.3723
2026-02-26,4.3625
2026-02-27,4.3623
2026-03-02,4.3632
2026-03-03,4.3425
2026-03-04,4.3384
2026-03-05,4.3386
2026-03-06,4.3414
2026-03-09,4.3387
2026-03-10,4.3499
2026-03-11,4.3615
2026-03-12,4.355
2026-03-13,4.3477
2026-03-16,4.3426
2026-03-17,4.3249
2026-03-18,4.3311
2026-03-19,4.3121
2026-03-20,4.3129
2026-03-23,4.2973
2026-03-24,4.3167
2026-03-25,4.3329
2026-03-26,4.3209
2026-03-27,4.3267
2026-03-30,4.3187
2026-03-31,4.2988
2026-04-01,4.3127
2026-04-02,4.3016
2026-04-03,4.3013
2026-04-07,4.3042
2026-04-08,4.335
2026-04-09,4.335
2026-04-10,4.339
2026-04-13,4.3366
2026-04-14,4.3466
2026-04-15,4.3473
2026-04-16,4.3642
2026-04-17,4.3684
2026-04-20,4.3704
2026-04-21,4.3686
2026-04-22,4.375
2026-04-23,4.3731
2026-04-24,4.3724
2026-04-27,4.3725
2026-04-28,4.3701
2026-04-29,4.383
2026-04-30,4.3826
2026-05-06,4.3982
2026-05-07,4.3977
2026-05-08,4.3943
2026-05-11,4.4033
2026-05-12,4.3945
2026-05-13,4.4012
2026-05-14,4.3825
2026-05-15,4.3724
2026-05-18,4.3709
2026-05-19,4.3839
2026-05-20,4.3805
2026-05-21,4.3642
2026-05-22,4.3697
2026-05-25,4.3639
2026-05-26,4.3598
2026-05-27,4.3555
2026-05-28,4.3612
2026-05-29,4.3494
2026-06-01,4.3524
2026-06-02,4.3585
2026-06-03,4.3591
2026-06-04,4.3504
2026-06-05,4.3397
2026-06-08,4.3262
2026-06-09,4.3332
2026-06-10,4.3231
2026-06-11,4.3239
2026-06-12,4.3341
2026-06-15,4.3486
2026-06-16,4.3525
2026-06-17,4.3499
2026-06-18,4.3464
2026-06-22,4.3546
2026-06-23,4.3417
2026-06-24,4.3483
2026-06-25,4.3445
2026-06-26,4.3277
2026-06-29,4.3287
2026-06-30,4.3412
2026-07-01,4.346
2026-07-02,4.3357
2026-07-03,4.3388
2026-07-06,4.3388
2026-07-07,4.3261
2026-07-08,4.3164
2026-07-09,4.3258
2026-07-10,4.3129
2026-07-13,4.2991
2026-07-14,4.3111
2026-07-15,4.31
2026-07-16,4.3026
2026-07-17,4.2875
2026-07-20,4.2897
2026-07-21,4.3056
2026-07-22,4.3028
2026-07-23,4.3096
2026-07-24,4.3002
2026-07-27,4.3186
2026-07-28,4.3024
2026-07-29,4.3113
2026-07-30,4.3037
2026-07-31,4.3096
2026-08-03,4.3049
2026-08-04,4.3134
2026-08-05,4.3215
2026-08-06,4.3178
2026-08-07,4.3232
2026-08-10,4.3234
2026-08-11,4.3197
2026-08-12,4.3176
2026-08-13,4.3108
2026-08-14,4.311
2026-08-17,4.3235
2026-08-18,4.3208
2026-08-19,4.3097
2026-08-20,4.3115
2026-08-21,4.3125
2026-08-24,4.3075
2026-08-25,4.309
2026-08-26,4.3134
2026-08-27,4.3179
2026-08-28,4.3144
