净值日期,累计净值
2003-07-09,1.0
2003-07-14,1.0
2003-07-15,1.0
2003-07-16,1.0
2003-07-17,1.001
2003-07-18,1.001
2003-07-21,1.001
2003-07-22,1.001
2003-07-23,1.001
2003-07-24,1.001
2003-07-25,1.001
2003-07-28,1.001
2003-07-29,1.001
2003-07-30,1.001
2003-07-31,1.001
2003-08-01,1.002
2003-08-04,1.002
2003-08-05,1.002
2003-08-06,1.002
2003-08-07,1.002
2003-08-08,1.002
2003-08-11,1.001
2003-08-12,1.001
2003-08-13,1.001
2003-08-14,1.0
2003-08-15,0.999
2003-08-18,1.0
2003-08-19,1.0
2003-08-20,0.999
2003-08-21,0.999
2003-08-22,0.997
2003-08-25,0.996
2003-08-26,0.995
2003-08-27,0.995
2003-08-28,0.996
2003-08-29,0.996
2003-09-01,0.996
2003-09-02,0.996
2003-09-03,0.996
2003-09-04,0.995
2003-09-05,0.996
2003-09-08,0.995
2003-09-09,0.994
2003-09-10,0.993
2003-09-11,0.994
2003-09-12,0.993
2003-09-15,0.993
2003-09-16,0.992
2003-09-17,0.992
2003-09-18,0.992
2003-09-19,0.993
2003-09-22,0.992
2003-09-23,0.99
2003-09-24,0.988
2003-09-25,0.986
2003-09-26,0.987
2003-09-29,0.985
2003-09-30,0.987
2003-10-08,0.986
2003-10-09,0.985
2003-10-10,0.987
2003-10-13,0.985
2003-10-14,0.984
2003-10-15,0.982
2003-10-16,0.981
2003-10-17,0.979
2003-10-20,0.979
2003-10-21,0.979
2003-10-22,0.982
2003-10-23,0.983
2003-10-24,0.982
2003-10-27,0.981
2003-10-28,0.981
2003-10-29,0.982
2003-10-30,0.983
2003-10-31,0.982
2003-11-03,0.987
2003-11-04,0.99
2003-11-05,0.99
2003-11-06,0.989
2003-11-07,0.986
2003-11-10,0.989
2003-11-11,0.989
2003-11-12,0.989
2003-11-13,0.985
2003-11-14,0.985
2003-11-17,0.986
2003-11-18,0.989
2003-11-19,0.989
2003-11-20,0.989
2003-11-21,0.99
2003-11-24,0.99
2003-11-25,0.99
2003-11-26,0.991
2003-11-27,0.99
2003-11-28,0.991
2003-12-01,0.992
2003-12-02,0.993
2003-12-03,0.994
2003-12-04,0.994
2003-12-05,0.994
2003-12-08,0.994
2003-12-09,0.994
2003-12-10,0.999
2003-12-11,1.002
2003-12-12,0.998
2003-12-15,0.997
2003-12-16,0.998
2003-12-17,0.997
2003-12-18,0.994
2003-12-19,0.998
2003-12-22,1.0
2003-12-23,1.002
2003-12-24,1.001
2003-12-25,1.001
2003-12-26,1.002
2003-12-29,1.001
2003-12-30,1.004
2003-12-31,1.007
2004-01-02,1.007
2004-01-05,1.007
2004-01-06,1.002
2004-01-07,1.001
2004-01-08,1.002
2004-01-09,1.007
2004-01-12,1.003
2004-01-13,1.004
2004-01-14,1.004
2004-01-15,1.007
2004-01-16,1.009
2004-01-29,1.008
2004-01-30,1.008
2004-02-02,1.009
2004-02-03,1.008
2004-02-04,1.008
2004-02-05,1.008
2004-02-06,1.006
2004-02-09,1.002
2004-02-10,1.006
2004-02-11,1.006
2004-02-12,1.001
2004-02-13,1.001
2004-02-16,1.001
2004-02-17,1.002
2004-02-18,1.002
2004-02-19,1.004
2004-02-20,1.004
2004-02-23,0.992
2004-02-24,0.992
2004-02-25,0.989
2004-02-26,0.991
2004-02-27,0.993
2004-03-01,0.994
2004-03-02,0.994
2004-03-03,0.993
2004-03-04,0.995
2004-03-05,0.994
2004-03-08,0.992
2004-03-09,0.992
2004-03-10,0.994
2004-03-11,0.996
2004-03-12,0.997
2004-03-15,0.999
2004-03-16,0.999
2004-03-17,1.002
2004-03-18,1.0
2004-03-19,1.001
2004-03-22,1.001
2004-03-23,0.999
2004-03-24,0.997
2004-03-25,0.998
2004-03-26,0.999
2004-03-29,0.999
2004-03-30,1.0
2004-03-31,1.002
2004-04-01,1.004
2004-04-02,1.007
2004-04-05,1.012
2004-04-06,1.013
2004-04-07,1.013
2004-04-08,1.016
2004-04-09,1.008
2004-04-12,1.006
2004-04-13,1.009
2004-04-14,1.001
2004-04-15,0.998
2004-04-16,1.0
2004-04-19,1.001
2004-04-20,0.996
2004-04-21,0.991
2004-04-22,0.991
2004-04-23,0.99
2004-04-26,0.99
2004-04-27,0.99
2004-04-28,0.987
2004-04-29,0.979
2004-04-30,0.982
2004-05-10,0.978
2004-05-11,0.976
2004-05-12,0.981
2004-05-13,0.983
2004-05-14,0.981
2004-05-17,0.979
2004-05-18,0.979
2004-05-19,0.976
2004-05-20,0.974
2004-05-21,0.978
2004-05-24,0.975
2004-05-25,0.974
2004-05-26,0.973
2004-05-27,0.978
2004-05-28,0.981
2004-05-31,0.981
2004-06-01,0.987
2004-06-02,0.982
2004-06-03,0.979
2004-06-04,0.981
2004-06-07,0.977
2004-06-08,0.975
2004-06-09,0.97
2004-06-10,0.969
2004-06-11,0.968
2004-06-14,0.964
2004-06-15,0.966
2004-06-16,0.968
2004-06-17,0.964
2004-06-18,0.961
2004-06-21,0.961
2004-06-22,0.965
2004-06-23,0.963
2004-06-24,0.962
2004-06-25,0.958
2004-06-28,0.958
2004-06-29,0.962
2004-06-30,0.962
2004-07-01,0.967
2004-07-02,0.969
2004-07-05,0.97
2004-07-06,0.972
2004-07-07,0.97
2004-07-08,0.972
2004-07-09,0.971
2004-07-12,0.968
2004-07-13,0.967
2004-07-14,0.968
2004-07-15,0.969
2004-07-16,0.973
2004-07-19,0.971
2004-07-20,0.967
2004-07-21,0.967
2004-07-22,0.959
2004-07-23,0.959
2004-07-26,0.956
2004-07-27,0.955
2004-07-28,0.954
2004-07-29,0.957
2004-07-30,0.958
2004-08-02,0.956
2004-08-03,0.957
2004-08-04,0.961
2004-08-05,0.958
2004-08-06,0.958
2004-08-09,0.958
2004-08-10,0.957
2004-08-11,0.955
2004-08-12,0.954
2004-08-13,0.955
2004-08-16,0.954
2004-08-17,0.955
2004-08-18,0.955
2004-08-19,0.954
2004-08-20,0.956
2004-08-23,0.954
2004-08-24,0.956
2004-08-25,0.954
2004-08-26,0.954
2004-08-27,0.954
2004-08-30,0.953
2004-08-31,0.95
2004-09-01,0.948
2004-09-02,0.947
2004-09-03,0.946
2004-09-06,0.947
2004-09-07,0.946
2004-09-08,0.946
2004-09-09,0.945
2004-09-10,0.946
2004-09-13,0.943
2004-09-14,0.944
2004-09-15,0.948
2004-09-16,0.95
2004-09-17,0.952
2004-09-20,0.96
2004-09-21,0.959
2004-09-22,0.958
2004-09-23,0.956
2004-09-24,0.957
2004-09-27,0.956
2004-09-28,0.957
2004-09-29,0.956
2004-09-30,0.957
2004-10-08,0.956
2004-10-11,0.957
2004-10-12,0.953
2004-10-13,0.952
2004-10-14,0.949
2004-10-15,0.948
2004-10-18,0.949
2004-10-19,0.949
2004-10-20,0.95
2004-10-21,0.949
2004-10-22,0.951
2004-10-25,0.951
2004-10-26,0.946
2004-10-27,0.945
2004-10-28,0.946
2004-10-29,0.946
2004-11-01,0.945
2004-11-02,0.944
2004-11-03,0.945
2004-11-04,0.942
2004-11-05,0.94
2004-11-08,0.94
2004-11-09,0.94
2004-11-10,0.943
2004-11-11,0.943
2004-11-12,0.944
2004-11-15,0.943
2004-11-16,0.944
2004-11-17,0.943
2004-11-18,0.946
2004-11-19,0.946
2004-11-22,0.948
2004-11-23,0.947
2004-11-24,0.945
2004-11-25,0.945
2004-11-26,0.945
2004-11-29,0.945
2004-11-30,0.945
2004-12-01,0.944
2004-12-02,0.943
2004-12-03,0.941
2004-12-06,0.94
2004-12-07,0.94
2004-12-08,0.94
2004-12-09,0.941
2004-12-10,0.94
2004-12-13,0.938
2004-12-14,0.938
2004-12-15,0.937
2004-12-16,0.935
2004-12-17,0.934
2004-12-20,0.932
2004-12-21,0.931
2004-12-22,0.931
2004-12-23,0.93
2004-12-24,0.928
2004-12-27,0.928
2004-12-28,0.929
2004-12-29,0.929
2004-12-30,0.93
2004-12-31,0.932
2005-01-04,0.929
2005-01-05,0.93
2005-01-06,0.929
2005-01-07,0.929
2005-01-10,0.931
2005-01-11,0.931
2005-01-12,0.931
2005-01-13,0.932
2005-01-14,0.932
2005-01-17,0.931
2005-01-18,0.928
2005-01-19,0.927
2005-01-20,0.927
2005-01-21,0.929
2005-01-24,0.931
2005-01-25,0.932
2005-01-26,0.932
2005-01-27,0.931
2005-01-28,0.932
2005-01-31,0.932
2005-02-01,0.933
2005-02-02,0.936
2005-02-03,0.936
2005-02-04,0.938
2005-02-16,0.94
2005-02-17,0.94
2005-02-18,0.94
2005-02-21,0.941
2005-02-22,0.943
2005-02-23,0.944
2005-02-24,0.943
2005-02-25,0.945
2005-02-28,0.944
2005-03-01,0.944
2005-03-02,0.943
2005-03-03,0.941
2005-03-04,0.94
2005-03-07,0.942
2005-03-08,0.944
2005-03-09,0.944
2005-03-10,0.943
2005-03-11,0.943
2005-03-14,0.945
2005-03-15,0.945
2005-03-16,0.943
2005-03-17,0.944
2005-03-18,0.943
2005-03-21,0.943
2005-03-22,0.943
2005-03-23,0.942
2005-03-24,0.943
2005-03-25,0.943
2005-03-28,0.944
2005-03-29,0.944
2005-03-30,0.944
2005-03-31,0.944
2005-04-01,0.947
2005-04-04,0.948
2005-04-05,0.948
2005-04-06,0.952
2005-04-07,0.954
2005-04-08,0.957
2005-04-11,0.956
2005-04-12,0.956
2005-04-13,0.958
2005-04-14,0.958
2005-04-15,0.958
2005-04-18,0.959
2005-04-19,0.958
2005-04-20,0.957
2005-04-21,0.958
2005-04-22,0.959
2005-04-25,0.958
2005-04-26,0.959
2005-04-27,0.959
2005-04-28,0.961
2005-04-29,0.96
2005-05-09,0.96
2005-05-10,0.961
2005-05-11,0.96
2005-05-12,0.958
2005-05-13,0.958
2005-05-16,0.953
2005-05-17,0.954
2005-05-18,0.952
2005-05-19,0.953
2005-05-20,0.954
2005-05-23,0.953
2005-05-24,0.955
2005-05-25,0.956
2005-05-26,0.954
2005-05-27,0.953
2005-05-30,0.953
2005-05-31,0.953
2005-06-01,0.953
2005-06-02,0.954
2005-06-03,0.956
2005-06-06,0.958
2005-06-07,0.959
2005-06-08,0.967
2005-06-09,0.969
2005-06-10,0.968
2005-06-13,0.97
2005-06-14,0.969
2005-06-15,0.969
2005-06-16,0.971
2005-06-17,0.973
2005-06-20,0.976
2005-06-21,0.977
2005-06-22,0.98
2005-06-23,0.978
2005-06-24,0.978
2005-06-27,0.981
2005-06-28,0.981
2005-06-29,0.981
2005-06-30,0.978
2005-07-01,0.976
2005-07-04,0.976
2005-07-05,0.977
2005-07-06,0.978
2005-07-07,0.981
2005-07-08,0.986
2005-07-11,0.986
2005-07-12,0.989
2005-07-13,0.989
2005-07-14,0.998
2005-07-15,1.001
2005-07-18,1.001
2005-07-19,1.0
2005-07-20,1.001
2005-07-21,1.0
2005-07-22,1.0
2005-07-25,1.001
2005-07-26,1.004
2005-07-27,1.007
2005-07-28,1.007
2005-07-29,1.007
2005-08-01,1.01
2005-08-02,1.013
2005-08-03,1.011
2005-08-04,1.01
2005-08-05,1.015
2005-08-08,1.019
2005-08-09,1.02
2005-08-10,1.024
2005-08-11,1.024
2005-08-12,1.029
2005-08-15,1.036
2005-08-16,1.032
2005-08-17,1.033
2005-08-18,1.028
2005-08-19,1.033
2005-08-22,1.028
2005-08-23,1.028
2005-08-24,1.029
2005-08-25,1.029
2005-08-26,1.028
2005-08-29,1.028
2005-08-30,1.028
2005-08-31,1.029
2005-09-01,1.03
2005-09-02,1.03
2005-09-05,1.03
2005-09-06,1.03
2005-09-07,1.031
2005-09-08,1.031
2005-09-09,1.032
2005-09-12,1.032
2005-09-13,1.033
2005-09-14,1.033
2005-09-15,1.034
2005-09-16,1.034
2005-09-19,1.034
2005-09-20,1.035
2005-09-21,1.034
2005-09-22,1.033
2005-09-23,1.033
2005-09-26,1.033
2005-09-27,1.034
2005-09-28,1.035
2005-09-29,1.035
2005-09-30,1.036
2005-10-10,1.039
2005-10-11,1.04
2005-10-12,1.041
2005-10-13,1.044
2005-10-14,1.044
2005-10-17,1.044
2005-10-18,1.044
2005-10-19,1.045
2005-10-20,1.044
2005-10-21,1.042
2005-10-24,1.041
2005-10-25,1.042
2005-10-26,1.041
2005-10-27,1.038
2005-10-28,1.035
2005-10-31,1.034
2005-11-01,1.035
2005-11-02,1.037
2005-11-03,1.038
2005-11-04,1.037
2005-11-07,1.038
2005-11-08,1.036
2005-11-09,1.036
2005-11-10,1.036
2005-11-11,1.036
2005-11-14,1.037
2005-11-15,1.037
2005-11-16,1.037
2005-11-17,1.037
2005-11-18,1.036
2005-11-21,1.036
2005-11-22,1.036
2005-11-23,1.036
2005-11-24,1.036
2005-11-25,1.036
2005-11-28,1.037
2005-11-29,1.037
2005-11-30,1.036
2005-12-01,1.036
2005-12-02,1.04
2005-12-05,1.046
2005-12-06,1.048
2005-12-07,1.049
2005-12-08,1.049
2005-12-09,1.049
2005-12-12,1.05
2005-12-13,1.05
2005-12-14,1.05
2005-12-15,1.051
2005-12-16,1.051
2005-12-19,1.052
2005-12-20,1.051
2005-12-21,1.051
2005-12-22,1.051
2005-12-23,1.052
2005-12-26,1.053
2005-12-27,1.052
2005-12-28,1.053
2005-12-29,1.054
2005-12-30,1.054
2005-12-31,1.054
2006-01-04,1.057
2006-01-05,1.058
2006-01-06,1.061
2006-01-09,1.06
2006-01-10,1.063
2006-01-11,1.064
2006-01-12,1.063
2006-01-13,1.077
2006-01-16,1.076
2006-01-17,1.075
2006-01-18,1.078
2006-01-19,1.078
2006-01-20,1.08
2006-01-23,1.079
2006-01-24,1.089
2006-01-25,1.089
2006-02-06,1.093
2006-02-07,1.093
2006-02-08,1.093
2006-02-09,1.091
2006-02-10,1.093
2006-02-13,1.09
2006-02-14,1.09
2006-02-15,1.089
2006-02-16,1.083
2006-02-17,1.084
2006-02-20,1.085
2006-02-21,1.085
2006-02-22,1.084
2006-02-23,1.084
2006-02-24,1.085
2006-02-27,1.092
2006-02-28,1.093
2006-03-01,1.093
2006-03-02,1.086
2006-03-03,1.082
2006-03-06,1.08
2006-03-07,1.075
2006-03-08,1.074
2006-03-09,1.074
2006-03-10,1.078
2006-03-13,1.083
2006-03-14,1.082
2006-03-15,1.085
2006-03-16,1.085
2006-03-17,1.084
2006-03-20,1.085
2006-03-21,1.086
2006-03-22,1.085
2006-03-23,1.086
2006-03-24,1.092
2006-03-27,1.095
2006-03-28,1.096
2006-03-29,1.1
2006-03-30,1.102
2006-03-31,1.097
2006-04-03,1.099
2006-04-04,1.101
2006-04-05,1.108
2006-04-06,1.106
2006-04-07,1.105
2006-04-10,1.107
2006-04-11,1.106
2006-04-12,1.105
2006-04-13,1.103
2006-04-14,1.105
2006-04-17,1.104
2006-04-18,1.104
2006-04-19,1.104
2006-04-20,1.103
2006-04-21,1.105
2006-04-24,1.104
2006-04-25,1.102
2006-04-26,1.103
2006-04-27,1.104
2006-04-28,1.105
2006-05-08,1.107
2006-05-09,1.108
2006-05-10,1.11
2006-05-11,1.109
2006-05-12,1.111
2006-05-15,1.117
2006-05-16,1.195
2006-05-17,1.197
2006-05-18,1.196
2006-05-19,1.206
2006-05-22,1.222
2006-05-23,1.227
2006-05-24,1.228
2006-05-25,1.228
2006-05-26,1.229
2006-05-29,1.232
2006-05-30,1.233
2006-05-31,1.235
2006-06-01,1.242
2006-06-02,1.238
2006-06-05,1.234
2006-06-06,1.234
2006-06-07,1.226
2006-06-08,1.226
2006-06-09,1.224
2006-06-12,1.224
2006-06-13,1.222
2006-06-14,1.223
2006-06-15,1.224
2006-06-16,1.226
2006-06-19,1.223
2006-06-20,1.223
2006-06-21,1.223
2006-06-22,1.222
2006-06-23,1.226
2006-06-26,1.227
2006-06-27,1.228
2006-06-28,1.228
2006-06-29,1.231
2006-06-30,1.233
2006-07-03,1.236
2006-07-04,1.235
2006-07-05,1.233
2006-07-06,1.236
2006-07-07,1.236
2006-07-10,1.238
2006-07-11,1.238
2006-07-12,1.238
2006-07-13,1.235
2006-07-14,1.235
2006-07-17,1.237
2006-07-18,1.236
2006-07-19,1.236
2006-07-20,1.234
2006-07-21,1.235
2006-07-24,1.234
2006-07-25,1.234
2006-07-26,1.233
2006-07-27,1.231
2006-07-28,1.231
2006-07-31,1.224
2006-08-01,1.227
2006-08-02,1.228
2006-08-03,1.225
2006-08-04,1.225
2006-08-07,1.226
2006-08-08,1.228
2006-08-09,1.226
2006-08-10,1.228
2006-08-11,1.231
2006-08-14,1.23
2006-08-15,1.231
2006-08-16,1.234
2006-08-17,1.232
2006-08-18,1.232
2006-08-21,1.232
2006-08-22,1.233
2006-08-23,1.234
2006-08-24,1.235
2006-08-25,1.234
2006-08-28,1.235
2006-08-29,1.235
2006-08-30,1.236
2006-08-31,1.235
2006-09-01,1.234
2006-09-04,1.235
2006-09-05,1.234
2006-09-06,1.235
2006-09-07,1.234
2006-09-08,1.234
2006-09-11,1.234
2006-09-12,1.237
2006-09-13,1.236
2006-09-14,1.237
2006-09-15,1.242
2006-09-18,1.244
2006-09-19,1.244
2006-09-20,1.245
2006-09-21,1.245
2006-09-22,1.246
2006-09-25,1.243
2006-09-26,1.244
2006-09-27,1.244
2006-09-28,1.25
2006-09-29,1.252
2006-09-30,1.252
2006-10-09,1.252
2006-10-10,1.253
2006-10-11,1.253
2006-10-12,1.253
2006-10-13,1.252
2006-10-16,1.253
2006-10-17,1.254
2006-10-18,1.257
2006-10-19,1.257
2006-10-20,1.257
2006-10-23,1.255
2006-10-24,1.257
2006-10-25,1.257
2006-10-26,1.258
2006-10-27,1.258
2006-10-30,1.259
2006-10-31,1.26
2006-11-01,1.261
2006-11-02,1.26
2006-11-03,1.26
2006-11-06,1.261
2006-11-07,1.262
2006-11-08,1.261
2006-11-09,1.263
2006-11-10,1.261
2006-11-13,1.258
2006-11-14,1.26
2006-11-15,1.261
2006-11-16,1.261
2006-11-17,1.264
2006-11-20,1.266
2006-11-21,1.268
2006-11-22,1.268
2006-11-23,1.268
2006-11-24,1.27
2006-11-27,1.27
2006-11-28,1.27
2006-11-29,1.27
2006-11-30,1.275
2006-12-01,1.278
2006-12-04,1.284
2006-12-05,1.286
2006-12-06,1.286
2006-12-07,1.289
2006-12-08,1.281
2006-12-11,1.286
2006-12-12,1.283
2006-12-13,1.286
2006-12-14,1.287
2006-12-15,1.292
2006-12-18,1.293
2006-12-19,1.293
2006-12-20,1.284
2006-12-21,1.284
2006-12-22,1.308
2006-12-25,1.308
2006-12-26,1.308
2006-12-27,1.313
2006-12-28,1.314
2006-12-29,1.317
2006-12-31,1.317
2007-01-04,1.319
2007-01-05,1.319
2007-01-08,1.321
2007-01-09,1.333
2007-01-10,1.338
2007-01-11,1.331
2007-01-12,1.328
2007-01-15,1.334
2007-01-16,1.339
2007-01-17,1.336
2007-01-18,1.34
2007-01-19,1.343
2007-01-22,1.349
2007-01-23,1.347
2007-01-24,1.35
2007-01-25,1.345
2007-01-26,1.351
2007-01-29,1.356
2007-01-30,1.354
2007-01-31,1.348
2007-02-01,1.345
2007-02-02,1.336
2007-02-05,1.339
2007-02-06,1.34
2007-02-07,1.344
2007-02-08,1.345
2007-02-09,1.344
2007-02-12,1.347
2007-02-13,1.352
2007-02-14,1.356
2007-02-15,1.363
2007-02-16,1.367
2007-02-26,1.37
2007-02-27,1.351
2007-02-28,1.359
2007-03-01,1.361
2007-03-02,1.367
2007-03-05,1.364
2007-03-06,1.365
2007-03-07,1.37
2007-03-08,1.37
2007-03-09,1.37
2007-03-12,1.373
2007-03-13,1.372
2007-03-14,1.373
2007-03-15,1.373
2007-03-16,1.372
2007-03-19,1.374
2007-03-20,1.377
2007-03-21,1.378
2007-03-22,1.379
2007-03-23,1.381
2007-03-26,1.386
2007-03-27,1.389
2007-03-28,1.392
2007-03-29,1.389
2007-03-30,1.389
2007-03-31,1.389
2007-04-02,1.394
2007-04-03,1.398
2007-04-04,1.4
2007-04-05,1.405
2007-04-06,1.407
2007-04-09,1.414
2007-04-10,1.419
2007-04-11,1.419
2007-04-12,1.426
2007-04-13,1.425
2007-04-16,1.432
2007-04-17,1.435
2007-04-18,1.44
2007-04-19,1.43
2007-04-20,1.443
2007-04-23,1.455
2007-04-24,1.456
2007-04-25,1.454
2007-04-26,1.458
2007-04-27,1.464
2007-04-30,1.465
2007-05-08,1.473
2007-05-09,1.473
2007-05-10,1.478
2007-05-11,1.476
2007-05-14,1.478
2007-05-15,1.476
2007-05-16,1.478
2007-05-17,1.482
2007-05-18,1.483
2007-05-21,1.484
2007-05-22,1.485
2007-05-23,1.49
2007-05-24,1.488
2007-05-25,1.49
2007-05-28,1.497
2007-05-29,1.503
2007-05-30,1.493
2007-05-31,1.495
2007-06-01,1.485
2007-06-04,1.471
2007-06-05,1.477
2007-06-06,1.487
2007-06-07,1.488
2007-06-08,1.489
2007-06-11,1.491
2007-06-12,1.496
2007-06-13,1.507
2007-06-14,1.506
2007-06-15,1.504
2007-06-18,1.508
2007-06-19,1.509
2007-06-20,1.506
2007-06-21,1.508
2007-06-22,1.501
2007-06-25,1.493
2007-06-26,1.495
2007-06-27,1.499
2007-06-28,1.493
2007-06-29,1.49
2007-06-30,1.49
2007-07-02,1.487
2007-07-03,1.49
2007-07-04,1.487
2007-07-05,1.481
2007-07-06,1.486
2007-07-09,1.49
2007-07-10,1.487
2007-07-11,1.488
2007-07-12,1.494
2007-07-13,1.492
2007-07-16,1.489
2007-07-17,1.492
2007-07-18,1.494
2007-07-19,1.499
2007-07-20,1.508
2007-07-23,1.515
2007-07-24,1.517
2007-07-25,1.523
2007-07-26,1.526
2007-07-27,1.527
2007-07-30,1.53
2007-07-31,1.534
2007-08-01,1.527
2007-08-02,1.536
2007-08-03,1.54
2007-08-06,1.544
2007-08-07,1.545
2007-08-08,1.542
2007-08-09,1.546
2007-08-10,1.545
2007-08-13,1.545
2007-08-14,1.548
2007-08-15,1.547
2007-08-16,1.545
2007-08-17,1.543
2007-08-20,1.551
2007-08-21,1.554
2007-08-22,1.556
2007-08-23,1.564
2007-08-24,1.566
2007-08-27,1.566
2007-08-28,1.567
2007-08-29,1.564
2007-08-30,1.569
2007-08-31,1.572
2007-09-03,1.576
2007-09-04,1.574
2007-09-05,1.571
2007-09-06,1.573
2007-09-07,1.571
2007-09-10,1.574
2007-09-11,1.569
2007-09-12,1.571
2007-09-13,1.576
2007-09-14,1.573
2007-09-17,1.574
2007-09-18,1.573
2007-09-19,1.577
2007-09-20,1.58
2007-09-21,1.58
2007-09-24,1.577
2007-09-25,1.584
2007-09-26,1.581
2007-09-27,1.586
2007-09-28,1.601
2007-09-30,1.603
2007-10-08,1.613
2007-10-09,1.632
2007-10-10,1.636
2007-10-11,1.645
2007-10-12,1.65
2007-10-15,1.647
2007-10-16,1.648
2007-10-17,1.643
2007-10-18,1.634
2007-10-19,1.638
2007-10-22,1.631
2007-10-23,1.632
2007-10-24,1.637
2007-10-25,1.632
2007-10-26,1.63
2007-10-29,1.632
2007-10-30,1.638
2007-10-31,1.64
2007-11-01,1.637
2007-11-02,1.631
2007-11-05,1.65
2007-11-06,1.643
2007-11-07,1.643
2007-11-08,1.634
2007-11-09,1.631
2007-11-12,1.622
2007-11-13,1.621
2007-11-14,1.63
2007-11-15,1.626
2007-11-16,1.622
2007-11-19,1.618
2007-11-20,1.618
2007-11-21,1.616
2007-11-22,1.607
2007-11-23,1.606
2007-11-26,1.606
2007-11-27,1.602
2007-11-28,1.602
2007-11-29,1.608
2007-11-30,1.603
2007-12-03,1.603
2007-12-04,1.604
2007-12-05,1.608
2007-12-06,1.606
2007-12-07,1.609
2007-12-10,1.613
2007-12-11,1.613
2007-12-12,1.612
2007-12-13,1.606
2007-12-14,1.606
2007-12-17,1.602
2007-12-18,1.601
2007-12-19,1.607
2007-12-20,1.611
2007-12-21,1.615
2007-12-24,1.624
2007-12-25,1.631
2007-12-26,1.633
2007-12-27,1.635
2007-12-28,1.634
2007-12-29,1.634
2007-12-31,1.634
2008-01-02,1.633
2008-01-03,1.633
2008-01-04,1.636
2008-01-07,1.638
2008-01-08,1.639
2008-01-09,1.641
2008-01-10,1.643
2008-01-11,1.642
2008-01-14,1.641
2008-01-15,1.639
2008-01-16,1.633
2008-01-17,1.628
2008-01-18,1.628
2008-01-21,1.622
2008-01-22,1.613
2008-01-23,1.617
2008-01-24,1.619
2008-01-25,1.62
2008-01-28,1.616
2008-01-29,1.617
2008-01-30,1.616
2008-01-31,1.616
2008-02-01,1.617
2008-02-04,1.625
2008-02-05,1.622
2008-02-13,1.621
2008-02-14,1.623
2008-02-15,1.621
2008-02-18,1.623
2008-02-19,1.625
2008-02-20,1.624
2008-02-21,1.624
2008-02-22,1.62
2008-02-25,1.615
2008-02-26,1.614
2008-02-27,1.614
2008-02-28,1.614
2008-02-29,1.615
2008-03-03,1.618
2008-03-04,1.616
2008-03-05,1.612
2008-03-06,1.615
2008-03-07,1.614
2008-03-10,1.61
2008-03-11,1.611
2008-03-12,1.609
2008-03-13,1.608
2008-03-14,1.608
2008-03-17,1.603
2008-03-18,1.598
2008-03-19,1.601
2008-03-20,1.603
2008-03-21,1.603
2008-03-24,1.596
2008-03-25,1.595
2008-03-26,1.595
2008-03-27,1.589
2008-03-28,1.594
2008-03-31,1.59
2008-04-01,1.583
2008-04-02,1.585
2008-04-03,1.59
2008-04-07,1.597
2008-04-08,1.597
2008-04-09,1.588
2008-04-10,1.591
2008-04-11,1.594
2008-04-14,1.587
2008-04-15,1.589
2008-04-16,1.588
2008-04-17,1.585
2008-04-18,1.581
2008-04-21,1.583
2008-04-22,1.583
2008-04-23,1.59
2008-04-24,1.603
2008-04-25,1.615
2008-04-28,1.612
2008-04-29,1.61
2008-04-30,1.614
2008-05-05,1.619
2008-05-06,1.617
2008-05-07,1.608
2008-05-08,1.612
2008-05-09,1.612
2008-05-12,1.614
2008-05-13,1.613
2008-05-14,1.619
2008-05-15,1.616
2008-05-16,1.619
2008-05-19,1.621
2008-05-20,1.61
2008-05-21,1.615
2008-05-22,1.613
2008-05-23,1.607
2008-05-26,1.603
2008-05-27,1.603
2008-05-28,1.607
2008-05-29,1.605
2008-05-30,1.605
2008-06-02,1.605
2008-06-03,1.604
2008-06-04,1.6
2008-06-05,1.599
2008-06-06,1.599
2008-06-10,1.584
2008-06-11,1.582
2008-06-12,1.579
2008-06-13,1.573
2008-06-16,1.574
2008-06-17,1.571
2008-06-18,1.579
2008-06-19,1.57
2008-06-20,1.571
2008-06-23,1.569
2008-06-24,1.571
2008-06-25,1.576
2008-06-26,1.578
2008-06-27,1.569
2008-06-30,1.568
2008-07-01,1.566
2008-07-02,1.566
2008-07-03,1.571
2008-07-04,1.57
2008-07-07,1.575
2008-07-08,1.576
2008-07-09,1.579
2008-07-10,1.578
2008-07-11,1.577
2008-07-14,1.578
2008-07-15,1.575
2008-07-16,1.572
2008-07-17,1.572
2008-07-18,1.575
2008-07-21,1.578
2008-07-22,1.578
2008-07-23,1.577
2008-07-24,1.579
2008-07-25,1.577
2008-07-28,1.577
2008-07-29,1.574
2008-07-30,1.574
2008-07-31,1.572
2008-08-01,1.572
2008-08-04,1.57
2008-08-05,1.568
2008-08-06,1.567
2008-08-07,1.566
2008-08-08,1.564
2008-08-11,1.561
2008-08-12,1.562
2008-08-13,1.563
2008-08-14,1.563
2008-08-15,1.564
2008-08-18,1.564
2008-08-19,1.565
2008-08-20,1.567
2008-08-21,1.565
2008-08-22,1.564
2008-08-25,1.564
2008-08-26,1.563
2008-08-27,1.563
2008-08-28,1.564
2008-08-29,1.566
2008-09-01,1.567
2008-09-02,1.567
2008-09-03,1.567
2008-09-04,1.568
2008-09-05,1.567
2008-09-08,1.565
2008-09-09,1.565
2008-09-10,1.566
2008-09-11,1.566
2008-09-12,1.57
2008-09-16,1.577
2008-09-17,1.581
2008-09-18,1.579
2008-09-19,1.581
2008-09-22,1.58
2008-09-23,1.578
2008-09-24,1.579
2008-09-25,1.583
2008-09-26,1.583
2008-09-30,1.583
2008-10-06,1.584
2008-10-07,1.587
2008-10-08,1.594
2008-10-09,1.602
2008-10-10,1.605
2008-10-13,1.604
2008-10-14,1.603
2008-10-15,1.603
2008-10-16,1.602
2008-10-17,1.6
2008-10-20,1.598
2008-10-21,1.6
2008-10-22,1.6
2008-10-23,1.595
2008-10-24,1.595
2008-10-27,1.593
2008-10-28,1.595
2008-10-29,1.597
2008-10-30,1.599
2008-10-31,1.599
2008-11-03,1.6
2008-11-04,1.601
2008-11-05,1.601
2008-11-06,1.604
2008-11-07,1.606
2008-11-10,1.612
2008-11-11,1.613
2008-11-12,1.618
2008-11-13,1.623
2008-11-14,1.62
2008-11-17,1.62
2008-11-18,1.615
2008-11-19,1.613
2008-11-20,1.612
2008-11-21,1.613
2008-11-24,1.611
2008-11-25,1.607
2008-11-26,1.607
2008-11-27,1.614
2008-11-28,1.61
2008-12-01,1.61
2008-12-02,1.613
2008-12-03,1.618
2008-12-04,1.62
2008-12-05,1.626
2008-12-08,1.629
2008-12-09,1.622
2008-12-10,1.626
2008-12-11,1.626
2008-12-12,1.626
2008-12-15,1.628
2008-12-16,1.632
2008-12-17,1.637
2008-12-18,1.641
2008-12-19,1.644
2008-12-22,1.642
2008-12-23,1.641
2008-12-24,1.641
2008-12-25,1.639
2008-12-26,1.639
2008-12-29,1.64
2008-12-30,1.638
2008-12-31,1.639
2009-01-05,1.642
2009-01-06,1.644
2009-01-07,1.645
2009-01-08,1.646
2009-01-09,1.648
2009-01-12,1.647
2009-01-13,1.645
2009-01-14,1.642
2009-01-15,1.639
2009-01-16,1.634
2009-01-19,1.633
2009-01-20,1.63
2009-01-21,1.628
2009-01-22,1.631
2009-01-23,1.632
2009-02-02,1.633
2009-02-03,1.631
2009-02-04,1.628
2009-02-05,1.624
2009-02-06,1.626
2009-02-09,1.627
2009-02-10,1.63
2009-02-11,1.631
2009-02-12,1.633
2009-02-13,1.638
2009-02-16,1.64
2009-02-17,1.635
2009-02-18,1.633
2009-02-19,1.635
2009-02-20,1.636
2009-02-23,1.64
2009-02-24,1.64
2009-02-25,1.642
2009-02-26,1.638
2009-02-27,1.635
2009-03-02,1.636
2009-03-03,1.636
2009-03-04,1.636
2009-03-05,1.636
2009-03-06,1.636
2009-03-09,1.635
2009-03-10,1.635
2009-03-11,1.636
2009-03-12,1.637
2009-03-13,1.637
2009-03-16,1.637
2009-03-17,1.638
2009-03-18,1.639
2009-03-19,1.641
2009-03-20,1.642
2009-03-23,1.642
2009-03-24,1.642
2009-03-25,1.641
2009-03-26,1.643
2009-03-27,1.642
2009-03-30,1.642
2009-03-31,1.641
2009-04-01,1.643
2009-04-02,1.644
2009-04-03,1.642
2009-04-07,1.64
2009-04-08,1.635
2009-04-09,1.635
2009-04-10,1.637
2009-04-13,1.636
2009-04-14,1.637
2009-04-15,1.638
2009-04-16,1.638
2009-04-17,1.638
2009-04-20,1.639
2009-04-21,1.638
2009-04-22,1.637
2009-04-23,1.638
2009-04-24,1.637
2009-04-27,1.636
2009-04-28,1.636
2009-04-29,1.638
2009-04-30,1.639
2009-05-04,1.641
2009-05-05,1.641
2009-05-06,1.642
2009-05-07,1.644
2009-05-08,1.645
2009-05-11,1.645
2009-05-12,1.647
2009-05-13,1.652
2009-05-14,1.653
2009-05-15,1.654
2009-05-18,1.656
2009-05-19,1.66
2009-05-20,1.66
2009-05-21,1.657
2009-05-22,1.656
2009-05-25,1.655
2009-05-26,1.656
2009-05-27,1.656
2009-06-01,1.658
2009-06-02,1.659
2009-06-03,1.659
2009-06-04,1.659
2009-06-05,1.662
2009-06-08,1.662
2009-06-09,1.66
2009-06-10,1.661
2009-06-11,1.658
2009-06-12,1.657
2009-06-15,1.655
2009-06-16,1.655
2009-06-17,1.655
2009-06-18,1.655
2009-06-19,1.654
2009-06-22,1.654
2009-06-23,1.653
2009-06-24,1.655
2009-06-25,1.656
2009-06-26,1.656
2009-06-29,1.659
2009-06-30,1.659
2009-07-01,1.663
2009-07-02,1.665
2009-07-03,1.668
2009-07-06,1.673
2009-07-07,1.675
2009-07-08,1.674
2009-07-09,1.678
2009-07-10,1.684
2009-07-13,1.683
2009-07-14,1.685
2009-07-15,1.69
2009-07-16,1.695
2009-07-17,1.701
2009-07-20,1.712
2009-07-21,1.705
2009-07-22,1.705
2009-07-23,1.703
2009-07-24,1.705
2009-07-27,1.721
2009-07-28,1.732
2009-07-29,1.735
2009-07-30,1.736
2009-07-31,1.746
2009-08-03,1.751
2009-08-04,1.752
2009-08-05,1.749
2009-08-06,1.736
2009-08-07,1.711
2009-08-10,1.71
2009-08-11,1.705
2009-08-12,1.687
2009-08-13,1.694
2009-08-14,1.689
2009-08-17,1.674
2009-08-18,1.683
2009-08-19,1.664
2009-08-20,1.673
2009-08-21,1.679
2009-08-24,1.685
2009-08-25,1.679
2009-08-26,1.68
2009-08-27,1.673
2009-08-28,1.658
2009-08-31,1.635
2009-09-01,1.634
2009-09-02,1.634
2009-09-03,1.649
2009-09-04,1.648
2009-09-07,1.649
2009-09-08,1.654
2009-09-09,1.66
2009-09-10,1.662
2009-09-11,1.662
2009-09-14,1.665
2009-09-15,1.669
2009-09-16,1.664
2009-09-17,1.669
2009-09-18,1.663
2009-09-21,1.66
2009-09-22,1.652
2009-09-23,1.646
2009-09-24,1.643
2009-09-25,1.643
2009-09-28,1.64
2009-09-29,1.639
2009-09-30,1.64
2009-10-09,1.645
2009-10-12,1.643
2009-10-13,1.645
2009-10-14,1.651
2009-10-15,1.651
2009-10-16,1.651
2009-10-19,1.657
2009-10-20,1.662
2009-10-21,1.667
2009-10-22,1.668
2009-10-23,1.669
2009-10-26,1.668
2009-10-27,1.663
2009-10-28,1.665
2009-10-29,1.659
2009-10-30,1.669
2009-11-02,1.672
2009-11-03,1.674
2009-11-04,1.675
2009-11-05,1.679
2009-11-06,1.681
2009-11-09,1.681
2009-11-10,1.682
2009-11-11,1.681
2009-11-12,1.684
2009-11-13,1.685
2009-11-16,1.688
2009-11-17,1.688
2009-11-18,1.69
2009-11-19,1.693
2009-11-20,1.692
2009-11-23,1.694
2009-11-24,1.686
2009-11-25,1.69
2009-11-26,1.682
2009-11-27,1.679
2009-11-30,1.688
2009-12-01,1.692
2009-12-02,1.694
2009-12-03,1.698
2009-12-04,1.694
2009-12-07,1.696
2009-12-08,1.695
2009-12-09,1.692
2009-12-10,1.691
2009-12-11,1.693
2009-12-14,1.692
2009-12-15,1.691
2009-12-16,1.69
2009-12-17,1.682
2009-12-18,1.678
2009-12-21,1.679
2009-12-22,1.672
2009-12-23,1.673
2009-12-24,1.68
2009-12-25,1.682
2009-12-28,1.685
2009-12-29,1.685
2009-12-30,1.686
2009-12-31,1.688
2010-01-04,1.689
2010-01-05,1.692
2010-01-06,1.692
2010-01-07,1.689
2010-01-08,1.69
2010-01-11,1.693
2010-01-12,1.696
2010-01-13,1.692
2010-01-14,1.698
2010-01-15,1.7
2010-01-18,1.702
2010-01-19,1.701
2010-01-20,1.696
2010-01-21,1.694
2010-01-22,1.688
2010-01-25,1.682
2010-01-26,1.677
2010-01-27,1.678
2010-01-28,1.681
2010-01-29,1.682
2010-02-01,1.679
2010-02-02,1.679
2010-02-03,1.679
2010-02-04,1.678
2010-02-05,1.678
2010-02-08,1.68
2010-02-09,1.68
2010-02-10,1.681
2010-02-11,1.682
2010-02-12,1.684
2010-02-22,1.683
2010-02-23,1.684
2010-02-24,1.687
2010-02-25,1.689
2010-02-26,1.69
2010-03-01,1.692
2010-03-02,1.693
2010-03-03,1.697
2010-03-04,1.694
2010-03-05,1.698
2010-03-08,1.702
2010-03-09,1.702
2010-03-10,1.701
2010-03-11,1.703
2010-03-12,1.705
2010-03-15,1.704
2010-03-16,1.704
2010-03-17,1.707
2010-03-18,1.708
2010-03-19,1.711
2010-03-22,1.712
2010-03-23,1.713
2010-03-24,1.716
2010-03-25,1.717
2010-03-26,1.717
2010-03-29,1.717
2010-03-30,1.718
2010-03-31,1.721
2010-04-01,1.721
2010-04-02,1.723
2010-04-06,1.726
2010-04-07,1.727
2010-04-08,1.724
2010-04-09,1.726
2010-04-12,1.735
2010-04-13,1.732
2010-04-14,1.732
2010-04-15,1.727
2010-04-16,1.728
2010-04-19,1.729
2010-04-20,1.73
2010-04-21,1.737
2010-04-22,1.739
2010-04-23,1.737
2010-04-26,1.737
2010-04-27,1.736
2010-04-28,1.735
2010-04-29,1.732
2010-04-30,1.733
2010-05-04,1.733
2010-05-05,1.736
2010-05-06,1.734
2010-05-07,1.732
2010-05-10,1.73
2010-05-11,1.728
2010-05-12,1.727
2010-05-13,1.728
2010-05-14,1.73
2010-05-17,1.728
2010-05-18,1.729
2010-05-19,1.733
2010-05-20,1.731
2010-05-21,1.734
2010-05-24,1.737
2010-05-25,1.737
2010-05-26,1.735
2010-05-27,1.737
2010-05-28,1.737
2010-05-31,1.735
2010-06-01,1.732
2010-06-02,1.733
2010-06-03,1.733
2010-06-04,1.734
2010-06-07,1.736
2010-06-08,1.736
2010-06-09,1.736
2010-06-10,1.738
2010-06-11,1.739
2010-06-17,1.736
2010-06-18,1.732
2010-06-21,1.734
2010-06-22,1.735
2010-06-23,1.736
2010-06-24,1.737
2010-06-25,1.736
2010-06-28,1.735
2010-06-29,1.732
2010-06-30,1.732
2010-07-01,1.732
2010-07-02,1.731
2010-07-05,1.731
2010-07-06,1.733
2010-07-07,1.734
2010-07-08,1.734
2010-07-09,1.735
2010-07-12,1.736
2010-07-13,1.736
2010-07-14,1.737
2010-07-15,1.736
2010-07-16,1.737
2010-07-19,1.738
2010-07-20,1.741
2010-07-21,1.742
2010-07-22,1.742
2010-07-23,1.743
2010-07-26,1.742
2010-07-27,1.743
2010-07-28,1.745
2010-07-29,1.747
2010-07-30,1.747
2010-08-02,1.748
2010-08-03,1.747
2010-08-04,1.748
2010-08-05,1.748
2010-08-06,1.752
2010-08-09,1.755
2010-08-10,1.754
2010-08-11,1.755
2010-08-12,1.757
2010-08-13,1.758
2010-08-16,1.761
2010-08-17,1.765
2010-08-18,1.766
2010-08-19,1.766
2010-08-20,1.766
2010-08-23,1.767
2010-08-24,1.767
2010-08-25,1.765
2010-08-26,1.766
2010-08-27,1.769
2010-08-30,1.772
2010-08-31,1.779
2010-09-01,1.777
2010-09-02,1.78
2010-09-03,1.784
2010-09-06,1.781
2010-09-07,1.783
2010-09-08,1.783
2010-09-09,1.781
2010-09-10,1.782
2010-09-13,1.783
2010-09-14,1.784
2010-09-15,1.781
2010-09-16,1.779
2010-09-17,1.778
2010-09-20,1.777
2010-09-21,1.776
2010-09-27,1.778
2010-09-28,1.777
2010-09-29,1.775
2010-09-30,1.777
2010-10-08,1.779
2010-10-11,1.782
2010-10-12,1.782
2010-10-13,1.783
2010-10-14,1.784
2010-10-15,1.786
2010-10-18,1.786
2010-10-19,1.789
2010-10-20,1.788
2010-10-21,1.784
2010-10-22,1.786
2010-10-25,1.791
2010-10-26,1.792
2010-10-27,1.791
2010-10-28,1.791
2010-10-29,1.794
2010-11-01,1.799
2010-11-02,1.8
2010-11-03,1.795
2010-11-04,1.799
2010-11-05,1.805
2010-11-08,1.807
2010-11-09,1.806
2010-11-10,1.804
2010-11-11,1.803
2010-11-12,1.789
2010-11-15,1.795
2010-11-16,1.783
2010-11-17,1.776
2010-11-18,1.777
2010-11-19,1.784
2010-11-22,1.784
2010-11-23,1.78
2010-11-24,1.78
2010-11-25,1.78
2010-11-26,1.778
2010-11-29,1.78
2010-11-30,1.776
2010-12-01,1.776
2010-12-02,1.777
2010-12-03,1.774
2010-12-06,1.77
2010-12-07,1.775
2010-12-08,1.774
2010-12-09,1.772
2010-12-10,1.775
2010-12-13,1.786
2010-12-14,1.788
2010-12-15,1.786
2010-12-16,1.787
2010-12-17,1.79
2010-12-20,1.789
2010-12-21,1.79
2010-12-22,1.787
2010-12-23,1.782
2010-12-24,1.778
2010-12-27,1.773
2010-12-28,1.772
2010-12-29,1.774
2010-12-30,1.774
2010-12-31,1.777
2011-01-04,1.781
2011-01-05,1.782
2011-01-06,1.781
2011-01-07,1.781
2011-01-10,1.78
2011-01-11,1.779
2011-01-12,1.779
2011-01-13,1.779
2011-01-14,1.776
2011-01-17,1.772
2011-01-18,1.771
2011-01-19,1.773
2011-01-20,1.769
2011-01-21,1.768
2011-01-24,1.765
2011-01-25,1.76
2011-01-26,1.763
2011-01-27,1.763
2011-01-28,1.766
2011-01-31,1.766
2011-02-01,1.765
2011-02-09,1.761
2011-02-10,1.765
2011-02-11,1.765
2011-02-14,1.77
2011-02-15,1.77
2011-02-16,1.774
2011-02-17,1.774
2011-02-18,1.773
2011-02-21,1.775
2011-02-22,1.767
2011-02-23,1.767
2011-02-24,1.768
2011-02-25,1.768
2011-02-28,1.772
2011-03-01,1.773
2011-03-02,1.774
2011-03-03,1.771
2011-03-04,1.773
2011-03-07,1.779
2011-03-08,1.778
2011-03-09,1.78
2011-03-10,1.775
2011-03-11,1.774
2011-03-14,1.774
2011-03-15,1.772
2011-03-16,1.776
2011-03-17,1.772
2011-03-18,1.773
2011-03-21,1.772
2011-03-22,1.774
2011-03-23,1.775
2011-03-24,1.775
2011-03-25,1.778
2011-03-28,1.779
2011-03-29,1.776
2011-03-30,1.774
2011-03-31,1.774
2011-04-01,1.775
2011-04-06,1.775
2011-04-07,1.775
2011-04-08,1.776
2011-04-11,1.776
2011-04-12,1.777
2011-04-13,1.778
2011-04-14,1.779
2011-04-15,1.78
2011-04-18,1.781
2011-04-19,1.778
2011-04-20,1.777
2011-04-21,1.778
2011-04-22,1.779
2011-04-25,1.775
2011-04-26,1.773
2011-04-27,1.772
2011-04-28,1.772
2011-04-29,1.771
2011-05-03,1.772
2011-05-04,1.77
2011-05-05,1.769
2011-05-06,1.768
2011-05-09,1.769
2011-05-10,1.772
2011-05-11,1.771
2011-05-12,1.771
2011-05-13,1.773
2011-05-16,1.773
2011-05-17,1.774
2011-05-18,1.773
2011-05-19,1.773
2011-05-20,1.772
2011-05-23,1.768
2011-05-24,1.768
2011-05-25,1.765
2011-05-26,1.764
2011-05-27,1.763
2011-05-30,1.764
2011-05-31,1.765
2011-06-01,1.767
2011-06-02,1.765
2011-06-03,1.766
2011-06-07,1.767
2011-06-08,1.766
2011-06-09,1.763
2011-06-10,1.762
2011-06-13,1.762
2011-06-14,1.763
2011-06-15,1.762
2011-06-16,1.759
2011-06-17,1.759
2011-06-20,1.76
2011-06-21,1.761
2011-06-22,1.76
2011-06-23,1.762
2011-06-24,1.763
2011-06-27,1.765
2011-06-28,1.765
2011-06-29,1.763
2011-06-30,1.764
2011-07-01,1.765
2011-07-04,1.767
2011-07-05,1.766
2011-07-06,1.768
2011-07-07,1.763
2011-07-08,1.764
2011-07-11,1.764
2011-07-12,1.762
2011-07-13,1.764
2011-07-14,1.768
2011-07-15,1.771
2011-07-18,1.771
2011-07-19,1.768
2011-07-20,1.767
2011-07-21,1.763
2011-07-22,1.764
2011-07-25,1.757
2011-07-26,1.757
2011-07-27,1.76
2011-07-28,1.759
2011-07-29,1.757
2011-08-01,1.758
2011-08-02,1.755
2011-08-03,1.755
2011-08-04,1.755
2011-08-05,1.753
2011-08-08,1.752
2011-08-09,1.753
2011-08-10,1.765
2011-08-11,1.759
2011-08-12,1.766
2011-08-15,1.77
2011-08-16,1.774
2011-08-17,1.773
2011-08-18,1.772
2011-08-19,1.769
2011-08-22,1.769
2011-08-23,1.771
2011-08-24,1.772
2011-08-25,1.775
2011-08-26,1.773
2011-08-29,1.77
2011-08-30,1.766
2011-08-31,1.765
2011-09-01,1.764
2011-09-02,1.761
2011-09-05,1.758
2011-09-06,1.756
2011-09-07,1.757
2011-09-08,1.755
2011-09-09,1.756
2011-09-13,1.755
2011-09-14,1.756
2011-09-15,1.755
2011-09-16,1.754
2011-09-19,1.751
2011-09-20,1.75
2011-09-21,1.753
2011-09-22,1.748
2011-09-23,1.748
2011-09-26,1.747
2011-09-27,1.748
2011-09-28,1.745
2011-09-29,1.742
2011-09-30,1.742
2011-10-10,1.744
2011-10-11,1.744
2011-10-12,1.746
2011-10-13,1.751
2011-10-14,1.754
2011-10-17,1.755
2011-10-18,1.759
2011-10-19,1.756
2011-10-20,1.751
2011-10-21,1.751
2011-10-24,1.755
2011-10-25,1.754
2011-10-26,1.755
2011-10-27,1.756
2011-10-28,1.757
2011-10-31,1.758
2011-11-01,1.76
2011-11-02,1.763
2011-11-03,1.763
2011-11-04,1.764
2011-11-07,1.763
2011-11-08,1.764
2011-11-09,1.769
2011-11-10,1.772
2011-11-11,1.772
2011-11-14,1.774
2011-11-15,1.773
2011-11-16,1.771
2011-11-17,1.771
2011-11-18,1.771
2011-11-21,1.771
2011-11-22,1.771
2011-11-23,1.773
2011-11-24,1.773
2011-11-25,1.772
2011-11-28,1.773
2011-11-29,1.774
2011-11-30,1.772
2011-12-01,1.778
2011-12-02,1.779
2011-12-05,1.778
2011-12-06,1.777
2011-12-07,1.777
2011-12-08,1.778
2011-12-09,1.777
2011-12-12,1.777
2011-12-13,1.775
2011-12-14,1.775
2011-12-15,1.774
2011-12-16,1.776
2011-12-19,1.777
2011-12-20,1.777
2011-12-21,1.776
2011-12-22,1.776
2011-12-23,1.776
2011-12-26,1.773
2011-12-27,1.772
2011-12-28,1.77
2011-12-29,1.768
2011-12-30,1.771
2011-12-31,1.771
2012-01-04,1.771
2012-01-05,1.772
2012-01-06,1.773
2012-01-09,1.774
2012-01-10,1.775
2012-01-11,1.775
2012-01-12,1.776
2012-01-13,1.776
2012-01-16,1.775
2012-01-17,1.776
2012-01-18,1.776
2012-01-19,1.777
2012-01-20,1.778
2012-01-30,1.779
2012-01-31,1.78
2012-02-01,1.778
2012-02-02,1.778
2012-02-03,1.779
2012-02-06,1.78
2012-02-07,1.779
2012-02-08,1.779
2012-02-09,1.778
2012-02-10,1.779
2012-02-13,1.78
2012-02-14,1.781
2012-02-15,1.781
2012-02-16,1.781
2012-02-17,1.781
2012-02-20,1.783
2012-02-21,1.783
2012-02-22,1.783
2012-02-23,1.784
2012-02-24,1.784
2012-02-27,1.784
2012-02-28,1.784
2012-02-29,1.783
2012-03-01,1.784
2012-03-02,1.784
2012-03-05,1.784
2012-03-06,1.784
2012-03-07,1.785
2012-03-08,1.785
2012-03-09,1.786
2012-03-12,1.787
2012-03-13,1.788
2012-03-14,1.787
2012-03-15,1.788
2012-03-16,1.79
2012-03-19,1.79
2012-03-20,1.789
2012-03-21,1.789
2012-03-22,1.788
2012-03-23,1.789
2012-03-26,1.788
2012-03-27,1.789
2012-03-28,1.789
2012-03-29,1.788
2012-03-30,1.79
2012-03-31,1.79
2012-04-05,1.791
2012-04-06,1.791
2012-04-09,1.79
2012-04-10,1.791
2012-04-11,1.792
2012-04-12,1.794
2012-04-13,1.794
2012-04-16,1.795
2012-04-17,1.795
2012-04-18,1.796
2012-04-19,1.796
2012-04-20,1.797
2012-04-23,1.797
2012-04-24,1.798
2012-04-25,1.798
2012-04-26,1.799
2012-04-27,1.799
2012-05-02,1.801
2012-05-03,1.801
2012-05-04,1.802
2012-05-07,1.801
2012-05-08,1.801
2012-05-09,1.8
2012-05-10,1.801
2012-05-11,1.804
2012-05-14,1.806
2012-05-15,1.808
2012-05-16,1.809
2012-05-17,1.809
2012-05-18,1.813
2012-05-21,1.813
2012-05-22,1.815
2012-05-23,1.815
2012-05-24,1.817
2012-05-25,1.819
2012-05-28,1.82
2012-05-29,1.82
2012-05-30,1.821
2012-05-31,1.821
2012-06-01,1.822
2012-06-04,1.821
2012-06-05,1.822
2012-06-06,1.822
2012-06-07,1.822
2012-06-08,1.826
2012-06-11,1.827
2012-06-12,1.826
2012-06-13,1.828
2012-06-14,1.827
2012-06-15,1.827
2012-06-18,1.828
2012-06-19,1.827
2012-06-20,1.826
2012-06-21,1.825
2012-06-25,1.825
2012-06-26,1.824
2012-06-27,1.825
2012-06-28,1.825
2012-06-29,1.826
2012-06-30,1.826
2012-07-02,1.823
2012-07-03,1.825
2012-07-04,1.826
2012-07-05,1.839
2012-07-06,1.841
2012-07-09,1.841
2012-07-10,1.847
2012-07-11,1.844
2012-07-12,1.845
2012-07-13,1.846
2012-07-16,1.845
2012-07-17,1.845
2012-07-18,1.844
2012-07-19,1.844
2012-07-20,1.844
2012-07-23,1.843
2012-07-24,1.842
2012-07-25,1.843
2012-07-26,1.841
2012-07-27,1.839
2012-07-30,1.84
2012-07-31,1.838
2012-08-01,1.838
2012-08-02,1.838
2012-08-03,1.836
2012-08-06,1.837
2012-08-07,1.836
2012-08-08,1.835
2012-08-09,1.837
2012-08-10,1.837
2012-08-13,1.837
2012-08-14,1.837
2012-08-15,1.836
2012-08-16,1.836
2012-08-17,1.836
2012-08-20,1.835
2012-08-21,1.835
2012-08-22,1.834
2012-08-23,1.833
2012-08-24,1.833
2012-08-27,1.832
2012-08-28,1.832
2012-08-29,1.831
2012-08-30,1.831
2012-08-31,1.831
2012-09-03,1.832
2012-09-04,1.832
2012-09-05,1.831
2012-09-06,1.83
2012-09-07,1.831
2012-09-10,1.831
2012-09-11,1.83
2012-09-12,1.829
2012-09-13,1.829
2012-09-14,1.828
2012-09-17,1.827
2012-09-18,1.827
2012-09-19,1.825
2012-09-20,1.826
2012-09-21,1.826
2012-09-24,1.826
2012-09-25,1.827
2012-09-26,1.827
2012-09-27,1.828
2012-09-28,1.83
2012-09-30,1.83
2012-10-08,1.831
2012-10-09,1.832
2012-10-10,1.833
2012-10-11,1.833
2012-10-12,1.834
2012-10-15,1.835
2012-10-16,1.835
2012-10-17,1.836
2012-10-18,1.837
2012-10-19,1.836
2012-10-22,1.837
2012-10-23,1.837
2012-10-24,1.837
2012-10-25,1.837
2012-10-26,1.836
2012-10-29,1.836
2012-10-30,1.836
2012-10-31,1.837
2012-11-01,1.838
2012-11-02,1.838
2012-11-05,1.839
2012-11-06,1.838
2012-11-07,1.84
2012-11-08,1.84
2012-11-09,1.84
2012-11-12,1.841
2012-11-13,1.841
2012-11-14,1.841
2012-11-15,1.842
2012-11-16,1.842
2012-11-19,1.842
2012-11-20,1.842
2012-11-21,1.841
2012-11-22,1.842
2012-11-23,1.842
2012-11-26,1.842
2012-11-27,1.843
2012-11-28,1.843
2012-11-29,1.843
2012-11-30,1.843
2012-12-03,1.844
2012-12-04,1.844
2012-12-05,1.844
2012-12-06,1.844
2012-12-07,1.845
2012-12-10,1.846
2012-12-11,1.846
2012-12-12,1.847
2012-12-13,1.847
2012-12-14,1.848
2012-12-17,1.848
2012-12-18,1.848
2012-12-19,1.849
2012-12-20,1.849
2012-12-21,1.848
2012-12-24,1.849
2012-12-25,1.849
2012-12-26,1.85
2012-12-27,1.85
2012-12-28,1.851
2012-12-31,1.852
2013-01-04,1.853
2013-01-07,1.855
2013-01-08,1.855
2013-01-09,1.856
2013-01-10,1.858
2013-01-11,1.857
2013-01-14,1.861
2013-01-15,1.863
2013-01-16,1.864
2013-01-17,1.864
2013-01-18,1.867
2013-01-21,1.869
2013-01-22,1.868
2013-01-23,1.868
2013-01-24,1.868
2013-01-25,1.867
2013-01-28,1.869
2013-01-29,1.87
2013-01-30,1.87
2013-01-31,1.872
2013-02-01,1.873
2013-02-04,1.874
2013-02-05,1.874
2013-02-06,1.875
2013-02-07,1.876
2013-02-08,1.878
2013-02-18,1.88
2013-02-19,1.88
2013-02-20,1.882
2013-02-21,1.879
2013-02-22,1.879
2013-02-25,1.88
2013-02-26,1.878
2013-02-27,1.879
2013-02-28,1.882
2013-03-01,1.882
2013-03-04,1.879
2013-03-05,1.88
2013-03-06,1.883
2013-03-07,1.884
2013-03-08,1.884
2013-03-11,1.884
2013-03-12,1.884
2013-03-13,1.883
2013-03-14,1.883
2013-03-15,1.885
2013-03-18,1.883
2013-03-19,1.883
2013-03-20,1.885
2013-03-21,1.886
2013-03-22,1.89
2013-03-25,1.89
2013-03-26,1.89
2013-03-27,1.89
2013-03-28,1.888
2013-03-29,1.888
2013-04-01,1.889
2013-04-02,1.888
2013-04-03,1.889
2013-04-08,1.891
2013-04-09,1.892
2013-04-10,1.894
2013-04-11,1.895
2013-04-12,1.895
2013-04-15,1.894
2013-04-16,1.896
2013-04-17,1.895
2013-04-18,1.895
2013-04-19,1.894
2013-04-22,1.892
2013-04-23,1.89
2013-04-24,1.891
2013-04-25,1.892
2013-04-26,1.892
2013-05-02,1.894
2013-05-03,1.896
2013-05-06,1.897
2013-05-07,1.898
2013-05-08,1.899
2013-05-09,1.899
2013-05-10,1.9
2013-05-13,1.901
2013-05-14,1.901
2013-05-15,1.902
2013-05-16,1.902
2013-05-17,1.903
2013-05-20,1.904
2013-05-21,1.904
2013-05-22,1.904
2013-05-23,1.904
2013-05-24,1.904
2013-05-27,1.905
2013-05-28,1.906
2013-05-29,1.906
2013-05-30,1.905
2013-05-31,1.905
2013-06-03,1.905
2013-06-04,1.904
2013-06-05,1.904
2013-06-06,1.903
2013-06-07,1.902
2013-06-13,1.901
2013-06-14,1.9
2013-06-17,1.9
2013-06-18,1.899
2013-06-19,1.897
2013-06-20,1.89
2013-06-21,1.89
2013-06-24,1.886
2013-06-25,1.886
2013-06-26,1.888
2013-06-27,1.889
2013-06-28,1.89
2013-06-30,1.891
2013-07-01,1.891
2013-07-02,1.892
2013-07-03,1.892
2013-07-04,1.894
2013-07-05,1.896
2013-07-08,1.896
2013-07-09,1.896
2013-07-10,1.895
2013-07-11,1.894
2013-07-12,1.893
2013-07-15,1.894
2013-07-16,1.893
2013-07-17,1.892
2013-07-18,1.891
2013-07-19,1.891
2013-07-22,1.889
2013-07-23,1.887
2013-07-24,1.885
2013-07-25,1.885
2013-07-26,1.886
2013-07-29,1.886
2013-07-30,1.886
2013-07-31,1.886
2013-08-01,1.888
2013-08-02,1.889
2013-08-05,1.888
2013-08-06,1.886
2013-08-07,1.884
2013-08-08,1.881
2013-08-09,1.882
2013-08-12,1.882
2013-08-13,1.881
2013-08-14,1.879
2013-08-15,1.878
2013-08-16,1.878
2013-08-19,1.878
2013-08-20,1.877
2013-08-21,1.876
2013-08-22,1.876
2013-08-23,1.877
2013-08-26,1.878
2013-08-27,1.878
2013-08-28,1.877
2013-08-29,1.877
2013-08-30,1.876
2013-09-02,1.877
2013-09-03,1.877
2013-09-04,1.877
2013-09-05,1.877
2013-09-06,1.877
2013-09-09,1.878
2013-09-10,1.878
2013-09-11,1.878
2013-09-12,1.878
2013-09-13,1.878
2013-09-16,1.877
2013-09-17,1.878
2013-09-18,1.878
2013-09-23,1.879
2013-09-24,1.881
2013-09-25,1.88
2013-09-26,1.881
2013-09-27,1.881
2013-09-30,1.882
2013-10-08,1.883
2013-10-09,1.883
2013-10-10,1.883
2013-10-11,1.884
2013-10-14,1.885
2013-10-15,1.885
2013-10-16,1.884
2013-10-17,1.883
2013-10-18,1.884
2013-10-21,1.885
2013-10-22,1.884
2013-10-23,1.881
2013-10-24,1.879
2013-10-25,1.877
2013-10-28,1.876
2013-10-29,1.876
2013-10-30,1.875
2013-10-31,1.875
2013-11-01,1.876
2013-11-04,1.877
2013-11-05,1.877
2013-11-06,1.876
2013-11-07,1.875
2013-11-08,1.874
2013-11-11,1.873
2013-11-12,1.872
2013-11-13,1.868
2013-11-14,1.867
2013-11-15,1.865
2013-11-18,1.866
2013-11-19,1.864
2013-11-20,1.862
2013-11-21,1.862
2013-11-22,1.862
2013-11-25,1.861
2013-11-26,1.858
2013-11-27,1.86
2013-11-28,1.862
2013-11-29,1.864
2013-12-02,1.863
2013-12-03,1.861
2013-12-04,1.861
2013-12-05,1.861
2013-12-06,1.861
2013-12-09,1.862
2013-12-10,1.861
2013-12-11,1.859
2013-12-12,1.86
2013-12-13,1.862
2013-12-16,1.86
2013-12-17,1.861
2013-12-18,1.859
2013-12-19,1.856
2013-12-20,1.855
2013-12-23,1.855
2013-12-24,1.855
2013-12-25,1.857
2013-12-26,1.858
2013-12-27,1.856
2013-12-30,1.857
2013-12-31,1.859
2014-01-02,1.858
2014-01-03,1.857
2014-01-06,1.854
2014-01-07,1.854
2014-01-08,1.854
2014-01-09,1.854
2014-01-10,1.851
2014-01-13,1.851
2014-01-14,1.85
2014-01-15,1.851
2014-01-16,1.852
2014-01-17,1.852
2014-01-20,1.851
2014-01-21,1.852
2014-01-22,1.854
2014-01-23,1.853
2014-01-24,1.854
2014-01-27,1.855
2014-01-28,1.855
2014-01-29,1.857
2014-01-30,1.856
2014-02-07,1.857
2014-02-10,1.86
2014-02-11,1.86
2014-02-12,1.861
2014-02-13,1.863
2014-02-14,1.865
2014-02-17,1.868
2014-02-18,1.867
2014-02-19,1.868
2014-02-20,1.87
2014-02-21,1.871
2014-02-24,1.871
2014-02-25,1.872
2014-02-26,1.873
2014-02-27,1.874
2014-02-28,1.876
2014-03-03,1.878
2014-03-04,1.877
2014-03-05,1.877
2014-03-06,1.877
2014-03-07,1.877
2014-03-10,1.878
2014-03-11,1.879
2014-03-12,1.879
2014-03-13,1.88
2014-03-14,1.88
2014-03-17,1.88
2014-03-18,1.88
2014-03-19,1.879
2014-03-20,1.879
2014-03-21,1.879
2014-03-24,1.879
2014-03-25,1.879
2014-03-26,1.88
2014-03-27,1.88
2014-03-28,1.879
2014-03-31,1.88
2014-04-01,1.881
2014-04-02,1.882
2014-04-03,1.881
2014-04-04,1.882
2014-04-08,1.883
2014-04-09,1.884
2014-04-10,1.884
2014-04-11,1.885
2014-04-14,1.886
2014-04-15,1.887
2014-04-16,1.888
2014-04-17,1.89
2014-04-18,1.891
2014-04-21,1.892
2014-04-22,1.892
2014-04-23,1.892
2014-04-24,1.892
2014-04-25,1.891
2014-04-28,1.892
2014-04-29,1.892
2014-04-30,1.893
2014-05-05,1.894
2014-05-06,1.896
2014-05-07,1.896
2014-05-08,1.898
2014-05-09,1.901
2014-05-12,1.901
2014-05-13,1.902
2014-05-14,1.901
2014-05-15,1.9
2014-05-16,1.901
2014-05-19,1.901
2014-05-20,1.901
2014-05-21,1.901
2014-05-22,1.902
2014-05-23,1.902
2014-05-26,1.902
2014-05-27,1.903
2014-05-28,1.904
2014-05-29,1.905
2014-05-30,1.907
2014-06-03,1.909
2014-06-04,1.911
2014-06-05,1.91
2014-06-06,1.91
2014-06-09,1.911
2014-06-10,1.912
2014-06-11,1.912
2014-06-12,1.913
2014-06-13,1.914
2014-06-16,1.916
2014-06-17,1.915
2014-06-18,1.913
2014-06-19,1.912
2014-06-20,1.914
2014-06-23,1.915
2014-06-24,1.916
2014-06-25,1.916
2014-06-26,1.917
2014-06-27,1.918
2014-06-30,1.919
2014-07-01,1.918
2014-07-02,1.918
2014-07-03,1.919
2014-07-04,1.919
2014-07-07,1.92
2014-07-08,1.92
2014-07-09,1.92
2014-07-10,1.92
2014-07-11,1.921
2014-07-14,1.922
2014-07-15,1.922
2014-07-16,1.921
2014-07-17,1.921
2014-07-18,1.921
2014-07-21,1.921
2014-07-22,1.922
2014-07-23,1.922
2014-07-24,1.922
2014-07-25,1.924
2014-07-28,1.925
2014-07-29,1.925
2014-07-30,1.926
2014-07-31,1.927
2014-08-01,1.928
2014-08-04,1.93
2014-08-05,1.931
2014-08-06,1.931
2014-08-07,1.931
2014-08-08,1.932
2014-08-11,1.933
2014-08-12,1.933
2014-08-13,1.933
2014-08-14,1.934
2014-08-15,1.934
2014-08-18,1.935
2014-08-19,1.934
2014-08-20,1.934
2014-08-21,1.935
2014-08-22,1.935
2014-08-25,1.936
2014-08-26,1.936
2014-08-27,1.936
2014-08-28,1.937
2014-08-29,1.937
2014-09-01,1.938
2014-09-02,1.939
2014-09-03,1.941
2014-09-04,1.942
2014-09-05,1.943
2014-09-09,1.943
2014-09-10,1.943
2014-09-11,1.942
2014-09-12,1.943
2014-09-15,1.943
2014-09-16,1.941
2014-09-17,1.942
2014-09-18,1.943
2014-09-19,1.945
2014-09-22,1.944
2014-09-23,1.945
2014-09-24,1.944
2014-09-25,1.945
2014-09-26,1.946
2014-09-29,1.947
2014-09-30,1.948
2014-10-08,1.95
2014-10-09,1.95
2014-10-10,1.951
2014-10-13,1.952
2014-10-14,1.954
2014-10-15,1.957
2014-10-16,1.959
2014-10-17,1.96
2014-10-20,1.966
2014-10-21,1.971
2014-10-22,1.969
2014-10-23,1.97
2014-10-24,1.971
2014-10-27,1.972
2014-10-28,1.974
2014-10-29,1.977
2014-10-30,1.978
2014-10-31,1.98
2014-11-03,1.983
2014-11-04,1.988
2014-11-05,1.991
2014-11-06,1.99
2014-11-07,1.994
2014-11-10,1.997
2014-11-11,1.999
2014-11-12,1.999
2014-11-13,1.998
2014-11-14,1.995
2014-11-17,1.993
2014-11-18,1.994
2014-11-19,1.993
2014-11-20,1.991
2014-11-21,1.99
2014-11-24,2.001
2014-11-25,2.0
2014-11-26,2.0
2014-11-27,2.0
2014-11-28,2.0
2014-12-01,2.0
2014-12-02,2.0
2014-12-03,1.996
2014-12-04,1.995
2014-12-05,1.991
2014-12-08,1.992
2014-12-09,1.974
2014-12-10,1.975
2014-12-11,1.976
2014-12-12,1.979
2014-12-15,1.979
2014-12-16,1.98
2014-12-17,1.981
2014-12-18,1.981
2014-12-19,1.983
2014-12-22,1.984
2014-12-23,1.985
2014-12-24,1.986
2014-12-25,1.987
2014-12-26,1.989
2014-12-29,1.99
2014-12-30,1.991
2014-12-31,1.991
2015-01-05,1.995
2015-01-06,1.996
2015-01-07,1.997
2015-01-08,1.996
2015-01-09,1.998
2015-01-12,1.997
2015-01-13,2.002
2015-01-14,2.004
2015-01-15,2.007
2015-01-16,2.01
2015-01-19,2.004
2015-01-20,2.006
2015-01-21,2.013
2015-01-22,2.015
2015-01-23,2.016
2015-01-26,2.015
2015-01-27,2.014
2015-01-28,2.01
2015-01-29,2.008
2015-01-30,2.007
2015-02-02,2.001
2015-02-03,2.005
2015-02-04,2.004
2015-02-05,2.004
2015-02-06,2.003
2015-02-09,2.005
2015-02-10,2.007
2015-02-11,2.008
2015-02-12,2.009
2015-02-13,2.012
2015-02-16,2.015
2015-02-17,2.017
2015-02-25,2.018
2015-02-26,2.021
2015-02-27,2.021
2015-03-02,2.022
2015-03-03,2.021
2015-03-04,2.021
2015-03-05,2.019
2015-03-06,2.018
2015-03-09,2.019
2015-03-10,2.02
2015-03-11,2.022
2015-03-12,2.025
2015-03-13,2.024
2015-03-16,2.025
2015-03-17,2.026
2015-03-18,2.027
2015-03-19,2.027
2015-03-20,2.029
2015-03-23,2.029
2015-03-24,2.027
2015-03-25,2.024
2015-03-26,2.022
2015-03-27,2.02
2015-03-30,2.02
2015-03-31,2.018
2015-04-01,2.021
2015-04-02,2.023
2015-04-03,2.024
2015-04-07,2.025
2015-04-08,2.024
2015-04-09,2.022
2015-04-10,2.026
2015-04-13,2.029
2015-04-14,2.03
2015-04-15,2.03
2015-04-16,2.035
2015-04-17,2.04
2015-04-20,2.042
2015-04-21,2.049
2015-04-22,2.053
2015-04-23,2.055
2015-04-24,2.052
2015-04-27,2.057
2015-04-28,2.055
2015-04-29,2.057
2015-04-30,2.057
2015-05-04,2.058
2015-05-05,2.051
2015-05-06,2.05
2015-05-07,2.048
2015-05-08,2.052
2015-05-11,2.058
2015-05-12,2.061
2015-05-13,2.065
2015-05-14,2.068
2015-05-15,2.066
2015-05-18,2.063
2015-05-19,2.068
2015-05-20,2.073
2015-05-21,2.076
2015-05-22,2.083
2015-05-25,2.09
2015-05-26,2.091
2015-05-27,2.093
2015-05-28,2.081
2015-05-29,2.083
2015-06-01,2.09
2015-06-02,2.099
2015-06-03,2.098
2015-06-04,2.097
2015-06-05,2.1
2015-06-08,2.102
2015-06-09,2.104
2015-06-10,2.104
2015-06-11,2.102
2015-06-12,2.104
2015-06-15,2.105
2015-06-16,2.1
2015-06-17,2.101
2015-06-18,2.094
2015-06-19,2.084
2015-06-23,2.081
2015-06-24,2.087
2015-06-25,2.078
2015-06-26,2.065
2015-06-29,2.062
2015-06-30,2.07
2015-07-01,2.063
2015-07-02,2.057
2015-07-03,2.055
2015-07-06,2.063
2015-07-07,2.064
2015-07-08,2.061
2015-07-09,2.06
2015-07-10,2.059
2015-07-13,2.06
2015-07-14,2.061
2015-07-15,2.06
2015-07-16,2.061
2015-07-17,2.063
2015-07-20,2.064
2015-07-21,2.065
2015-07-22,2.067
2015-07-23,2.07
2015-07-24,2.071
2015-07-27,2.071
2015-07-28,2.073
2015-07-29,2.075
2015-07-30,2.075
2015-07-31,2.075
2015-08-03,2.075
2015-08-04,2.076
2015-08-05,2.077
2015-08-06,2.08
2015-08-07,2.081
2015-08-10,2.082
2015-08-11,2.079
2015-08-12,2.078
2015-08-13,2.079
2015-08-14,2.079
2015-08-17,2.079
2015-08-18,2.079
2015-08-19,2.08
2015-08-20,2.08
2015-08-21,2.081
2015-08-24,2.081
2015-08-25,2.081
2015-08-26,2.082
2015-08-27,2.082
2015-08-28,2.082
2015-08-31,2.084
2015-09-01,2.084
2015-09-02,2.085
2015-09-07,2.086
2015-09-08,2.086
2015-09-09,2.086
2015-09-10,2.087
2015-09-11,2.087
2015-09-14,2.088
2015-09-15,2.088
2015-09-16,2.09
2015-09-17,2.09
2015-09-18,2.09
2015-09-21,2.09
2015-09-22,2.09
2015-09-23,2.09
2015-09-24,2.091
2015-09-25,2.091
2015-09-28,2.092
2015-09-29,2.093
2015-09-30,2.093
2015-10-08,2.094
2015-10-09,2.094
2015-10-12,2.097
2015-10-13,2.097
2015-10-14,2.099
2015-10-15,2.099
2015-10-16,2.1
2015-10-19,2.101
2015-10-20,2.102
2015-10-21,2.103
2015-10-22,2.103
2015-10-23,2.104
2015-10-26,2.107
2015-10-27,2.108
2015-10-28,2.11
2015-10-29,2.111
2015-10-30,2.111
2015-11-02,2.112
2015-11-03,2.112
2015-11-04,2.111
2015-11-05,2.11
2015-11-06,2.11
2015-11-09,2.107
2015-11-10,2.104
2015-11-11,2.104
2015-11-12,2.104
2015-11-13,2.105
2015-11-16,2.105
2015-11-17,2.106
2015-11-18,2.105
2015-11-19,2.104
2015-11-20,2.106
2015-11-23,2.106
2015-11-24,2.106
2015-11-25,2.108
2015-11-26,2.108
2015-11-27,2.109
2015-11-30,2.11
2015-12-01,2.111
2015-12-02,2.112
2015-12-03,2.114
2015-12-04,2.115
2015-12-07,2.117
2015-12-08,2.118
2015-12-09,2.12
2015-12-10,2.121
2015-12-11,2.121
2015-12-14,2.121
2015-12-15,2.122
2015-12-16,2.122
2015-12-17,2.125
2015-12-18,2.126
2015-12-21,2.129
2015-12-22,2.131
2015-12-23,2.132
2015-12-24,2.133
2015-12-25,2.135
2015-12-28,2.136
2015-12-29,2.137
2015-12-30,2.139
2015-12-31,2.139
2016-01-04,2.138
2016-01-05,2.138
2016-01-06,2.138
2016-01-07,2.14
2016-01-08,2.141
2016-01-11,2.142
2016-01-12,2.144
2016-01-13,2.146
2016-01-14,2.148
2016-01-15,2.148
2016-01-18,2.149
2016-01-19,2.148
2016-01-20,2.147
2016-01-21,2.147
2016-01-22,2.148
2016-01-25,2.147
2016-01-26,2.146
2016-01-27,2.142
2016-01-28,2.142
2016-01-29,2.144
2016-02-01,2.144
2016-02-02,2.143
2016-02-03,2.142
2016-02-04,2.143
2016-02-05,2.144
2016-02-15,2.146
2016-02-16,2.147
2016-02-17,2.147
2016-02-18,2.148
2016-02-19,2.15
2016-02-22,2.15
2016-02-23,2.15
2016-02-24,2.15
2016-02-25,2.149
2016-02-26,2.149
2016-02-29,2.148
2016-03-01,2.149
2016-03-02,2.151
2016-03-03,2.151
2016-03-04,2.151
2016-03-07,2.152
2016-03-08,2.152
2016-03-09,2.154
2016-03-10,2.155
2016-03-11,2.156
2016-03-14,2.157
2016-03-15,2.158
2016-03-16,2.159
2016-03-17,2.16
2016-03-18,2.162
2016-03-21,2.162
2016-03-22,2.161
2016-03-23,2.162
2016-03-24,2.163
2016-03-25,2.163
2016-03-28,2.162
2016-03-29,2.161
2016-03-30,2.162
2016-03-31,2.162
2016-04-01,2.163
2016-04-05,2.164
2016-04-06,2.164
2016-04-07,2.163
2016-04-08,2.162
2016-04-11,2.162
2016-04-12,2.16
2016-04-13,2.158
2016-04-14,2.155
2016-04-15,2.155
2016-04-18,2.155
2016-04-19,2.155
2016-04-20,2.153
2016-04-21,2.15
2016-04-22,2.147
2016-04-25,2.143
2016-04-26,2.14
2016-04-27,2.142
2016-04-28,2.143
2016-04-29,2.144
2016-05-03,2.142
2016-05-04,2.143
2016-05-05,2.145
2016-05-06,2.146
2016-05-09,2.147
2016-05-10,2.148
2016-05-11,2.149
2016-05-12,2.149
2016-05-13,2.15
2016-05-16,2.151
2016-05-17,2.151
2016-05-18,2.151
2016-05-19,2.151
2016-05-20,2.15
2016-05-23,2.151
2016-05-24,2.151
2016-05-25,2.151
2016-05-26,2.151
2016-05-27,2.151
2016-05-30,2.152
2016-05-31,2.152
2016-06-01,2.152
2016-06-02,2.152
2016-06-03,2.152
2016-06-06,2.153
2016-06-07,2.153
2016-06-08,2.153
2016-06-13,2.154
2016-06-14,2.155
2016-06-15,2.156
2016-06-16,2.156
2016-06-17,2.158
2016-06-20,2.158
2016-06-21,2.158
2016-06-22,2.159
2016-06-23,2.159
2016-06-24,2.16
2016-06-27,2.161
2016-06-28,2.162
2016-06-29,2.162
2016-06-30,2.163
2016-07-01,2.164
2016-07-04,2.166
2016-07-05,2.166
2016-07-06,2.167
2016-07-07,2.169
2016-07-08,2.17
2016-07-11,2.17
2016-07-12,2.171
2016-07-13,2.17
2016-07-14,2.171
2016-07-15,2.172
2016-07-18,2.172
2016-07-19,2.173
2016-07-20,2.174
2016-07-21,2.176
2016-07-22,2.176
2016-07-25,2.176
2016-07-26,2.176
2016-07-27,2.177
2016-07-28,2.177
2016-07-29,2.178
2016-08-01,2.179
2016-08-02,2.179
2016-08-03,2.18
2016-08-04,2.181
2016-08-05,2.182
2016-08-08,2.183
2016-08-09,2.183
2016-08-10,2.185
2016-08-11,2.185
2016-08-12,2.187
2016-08-15,2.188
2016-08-16,2.188
2016-08-17,2.188
2016-08-18,2.188
2016-08-19,2.187
2016-08-22,2.187
2016-08-23,2.186
2016-08-24,2.185
2016-08-25,2.186
2016-08-26,2.186
2016-08-29,2.187
2016-08-30,2.185
2016-08-31,2.186
2016-09-01,2.186
2016-09-02,2.186
2016-09-05,2.186
2016-09-06,2.186
2016-09-07,2.187
2016-09-08,2.187
2016-09-09,2.188
2016-09-12,2.187
2016-09-13,2.188
2016-09-14,2.188
2016-09-19,2.189
2016-09-20,2.189
2016-09-21,2.189
2016-09-22,2.19
2016-09-23,2.191
2016-09-26,2.191
2016-09-27,2.191
2016-09-28,2.191
2016-09-29,2.192
2016-09-30,2.192
2016-10-10,2.195
2016-10-11,2.195
2016-10-12,2.195
2016-10-13,2.196
2016-10-14,2.197
2016-10-17,2.198
2016-10-18,2.199
2016-10-19,2.199
2016-10-20,2.2
2016-10-21,2.201
2016-10-24,2.201
2016-10-25,2.201
2016-10-26,2.199
2016-10-27,2.198
2016-10-28,2.199
2016-10-31,2.199
2016-11-01,2.198
2016-11-02,2.198
2016-11-03,2.199
2016-11-04,2.199
2016-11-07,2.199
2016-11-08,2.199
2016-11-09,2.198
2016-11-10,2.198
2016-11-11,2.197
2016-11-14,2.196
2016-11-15,2.195
2016-11-16,2.193
2016-11-17,2.192
2016-11-18,2.191
2016-11-21,2.191
2016-11-22,2.191
2016-11-23,2.191
2016-11-24,2.191
2016-11-25,2.19
2016-11-28,2.19
2016-11-29,2.189
2016-11-30,2.186
2016-12-01,2.182
2016-12-02,2.18
2016-12-05,2.18
2016-12-06,2.177
2016-12-07,2.176
2016-12-08,2.177
2016-12-09,2.177
2016-12-12,2.176
2016-12-13,2.174
2016-12-14,2.171
2016-12-15,2.162
2016-12-16,2.161
2016-12-19,2.158
2016-12-20,2.157
2016-12-21,2.158
2016-12-22,2.158
2016-12-23,2.159
2016-12-26,2.159
2016-12-27,2.16
2016-12-28,2.16
2016-12-29,2.161
2016-12-30,2.161
2016-12-31,2.161
2017-01-03,2.162
2017-01-04,2.162
2017-01-05,2.162
2017-01-06,2.163
2017-01-09,2.163
2017-01-10,2.164
2017-01-11,2.164
2017-01-12,2.165
2017-01-13,2.165
2017-01-16,2.165
2017-01-17,2.164
2017-01-18,2.163
2017-01-19,2.163
2017-01-20,2.164
2017-01-23,2.164
2017-01-24,2.164
2017-01-25,2.163
2017-01-26,2.163
2017-02-03,2.162
2017-02-06,2.161
2017-02-07,2.16
2017-02-08,2.16
2017-02-09,2.161
2017-02-10,2.161
2017-02-13,2.161
2017-02-14,2.161
2017-02-15,2.161
2017-02-16,2.162
2017-02-17,2.162
2017-02-20,2.163
2017-02-21,2.163
2017-02-22,2.163
2017-02-23,2.163
2017-02-24,2.163
2017-02-27,2.164
2017-02-28,2.163
2017-03-01,2.163
2017-03-02,2.163
2017-03-03,2.163
2017-03-06,2.163
2017-03-07,2.163
2017-03-08,2.162
2017-03-09,2.162
2017-03-10,2.162
2017-03-13,2.162
2017-03-14,2.162
2017-03-15,2.163
2017-03-16,2.163
2017-03-17,2.163
2017-03-20,2.163
2017-03-21,2.162
2017-03-22,2.163
2017-03-23,2.163
2017-03-24,2.164
2017-03-27,2.165
2017-03-28,2.165
2017-03-29,2.165
2017-03-30,2.165
2017-03-31,2.166
2017-04-05,2.166
2017-04-06,2.166
2017-04-07,2.167
2017-04-10,2.167
2017-04-11,2.167
2017-04-12,2.167
2017-04-13,2.167
2017-04-14,2.167
2017-04-17,2.166
2017-04-18,2.165
2017-04-19,2.165
2017-04-20,2.165
2017-04-21,2.164
2017-04-24,2.163
2017-04-25,2.163
2017-04-26,2.164
2017-04-27,2.164
2017-04-28,2.165
2017-05-02,2.165
2017-05-03,2.164
2017-05-04,2.163
2017-05-05,2.163
2017-05-08,2.163
2017-05-09,2.162
2017-05-10,2.161
2017-05-11,2.161
2017-05-12,2.16
2017-05-15,2.161
2017-05-16,2.161
2017-05-17,2.161
2017-05-18,2.161
2017-05-19,2.161
2017-05-22,2.161
2017-05-23,2.161
2017-05-24,2.161
2017-05-25,2.161
2017-05-26,2.161
2017-05-31,2.162
2017-06-01,2.162
2017-06-02,2.163
2017-06-05,2.163
2017-06-06,2.163
2017-06-07,2.163
2017-06-08,2.163
2017-06-09,2.164
2017-06-12,2.165
2017-06-13,2.166
2017-06-14,2.167
2017-06-15,2.168
2017-06-16,2.168
2017-06-19,2.17
2017-06-20,2.171
2017-06-21,2.172
2017-06-22,2.172
2017-06-23,2.173
2017-06-26,2.175
2017-06-27,2.176
2017-06-28,2.175
2017-06-29,2.176
2017-06-30,2.176
2017-07-03,2.175
2017-07-04,2.175
2017-07-05,2.176
2017-07-06,2.178
2017-07-07,2.178
2017-07-10,2.178
2017-07-11,2.178
2017-07-12,2.178
2017-07-13,2.179
2017-07-14,2.181
2017-07-17,2.182
2017-07-18,2.181
2017-07-19,2.182
2017-07-20,2.184
2017-07-21,2.183
2017-07-24,2.184
2017-07-25,2.184
2017-07-26,2.183
2017-07-27,2.183
2017-07-28,2.184
2017-07-31,2.184
2017-08-01,2.185
2017-08-02,2.185
2017-08-03,2.184
2017-08-04,2.185
2017-08-07,2.184
2017-08-08,2.185
2017-08-09,2.184
2017-08-10,2.184
2017-08-11,2.183
2017-08-14,2.185
2017-08-15,2.185
2017-08-16,2.185
2017-08-17,2.185
2017-08-18,2.185
2017-08-21,2.185
2017-08-22,2.185
2017-08-23,2.185
2017-08-24,2.184
2017-08-25,2.185
2017-08-28,2.186
2017-08-29,2.186
2017-08-30,2.184
2017-08-31,2.184
2017-09-01,2.185
2017-09-04,2.185
2017-09-05,2.185
2017-09-06,2.185
2017-09-07,2.185
2017-09-08,2.186
2017-09-11,2.186
2017-09-12,2.186
2017-09-13,2.186
2017-09-14,2.186
2017-09-15,2.187
2017-09-18,2.187
2017-09-19,2.187
2017-09-20,2.187
2017-09-21,2.187
2017-09-22,2.187
2017-09-25,2.187
2017-09-26,2.187
2017-09-27,2.187
2017-09-28,2.187
2017-09-29,2.188
2017-10-09,2.189
2017-10-10,2.188
2017-10-11,2.189
2017-10-12,2.189
2017-10-13,2.189
2017-10-16,2.189
2017-10-17,2.189
2017-10-18,2.189
2017-10-19,2.189
2017-10-20,2.189
2017-10-23,2.189
2017-10-24,2.19
2017-10-25,2.189
2017-10-26,2.189
2017-10-27,2.189
2017-10-30,2.188
2017-10-31,2.188
2017-11-01,2.188
2017-11-02,2.188
2017-11-03,2.188
2017-11-06,2.188
2017-11-07,2.188
2017-11-08,2.188
2017-11-09,2.188
2017-11-10,2.188
2017-11-13,2.188
2017-11-14,2.187
2017-11-15,2.186
2017-11-16,2.187
2017-11-17,2.186
2017-11-20,2.187
2017-11-21,2.186
2017-11-22,2.185
2017-11-23,2.183
2017-11-24,2.183
2017-11-27,2.183
2017-11-28,2.183
2017-11-29,2.183
2017-11-30,2.183
2017-12-01,2.183
2017-12-04,2.183
2017-12-05,2.184
2017-12-06,2.184
2017-12-07,2.184
2017-12-08,2.185
2017-12-11,2.185
2017-12-12,2.185
2017-12-13,2.184
2017-12-14,2.184
2017-12-15,2.184
2017-12-18,2.184
2017-12-19,2.185
2017-12-20,2.184
2017-12-21,2.185
2017-12-22,2.185
2017-12-25,2.185
2017-12-26,2.186
2017-12-27,2.184
2017-12-28,2.184
2017-12-29,2.185
2017-12-31,2.185
2018-01-02,2.187
2018-01-03,2.188
2018-01-04,2.188
2018-01-05,2.189
2018-01-08,2.189
2018-01-09,2.189
2018-01-10,2.189
2018-01-11,2.189
2018-01-12,2.189
2018-01-15,2.188
2018-01-16,2.188
2018-01-17,2.189
2018-01-18,2.19
2018-01-19,2.191
2018-01-22,2.192
2018-01-23,2.193
2018-01-24,2.195
2018-01-25,2.196
2018-01-26,2.196
2018-01-29,2.194
2018-01-30,2.193
2018-01-31,2.193
2018-02-01,2.193
2018-02-02,2.195
2018-02-05,2.196
2018-02-06,2.195
2018-02-07,2.195
2018-02-08,2.194
2018-02-09,2.193
2018-02-12,2.194
2018-02-13,2.194
2018-02-14,2.195
2018-02-22,2.197
2018-02-23,2.197
2018-02-26,2.198
2018-02-27,2.198
2018-02-28,2.198
2018-03-01,2.198
2018-03-02,2.198
2018-03-05,2.199
2018-03-06,2.199
2018-03-07,2.199
2018-03-08,2.2
2018-03-09,2.2
2018-03-12,2.201
2018-03-13,2.201
2018-03-14,2.201
2018-03-15,2.2
2018-03-16,2.2
2018-03-19,2.201
2018-03-20,2.201
2018-03-21,2.201
2018-03-22,2.202
2018-03-23,2.203
2018-03-26,2.205
2018-03-27,2.205
2018-03-28,2.205
2018-03-29,2.206
2018-03-30,2.207
2018-04-02,2.208
2018-04-03,2.208
2018-04-04,2.209
2018-04-09,2.212
2018-04-10,2.212
2018-04-11,2.213
2018-04-12,2.214
2018-04-13,2.214
2018-04-16,2.215
2018-04-17,2.215
2018-04-18,2.222
2018-04-19,2.222
2018-04-20,2.222
2018-04-23,2.221
2018-04-24,2.221
2018-04-25,2.221
2018-04-26,2.22
2018-04-27,2.219
2018-05-02,2.219
2018-05-03,2.219
2018-05-04,2.219
2018-05-07,2.219
2018-05-08,2.219
2018-05-09,2.218
2018-05-10,2.218
2018-05-11,2.218
2018-05-14,2.218
2018-05-15,2.217
2018-05-16,2.217
2018-05-17,2.217
2018-05-18,2.216
2018-05-21,2.217
2018-05-22,2.217
2018-05-23,2.217
2018-05-24,2.218
2018-05-25,2.218
2018-05-28,2.219
2018-05-29,2.219
2018-05-30,2.219
2018-05-31,2.218
2018-06-01,2.218
2018-06-04,2.218
2018-06-05,2.218
2018-06-06,2.219
2018-06-07,2.218
2018-06-08,2.219
2018-06-11,2.218
2018-06-12,2.219
2018-06-13,2.218
2018-06-14,2.219
2018-06-15,2.219
2018-06-19,2.219
2018-06-20,2.219
2018-06-21,2.219
2018-06-22,2.22
2018-06-25,2.22
2018-06-26,2.22
2018-06-27,2.22
2018-06-28,2.221
2018-06-29,2.223
2018-06-30,2.223
2018-07-02,2.224
2018-07-03,2.225
2018-07-04,2.227
2018-07-05,2.228
2018-07-06,2.229
2018-07-09,2.229
2018-07-10,2.229
2018-07-11,2.229
2018-07-12,2.23
2018-07-13,2.23
2018-07-16,2.231
2018-07-17,2.231
2018-07-18,2.232
2018-07-19,2.233
2018-07-20,2.235
2018-07-23,2.237
2018-07-24,2.237
2018-07-25,2.238
2018-07-26,2.239
2018-07-27,2.24
2018-07-30,2.242
2018-07-31,2.244
2018-08-01,2.244
2018-08-02,2.246
2018-08-03,2.248
2018-08-06,2.249
2018-08-07,2.251
2018-08-08,2.251
2018-08-09,2.25
2018-08-10,2.248
2018-08-13,2.246
2018-08-14,2.246
2018-08-15,2.246
2018-08-16,2.245
2018-08-17,2.244
2018-08-20,2.242
2018-08-21,2.242
2018-08-22,2.242
2018-08-23,2.243
2018-08-24,2.244
2018-08-27,2.244
2018-08-28,2.244
2018-08-29,2.244
2018-08-30,2.243
2018-08-31,2.244
2018-09-03,2.244
2018-09-04,2.245
2018-09-05,2.245
2018-09-06,2.245
2018-09-07,2.244
2018-09-10,2.244
2018-09-11,2.243
2018-09-12,2.243
2018-09-13,2.244
2018-09-14,2.244
2018-09-17,2.245
2018-09-18,2.246
2018-09-19,2.247
2018-09-20,2.246
2018-09-21,2.247
2018-09-25,2.247
2018-09-26,2.248
2018-09-27,2.248
2018-09-28,2.249
2018-10-08,2.249
2018-10-09,2.249
2018-10-10,2.25
2018-10-11,2.25
2018-10-12,2.251
2018-10-15,2.252
2018-10-16,2.252
2018-10-17,2.252
2018-10-18,2.252
2018-10-19,2.253
2018-10-22,2.254
2018-10-23,2.254
2018-10-24,2.254
2018-10-25,2.255
2018-10-26,2.256
2018-10-29,2.256
2018-10-30,2.256
2018-10-31,2.257
2018-11-01,2.258
2018-11-02,2.258
2018-11-05,2.258
2018-11-06,2.258
2018-11-07,2.259
2018-11-08,2.259
2018-11-09,2.258
2018-11-12,2.259
2018-11-13,2.259
2018-11-14,2.261
2018-11-15,2.262
2018-11-16,2.263
2018-11-19,2.264
2018-11-20,2.264
2018-11-21,2.264
2018-11-22,2.264
2018-11-23,2.264
2018-11-26,2.264
2018-11-27,2.264
2018-11-28,2.264
2018-11-29,2.264
2018-11-30,2.265
2018-12-03,2.266
2018-12-04,2.267
2018-12-05,2.268
2018-12-06,2.268
2018-12-07,2.268
2018-12-10,2.269
2018-12-11,2.269
2018-12-12,2.269
2018-12-13,2.268
2018-12-14,2.267
2018-12-17,2.267
2018-12-18,2.266
2018-12-19,2.265
2018-12-20,2.266
2018-12-21,2.265
2018-12-24,2.266
2018-12-25,2.266
2018-12-26,2.265
2018-12-27,2.266
2018-12-28,2.268
2018-12-31,2.268
2019-01-02,2.269
2019-01-03,2.271
2019-01-04,2.273
2019-01-07,2.275
2019-01-08,2.277
2019-01-09,2.278
2019-01-10,2.279
2019-01-11,2.279
2019-01-14,2.279
2019-01-15,2.279
2019-01-16,2.28
2019-01-17,2.28
2019-01-18,2.281
2019-01-21,2.281
2019-01-22,2.281
2019-01-23,2.281
2019-01-24,2.281
2019-01-25,2.281
2019-01-28,2.281
2019-01-29,2.281
2019-01-30,2.282
2019-01-31,2.282
2019-02-01,2.284
2019-02-11,2.286
2019-02-12,2.287
2019-02-13,2.288
2019-02-14,2.288
2019-02-15,2.287
2019-02-18,2.289
2019-02-19,2.288
2019-02-20,2.289
2019-02-21,2.289
2019-02-22,2.29
2019-02-25,2.293
2019-02-26,2.292
2019-02-27,2.289
2019-02-28,2.289
2019-03-01,2.289
2019-03-04,2.292
2019-03-05,2.293
2019-03-06,2.292
2019-03-07,2.291
2019-03-08,2.29
2019-03-11,2.292
2019-03-12,2.293
2019-03-13,2.292
2019-03-14,2.29
2019-03-15,2.292
2019-03-18,2.295
2019-03-19,2.296
2019-03-20,2.296
2019-03-21,2.297
2019-03-22,2.299
2019-03-25,2.297
2019-03-26,2.295
2019-03-27,2.295
2019-03-28,2.295
2019-03-29,2.298
2019-04-01,2.3
2019-04-02,2.3
2019-04-03,2.301
2019-04-04,2.302
2019-04-08,2.302
2019-04-09,2.299
2019-04-10,2.298
2019-04-11,2.296
2019-04-12,2.296
2019-04-15,2.294
2019-04-16,2.294
2019-04-17,2.294
2019-04-18,2.294
2019-04-19,2.296
2019-04-22,2.293
2019-04-23,2.292
2019-04-24,2.292
2019-04-25,2.288
2019-04-26,2.287
2019-04-29,2.285
2019-04-30,2.288
2019-05-06,2.284
2019-05-07,2.286
2019-05-08,2.286
2019-05-09,2.287
2019-05-10,2.291
2019-05-13,2.291
2019-05-14,2.291
2019-05-15,2.293
2019-05-16,2.293
2019-05-17,2.292
2019-05-20,2.292
2019-05-21,2.293
2019-05-22,2.293
2019-05-23,2.292
2019-05-24,2.292
2019-05-27,2.292
2019-05-28,2.293
2019-05-29,2.293
2019-05-30,2.293
2019-05-31,2.294
2019-06-03,2.293
2019-06-04,2.292
2019-06-05,2.292
2019-06-06,2.291
2019-06-10,2.292
2019-06-11,2.295
2019-06-12,2.294
2019-06-13,2.294
2019-06-14,2.292
2019-06-17,2.292
2019-06-18,2.293
2019-06-19,2.294
2019-06-20,2.297
2019-06-21,2.298
2019-06-24,2.298
2019-06-25,2.298
2019-06-26,2.299
2019-06-27,2.3
2019-06-28,2.3
2019-06-30,2.3
2019-07-01,2.302
2019-07-02,2.302
2019-07-03,2.302
2019-07-04,2.302
2019-07-05,2.303
2019-07-08,2.302
2019-07-09,2.302
2019-07-10,2.301
2019-07-11,2.301
2019-07-12,2.302
2019-07-15,2.303
2019-07-16,2.303
2019-07-17,2.303
2019-07-18,2.303
2019-07-19,2.303
2019-07-22,2.303
2019-07-23,2.304
2019-07-24,2.304
2019-07-25,2.305
2019-07-26,2.306
2019-07-29,2.306
2019-07-30,2.307
2019-07-31,2.307
2019-08-01,2.307
2019-08-02,2.308
2019-08-05,2.308
2019-08-06,2.308
2019-08-07,2.308
2019-08-08,2.309
2019-08-09,2.309
2019-08-12,2.311
2019-08-13,2.311
2019-08-14,2.311
2019-08-15,2.312
2019-08-16,2.312
2019-08-19,2.313
2019-08-20,2.313
2019-08-21,2.312
2019-08-22,2.312
2019-08-23,2.314
2019-08-26,2.312
2019-08-27,2.314
2019-08-28,2.314
2019-08-29,2.313
2019-08-30,2.313
2019-09-02,2.315
2019-09-03,2.315
2019-09-04,2.316
2019-09-05,2.318
2019-09-06,2.319
2019-09-09,2.32
2019-09-10,2.319
2019-09-11,2.318
2019-09-12,2.319
2019-09-16,2.318
2019-09-17,2.316
2019-09-18,2.316
2019-09-19,2.317
2019-09-20,2.318
2019-09-23,2.317
2019-09-24,2.318
2019-09-25,2.317
2019-09-26,2.316
2019-09-27,2.317
2019-09-30,2.316
2019-10-08,2.318
2019-10-09,2.319
2019-10-10,2.32
2019-10-11,2.321
2019-10-14,2.322
2019-10-15,2.321
2019-10-16,2.32
2019-10-17,2.32
2019-10-18,2.319
2019-10-21,2.319
2019-10-22,2.319
2019-10-23,2.318
2019-10-24,2.319
2019-10-25,2.32
2019-10-28,2.321
2019-10-29,2.32
2019-10-30,2.318
2019-10-31,2.317
2019-11-01,2.319
2019-11-04,2.319
2019-11-05,2.321
2019-11-06,2.321
2019-11-07,2.321
2019-11-08,2.321
2019-11-11,2.319
2019-11-12,2.32
2019-11-13,2.32
2019-11-14,2.32
2019-11-15,2.32
2019-11-18,2.321
2019-11-19,2.323
2019-11-20,2.323
2019-11-21,2.323
2019-11-22,2.322
2019-11-25,2.322
2019-11-26,2.322
2019-11-27,2.322
2019-11-28,2.321
2019-11-29,2.321
2019-12-02,2.321
2019-12-03,2.322
2019-12-04,2.322
2019-12-05,2.323
2019-12-06,2.323
2019-12-09,2.324
2019-12-10,2.324
2019-12-11,2.325
2019-12-12,2.326
2019-12-13,2.327
2019-12-16,2.329
2019-12-17,2.329
2019-12-18,2.329
2019-12-19,2.33
2019-12-20,2.33
2019-12-23,2.329
2019-12-24,2.331
2019-12-25,2.331
2019-12-26,2.333
2019-12-27,2.332
2019-12-30,2.333
2019-12-31,2.334
2020-01-02,2.336
2020-01-03,2.336
2020-01-06,2.338
2020-01-07,2.34
2020-01-08,2.34
2020-01-09,2.342
2020-01-10,2.341
2020-01-13,2.343
2020-01-14,2.342
2020-01-15,2.342
2020-01-16,2.342
2020-01-17,2.342
2020-01-20,2.344
2020-01-21,2.343
2020-01-22,2.344
2020-01-23,2.342
2020-02-03,2.34
2020-02-04,2.343
2020-02-05,2.344
2020-02-06,2.346
2020-02-07,2.347
2020-02-10,2.349
2020-02-11,2.349
2020-02-12,2.351
2020-02-13,2.351
2020-02-14,2.351
2020-02-17,2.353
2020-02-18,2.355
2020-02-19,2.354
2020-02-20,2.356
2020-02-21,2.357
2020-02-24,2.358
2020-02-25,2.358
2020-02-26,2.356
2020-02-27,2.357
2020-02-28,2.355
2020-03-02,2.357
2020-03-03,2.358
2020-03-04,2.36
2020-03-05,2.361
2020-03-06,2.362
2020-03-09,2.362
2020-03-10,2.361
2020-03-11,2.361
2020-03-12,2.359
2020-03-13,2.356
2020-03-16,2.352
2020-03-17,2.35
2020-03-18,2.35
2020-03-19,2.35
2020-03-20,2.35
2020-03-23,2.35
2020-03-24,2.352
2020-03-25,2.354
2020-03-26,2.354
2020-03-27,2.354
2020-03-30,2.354
2020-03-31,2.355
2020-04-01,2.356
2020-04-02,2.357
2020-04-03,2.357
2020-04-07,2.364
2020-04-08,2.366
2020-04-09,2.368
2020-04-10,2.367
2020-04-13,2.366
2020-04-14,2.367
2020-04-15,2.368
2020-04-16,2.37
2020-04-17,2.37
2020-04-20,2.371
2020-04-21,2.371
2020-04-22,2.373
2020-04-23,2.374
2020-04-24,2.374
2020-04-27,2.374
2020-04-28,2.375
2020-04-29,2.377
2020-04-30,2.377
2020-05-06,2.378
2020-05-07,2.375
2020-05-08,2.375
2020-05-11,2.372
2020-05-12,2.371
2020-05-13,2.37
2020-05-14,2.37
2020-05-15,2.37
2020-05-18,2.369
2020-05-19,2.369
2020-05-20,2.368
2020-05-21,2.367
2020-05-22,2.368
2020-05-25,2.367
2020-05-26,2.366
2020-05-27,2.365
2020-05-28,2.364
2020-05-29,2.365
2020-06-01,2.368
2020-06-02,2.365
2020-06-03,2.361
2020-06-04,2.36
2020-06-05,2.357
2020-06-08,2.356
2020-06-09,2.357
2020-06-10,2.357
2020-06-11,2.358
2020-06-12,2.358
2020-06-15,2.359
2020-06-16,2.36
2020-06-17,2.36
2020-06-18,2.36
2020-06-19,2.361
2020-06-22,2.359
2020-06-23,2.357
2020-06-24,2.358
2020-06-29,2.358
2020-06-30,2.359
2020-07-01,2.36
2020-07-02,2.362
2020-07-03,2.363
2020-07-06,2.366
2020-07-07,2.365
2020-07-08,2.366
2020-07-09,2.366
2020-07-10,2.365
2020-07-13,2.366
2020-07-14,2.365
2020-07-15,2.363
2020-07-16,2.357
2020-07-17,2.358
2020-07-20,2.363
2020-07-21,2.364
2020-07-22,2.366
2020-07-23,2.367
2020-07-24,2.363
2020-07-27,2.364
2020-07-28,2.365
2020-07-29,2.367
2020-07-30,2.368
2020-07-31,2.37
2020-08-03,2.373
2020-08-04,2.373
2020-08-05,2.374
2020-08-06,2.375
2020-08-07,2.375
2020-08-10,2.375
2020-08-11,2.373
2020-08-12,2.372
2020-08-13,2.373
2020-08-14,2.374
2020-08-17,2.377
2020-08-18,2.378
2020-08-19,2.377
2020-08-20,2.375
2020-08-21,2.375
2020-08-24,2.377
2020-08-25,2.376
2020-08-26,2.374
2020-08-27,2.373
2020-08-28,2.375
2020-08-31,2.376
2020-09-01,2.376
2020-09-02,2.377
2020-09-03,2.376
2020-09-04,2.374
2020-09-07,2.371
2020-09-08,2.37
2020-09-09,2.368
2020-09-10,2.368
2020-09-11,2.369
2020-09-14,2.369
2020-09-15,2.372
2020-09-16,2.371
2020-09-17,2.372
2020-09-18,2.373
2020-09-21,2.373
2020-09-22,2.371
2020-09-23,2.371
2020-09-24,2.369
2020-09-25,2.368
2020-09-28,2.368
2020-09-29,2.37
2020-09-30,2.369
2020-10-09,2.371
2020-10-12,2.375
2020-10-13,2.376
2020-10-14,2.375
2020-10-15,2.375
2020-10-16,2.375
2020-10-19,2.373
2020-10-20,2.375
2020-10-21,2.375
2020-10-22,2.376
2020-10-23,2.374
2020-10-26,2.376
2020-10-27,2.377
2020-10-28,2.377
2020-10-29,2.378
2020-10-30,2.375
2020-11-02,2.378
2020-11-03,2.379
2020-11-04,2.38
2020-11-05,2.381
2020-11-06,2.381
2020-11-09,2.381
2020-11-10,2.381
2020-11-11,2.38
2020-11-12,2.379
2020-11-13,2.376
2020-11-16,2.375
2020-11-17,2.373
2020-11-18,2.372
2020-11-19,2.37
2020-11-20,2.369
2020-11-23,2.369
2020-11-24,2.369
2020-11-25,2.37
2020-11-26,2.369
2020-11-27,2.37
2020-11-30,2.37
2020-12-01,2.372
2020-12-02,2.372
2020-12-03,2.372
2020-12-04,2.372
2020-12-07,2.372
2020-12-08,2.372
2020-12-09,2.372
2020-12-10,2.372
2020-12-11,2.37
2020-12-14,2.37
2020-12-15,2.369
2020-12-16,2.369
2020-12-17,2.369
2020-12-18,2.37
2020-12-21,2.372
2020-12-22,2.372
2020-12-23,2.372
2020-12-24,2.371
2020-12-25,2.372
2020-12-28,2.373
2020-12-29,2.372
2020-12-30,2.374
2020-12-31,2.376
2021-01-04,2.379
2021-01-05,2.38
2021-01-06,2.381
2021-01-07,2.382
2021-01-08,2.383
2021-01-11,2.384
2021-01-12,2.386
2021-01-13,2.387
2021-01-14,2.387
2021-01-15,2.386
2021-01-18,2.385
2021-01-19,2.383
2021-01-20,2.382
2021-01-21,2.382
2021-01-22,2.383
2021-01-25,2.384
2021-01-26,2.38
2021-01-27,2.379
2021-01-28,2.375
2021-01-29,2.373
2021-02-01,2.376
2021-02-02,2.377
2021-02-03,2.377
2021-02-04,2.376
2021-02-05,2.374
2021-02-08,2.377
2021-02-09,2.381
2021-02-10,2.381
2021-02-18,2.384
2021-02-19,2.383
2021-02-22,2.382
2021-02-23,2.382
2021-02-24,2.379
2021-02-25,2.378
2021-02-26,2.376
2021-03-01,2.378
2021-03-02,2.378
2021-03-03,2.38
2021-03-04,2.379
2021-03-05,2.379
2021-03-08,2.378
2021-03-09,2.376
2021-03-10,2.377
2021-03-11,2.377
2021-03-12,2.378
2021-03-15,2.378
2021-03-16,2.379
2021-03-17,2.379
2021-03-18,2.38
2021-03-19,2.38
2021-03-22,2.38
2021-03-23,2.38
2021-03-24,2.378
2021-03-25,2.378
2021-03-26,2.38
2021-03-29,2.381
2021-03-30,2.381
2021-03-31,2.381
2021-04-01,2.381
2021-04-02,2.381
2021-04-06,2.382
2021-04-07,2.382
2021-04-08,2.382
2021-04-09,2.382
2021-04-12,2.382
2021-04-13,2.382
2021-04-14,2.383
2021-04-15,2.382
2021-04-16,2.383
2021-04-19,2.385
2021-04-20,2.386
2021-04-21,2.386
2021-04-22,2.387
2021-04-23,2.387
2021-04-26,2.388
2021-04-27,2.387
2021-04-28,2.388
2021-04-29,2.389
2021-04-30,2.39
2021-05-06,2.392
2021-05-07,2.392
2021-05-10,2.394
2021-05-11,2.392
2021-05-12,2.393
2021-05-13,2.392
2021-05-14,2.392
2021-05-17,2.394
2021-05-18,2.395
2021-05-19,2.395
2021-05-20,2.395
2021-05-21,2.395
2021-05-24,2.396
2021-05-25,2.397
2021-05-26,2.398
2021-05-27,2.399
2021-05-28,2.398
2021-05-31,2.398
2021-06-01,2.398
2021-06-02,2.399
2021-06-03,2.399
2021-06-04,2.398
2021-06-07,2.398
2021-06-08,2.397
2021-06-09,2.397
2021-06-10,2.399
2021-06-11,2.398
2021-06-15,2.397
2021-06-16,2.395
2021-06-17,2.394
2021-06-18,2.395
2021-06-21,2.397
2021-06-22,2.398
2021-06-23,2.4
2021-06-24,2.4
2021-06-25,2.402
2021-06-28,2.402
2021-06-29,2.402
2021-06-30,2.403
2021-07-01,2.402
2021-07-02,2.401
2021-07-05,2.401
2021-07-06,2.402
2021-07-07,2.404
2021-07-08,2.406
2021-07-09,2.407
2021-07-12,2.411
2021-07-13,2.413
2021-07-14,2.413
2021-07-15,2.413
2021-07-16,2.413
2021-07-19,2.414
2021-07-20,2.414
2021-07-21,2.418
2021-07-22,2.42
2021-07-23,2.421
2021-07-26,2.421
2021-07-27,2.418
2021-07-28,2.4161
2021-07-29,2.4208
2021-07-30,2.4228
2021-08-02,2.4266
2021-08-03,2.4252
2021-08-04,2.4292
2021-08-05,2.4291
2021-08-06,2.4303
2021-08-09,2.4298
2021-08-10,2.4305
2021-08-11,2.4322
2021-08-12,2.4328
2021-08-13,2.4332
2021-08-16,2.4332
2021-08-17,2.4319
2021-08-18,2.4315
2021-08-19,2.432
2021-08-20,2.4317
2021-08-23,2.4326
2021-08-24,2.4357
2021-08-25,2.437
2021-08-26,2.4368
2021-08-27,2.4392
2021-08-30,2.4422
2021-08-31,2.4437
2021-09-01,2.4422
2021-09-02,2.4444
2021-09-03,2.4436
2021-09-06,2.4451
2021-09-07,2.4483
2021-09-08,2.4481
2021-09-09,2.4483
2021-09-10,2.4483
2021-09-13,2.4486
2021-09-14,2.4467
2021-09-15,2.4454
2021-09-16,2.4432
2021-09-17,2.4423
2021-09-22,2.4426
2021-09-23,2.4421
2021-09-24,2.4392
2021-09-27,2.4363
2021-09-28,2.4367
2021-09-29,2.4344
2021-09-30,2.4372
2021-10-08,2.4377
2021-10-11,2.4368
2021-10-12,2.4337
2021-10-13,2.4331
2021-10-14,2.4339
2021-10-15,2.4347
2021-10-18,2.4358
2021-10-19,2.4366
2021-10-20,2.4378
2021-10-21,2.4379
2021-10-22,2.437
2021-10-25,2.4395
2021-10-26,2.4399
2021-10-27,2.4406
2021-10-28,2.4402
2021-10-29,2.4414
2021-11-01,2.4435
2021-11-02,2.4438
2021-11-03,2.4439
2021-11-04,2.4459
2021-11-05,2.4452
2021-11-08,2.446
2021-11-09,2.4473
2021-11-10,2.4469
2021-11-11,2.4474
2021-11-12,2.4488
2021-11-15,2.4491
2021-11-16,2.4482
2021-11-17,2.4489
2021-11-18,2.4496
2021-11-19,2.4511
2021-11-22,2.4539
2021-11-23,2.4538
2021-11-24,2.4544
2021-11-25,2.4541
2021-11-26,2.4553
2021-11-29,2.4575
2021-11-30,2.4582
2021-12-01,2.4596
2021-12-02,2.4586
2021-12-03,2.4594
2021-12-06,2.4582
2021-12-07,2.4528
2021-12-08,2.4534
2021-12-09,2.4541
2021-12-10,2.4553
2021-12-13,2.4564
2021-12-14,2.4556
2021-12-15,2.456
2021-12-16,2.4558
2021-12-17,2.4557
2021-12-20,2.454
2021-12-21,2.4563
2021-12-22,2.4578
2021-12-23,2.4588
2021-12-24,2.4582
2021-12-27,2.4576
2021-12-28,2.4586
2021-12-29,2.4586
2021-12-30,2.4603
2021-12-31,2.4616
2022-01-04,2.4621
2022-01-05,2.4593
2022-01-06,2.4604
2022-01-07,2.4595
2022-01-10,2.4602
2022-01-11,2.4596
2022-01-12,2.4619
2022-01-13,2.4607
2022-01-14,2.4596
2022-01-17,2.4621
2022-01-18,2.4632
2022-01-19,2.4633
2022-01-20,2.4623
2022-01-21,2.4618
2022-01-24,2.4637
2022-01-25,2.4609
2022-01-26,2.4611
2022-01-27,2.4594
2022-01-28,2.4604
2022-02-07,2.4638
2022-02-08,2.464
2022-02-09,2.4654
2022-02-10,2.4657
2022-02-11,2.4628
2022-02-14,2.4576
2022-02-15,2.4542
2022-02-16,2.4567
2022-02-17,2.4573
2022-02-18,2.4589
2022-02-21,2.46
2022-02-22,2.4588
2022-02-23,2.461
2022-02-24,2.4603
2022-02-25,2.461
2022-02-28,2.4615
2022-03-01,2.4615
2022-03-02,2.4607
2022-03-03,2.4576
2022-03-04,2.4547
2022-03-07,2.4503
2022-03-08,2.4479
2022-03-09,2.4468
2022-03-10,2.4477
2022-03-11,2.4477
2022-03-14,2.4485
2022-03-15,2.4455
2022-03-16,2.4469
2022-03-17,2.448
2022-03-18,2.4485
2022-03-21,2.4494
2022-03-22,2.4481
2022-03-23,2.4476
2022-03-24,2.4459
2022-03-25,2.4452
2022-03-28,2.4453
2022-03-29,2.4447
2022-03-30,2.4467
2022-03-31,2.4468
2022-04-01,2.4479
2022-04-06,2.4489
2022-04-07,2.4483
2022-04-08,2.4492
2022-04-11,2.4479
2022-04-12,2.4483
2022-04-13,2.4481
2022-04-14,2.4493
2022-04-15,2.4482
2022-04-18,2.4478
2022-04-19,2.4476
2022-04-20,2.4472
2022-04-21,2.4457
2022-04-22,2.4456
2022-04-25,2.4444
2022-04-26,2.4443
2022-04-27,2.4455
2022-04-28,2.4455
2022-04-29,2.4473
2022-05-05,2.4486
2022-05-06,2.4479
2022-05-09,2.4491
2022-05-10,2.4505
2022-05-11,2.4514
2022-05-12,2.452
2022-05-13,2.4526
2022-05-16,2.4528
2022-05-17,2.4541
2022-05-18,2.4546
2022-05-19,2.4553
2022-05-20,2.4557
2022-05-23,2.4562
2022-05-24,2.4552
2022-05-25,2.456
2022-05-26,2.4576
2022-05-27,2.4579
2022-05-30,2.4583
2022-05-31,2.4578
2022-06-01,2.457
2022-06-02,2.4567
2022-06-06,2.4571
2022-06-07,2.457
2022-06-08,2.4578
2022-06-09,2.4576
2022-06-10,2.4588
2022-06-13,2.459
2022-06-14,2.4586
2022-06-15,2.4592
2022-06-16,2.4599
2022-06-17,2.4611
2022-06-20,2.4613
2022-06-21,2.4608
2022-06-22,2.4605
2022-06-23,2.4619
2022-06-24,2.463
2022-06-27,2.4636
2022-06-28,2.4647
2022-06-29,2.4636
2022-06-30,2.465
2022-07-01,2.4651
2022-07-04,2.4655
2022-07-05,2.4653
2022-07-06,2.4643
2022-07-07,2.4655
2022-07-08,2.4655
2022-07-11,2.4644
2022-07-12,2.4641
2022-07-13,2.4656
2022-07-14,2.4675
2022-07-15,2.468
2022-07-18,2.4698
2022-07-19,2.4703
2022-07-20,2.4713
2022-07-21,2.4711
2022-07-22,2.4708
2022-07-25,2.4702
2022-07-26,2.4722
2022-07-27,2.4736
2022-07-28,2.473
2022-07-29,2.4728
2022-08-01,2.4741
2022-08-02,2.4726
2022-08-03,2.4719
2022-08-04,2.4736
2022-08-05,2.475
2022-08-08,2.4748
2022-08-09,2.475
2022-08-10,2.4751
2022-08-11,2.4754
2022-08-12,2.4742
2022-08-15,2.4775
2022-08-16,2.4782
2022-08-17,2.4779
2022-08-18,2.4777
2022-08-19,2.475
2022-08-22,2.4751
2022-08-23,2.4741
2022-08-24,2.4693
2022-08-25,2.4663
2022-08-26,2.4648
2022-08-29,2.4648
2022-08-30,2.4647
2022-08-31,2.4631
2022-09-01,2.4633
2022-09-02,2.4649
2022-09-05,2.466
2022-09-06,2.4672
2022-09-07,2.4679
2022-09-08,2.466
2022-09-09,2.4657
2022-09-13,2.4652
2022-09-14,2.4643
2022-09-15,2.4626
2022-09-16,2.4608
2022-09-19,2.4602
2022-09-20,2.4607
2022-09-21,2.4612
2022-09-22,2.4611
2022-09-23,2.4605
2022-09-26,2.4592
2022-09-27,2.4595
2022-09-28,2.4576
2022-09-29,2.4561
2022-09-30,2.4556
2022-10-10,2.4567
2022-10-11,2.4564
2022-10-12,2.4568
2022-10-13,2.4574
2022-10-14,2.4575
2022-10-17,2.4566
2022-10-18,2.4556
2022-10-19,2.4555
2022-10-20,2.455
2022-10-21,2.454
2022-10-24,2.4528
2022-10-25,2.4517
2022-10-26,2.4525
2022-10-27,2.4527
2022-10-28,2.4521
2022-10-31,2.4524
2022-11-01,2.4527
2022-11-02,2.4533
2022-11-03,2.4537
2022-11-04,2.4542
2022-11-07,2.4539
2022-11-08,2.4533
2022-11-09,2.4529
2022-11-10,2.4519
2022-11-11,2.4513
2022-11-14,2.4462
2022-11-15,2.445
2022-11-16,2.4411
2022-11-17,2.4395
2022-11-18,2.4389
2022-11-21,2.4398
2022-11-22,2.4391
2022-11-23,2.44
2022-11-24,2.4417
2022-11-25,2.4408
2022-11-28,2.4396
2022-11-29,2.4389
2022-11-30,2.4386
2022-12-01,2.439
2022-12-02,2.4393
2022-12-05,2.4393
2022-12-06,2.4378
2022-12-07,2.4355
2022-12-08,2.4344
2022-12-09,2.4338
2022-12-12,2.4325
2022-12-13,2.4287
2022-12-14,2.4286
2022-12-15,2.4292
2022-12-16,2.4279
2022-12-19,2.4275
2022-12-20,2.4273
2022-12-21,2.427
2022-12-22,2.4267
2022-12-23,2.4267
2022-12-26,2.4284
2022-12-27,2.4299
2022-12-28,2.4295
2022-12-29,2.4292
2022-12-30,2.4299
2022-12-31,2.43
2023-01-03,2.432
2023-01-04,2.4341
2023-01-05,2.4364
2023-01-06,2.4366
2023-01-09,2.4368
2023-01-10,2.4354
2023-01-11,2.4344
2023-01-12,2.4343
2023-01-13,2.4345
2023-01-16,2.4355
2023-01-17,2.4361
2023-01-18,2.4369
2023-01-19,2.4373
2023-01-20,2.4388
2023-01-30,2.4405
2023-01-31,2.4399
2023-02-01,2.4423
2023-02-02,2.4431
2023-02-03,2.4426
2023-02-06,2.441
2023-02-07,2.4427
2023-02-08,2.4425
2023-02-09,2.4443
2023-02-10,2.4447
2023-02-13,2.4464
2023-02-14,2.4465
2023-02-15,2.446
2023-02-16,2.4439
2023-02-17,2.4419
2023-02-20,2.444
2023-02-21,2.4441
2023-02-22,2.4451
2023-02-23,2.4447
2023-02-24,2.4445
2023-02-27,2.4448
2023-02-28,2.4449
2023-03-01,2.4468
2023-03-02,2.4465
2023-03-03,2.4466
2023-03-06,2.4474
2023-03-07,2.4456
2023-03-08,2.4456
2023-03-09,2.4459
2023-03-10,2.4443
2023-03-13,2.4457
2023-03-14,2.4453
2023-03-15,2.4457
2023-03-16,2.4439
2023-03-17,2.445
2023-03-20,2.4463
2023-03-21,2.448
2023-03-22,2.4491
2023-03-23,2.4497
2023-03-24,2.4488
2023-03-27,2.4491
2023-03-28,2.4485
2023-03-29,2.4481
2023-03-30,2.448
2023-03-31,2.4497
2023-04-03,2.4509
2023-04-04,2.4503
2023-04-06,2.45
2023-04-07,2.4518
2023-04-10,2.4505
2023-04-11,2.4512
2023-04-12,2.4534
2023-04-13,2.4528
2023-04-14,2.4538
2023-04-17,2.4546
2023-04-18,2.4553
2023-04-19,2.4547
2023-04-20,2.4541
2023-04-21,2.4521
2023-04-24,2.4514
2023-04-25,2.451
2023-04-26,2.4528
2023-04-27,2.4541
2023-04-28,2.4568
2023-05-04,2.4588
2023-05-05,2.4574
2023-05-08,2.4578
2023-05-09,2.4562
2023-05-10,2.457
2023-05-11,2.4579
2023-05-12,2.4547
2023-05-15,2.4562
2023-05-16,2.4556
2023-05-17,2.4564
2023-05-18,2.4574
2023-05-19,2.4574
2023-05-22,2.4584
2023-05-23,2.4583
2023-05-24,2.4581
2023-05-25,2.4575
2023-05-26,2.4581
2023-05-29,2.4579
2023-05-30,2.4583
2023-05-31,2.4585
2023-06-01,2.4594
2023-06-02,2.4612
2023-06-05,2.4615
2023-06-06,2.4609
2023-06-07,2.4609
2023-06-08,2.4611
2023-06-09,2.4618
2023-06-12,2.4628
2023-06-13,2.4633
2023-06-14,2.4639
2023-06-15,2.4641
2023-06-16,2.4634
2023-06-19,2.4618
2023-06-20,2.4619
2023-06-21,2.4613
2023-06-26,2.4607
2023-06-27,2.4616
2023-06-28,2.4613
2023-06-29,2.4617
2023-06-30,2.463
2023-07-03,2.4635
2023-07-04,2.4641
2023-07-05,2.4647
2023-07-06,2.4648
2023-07-07,2.4653
2023-07-10,2.4655
2023-07-11,2.4663
2023-07-12,2.4662
2023-07-13,2.467
2023-07-14,2.467
2023-07-17,2.4666
2023-07-18,2.4675
2023-07-19,2.4677
2023-07-20,2.4674
2023-07-21,2.4675
2023-07-24,2.4674
2023-07-25,2.4675
2023-07-26,2.4672
2023-07-27,2.4676
2023-07-28,2.4685
2023-07-31,2.4687
2023-08-01,2.4684
2023-08-02,2.469
2023-08-03,2.4699
2023-08-04,2.4711
2023-08-07,2.4699
2023-08-08,2.4701
2023-08-09,2.4701
2023-08-10,2.4715
2023-08-11,2.4705
2023-08-14,2.4711
2023-08-15,2.4712
2023-08-16,2.4714
2023-08-17,2.4736
2023-08-18,2.4738
2023-08-21,2.4734
2023-08-22,2.4736
2023-08-23,2.472
2023-08-24,2.4724
2023-08-25,2.4704
2023-08-28,2.471
2023-08-29,2.4738
2023-08-30,2.4743
2023-08-31,2.4739
2023-09-01,2.4747
2023-09-04,2.4755
2023-09-05,2.4749
2023-09-06,2.474
2023-09-07,2.47
2023-09-08,2.4687
2023-09-11,2.4683
2023-09-12,2.4684
2023-09-13,2.4678
2023-09-14,2.4678
2023-09-15,2.4684
2023-09-18,2.469
2023-09-19,2.4689
2023-09-20,2.4687
2023-09-21,2.4689
2023-09-22,2.47
2023-09-25,2.4697
2023-09-26,2.4697
2023-09-27,2.4701
2023-09-28,2.4717
2023-10-09,2.4726
2023-10-10,2.472
2023-10-11,2.4708
2023-10-12,2.4713
2023-10-13,2.4712
2023-10-16,2.4707
2023-10-17,2.4699
2023-10-18,2.4687
2023-10-19,2.4672
2023-10-20,2.4671
2023-10-23,2.4662
2023-10-24,2.468
2023-10-25,2.4703
2023-10-26,2.4708
2023-10-27,2.4724
2023-10-30,2.473
2023-10-31,2.4728
2023-11-01,2.4723
2023-11-02,2.4722
2023-11-03,2.4733
2023-11-06,2.4752
2023-11-07,2.4759
2023-11-08,2.4762
2023-11-09,2.4762
2023-11-10,2.4761
2023-11-13,2.4766
2023-11-14,2.4772
2023-11-15,2.4782
2023-11-16,2.4775
2023-11-17,2.4779
2023-11-20,2.4792
2023-11-21,2.4781
2023-11-22,2.4758
2023-11-23,2.4754
2023-11-24,2.4743
2023-11-27,2.475
2023-11-28,2.4759
2023-11-29,2.4754
2023-11-30,2.475
2023-12-01,2.4757
2023-12-04,2.4759
2023-12-05,2.4745
2023-12-06,2.4748
2023-12-07,2.4751
2023-12-08,2.4753
2023-12-11,2.4763
2023-12-12,2.4766
2023-12-13,2.4764
2023-12-14,2.4768
2023-12-15,2.4769
2023-12-18,2.4762
2023-12-19,2.4757
2023-12-20,2.4755
2023-12-21,2.4763
2023-12-22,2.4764
2023-12-25,2.4766
2023-12-26,2.4755
2023-12-27,2.4774
2023-12-28,2.4803
2023-12-29,2.4826
2023-12-31,2.4827
2024-01-02,2.4832
2024-01-03,2.4814
2024-01-04,2.4816
2024-01-05,2.4813
2024-01-08,2.4799
2024-01-09,2.4811
2024-01-10,2.4805
2024-01-11,2.4815
2024-01-12,2.4818
2024-01-15,2.4816
2024-01-16,2.4808
2024-01-17,2.4791
2024-01-18,2.4786
2024-01-19,2.4788
2024-01-22,2.4767
2024-01-23,2.4769
2024-01-24,2.477
2024-01-25,2.4797
2024-01-26,2.4801
2024-01-29,2.4794
2024-01-30,2.4792
2024-01-31,2.4787
2024-02-01,2.478
2024-02-02,2.4776
2024-02-05,2.4757
2024-02-06,2.4755
2024-02-07,2.4762
2024-02-08,2.4769
2024-02-19,2.4783
2024-02-20,2.4799
2024-02-21,2.482
2024-02-22,2.4837
2024-02-23,2.4841
2024-02-26,2.484
2024-02-27,2.4838
2024-02-28,2.4829
2024-02-29,2.4841
2024-03-01,2.4837
2024-03-04,2.4837
2024-03-05,2.4834
2024-03-06,2.4841
2024-03-07,2.4837
2024-03-08,2.4833
2024-03-11,2.4826
2024-03-12,2.4814
2024-03-13,2.4808
2024-03-14,2.4804
2024-03-15,2.4809
2024-03-18,2.4819
2024-03-19,2.4827
2024-03-20,2.483
2024-03-21,2.4835
2024-03-22,2.483
2024-03-25,2.4823
2024-03-26,2.4816
2024-03-27,2.4815
2024-03-28,2.4818
2024-03-29,2.4823
2024-04-01,2.4825
2024-04-02,2.4834
2024-04-03,2.485
2024-04-08,2.4856
2024-04-09,2.4869
2024-04-10,2.4873
2024-04-11,2.4886
2024-04-12,2.4898
2024-04-15,2.4898
2024-04-16,2.4891
2024-04-17,2.4912
2024-04-18,2.4924
2024-04-19,2.4929
2024-04-22,2.4922
2024-04-23,2.4921
2024-04-24,2.4908
2024-04-25,2.4918
2024-04-26,2.4906
2024-04-29,2.4892
2024-04-30,2.4923
2024-05-06,2.4944
2024-05-07,2.4964
2024-05-08,2.4967
2024-05-09,2.4975
2024-05-10,2.4979
2024-05-13,2.4984
2024-05-14,2.4988
2024-05-15,2.4986
2024-05-16,2.4981
2024-05-17,2.4984
2024-05-20,2.4997
2024-05-21,2.4997
2024-05-22,2.5001
2024-05-23,2.4995
2024-05-24,2.4994
2024-05-27,2.5004
2024-05-28,2.501
2024-05-29,2.5016
2024-05-30,2.501
2024-05-31,2.5009
2024-06-03,2.4996
2024-06-04,2.4999
2024-06-05,2.4997
2024-06-06,2.4995
2024-06-07,2.5001
2024-06-11,2.5002
2024-06-12,2.5012
2024-06-13,2.5009
2024-06-14,2.5011
2024-06-17,2.5007
2024-06-18,2.5012
2024-06-19,2.5016
2024-06-20,2.5014
2024-06-21,2.5007
2024-06-24,2.5003
2024-06-25,2.5011
2024-06-26,2.5019
2024-06-27,2.5025
2024-06-28,2.503
2024-06-30,2.5032
2024-07-01,2.5026
2024-07-02,2.5035
2024-07-03,2.5036
2024-07-04,2.5033
2024-07-05,2.5028
2024-07-08,2.5013
2024-07-09,2.5023
2024-07-10,2.5022
2024-07-11,2.5027
2024-07-12,2.503
2024-07-15,2.5032
2024-07-16,2.5033
2024-07-17,2.503
2024-07-18,2.503
2024-07-19,2.5032
2024-07-22,2.5044
2024-07-23,2.505
2024-07-24,2.505
2024-07-25,2.5055
2024-07-26,2.5063
2024-07-29,2.5068
2024-07-30,2.5073
2024-07-31,2.5082
2024-08-01,2.509
2024-08-02,2.5097
2024-08-05,2.51
2024-08-06,2.5095
2024-08-07,2.51
2024-08-08,2.5089
2024-08-09,2.5077
2024-08-12,2.5049
2024-08-13,2.5056
2024-08-14,2.5065
2024-08-15,2.5061
2024-08-16,2.5059
2024-08-19,2.5061
2024-08-20,2.5057
2024-08-21,2.5054
2024-08-22,2.5055
2024-08-23,2.5055
2024-08-26,2.5052
2024-08-27,2.5037
2024-08-28,2.5041
2024-08-29,2.5044
2024-08-30,2.5047
2024-09-02,2.506
2024-09-03,2.5068
2024-09-04,2.507
2024-09-05,2.5075
2024-09-06,2.5074
2024-09-09,2.5076
2024-09-10,2.5078
2024-09-11,2.5082
2024-09-12,2.5083
2024-09-13,2.5084
2024-09-18,2.5087
2024-09-19,2.5086
2024-09-20,2.5085
2024-09-23,2.5085
2024-09-24,2.5088
2024-09-25,2.5097
2024-09-26,2.5098
2024-09-27,2.5077
2024-09-30,2.5043
2024-10-08,2.5036
2024-10-09,2.4949
2024-10-10,2.4968
2024-10-11,2.4958
2024-10-14,2.5006
2024-10-15,2.5009
2024-10-16,2.5023
2024-10-17,2.5029
2024-10-18,2.5048
2024-10-21,2.5054
2024-10-22,2.5046
2024-10-23,2.5038
2024-10-24,2.5023
2024-10-25,2.5032
2024-10-28,2.504
2024-10-29,2.5027
2024-10-30,2.5022
2024-10-31,2.5026
2024-11-01,2.5032
2024-11-04,2.5044
2024-11-05,2.5058
2024-11-06,2.5062
2024-11-07,2.5087
2024-11-08,2.5076
2024-11-11,2.5097
2024-11-12,2.5093
2024-11-13,2.5093
2024-11-14,2.508
2024-11-15,2.5075
2024-11-18,2.5063
2024-11-19,2.5075
2024-11-20,2.5088
2024-11-21,2.5095
2024-11-22,2.5082
2024-11-25,2.509
2024-11-26,2.5089
2024-11-27,2.5101
2024-11-28,2.511
2024-11-29,2.5129
2024-12-02,2.5156
2024-12-03,2.5159
2024-12-04,2.5157
2024-12-05,2.5166
2024-12-06,2.5178
2024-12-09,2.5189
2024-12-10,2.5217
2024-12-11,2.5236
2024-12-12,2.5253
2024-12-13,2.5253
2024-12-16,2.5247
2024-12-17,2.5228
2024-12-18,2.5232
2024-12-19,2.5231
2024-12-20,2.5253
2024-12-23,2.5249
2024-12-24,2.5253
2024-12-25,2.524
2024-12-26,2.5246
2024-12-27,2.5257
2024-12-30,2.5261
2024-12-31,2.5258
2025-01-02,2.5263
2025-01-03,2.5268
2025-01-06,2.527
2025-01-07,2.5271
2025-01-08,2.5268
2025-01-09,2.5261
2025-01-10,2.526
2025-01-13,2.5247
2025-01-14,2.5269
2025-01-15,2.5273
2025-01-16,2.5266
2025-01-17,2.5264
2025-01-20,2.5262
2025-01-21,2.527
2025-01-22,2.5265
2025-01-23,2.5263
2025-01-24,2.5268
2025-01-27,2.5282
2025-02-05,2.5288
2025-02-06,2.5302
2025-02-07,2.5311
2025-02-10,2.5303
2025-02-11,2.5304
2025-02-12,2.5309
2025-02-13,2.5308
2025-02-14,2.5299
2025-02-17,2.5287
2025-02-18,2.5272
2025-02-19,2.5287
2025-02-20,2.5273
2025-02-21,2.5261
2025-02-24,2.5236
2025-02-25,2.5238
2025-02-26,2.5248
2025-02-27,2.5239
2025-02-28,2.5228
2025-03-03,2.5221
2025-03-04,2.5224
2025-03-05,2.5236
2025-03-06,2.5241
2025-03-07,2.5221
2025-03-10,2.5215
2025-03-11,2.5189
2025-03-12,2.5198
2025-03-13,2.5195
2025-03-14,2.5215
2025-03-17,2.5201
2025-03-18,2.5202
2025-03-19,2.5205
2025-03-20,2.5217
2025-03-21,2.5202
2025-03-24,2.5203
2025-03-25,2.5215
2025-03-26,2.5226
2025-03-27,2.5227
2025-03-28,2.5224
2025-03-31,2.5217
2025-04-01,2.5223
2025-04-02,2.5236
2025-04-03,2.5256
2025-04-07,2.5241
2025-04-08,2.5245
2025-04-09,2.5254
2025-04-10,2.5259
2025-04-11,2.526
2025-04-14,2.5263
2025-04-15,2.5257
2025-04-16,2.5256
2025-04-17,2.5256
2025-04-18,2.5255
2025-04-21,2.5251
2025-04-22,2.5259
2025-04-23,2.5254
2025-04-24,2.5246
2025-04-25,2.5249
2025-04-28,2.5248
2025-04-29,2.526
2025-04-30,2.5262
2025-05-06,2.527
2025-05-07,2.5268
2025-05-08,2.5289
2025-05-09,2.5289
2025-05-12,2.5288
2025-05-13,2.5298
2025-05-14,2.5294
2025-05-15,2.528
2025-05-16,2.5278
2025-05-19,2.529
2025-05-20,2.5296
2025-05-21,2.5303
2025-05-22,2.5299
2025-05-23,2.5289
2025-05-26,2.5285
2025-05-27,2.5273
2025-05-28,2.5272
2025-05-29,2.5285
2025-05-30,2.5285
2025-06-03,2.5291
2025-06-04,2.5304
2025-06-05,2.5311
2025-06-06,2.5316
2025-06-09,2.5332
2025-06-10,2.5325
2025-06-11,2.5335
2025-06-12,2.5336
2025-06-13,2.5323
2025-06-16,2.5335
2025-06-17,2.5335
2025-06-18,2.5339
2025-06-19,2.5327
2025-06-20,2.5327
2025-06-23,2.534
2025-06-24,2.5354
2025-06-25,2.5376
2025-06-26,2.5372
2025-06-27,2.5379
2025-06-30,2.5388
2025-07-01,2.5405
2025-07-02,2.5398
2025-07-03,2.5418
2025-07-04,2.5415
2025-07-07,2.5413
2025-07-08,2.5427
2025-07-09,2.542
2025-07-10,2.5418
2025-07-11,2.5421
2025-07-14,2.5411
2025-07-15,2.5402
2025-07-16,2.5406
2025-07-17,2.543
2025-07-18,2.5437
2025-07-21,2.5456
2025-07-22,2.547
2025-07-23,2.5469
2025-07-24,2.5472
2025-07-25,2.5475
2025-07-28,2.5469
2025-07-29,2.5463
2025-07-30,2.5457
2025-07-31,2.5434
2025-08-01,2.5444
2025-08-04,2.5472
2025-08-05,2.5503
2025-08-06,2.5525
2025-08-07,2.5517
2025-08-08,2.5519
2025-08-11,2.5533
2025-08-12,2.552
2025-08-13,2.5549
2025-08-14,2.5525
2025-08-15,2.5571
2025-08-18,2.5616
2025-08-19,2.5648
2025-08-20,2.5662
2025-08-21,2.5684
2025-08-22,2.5739
2025-08-25,2.5777
2025-08-26,2.5779
2025-08-27,2.5668
2025-08-28,2.5658
2025-08-29,2.5686
2025-09-01,2.5679
2025-09-02,2.5631
2025-09-03,2.5651
2025-09-04,2.5632
2025-09-05,2.5704
2025-09-08,2.5716
2025-09-09,2.5676
2025-09-10,2.5647
2025-09-11,2.5695
2025-09-12,2.5723
2025-09-15,2.5689
2025-09-16,2.5702
2025-09-17,2.5719
2025-09-18,2.5675
2025-09-19,2.5655
2025-09-22,2.5652
2025-09-23,2.5635
2025-09-24,2.571
2025-09-25,2.5758
2025-09-26,2.5749
2025-09-29,2.5815
2025-09-30,2.5922
2025-10-09,2.598
2025-10-10,2.5927
2025-10-13,2.5898
2025-10-14,2.5828
2025-10-15,2.5879
2025-10-16,2.5836
2025-10-17,2.5772
2025-10-20,2.5782
2025-10-21,2.5846
2025-10-22,2.5822
2025-10-23,2.5826
2025-10-24,2.5872
2025-10-27,2.5896
2025-10-28,2.5904
2025-10-29,2.5966
2025-10-30,2.5924
2025-10-31,2.5922
2025-11-03,2.5921
2025-11-04,2.5878
2025-11-05,2.592
2025-11-06,2.5961
2025-11-07,2.5941
2025-11-10,2.5949
2025-11-11,2.5942
2025-11-12,2.5918
2025-11-13,2.5954
2025-11-14,2.5918
2025-11-17,2.5927
2025-11-18,2.5909
2025-11-19,2.5917
2025-11-20,2.5901
2025-11-21,2.5866
2025-11-24,2.5878
2025-11-25,2.5881
2025-11-26,2.5852
2025-11-27,2.5831
2025-11-28,2.5855
2025-12-01,2.5862
2025-12-02,2.5831
2025-12-03,2.5823
2025-12-04,2.581
2025-12-05,2.5867
2025-12-08,2.5888
2025-12-09,2.5865
2025-12-10,2.5881
2025-12-11,2.5882
2025-12-12,2.5918
2025-12-15,2.5905
2025-12-16,2.5862
2025-12-17,2.5905
2025-12-18,2.5896
2025-12-19,2.591
2025-12-22,2.5932
2025-12-23,2.5931
2025-12-24,2.5965
2025-12-25,2.6006
2025-12-26,2.6001
2025-12-29,2.5991
2025-12-30,2.5991
2025-12-31,2.5994
2026-01-05,2.6043
2026-01-06,2.6079
2026-01-07,2.6087
2026-01-08,2.6107
2026-01-09,2.6142
2026-01-12,2.6187
2026-01-13,2.6162
2026-01-14,2.615
2026-01-15,2.6155
2026-01-16,2.6169
2026-01-19,2.6183
2026-01-20,2.6156
2026-01-21,2.6179
2026-01-22,2.621
2026-01-23,2.6265
2026-01-26,2.6211
2026-01-27,2.6226
2026-01-28,2.6243
2026-01-29,2.6222
2026-01-30,2.6151
2026-02-02,2.6077
2026-02-03,2.6177
2026-02-04,2.6172
2026-02-05,2.6131
2026-02-06,2.6158
2026-02-09,2.6192
2026-02-10,2.6195
2026-02-11,2.6203
2026-02-12,2.6208
2026-02-13,2.6187
2026-02-24,2.6212
2026-02-25,2.6219
2026-02-26,2.6191
2026-02-27,2.621
2026-03-02,2.6229
2026-03-03,2.6141
2026-03-04,2.6126
2026-03-05,2.6121
2026-03-06,2.6146
2026-03-09,2.6131
2026-03-10,2.6192
2026-03-11,2.6186
2026-03-12,2.6116
2026-03-13,2.6035
2026-03-16,2.6019
2026-03-17,2.5955
2026-03-18,2.6025
2026-03-19,2.5954
2026-03-20,2.5927
2026-03-23,2.5905
2026-03-24,2.5942
2026-03-25,2.5956
2026-03-26,2.5927
2026-03-27,2.5948
2026-03-30,2.5934
2026-03-31,2.5913
2026-04-01,2.5944
2026-04-02,2.5927
2026-04-03,2.593
2026-04-07,2.5943
2026-04-08,2.5998
2026-04-09,2.6003
2026-04-10,2.6011
2026-04-13,2.6004
2026-04-14,2.606
2026-04-15,2.6072
2026-04-16,2.6163
2026-04-17,2.6183
2026-04-20,2.6198
2026-04-21,2.619
2026-04-22,2.6229
2026-04-23,2.6196
2026-04-24,2.6173
2026-04-27,2.6196
2026-04-28,2.6172
2026-04-29,2.6208
2026-04-30,2.6218
2026-05-06,2.6271
2026-05-07,2.6312
2026-05-08,2.6324
2026-05-11,2.6344
2026-05-12,2.6288
2026-05-13,2.634
2026-05-14,2.6287
2026-05-15,2.6268
2026-05-18,2.6269
2026-05-19,2.632
2026-05-20,2.6313
2026-05-21,2.626
2026-05-22,2.63
2026-05-25,2.6336
2026-05-26,2.6337
2026-05-27,2.6296
2026-05-28,2.6348
2026-05-29,2.6292
2026-06-01,2.6291
2026-06-02,2.6295
2026-06-03,2.6293
2026-06-04,2.6309
2026-06-05,2.6284
2026-06-08,2.6246
2026-06-09,2.6306
2026-06-10,2.6268
2026-06-11,2.6284
2026-06-12,2.6297
2026-06-15,2.6355
2026-06-16,2.6381
2026-06-17,2.637
2026-06-18,2.6362
2026-06-22,2.6351
2026-06-23,2.6308
2026-06-24,2.6326
2026-06-25,2.6323
2026-06-26,2.6283
2026-06-29,2.6281
2026-06-30,2.634
2026-07-01,2.6384
2026-07-02,2.6363
2026-07-03,2.6341
2026-07-06,2.634
2026-07-07,2.6305
2026-07-08,2.6251
2026-07-09,2.6292
2026-07-10,2.6248
2026-07-13,2.6185
2026-07-14,2.6223
2026-07-15,2.6179
2026-07-16,2.6129
2026-07-17,2.605
2026-07-20,2.6009
2026-07-21,2.6084
2026-07-22,2.6055
2026-07-23,2.6071
2026-07-24,2.6051
2026-07-27,2.6111
2026-07-28,2.6046
2026-07-29,2.6073
2026-07-30,2.6031
2026-07-31,2.6083
2026-08-03,2.6061
2026-08-04,2.6114
2026-08-05,2.6148
2026-08-06,2.6149
2026-08-07,2.6184
2026-08-10,2.6183
2026-08-11,2.6171
2026-08-12,2.6177
2026-08-13,2.6158
2026-08-14,2.6151
2026-08-17,2.6204
2026-08-18,2.6205
2026-08-19,2.6128
2026-08-20,2.612
2026-08-21,2.6122
2026-08-24,2.6101
2026-08-25,2.6103
2026-08-26,2.6108
2026-08-27,2.6132
2026-08-28,2.6117
