净值日期,累计净值
2003-04-28,1.0
2003-05-30,1.0033
2003-06-02,1.0034
2003-06-03,1.0031
2003-06-04,1.0026
2003-06-05,1.0025
2003-06-06,1.0027
2003-06-09,1.0018
2003-06-10,1.0025
2003-06-11,1.0029
2003-06-12,1.003
2003-06-13,1.0029
2003-06-16,1.0019
2003-06-17,1.0012
2003-06-18,1.0016
2003-06-19,1.0013
2003-06-20,1.0014
2003-06-23,1.0008
2003-06-24,1.0008
2003-06-25,0.9999
2003-06-26,0.9995
2003-06-27,0.9998
2003-06-30,1.0003
2003-07-01,1.0011
2003-07-02,1.0017
2003-07-03,1.0019
2003-07-04,1.0023
2003-07-07,1.0023
2003-07-08,1.0028
2003-07-09,1.0027
2003-07-10,1.0026
2003-07-11,1.0027
2003-07-14,1.0028
2003-07-15,1.0028
2003-07-16,1.003
2003-07-17,1.003
2003-07-18,1.0029
2003-07-21,1.0027
2003-07-22,1.0027
2003-07-23,1.0029
2003-07-24,1.0029
2003-07-25,1.0031
2003-07-28,1.0029
2003-07-29,1.003
2003-07-30,1.003
2003-07-31,1.0032
2003-08-01,1.0037
2003-08-04,1.0038
2003-08-05,1.0037
2003-08-06,1.0037
2003-08-07,1.0039
2003-08-08,1.004
2003-08-11,1.0037
2003-08-12,1.0039
2003-08-13,1.0033
2003-08-14,1.0034
2003-08-15,1.0032
2003-08-18,1.0037
2003-08-19,1.0038
2003-08-20,1.0038
2003-08-21,1.0031
2003-08-22,1.0019
2003-08-25,1.0005
2003-08-26,0.9997
2003-08-27,1.0
2003-08-28,0.9999
2003-08-29,1.0004
2003-09-01,1.0005
2003-09-02,1.0006
2003-09-03,1.0009
2003-09-04,1.0
2003-09-05,0.9998
2003-09-08,0.9999
2003-09-09,0.9997
2003-09-10,0.9997
2003-09-11,0.9997
2003-09-12,0.9997
2003-09-15,0.9989
2003-09-16,0.9983
2003-09-17,0.998
2003-09-18,0.998
2003-09-19,0.9984
2003-09-22,0.9974
2003-09-23,0.9947
2003-09-24,0.9928
2003-09-25,0.9915
2003-09-26,0.991
2003-09-29,0.991
2003-09-30,0.9913
2003-10-08,0.9904
2003-10-09,0.9902
2003-10-10,0.9887
2003-10-13,0.9867
2003-10-14,0.9878
2003-10-15,0.9861
2003-10-16,0.9852
2003-10-17,0.9839
2003-10-20,0.9823
2003-10-21,0.9841
2003-10-22,0.986
2003-10-23,0.9863
2003-10-24,0.9862
2003-10-27,0.9849
2003-10-28,0.985
2003-10-29,0.9857
2003-10-30,0.9859
2003-10-31,0.9861
2003-11-03,0.987
2003-11-04,0.99
2003-11-05,0.9907
2003-11-06,0.9905
2003-11-07,0.9904
2003-11-10,0.991
2003-11-11,0.9902
2003-11-12,0.9895
2003-11-13,0.9891
2003-11-14,0.9896
2003-11-17,0.9893
2003-11-18,0.9888
2003-11-19,0.9892
2003-11-20,0.9894
2003-11-21,0.9898
2003-11-24,0.9902
2003-11-25,0.9903
2003-11-26,0.9913
2003-11-27,0.991
2003-11-28,0.9915
2003-12-01,0.9921
2003-12-02,0.993
2003-12-03,0.9936
2003-12-04,0.9943
2003-12-05,0.9936
2003-12-08,0.9934
2003-12-09,0.9946
2003-12-10,0.9958
2003-12-11,0.9972
2003-12-12,0.997
2003-12-15,0.9991
2003-12-16,0.9997
2003-12-17,1.0
2003-12-18,1.0028
2003-12-19,1.007
2003-12-22,1.0096
2003-12-23,1.012
2003-12-24,1.0128
2003-12-25,1.0152
2003-12-26,1.0137
2003-12-29,1.0122
2003-12-30,1.0132
2003-12-31,1.0116
2004-01-02,1.0131
2004-01-05,1.017
2004-01-06,1.0174
2004-01-07,1.0188
2004-01-08,1.0188
2004-01-09,1.0163
2004-01-12,1.0177
2004-01-13,1.0171
2004-01-14,1.0159
2004-01-15,1.0149
2004-01-16,1.0176
2004-01-29,1.0181
2004-01-30,1.0138
2004-02-02,1.0182
2004-02-03,1.0207
2004-02-04,1.0268
2004-02-05,1.0264
2004-02-06,1.0267
2004-02-09,1.0281
2004-02-10,1.0294
2004-02-11,1.0278
2004-02-12,1.027
2004-02-13,1.0283
2004-02-16,1.0328
2004-02-17,1.0334
2004-02-18,1.0367
2004-02-19,1.0373
2004-02-20,1.037
2004-02-23,1.0323
2004-02-24,1.03
2004-02-25,1.0257
2004-02-26,1.0271
2004-02-27,1.03
2004-03-01,1.0308
2004-03-02,1.0315
2004-03-03,1.0292
2004-03-04,1.0295
2004-03-05,1.0289
2004-03-08,1.0283
2004-03-09,1.0279
2004-03-10,1.0302
2004-03-11,1.0327
2004-03-12,1.0366
2004-03-15,1.0382
2004-03-16,1.0379
2004-03-17,1.0384
2004-03-18,1.0351
2004-03-19,1.0361
2004-03-22,1.0354
2004-03-23,1.0331
2004-03-24,1.032
2004-03-25,1.0336
2004-03-26,1.0343
2004-03-29,1.0334
2004-03-30,1.0325
2004-03-31,1.034
2004-04-01,1.0364
2004-04-02,1.0422
2004-04-05,1.0473
2004-04-06,1.0511
2004-04-07,1.0535
2004-04-08,1.055
2004-04-09,1.048
2004-04-12,1.0454
2004-04-13,1.0453
2004-04-14,1.0384
2004-04-15,1.0363
2004-04-16,1.0366
2004-04-19,1.0352
2004-04-20,1.0359
2004-04-21,1.0341
2004-04-22,1.0321
2004-04-23,1.0306
2004-04-26,1.0313
2004-04-27,1.0344
2004-04-28,1.0323
2004-04-29,1.0225
2004-04-30,1.0263
2004-05-10,1.023
2004-05-11,1.0213
2004-05-12,1.0239
2004-05-13,1.024
2004-05-14,1.0217
2004-05-17,1.0221
2004-05-18,1.0222
2004-05-19,1.0245
2004-05-20,1.0235
2004-05-21,1.0251
2004-05-24,1.026
2004-05-25,1.0256
2004-05-26,1.0254
2004-05-27,1.0265
2004-05-28,1.0274
2004-05-31,1.0279
2004-06-01,1.0308
2004-06-02,1.03
2004-06-03,1.029
2004-06-04,1.0292
2004-06-07,1.0272
2004-06-08,1.0266
2004-06-09,1.0231
2004-06-10,1.0225
2004-06-11,1.0225
2004-06-14,1.0229
2004-06-15,1.0231
2004-06-16,1.0243
2004-06-17,1.0203
2004-06-18,1.0186
2004-06-21,1.0174
2004-06-22,1.0186
2004-06-23,1.0187
2004-06-24,1.018
2004-06-25,1.0172
2004-06-28,1.0161
2004-06-29,1.0171
2004-06-30,1.0176
2004-07-01,1.0174
2004-07-02,1.0181
2004-07-05,1.018
2004-07-06,1.0196
2004-07-07,1.0195
2004-07-08,1.0192
2004-07-09,1.0189
2004-07-12,1.0184
2004-07-13,1.0184
2004-07-14,1.0193
2004-07-15,1.0203
2004-07-16,1.0219
2004-07-19,1.0213
2004-07-20,1.0205
2004-07-21,1.0203
2004-07-22,1.0183
2004-07-23,1.0185
2004-07-26,1.0189
2004-07-27,1.0179
2004-07-28,1.0178
2004-07-29,1.0194
2004-07-30,1.0184
2004-08-02,1.0178
2004-08-03,1.0176
2004-08-04,1.0193
2004-08-05,1.0179
2004-08-06,1.0191
2004-08-09,1.0198
2004-08-10,1.02
2004-08-11,1.0203
2004-08-12,1.0197
2004-08-13,1.0205
2004-08-16,1.0203
2004-08-17,1.0193
2004-08-18,1.0196
2004-08-19,1.0199
2004-08-20,1.0195
2004-08-23,1.0195
2004-08-24,1.0187
2004-08-25,1.0184
2004-08-26,1.0173
2004-08-27,1.0168
2004-08-30,1.0163
2004-08-31,1.0169
2004-09-01,1.0169
2004-09-02,1.015
2004-09-03,1.0118
2004-09-06,1.0122
2004-09-07,1.0123
2004-09-08,1.0124
2004-09-09,1.012
2004-09-10,1.014
2004-09-13,1.0102
2004-09-14,1.0108
2004-09-15,1.0142
2004-09-16,1.0151
2004-09-17,1.0172
2004-09-20,1.0215
2004-09-21,1.0197
2004-09-22,1.019
2004-09-23,1.0203
2004-09-24,1.0253
2004-09-27,1.0237
2004-09-28,1.0255
2004-09-29,1.0261
2004-09-30,1.0273
2004-10-08,1.0276
2004-10-11,1.0295
2004-10-12,1.0287
2004-10-13,1.0284
2004-10-14,1.0252
2004-10-15,1.0259
2004-10-18,1.0276
2004-10-19,1.028
2004-10-20,1.026
2004-10-21,1.0273
2004-10-22,1.0278
2004-10-25,1.0294
2004-10-26,1.0277
2004-10-27,1.0268
2004-10-28,1.0278
2004-10-29,1.0234
2004-11-01,1.0214
2004-11-02,1.0232
2004-11-03,1.0228
2004-11-04,1.0226
2004-11-05,1.0206
2004-11-08,1.02
2004-11-09,1.0203
2004-11-10,1.0214
2004-11-11,1.0214
2004-11-12,1.0209
2004-11-15,1.0221
2004-11-16,1.0243
2004-11-17,1.0231
2004-11-18,1.0228
2004-11-19,1.0225
2004-11-22,1.0231
2004-11-23,1.0227
2004-11-24,1.0234
2004-11-25,1.0238
2004-11-26,1.0238
2004-11-29,1.0239
2004-11-30,1.0246
2004-12-01,1.0244
2004-12-02,1.0232
2004-12-03,1.0231
2004-12-06,1.0237
2004-12-07,1.0228
2004-12-08,1.0233
2004-12-09,1.0216
2004-12-10,1.0213
2004-12-13,1.0205
2004-12-14,1.0202
2004-12-15,1.0198
2004-12-16,1.0181
2004-12-17,1.0179
2004-12-20,1.0155
2004-12-21,1.0146
2004-12-22,1.0143
2004-12-23,1.0127
2004-12-24,1.0115
2004-12-27,1.0118
2004-12-28,1.0126
2004-12-29,1.0137
2004-12-30,1.015
2004-12-31,1.0163
2005-01-04,1.0141
2005-01-05,1.0153
2005-01-06,1.0161
2005-01-07,1.0143
2005-01-10,1.0152
2005-01-11,1.0156
2005-01-12,1.0159
2005-01-13,1.0167
2005-01-14,1.0183
2005-01-17,1.0182
2005-01-18,1.0179
2005-01-19,1.0177
2005-01-20,1.0159
2005-01-21,1.0176
2005-01-24,1.0197
2005-01-25,1.0215
2005-01-26,1.0236
2005-01-27,1.0219
2005-01-28,1.0222
2005-01-31,1.0247
2005-02-01,1.0255
2005-02-02,1.0283
2005-02-03,1.0299
2005-02-04,1.0332
2005-02-16,1.0359
2005-02-17,1.0361
2005-02-18,1.0359
2005-02-21,1.0366
2005-02-22,1.0374
2005-02-23,1.0387
2005-02-24,1.0384
2005-02-25,1.0428
2005-02-28,1.0437
2005-03-01,1.0446
2005-03-02,1.0416
2005-03-03,1.0408
2005-03-04,1.0422
2005-03-07,1.0418
2005-03-08,1.0454
2005-03-09,1.0472
2005-03-10,1.0441
2005-03-11,1.0467
2005-03-14,1.0486
2005-03-15,1.0476
2005-03-16,1.0457
2005-03-17,1.0426
2005-03-18,1.041
2005-03-21,1.0405
2005-03-22,1.0409
2005-03-23,1.0408
2005-03-24,1.0409
2005-03-25,1.0413
2005-03-28,1.0417
2005-03-29,1.0396
2005-03-30,1.039
2005-03-31,1.0399
2005-04-01,1.0425
2005-04-04,1.0428
2005-04-05,1.0435
2005-04-06,1.0475
2005-04-07,1.0511
2005-04-08,1.0525
2005-04-11,1.0532
2005-04-12,1.0533
2005-04-13,1.0561
2005-04-14,1.0568
2005-04-15,1.056
2005-04-18,1.0541
2005-04-19,1.0505
2005-04-20,1.0527
2005-04-21,1.0517
2005-04-22,1.0534
2005-04-25,1.0545
2005-04-26,1.0552
2005-04-27,1.0543
2005-04-28,1.0565
2005-04-29,1.0552
2005-05-09,1.0566
2005-05-10,1.0599
2005-05-11,1.0615
2005-05-12,1.0598
2005-05-13,1.0575
2005-05-16,1.0524
2005-05-17,1.0539
2005-05-18,1.0517
2005-05-19,1.0537
2005-05-20,1.0503
2005-05-23,1.0456
2005-05-24,1.0467
2005-05-25,1.0459
2005-05-26,1.0453
2005-05-27,1.0429
2005-05-30,1.0431
2005-05-31,1.0419
2005-06-01,1.0435
2005-06-02,1.0394
2005-06-03,1.0345
2005-06-06,1.0376
2005-06-07,1.0413
2005-06-08,1.0494
2005-06-09,1.0499
2005-06-10,1.0483
2005-06-13,1.0476
2005-06-14,1.0481
2005-06-15,1.0489
2005-06-16,1.0501
2005-06-17,1.0512
2005-06-20,1.0563
2005-06-21,1.0593
2005-06-22,1.0586
2005-06-23,1.0584
2005-06-24,1.0592
2005-06-27,1.0615
2005-06-28,1.0594
2005-06-29,1.0585
2005-06-30,1.0571
2005-07-01,1.0551
2005-07-04,1.0545
2005-07-05,1.0557
2005-07-06,1.0565
2005-07-07,1.0587
2005-07-08,1.0584
2005-07-11,1.0596
2005-07-12,1.061
2005-07-13,1.0629
2005-07-14,1.0644
2005-07-15,1.0658
2005-07-18,1.0654
2005-07-19,1.061
2005-07-20,1.0629
2005-07-21,1.0622
2005-07-22,1.0643
2005-07-25,1.0673
2005-07-26,1.0696
2005-07-27,1.0712
2005-07-28,1.0749
2005-07-29,1.0759
2005-08-01,1.0757
2005-08-02,1.0764
2005-08-03,1.0824
2005-08-04,1.0811
2005-08-05,1.0848
2005-08-08,1.086
2005-08-09,1.0881
2005-08-10,1.088
2005-08-11,1.087
2005-08-12,1.0852
2005-08-15,1.085
2005-08-16,1.0833
2005-08-17,1.0831
2005-08-18,1.0813
2005-08-19,1.0818
2005-08-22,1.0831
2005-08-23,1.0844
2005-08-24,1.0839
2005-08-25,1.0841
2005-08-26,1.0832
2005-08-29,1.0817
2005-08-30,1.0813
2005-08-31,1.0839
2005-09-01,1.0854
2005-09-02,1.0846
2005-09-05,1.0859
2005-09-06,1.0873
2005-09-07,1.0895
2005-09-08,1.0889
2005-09-09,1.0938
2005-09-12,1.0974
2005-09-13,1.0979
2005-09-14,1.0984
2005-09-15,1.0993
2005-09-16,1.0992
2005-09-19,1.0986
2005-09-20,1.0986
2005-09-21,1.0981
2005-09-22,1.0947
2005-09-23,1.0943
2005-09-26,1.0947
2005-09-27,1.0944
2005-09-28,1.0951
2005-09-29,1.0953
2005-09-30,1.0969
2005-10-10,1.0956
2005-10-11,1.0952
2005-10-12,1.0948
2005-10-13,1.0961
2005-10-14,1.0957
2005-10-17,1.095
2005-10-18,1.095
2005-10-19,1.0952
2005-10-20,1.0941
2005-10-21,1.0926
2005-10-24,1.092
2005-10-25,1.0924
2005-10-26,1.0914
2005-10-27,1.09
2005-10-28,1.0876
2005-10-31,1.087
2005-11-01,1.0877
2005-11-02,1.0887
2005-11-03,1.0887
2005-11-04,1.0879
2005-11-07,1.0869
2005-11-08,1.085
2005-11-09,1.0847
2005-11-10,1.0859
2005-11-11,1.0855
2005-11-14,1.0865
2005-11-15,1.0864
2005-11-16,1.0865
2005-11-17,1.0853
2005-11-18,1.0851
2005-11-21,1.0845
2005-11-22,1.0854
2005-11-23,1.0873
2005-11-24,1.0874
2005-11-25,1.0872
2005-11-28,1.0902
2005-11-29,1.0901
2005-11-30,1.0908
2005-12-01,1.0905
2005-12-02,1.0916
2005-12-05,1.0925
2005-12-06,1.0935
2005-12-07,1.0944
2005-12-08,1.0951
2005-12-09,1.0951
2005-12-12,1.096
2005-12-13,1.0968
2005-12-14,1.0967
2005-12-15,1.0976
2005-12-16,1.0983
2005-12-19,1.099
2005-12-20,1.0985
2005-12-21,1.0979
2005-12-22,1.0986
2005-12-23,1.0997
2005-12-26,1.1007
2005-12-27,1.1008
2005-12-28,1.1018
2005-12-29,1.103
2005-12-30,1.1027
2005-12-31,1.1028
2006-01-04,1.1045
2006-01-05,1.1066
2006-01-06,1.1091
2006-01-09,1.1098
2006-01-10,1.1103
2006-01-11,1.112
2006-01-12,1.1127
2006-01-13,1.1145
2006-01-16,1.1113
2006-01-17,1.1112
2006-01-18,1.1179
2006-01-19,1.1182
2006-01-20,1.126
2006-01-23,1.1285
2006-01-24,1.1282
2006-01-25,1.1295
2006-02-06,1.1299
2006-02-07,1.1289
2006-02-08,1.1287
2006-02-09,1.1271
2006-02-10,1.1283
2006-02-13,1.125
2006-02-14,1.1236
2006-02-15,1.1252
2006-02-16,1.1218
2006-02-17,1.1231
2006-02-20,1.1226
2006-02-21,1.1226
2006-02-22,1.1229
2006-02-23,1.1229
2006-02-24,1.123
2006-02-27,1.1237
2006-02-28,1.1238
2006-03-01,1.1241
2006-03-02,1.1216
2006-03-03,1.1215
2006-03-06,1.1208
2006-03-07,1.1222
2006-03-08,1.1217
2006-03-09,1.1217
2006-03-10,1.1222
2006-03-13,1.1221
2006-03-14,1.1215
2006-03-15,1.1214
2006-03-16,1.1214
2006-03-17,1.1214
2006-03-20,1.1216
2006-03-21,1.1214
2006-03-22,1.1206
2006-03-23,1.121
2006-03-24,1.121
2006-03-27,1.1214
2006-03-28,1.1212
2006-03-29,1.1213
2006-03-30,1.1211
2006-03-31,1.1214
2006-04-03,1.1214
2006-04-04,1.1215
2006-04-05,1.1216
2006-04-06,1.1219
2006-04-07,1.1222
2006-04-10,1.1223
2006-04-11,1.1224
2006-04-12,1.1223
2006-04-13,1.1224
2006-04-14,1.1223
2006-04-17,1.1222
2006-04-18,1.1225
2006-04-19,1.1225
2006-04-20,1.1227
2006-04-21,1.1229
2006-04-24,1.1229
2006-04-25,1.1229
2006-04-26,1.1231
2006-04-27,1.1233
2006-04-28,1.1239
2006-05-08,1.1251
2006-05-09,1.1263
2006-05-10,1.1271
2006-05-11,1.1272
2006-05-12,1.1286
2006-05-15,1.1323
2006-05-16,1.1293
2006-05-17,1.1302
2006-05-18,1.1294
2006-05-19,1.1309
2006-05-22,1.1315
2006-05-23,1.1294
2006-05-24,1.1286
2006-05-25,1.1278
2006-05-26,1.1281
2006-05-29,1.1312
2006-05-30,1.1324
2006-05-31,1.1324
2006-06-01,1.1366
2006-06-02,1.1369
2006-06-05,1.1366
2006-06-06,1.1365
2006-06-07,1.1333
2006-06-08,1.133
2006-06-09,1.1326
2006-06-12,1.1329
2006-06-13,1.1321
2006-06-14,1.1325
2006-06-15,1.1326
2006-06-16,1.133
2006-06-19,1.1335
2006-06-20,1.1348
2006-06-21,1.1341
2006-06-22,1.1335
2006-06-23,1.1345
2006-06-26,1.1351
2006-06-27,1.1347
2006-06-28,1.135
2006-06-29,1.135
2006-06-30,1.1353
2006-07-03,1.1356
2006-07-04,1.1354
2006-07-05,1.1348
2006-07-06,1.1353
2006-07-07,1.136
2006-07-10,1.136
2006-07-11,1.1361
2006-07-12,1.137
2006-07-13,1.136
2006-07-14,1.1359
2006-07-17,1.1357
2006-07-18,1.1355
2006-07-19,1.1343
2006-07-20,1.135
2006-07-21,1.135
2006-07-24,1.1355
2006-07-25,1.1359
2006-07-26,1.1356
2006-07-27,1.1359
2006-07-28,1.1356
2006-07-31,1.1319
2006-08-01,1.1314
2006-08-02,1.1303
2006-08-03,1.1302
2006-08-04,1.1298
2006-08-07,1.1294
2006-08-08,1.1295
2006-08-09,1.1294
2006-08-10,1.1295
2006-08-11,1.1296
2006-08-14,1.1299
2006-08-15,1.1298
2006-08-16,1.1301
2006-08-17,1.1301
2006-08-18,1.1301
2006-08-21,1.1301
2006-08-22,1.1304
2006-08-23,1.1304
2006-08-24,1.1307
2006-08-25,1.1309
2006-08-28,1.1313
2006-08-29,1.1315
2006-08-30,1.1312
2006-08-31,1.1311
2006-09-01,1.1315
2006-09-04,1.1323
2006-09-05,1.1322
2006-09-06,1.1325
2006-09-07,1.1326
2006-09-08,1.1324
2006-09-11,1.1325
2006-09-12,1.1327
2006-09-13,1.1329
2006-09-14,1.1329
2006-09-15,1.1328
2006-09-18,1.1335
2006-09-19,1.1336
2006-09-20,1.1337
2006-09-21,1.1337
2006-09-22,1.1335
2006-09-25,1.1335
2006-09-26,1.1332
2006-09-27,1.1338
2006-09-28,1.1336
2006-09-29,1.1342
2006-09-30,1.1342
2006-10-09,1.1351
2006-10-10,1.1351
2006-10-11,1.1355
2006-10-12,1.136
2006-10-13,1.1361
2006-10-16,1.1363
2006-10-17,1.1356
2006-10-18,1.1359
2006-10-19,1.1359
2006-10-20,1.1352
2006-10-23,1.1358
2006-10-24,1.136
2006-10-25,1.1363
2006-10-26,1.136
2006-10-27,1.1362
2006-10-30,1.1368
2006-10-31,1.1368
2006-11-01,1.1374
2006-11-02,1.1409
2006-11-03,1.142
2006-11-06,1.1455
2006-11-07,1.145
2006-11-08,1.1435
2006-11-09,1.1432
2006-11-10,1.1427
2006-11-13,1.1415
2006-11-14,1.1419
2006-11-15,1.1415
2006-11-16,1.1397
2006-11-17,1.1401
2006-11-20,1.14
2006-11-21,1.1391
2006-11-22,1.1406
2006-11-23,1.1408
2006-11-24,1.1415
2006-11-27,1.1418
2006-11-28,1.1417
2006-11-29,1.1416
2006-11-30,1.1455
2006-12-01,1.1449
2006-12-04,1.1481
2006-12-05,1.1456
2006-12-06,1.145
2006-12-07,1.1486
2006-12-08,1.1457
2006-12-11,1.1461
2006-12-12,1.1451
2006-12-13,1.1459
2006-12-14,1.1472
2006-12-15,1.1487
2006-12-18,1.1501
2006-12-19,1.1517
2006-12-20,1.1539
2006-12-21,1.1543
2006-12-22,1.1538
2006-12-25,1.1555
2006-12-26,1.1549
2006-12-27,1.1517
2006-12-28,1.1499
2006-12-29,1.1524
2006-12-31,1.1525
2007-01-04,1.1577
2007-01-05,1.1686
2007-01-08,1.1757
2007-01-09,1.1805
2007-01-10,1.184
2007-01-11,1.1882
2007-01-12,1.1814
2007-01-15,1.1838
2007-01-16,1.1875
2007-01-17,1.1921
2007-01-18,1.1911
2007-01-19,1.1938
2007-01-22,1.2054
2007-01-23,1.2079
2007-01-24,1.216
2007-01-25,1.2109
2007-01-26,1.2164
2007-01-29,1.2225
2007-01-30,1.2213
2007-01-31,1.2134
2007-02-01,1.2137
2007-02-02,1.2087
2007-02-05,1.208
2007-02-06,1.211
2007-02-07,1.2175
2007-02-08,1.2289
2007-02-09,1.2384
2007-02-12,1.2488
2007-02-13,1.2511
2007-02-14,1.2633
2007-02-15,1.2726
2007-02-16,1.2747
2007-02-26,1.2803
2007-02-27,1.265
2007-02-28,1.2686
2007-03-01,1.2605
2007-03-02,1.2657
2007-03-05,1.2618
2007-03-06,1.2644
2007-03-07,1.2689
2007-03-08,1.2699
2007-03-09,1.2674
2007-03-12,1.2812
2007-03-13,1.2819
2007-03-14,1.2828
2007-03-15,1.289
2007-03-16,1.2839
2007-03-19,1.2812
2007-03-20,1.2829
2007-03-21,1.2822
2007-03-22,1.2845
2007-03-23,1.2861
2007-03-26,1.2926
2007-03-27,1.2949
2007-03-28,1.2944
2007-03-29,1.2936
2007-03-30,1.2918
2007-03-31,1.2918
2007-04-02,1.2922
2007-04-03,1.2933
2007-04-04,1.2956
2007-04-05,1.2992
2007-04-06,1.3002
2007-04-09,1.3022
2007-04-10,1.3056
2007-04-11,1.3073
2007-04-12,1.3084
2007-04-13,1.3118
2007-04-16,1.3149
2007-04-17,1.3194
2007-04-18,1.3221
2007-04-19,1.3263
2007-04-20,1.3273
2007-04-23,1.332
2007-04-24,1.3302
2007-04-25,1.3277
2007-04-26,1.3322
2007-04-27,1.3319
2007-04-30,1.3367
2007-05-08,1.3377
2007-05-09,1.3383
2007-05-10,1.3387
2007-05-11,1.3391
2007-05-14,1.3374
2007-05-15,1.3361
2007-05-16,1.3337
2007-05-17,1.3359
2007-05-18,1.3361
2007-05-21,1.3363
2007-05-22,1.3376
2007-05-23,1.3382
2007-05-24,1.3381
2007-05-25,1.3404
2007-05-28,1.3444
2007-05-29,1.3447
2007-05-30,1.3441
2007-05-31,1.3437
2007-06-01,1.3438
2007-06-04,1.3436
2007-06-05,1.3362
2007-06-06,1.3402
2007-06-07,1.3402
2007-06-08,1.3404
2007-06-11,1.3389
2007-06-12,1.3421
2007-06-13,1.3428
2007-06-14,1.3416
2007-06-15,1.3418
2007-06-18,1.3427
2007-06-19,1.3422
2007-06-20,1.3421
2007-06-21,1.3428
2007-06-22,1.3419
2007-06-25,1.3421
2007-06-26,1.3386
2007-06-27,1.3387
2007-06-28,1.3364
2007-06-29,1.3357
2007-06-30,1.3358
2007-07-02,1.3313
2007-07-03,1.3326
2007-07-04,1.3326
2007-07-05,1.3308
2007-07-06,1.3311
2007-07-09,1.3321
2007-07-10,1.3326
2007-07-11,1.3314
2007-07-12,1.3317
2007-07-13,1.3317
2007-07-16,1.3319
2007-07-17,1.3315
2007-07-18,1.3319
2007-07-19,1.3321
2007-07-20,1.3334
2007-07-23,1.3341
2007-07-24,1.3349
2007-07-25,1.3362
2007-07-26,1.3365
2007-07-27,1.3373
2007-07-30,1.3384
2007-07-31,1.3383
2007-08-01,1.3386
2007-08-02,1.3389
2007-08-03,1.3391
2007-08-06,1.3395
2007-08-07,1.3393
2007-08-08,1.3393
2007-08-09,1.3393
2007-08-10,1.3394
2007-08-13,1.3396
2007-08-14,1.3396
2007-08-15,1.3398
2007-08-16,1.3398
2007-08-17,1.34
2007-08-20,1.3405
2007-08-21,1.3409
2007-08-22,1.3403
2007-08-23,1.3406
2007-08-24,1.341
2007-08-27,1.3413
2007-08-28,1.3415
2007-08-29,1.3412
2007-08-30,1.3416
2007-08-31,1.3419
2007-09-03,1.3421
2007-09-04,1.342
2007-09-05,1.3419
2007-09-06,1.3424
2007-09-07,1.342
2007-09-10,1.3428
2007-09-11,1.3424
2007-09-12,1.3421
2007-09-13,1.3424
2007-09-14,1.3376
2007-09-17,1.3372
2007-09-18,1.3378
2007-09-19,1.3377
2007-09-20,1.3404
2007-09-21,1.3408
2007-09-24,1.3414
2007-09-25,1.3414
2007-09-26,1.3434
2007-09-27,1.3493
2007-09-28,1.3514
2007-09-30,1.3512
2007-10-08,1.3516
2007-10-09,1.3514
2007-10-10,1.3518
2007-10-11,1.3524
2007-10-12,1.3574
2007-10-15,1.3591
2007-10-16,1.3597
2007-10-17,1.3574
2007-10-18,1.3555
2007-10-19,1.3548
2007-10-22,1.3529
2007-10-23,1.3529
2007-10-24,1.3534
2007-10-25,1.3522
2007-10-26,1.3521
2007-10-29,1.3535
2007-10-30,1.3545
2007-10-31,1.3565
2007-11-01,1.3569
2007-11-02,1.3555
2007-11-05,1.3534
2007-11-06,1.3523
2007-11-07,1.3515
2007-11-08,1.3501
2007-11-09,1.3502
2007-11-12,1.3498
2007-11-13,1.3496
2007-11-14,1.349
2007-11-15,1.3487
2007-11-16,1.3482
2007-11-19,1.3488
2007-11-20,1.3484
2007-11-21,1.3483
2007-11-22,1.3471
2007-11-23,1.3474
2007-11-26,1.3487
2007-11-27,1.349
2007-11-28,1.3493
2007-11-29,1.3498
2007-11-30,1.3495
2007-12-03,1.35
2007-12-04,1.3504
2007-12-05,1.3509
2007-12-06,1.351
2007-12-07,1.3517
2007-12-10,1.3524
2007-12-11,1.3523
2007-12-12,1.3528
2007-12-13,1.3533
2007-12-14,1.3531
2007-12-17,1.3542
2007-12-18,1.3543
2007-12-19,1.3556
2007-12-20,1.356
2007-12-21,1.3572
2007-12-24,1.3594
2007-12-25,1.3598
2007-12-26,1.3598
2007-12-27,1.3602
2007-12-28,1.3608
2007-12-29,1.3608
2007-12-31,1.361
2008-01-02,1.3606
2008-01-03,1.3598
2008-01-04,1.3599
2008-01-07,1.3611
2008-01-08,1.3616
2008-01-09,1.3589
2008-01-10,1.3596
2008-01-11,1.3586
2008-01-14,1.3595
2008-01-15,1.3595
2008-01-16,1.3586
2008-01-17,1.3577
2008-01-18,1.3584
2008-01-21,1.3592
2008-01-22,1.3564
2008-01-23,1.3579
2008-01-24,1.359
2008-01-25,1.3596
2008-01-28,1.3599
2008-01-29,1.3614
2008-01-30,1.363
2008-01-31,1.3623
2008-02-01,1.3624
2008-02-04,1.3649
2008-02-05,1.3656
2008-02-13,1.3661
2008-02-14,1.3671
2008-02-15,1.3681
2008-02-18,1.3688
2008-02-19,1.3686
2008-02-20,1.3683
2008-02-21,1.3682
2008-02-22,1.3682
2008-02-25,1.3674
2008-02-26,1.3679
2008-02-27,1.3698
2008-02-28,1.3693
2008-02-29,1.3696
2008-03-03,1.3701
2008-03-04,1.3708
2008-03-05,1.3706
2008-03-06,1.3709
2008-03-07,1.3707
2008-03-10,1.3708
2008-03-11,1.3709
2008-03-12,1.3708
2008-03-13,1.3691
2008-03-14,1.3691
2008-03-17,1.3683
2008-03-18,1.3671
2008-03-19,1.3675
2008-03-20,1.3684
2008-03-21,1.3686
2008-03-24,1.3686
2008-03-25,1.3688
2008-03-26,1.369
2008-03-27,1.369
2008-03-28,1.3694
2008-03-31,1.3693
2008-04-01,1.369
2008-04-02,1.369
2008-04-03,1.3692
2008-04-07,1.3698
2008-04-08,1.3701
2008-04-09,1.3698
2008-04-10,1.3697
2008-04-11,1.3699
2008-04-14,1.3696
2008-04-15,1.3698
2008-04-16,1.3696
2008-04-17,1.3693
2008-04-18,1.3689
2008-04-21,1.3691
2008-04-22,1.3695
2008-04-23,1.3703
2008-04-24,1.3716
2008-04-25,1.3714
2008-04-28,1.3713
2008-04-29,1.3714
2008-04-30,1.3722
2008-05-05,1.373
2008-05-06,1.3727
2008-05-07,1.372
2008-05-08,1.3723
2008-05-09,1.3722
2008-05-12,1.3719
2008-05-13,1.372
2008-05-14,1.3723
2008-05-15,1.3725
2008-05-16,1.3725
2008-05-19,1.3726
2008-05-20,1.3721
2008-05-21,1.3728
2008-05-22,1.3734
2008-05-23,1.374
2008-05-26,1.374
2008-05-27,1.374
2008-05-28,1.3743
2008-05-29,1.3746
2008-05-30,1.3749
2008-06-02,1.3756
2008-06-03,1.3756
2008-06-04,1.3757
2008-06-05,1.3759
2008-06-06,1.376
2008-06-10,1.3749
2008-06-11,1.3747
2008-06-12,1.3749
2008-06-13,1.375
2008-06-16,1.3756
2008-06-17,1.3757
2008-06-18,1.3759
2008-06-19,1.3756
2008-06-20,1.376
2008-06-23,1.3761
2008-06-24,1.3761
2008-06-25,1.3757
2008-06-26,1.3752
2008-06-27,1.3739
2008-06-30,1.374
2008-07-01,1.3738
2008-07-02,1.3735
2008-07-03,1.3738
2008-07-04,1.3734
2008-07-07,1.3738
2008-07-08,1.3739
2008-07-09,1.3741
2008-07-10,1.3748
2008-07-11,1.3746
2008-07-14,1.375
2008-07-15,1.375
2008-07-16,1.3758
2008-07-17,1.3759
2008-07-18,1.3762
2008-07-21,1.3763
2008-07-22,1.3764
2008-07-23,1.3764
2008-07-24,1.3766
2008-07-25,1.3769
2008-07-28,1.3776
2008-07-29,1.3772
2008-07-30,1.3776
2008-07-31,1.3775
2008-08-01,1.3773
2008-08-04,1.3773
2008-08-05,1.3772
2008-08-06,1.3776
2008-08-07,1.3781
2008-08-08,1.379
2008-08-11,1.3792
2008-08-12,1.3791
2008-08-13,1.3793
2008-08-14,1.3794
2008-08-15,1.3796
2008-08-18,1.3797
2008-08-19,1.3804
2008-08-20,1.3806
2008-08-21,1.3814
2008-08-22,1.382
2008-08-25,1.3825
2008-08-26,1.3826
2008-08-27,1.383
2008-08-28,1.3832
2008-08-29,1.3848
2008-09-01,1.3861
2008-09-02,1.3864
2008-09-03,1.3869
2008-09-04,1.3878
2008-09-05,1.3882
2008-09-08,1.3883
2008-09-09,1.3887
2008-09-10,1.3901
2008-09-11,1.39
2008-09-12,1.3911
2008-09-16,1.395
2008-09-17,1.3972
2008-09-18,1.3966
2008-09-19,1.3964
2008-09-22,1.3962
2008-09-23,1.3959
2008-09-24,1.397
2008-09-25,1.3971
2008-09-26,1.3962
2008-09-30,1.3967
2008-10-06,1.3975
2008-10-07,1.4
2008-10-08,1.4039
2008-10-09,1.4087
2008-10-10,1.4089
2008-10-13,1.4083
2008-10-14,1.408
2008-10-15,1.4094
2008-10-16,1.41
2008-10-17,1.4087
2008-10-20,1.4065
2008-10-21,1.4072
2008-10-22,1.4073
2008-10-23,1.4021
2008-10-24,1.4006
2008-10-27,1.3958
2008-10-28,1.3951
2008-10-29,1.3962
2008-10-30,1.3984
2008-10-31,1.3987
2008-11-03,1.3984
2008-11-04,1.3993
2008-11-05,1.4016
2008-11-06,1.405
2008-11-07,1.4065
2008-11-10,1.4112
2008-11-11,1.4125
2008-11-12,1.4161
2008-11-13,1.4213
2008-11-14,1.4153
2008-11-17,1.4137
2008-11-18,1.4135
2008-11-19,1.4088
2008-11-20,1.41
2008-11-21,1.413
2008-11-24,1.4116
2008-11-25,1.4072
2008-11-26,1.4114
2008-11-27,1.419
2008-11-28,1.4165
2008-12-01,1.4155
2008-12-02,1.4181
2008-12-03,1.421
2008-12-04,1.425
2008-12-05,1.4308
2008-12-08,1.4309
2008-12-09,1.4267
2008-12-10,1.4279
2008-12-11,1.4287
2008-12-12,1.4319
2008-12-15,1.4339
2008-12-16,1.4364
2008-12-17,1.4427
2008-12-18,1.4475
2008-12-19,1.4502
2008-12-22,1.4537
2008-12-23,1.4535
2008-12-24,1.454
2008-12-25,1.4521
2008-12-26,1.4518
2008-12-29,1.452
2008-12-30,1.4517
2008-12-31,1.4518
2009-01-05,1.4531
2009-01-06,1.4538
2009-01-07,1.4555
2009-01-08,1.4558
2009-01-09,1.4566
2009-01-12,1.4557
2009-01-13,1.4511
2009-01-14,1.4461
2009-01-15,1.4403
2009-01-16,1.4368
2009-01-19,1.434
2009-01-20,1.4268
2009-01-21,1.425
2009-01-22,1.4274
2009-01-23,1.4289
2009-02-02,1.4277
2009-02-03,1.4244
2009-02-04,1.4217
2009-02-05,1.4154
2009-02-06,1.4188
2009-02-09,1.4199
2009-02-10,1.4193
2009-02-11,1.4204
2009-02-12,1.4241
2009-02-13,1.4241
2009-02-16,1.4242
2009-02-17,1.4217
2009-02-18,1.4226
2009-02-19,1.4235
2009-02-20,1.4232
2009-02-23,1.4233
2009-02-24,1.424
2009-02-25,1.424
2009-02-26,1.4247
2009-02-27,1.4244
2009-03-02,1.4236
2009-03-03,1.4235
2009-03-04,1.4233
2009-03-05,1.4211
2009-03-06,1.4218
2009-03-09,1.4223
2009-03-10,1.4227
2009-03-11,1.4236
2009-03-12,1.4227
2009-03-13,1.4232
2009-03-16,1.4237
2009-03-17,1.4243
2009-03-18,1.4243
2009-03-19,1.4247
2009-03-20,1.4234
2009-03-23,1.4233
2009-03-24,1.4224
2009-03-25,1.4222
2009-03-26,1.422
2009-03-27,1.4215
2009-03-30,1.4213
2009-03-31,1.4215
2009-04-01,1.4216
2009-04-02,1.4211
2009-04-03,1.4195
2009-04-07,1.4188
2009-04-08,1.4171
2009-04-09,1.417
2009-04-10,1.4176
2009-04-13,1.4173
2009-04-14,1.4176
2009-04-15,1.4175
2009-04-16,1.4181
2009-04-17,1.4197
2009-04-20,1.4201
2009-04-21,1.4201
2009-04-22,1.4197
2009-04-23,1.4192
2009-04-24,1.4191
2009-04-27,1.4188
2009-04-28,1.4191
2009-04-29,1.4208
2009-04-30,1.4209
2009-05-04,1.4216
2009-05-05,1.422
2009-05-06,1.4224
2009-05-07,1.4229
2009-05-08,1.4234
2009-05-11,1.4233
2009-05-12,1.4233
2009-05-13,1.4264
2009-05-14,1.4262
2009-05-15,1.4264
2009-05-18,1.427
2009-05-19,1.4297
2009-05-20,1.4301
2009-05-21,1.4296
2009-05-22,1.4295
2009-05-25,1.4291
2009-05-26,1.429
2009-05-27,1.4295
2009-06-01,1.4304
2009-06-02,1.4312
2009-06-03,1.4315
2009-06-04,1.4305
2009-06-05,1.4306
2009-06-08,1.431
2009-06-09,1.4299
2009-06-10,1.4306
2009-06-11,1.4295
2009-06-12,1.4291
2009-06-15,1.4293
2009-06-16,1.4293
2009-06-17,1.428
2009-06-18,1.4282
2009-06-19,1.4278
2009-06-22,1.4276
2009-06-23,1.4267
2009-06-24,1.4275
2009-06-25,1.4275
2009-06-26,1.4276
2009-06-29,1.4282
2009-06-30,1.4284
2009-07-01,1.4288
2009-07-02,1.4301
2009-07-03,1.4305
2009-07-06,1.432
2009-07-07,1.4334
2009-07-08,1.4339
2009-07-09,1.4364
2009-07-10,1.4399
2009-07-13,1.4395
2009-07-14,1.4413
2009-07-15,1.4435
2009-07-16,1.4472
2009-07-17,1.4492
2009-07-20,1.4549
2009-07-21,1.4513
2009-07-22,1.4513
2009-07-23,1.4518
2009-07-24,1.4516
2009-07-27,1.4565
2009-07-28,1.4634
2009-07-29,1.4604
2009-07-30,1.4633
2009-07-31,1.4702
2009-08-03,1.4751
2009-08-04,1.4828
2009-08-05,1.478
2009-08-06,1.4707
2009-08-07,1.4526
2009-08-10,1.4516
2009-08-11,1.4507
2009-08-12,1.4399
2009-08-13,1.4441
2009-08-14,1.4438
2009-08-17,1.4359
2009-08-18,1.4382
2009-08-19,1.4322
2009-08-20,1.437
2009-08-21,1.4377
2009-08-24,1.4398
2009-08-25,1.4374
2009-08-26,1.439
2009-08-27,1.4368
2009-08-28,1.4319
2009-08-31,1.4219
2009-09-01,1.42
2009-09-02,1.4198
2009-09-03,1.4254
2009-09-04,1.4256
2009-09-07,1.4264
2009-09-08,1.4276
2009-09-09,1.4314
2009-09-10,1.4318
2009-09-11,1.4324
2009-09-14,1.4374
2009-09-15,1.4385
2009-09-16,1.4365
2009-09-17,1.4405
2009-09-18,1.4376
2009-09-21,1.4361
2009-09-22,1.4337
2009-09-23,1.4329
2009-09-24,1.4307
2009-09-25,1.432
2009-09-28,1.4303
2009-09-29,1.4288
2009-09-30,1.4308
2009-10-09,1.4354
2009-10-12,1.4344
2009-10-13,1.435
2009-10-14,1.4372
2009-10-15,1.4378
2009-10-16,1.4375
2009-10-19,1.4409
2009-10-20,1.4452
2009-10-21,1.4485
2009-10-22,1.4498
2009-10-23,1.4533
2009-10-26,1.452
2009-10-27,1.4491
2009-10-28,1.4487
2009-10-29,1.4466
2009-10-30,1.4491
2009-11-02,1.4521
2009-11-03,1.4537
2009-11-04,1.4546
2009-11-05,1.4565
2009-11-06,1.4556
2009-11-09,1.4561
2009-11-10,1.4561
2009-11-11,1.4558
2009-11-12,1.4586
2009-11-13,1.4582
2009-11-16,1.4573
2009-11-17,1.4556
2009-11-18,1.4581
2009-11-19,1.4589
2009-11-20,1.4582
2009-11-23,1.4584
2009-11-24,1.4539
2009-11-25,1.4568
2009-11-26,1.4514
2009-11-27,1.4506
2009-11-30,1.4567
2009-12-01,1.4622
2009-12-02,1.4629
2009-12-03,1.4636
2009-12-04,1.4621
2009-12-07,1.4657
2009-12-08,1.467
2009-12-09,1.4664
2009-12-10,1.4663
2009-12-11,1.4666
2009-12-14,1.4659
2009-12-15,1.4652
2009-12-16,1.465
2009-12-17,1.4642
2009-12-18,1.4627
2009-12-21,1.4632
2009-12-22,1.4619
2009-12-23,1.4625
2009-12-24,1.4629
2009-12-25,1.4633
2009-12-28,1.4623
2009-12-29,1.4642
2009-12-30,1.4687
2009-12-31,1.4736
2010-01-04,1.4718
2010-01-05,1.4705
2010-01-06,1.4698
2010-01-07,1.4695
2010-01-08,1.4695
2010-01-11,1.4697
2010-01-12,1.4716
2010-01-13,1.4711
2010-01-14,1.4736
2010-01-15,1.4745
2010-01-18,1.4753
2010-01-19,1.4756
2010-01-20,1.4753
2010-01-21,1.4754
2010-01-22,1.4735
2010-01-25,1.4655
2010-01-26,1.462
2010-01-27,1.4632
2010-01-28,1.4649
2010-01-29,1.4649
2010-02-01,1.4664
2010-02-02,1.4666
2010-02-03,1.4654
2010-02-04,1.4655
2010-02-05,1.4675
2010-02-08,1.4681
2010-02-09,1.4681
2010-02-10,1.468
2010-02-11,1.4686
2010-02-12,1.4697
2010-02-22,1.4693
2010-02-23,1.4674
2010-02-24,1.4684
2010-02-25,1.4693
2010-02-26,1.4718
2010-03-01,1.4729
2010-03-02,1.4743
2010-03-03,1.4762
2010-03-04,1.4763
2010-03-05,1.4781
2010-03-08,1.4794
2010-03-09,1.4783
2010-03-10,1.4786
2010-03-11,1.4792
2010-03-12,1.4797
2010-03-15,1.4795
2010-03-16,1.4794
2010-03-17,1.4801
2010-03-18,1.4814
2010-03-19,1.4829
2010-03-22,1.4832
2010-03-23,1.4852
2010-03-24,1.4862
2010-03-25,1.4852
2010-03-26,1.4861
2010-03-29,1.4847
2010-03-30,1.4836
2010-03-31,1.4822
2010-04-01,1.4836
2010-04-02,1.4846
2010-04-06,1.4847
2010-04-07,1.4845
2010-04-08,1.4843
2010-04-09,1.4849
2010-04-12,1.485
2010-04-13,1.4851
2010-04-14,1.4856
2010-04-15,1.486
2010-04-16,1.488
2010-04-19,1.4893
2010-04-20,1.4908
2010-04-21,1.4913
2010-04-22,1.4938
2010-04-23,1.4996
2010-04-26,1.4997
2010-04-27,1.4995
2010-04-28,1.4999
2010-04-29,1.5012
2010-04-30,1.5024
2010-05-04,1.5029
2010-05-05,1.503
2010-05-06,1.5034
2010-05-07,1.5061
2010-05-10,1.5073
2010-05-11,1.5078
2010-05-12,1.5077
2010-05-13,1.5084
2010-05-14,1.5104
2010-05-17,1.5115
2010-05-18,1.5129
2010-05-19,1.5149
2010-05-20,1.5154
2010-05-21,1.513
2010-05-24,1.5115
2010-05-25,1.5126
2010-05-26,1.5129
2010-05-27,1.5135
2010-05-28,1.513
2010-05-31,1.5125
2010-06-01,1.5122
2010-06-02,1.5111
2010-06-03,1.5133
2010-06-04,1.5144
2010-06-07,1.5164
2010-06-08,1.5167
2010-06-09,1.5165
2010-06-10,1.5161
2010-06-11,1.5158
2010-06-17,1.5167
2010-06-18,1.5142
2010-06-21,1.5139
2010-06-22,1.5144
2010-06-23,1.5145
2010-06-24,1.5147
2010-06-25,1.5138
2010-06-28,1.5135
2010-06-29,1.5129
2010-06-30,1.5137
2010-07-01,1.5144
2010-07-02,1.5163
2010-07-05,1.5169
2010-07-06,1.5184
2010-07-07,1.5187
2010-07-08,1.5193
2010-07-09,1.5212
2010-07-12,1.5221
2010-07-13,1.5237
2010-07-14,1.5249
2010-07-15,1.5276
2010-07-16,1.5298
2010-07-19,1.5314
2010-07-20,1.5318
2010-07-21,1.5324
2010-07-22,1.5324
2010-07-23,1.5328
2010-07-26,1.5333
2010-07-27,1.5332
2010-07-28,1.5329
2010-07-29,1.5334
2010-07-30,1.5336
2010-08-02,1.5338
2010-08-03,1.5339
2010-08-04,1.5343
2010-08-05,1.535
2010-08-06,1.5353
2010-08-09,1.5355
2010-08-10,1.5358
2010-08-11,1.536
2010-08-12,1.5371
2010-08-13,1.5377
2010-08-16,1.5378
2010-08-17,1.5383
2010-08-18,1.5384
2010-08-19,1.5389
2010-08-20,1.5397
2010-08-23,1.5407
2010-08-24,1.5411
2010-08-25,1.5414
2010-08-26,1.5417
2010-08-27,1.5415
2010-08-30,1.5415
2010-08-31,1.5413
2010-09-01,1.5414
2010-09-02,1.5417
2010-09-03,1.5431
2010-09-06,1.5437
2010-09-07,1.5433
2010-09-08,1.5431
2010-09-09,1.5429
2010-09-10,1.5437
2010-09-13,1.5425
2010-09-14,1.5422
2010-09-15,1.5412
2010-09-16,1.5389
2010-09-17,1.5397
2010-09-20,1.5398
2010-09-21,1.5397
2010-09-27,1.5405
2010-09-28,1.5406
2010-09-29,1.541
2010-09-30,1.5429
2010-10-08,1.5481
2010-10-11,1.554
2010-10-12,1.5564
2010-10-13,1.5568
2010-10-14,1.5631
2010-10-15,1.57
2010-10-18,1.5754
2010-10-19,1.5732
2010-10-20,1.5682
2010-10-21,1.5587
2010-10-22,1.5578
2010-10-25,1.5626
2010-10-26,1.5644
2010-10-27,1.5623
2010-10-28,1.5611
2010-10-29,1.5591
2010-11-01,1.5616
2010-11-02,1.5611
2010-11-03,1.562
2010-11-04,1.5649
2010-11-05,1.5698
2010-11-08,1.5671
2010-11-09,1.5646
2010-11-10,1.5576
2010-11-11,1.561
2010-11-12,1.5491
2010-11-15,1.5471
2010-11-16,1.5445
2010-11-17,1.5436
2010-11-18,1.5444
2010-11-19,1.5437
2010-11-22,1.5404
2010-11-23,1.5386
2010-11-24,1.5257
2010-11-25,1.5329
2010-11-26,1.5341
2010-11-29,1.5315
2010-11-30,1.5267
2010-12-01,1.5304
2010-12-02,1.5344
2010-12-03,1.534
2010-12-06,1.5367
2010-12-07,1.5411
2010-12-08,1.5377
2010-12-09,1.5367
2010-12-10,1.5372
2010-12-13,1.5416
2010-12-14,1.5422
2010-12-15,1.542
2010-12-16,1.542
2010-12-17,1.5417
2010-12-20,1.5402
2010-12-21,1.5414
2010-12-22,1.5408
2010-12-23,1.5377
2010-12-24,1.5344
2010-12-27,1.5304
2010-12-28,1.5289
2010-12-29,1.5307
2010-12-30,1.5319
2010-12-31,1.5329
2011-01-04,1.5396
2011-01-05,1.5421
2011-01-06,1.543
2011-01-07,1.5439
2011-01-10,1.5442
2011-01-11,1.5436
2011-01-12,1.5442
2011-01-13,1.544
2011-01-14,1.5423
2011-01-17,1.5387
2011-01-18,1.5362
2011-01-19,1.5357
2011-01-20,1.5342
2011-01-21,1.5335
2011-01-24,1.5327
2011-01-25,1.5335
2011-01-26,1.5343
2011-01-27,1.534
2011-01-28,1.5346
2011-01-31,1.5353
2011-02-01,1.5371
2011-02-09,1.535
2011-02-10,1.534
2011-02-11,1.5339
2011-02-14,1.5359
2011-02-15,1.5351
2011-02-16,1.5344
2011-02-17,1.5342
2011-02-18,1.5347
2011-02-21,1.5336
2011-02-22,1.5327
2011-02-23,1.5322
2011-02-24,1.533
2011-02-25,1.5323
2011-02-28,1.5336
2011-03-01,1.5336
2011-03-02,1.5347
2011-03-03,1.5364
2011-03-04,1.5383
2011-03-07,1.5408
2011-03-08,1.5407
2011-03-09,1.5424
2011-03-10,1.5414
2011-03-11,1.5411
2011-03-14,1.5416
2011-03-15,1.5407
2011-03-16,1.5414
2011-03-17,1.5422
2011-03-18,1.5436
2011-03-21,1.5437
2011-03-22,1.5441
2011-03-23,1.5449
2011-03-24,1.5446
2011-03-25,1.5457
2011-03-28,1.5465
2011-03-29,1.5468
2011-03-30,1.5461
2011-03-31,1.5456
2011-04-01,1.5464
2011-04-06,1.5472
2011-04-07,1.5476
2011-04-08,1.5486
2011-04-11,1.5503
2011-04-12,1.5517
2011-04-13,1.5533
2011-04-14,1.5545
2011-04-15,1.5558
2011-04-18,1.5569
2011-04-19,1.5558
2011-04-20,1.5554
2011-04-21,1.5557
2011-04-22,1.5555
2011-04-25,1.555
2011-04-26,1.5552
2011-04-27,1.5557
2011-04-28,1.5559
2011-04-29,1.5561
2011-05-03,1.5563
2011-05-04,1.5565
2011-05-05,1.5575
2011-05-06,1.5582
2011-05-09,1.5584
2011-05-10,1.5591
2011-05-11,1.5595
2011-05-12,1.56
2011-05-13,1.5594
2011-05-16,1.5595
2011-05-17,1.5592
2011-05-18,1.5602
2011-05-19,1.5596
2011-05-20,1.5599
2011-05-23,1.5584
2011-05-24,1.5581
2011-05-25,1.5583
2011-05-26,1.5584
2011-05-27,1.5589
2011-05-30,1.5587
2011-05-31,1.5589
2011-06-01,1.5591
2011-06-02,1.5579
2011-06-03,1.5578
2011-06-07,1.558
2011-06-08,1.5574
2011-06-09,1.5558
2011-06-10,1.555
2011-06-13,1.5549
2011-06-14,1.5544
2011-06-15,1.5516
2011-06-16,1.5498
2011-06-17,1.5494
2011-06-20,1.55
2011-06-21,1.5533
2011-06-22,1.5522
2011-06-23,1.552
2011-06-24,1.5552
2011-06-27,1.5561
2011-06-28,1.5553
2011-06-29,1.5537
2011-06-30,1.5544
2011-07-01,1.5539
2011-07-04,1.5546
2011-07-05,1.5543
2011-07-06,1.5528
2011-07-07,1.5519
2011-07-08,1.552
2011-07-11,1.5518
2011-07-12,1.5529
2011-07-13,1.5509
2011-07-14,1.5491
2011-07-15,1.548
2011-07-18,1.5459
2011-07-19,1.5409
2011-07-20,1.5353
2011-07-21,1.5318
2011-07-22,1.5314
2011-07-25,1.5301
2011-07-26,1.5291
2011-07-27,1.5276
2011-07-28,1.5264
2011-07-29,1.5262
2011-08-01,1.527
2011-08-02,1.5254
2011-08-03,1.5233
2011-08-04,1.5245
2011-08-05,1.5264
2011-08-08,1.526
2011-08-09,1.528
2011-08-10,1.5304
2011-08-11,1.5327
2011-08-12,1.5329
2011-08-15,1.5342
2011-08-16,1.5342
2011-08-17,1.5349
2011-08-18,1.5337
2011-08-19,1.5338
2011-08-22,1.5339
2011-08-23,1.5339
2011-08-24,1.534
2011-08-25,1.5329
2011-08-26,1.5328
2011-08-29,1.525
2011-08-30,1.5226
2011-08-31,1.523
2011-09-01,1.5244
2011-09-02,1.5233
2011-09-05,1.5228
2011-09-06,1.5235
2011-09-07,1.5227
2011-09-08,1.5227
2011-09-09,1.5244
2011-09-13,1.5261
2011-09-14,1.5246
2011-09-15,1.5232
2011-09-16,1.522
2011-09-19,1.5214
2011-09-20,1.5202
2011-09-21,1.5189
2011-09-22,1.5191
2011-09-23,1.5241
2011-09-26,1.5298
2011-09-27,1.53
2011-09-28,1.5276
2011-09-29,1.5295
2011-09-30,1.5311
2011-10-10,1.5367
2011-10-11,1.5399
2011-10-12,1.5405
2011-10-13,1.5403
2011-10-14,1.5426
2011-10-17,1.5431
2011-10-18,1.5468
2011-10-19,1.5495
2011-10-20,1.5543
2011-10-21,1.5554
2011-10-24,1.5548
2011-10-25,1.554
2011-10-26,1.5558
2011-10-27,1.5547
2011-10-28,1.5548
2011-10-31,1.5566
2011-11-01,1.5601
2011-11-02,1.5622
2011-11-03,1.5627
2011-11-04,1.5646
2011-11-07,1.5653
2011-11-08,1.568
2011-11-09,1.5707
2011-11-10,1.5765
2011-11-11,1.5803
2011-11-14,1.5807
2011-11-15,1.5791
2011-11-16,1.5794
2011-11-17,1.5772
2011-11-18,1.5766
2011-11-21,1.5747
2011-11-22,1.574
2011-11-23,1.5746
2011-11-24,1.5752
2011-11-25,1.5743
2011-11-28,1.5738
2011-11-29,1.5717
2011-11-30,1.5716
2011-12-01,1.5841
2011-12-02,1.5872
2011-12-05,1.5875
2011-12-06,1.5866
2011-12-07,1.5901
2011-12-08,1.5903
2011-12-09,1.5895
2011-12-12,1.5886
2011-12-13,1.5881
2011-12-14,1.5883
2011-12-15,1.5879
2011-12-16,1.5889
2011-12-19,1.5897
2011-12-20,1.5895
2011-12-21,1.5908
2011-12-22,1.5913
2011-12-23,1.5914
2011-12-26,1.593
2011-12-27,1.5929
2011-12-28,1.5935
2011-12-29,1.5944
2011-12-30,1.5953
2011-12-31,1.5955
2012-01-04,1.5959
2012-01-05,1.5968
2012-01-06,1.5997
2012-01-09,1.6014
2012-01-10,1.6043
2012-01-11,1.6041
2012-01-12,1.605
2012-01-13,1.6052
2012-01-16,1.6053
2012-01-17,1.6052
2012-01-18,1.6048
2012-01-19,1.6059
2012-01-20,1.6067
2012-01-30,1.6076
2012-01-31,1.6095
2012-02-01,1.6087
2012-02-02,1.609
2012-02-03,1.61
2012-02-06,1.609
2012-02-07,1.6086
2012-02-08,1.6069
2012-02-09,1.606
2012-02-10,1.6066
2012-02-13,1.6079
2012-02-14,1.6078
2012-02-15,1.6066
2012-02-16,1.6057
2012-02-17,1.6049
2012-02-20,1.6076
2012-02-21,1.6068
2012-02-22,1.6068
2012-02-23,1.6074
2012-02-24,1.6081
2012-02-27,1.6071
2012-02-28,1.6066
2012-02-29,1.6064
2012-03-01,1.6069
2012-03-02,1.6069
2012-03-05,1.6064
2012-03-06,1.6071
2012-03-07,1.608
2012-03-08,1.6089
2012-03-09,1.6093
2012-03-12,1.6106
2012-03-13,1.6105
2012-03-14,1.6098
2012-03-15,1.6098
2012-03-16,1.6112
2012-03-19,1.6109
2012-03-20,1.6098
2012-03-21,1.6095
2012-03-22,1.609
2012-03-23,1.6095
2012-03-26,1.6103
2012-03-27,1.6101
2012-03-28,1.6108
2012-03-29,1.6119
2012-03-30,1.6123
2012-03-31,1.6126
2012-04-05,1.6128
2012-04-06,1.6132
2012-04-09,1.6127
2012-04-10,1.6126
2012-04-11,1.6129
2012-04-12,1.6128
2012-04-13,1.6122
2012-04-16,1.6111
2012-04-17,1.6105
2012-04-18,1.6108
2012-04-19,1.6107
2012-04-20,1.6108
2012-04-23,1.6114
2012-04-24,1.6129
2012-04-25,1.6126
2012-04-26,1.6132
2012-04-27,1.6136
2012-05-02,1.614
2012-05-03,1.6142
2012-05-04,1.6144
2012-05-07,1.6145
2012-05-08,1.6145
2012-05-09,1.6154
2012-05-10,1.6169
2012-05-11,1.6197
2012-05-14,1.6248
2012-05-15,1.6281
2012-05-16,1.6304
2012-05-17,1.6295
2012-05-18,1.6309
2012-05-21,1.6317
2012-05-22,1.632
2012-05-23,1.6323
2012-05-24,1.6352
2012-05-25,1.6399
2012-05-28,1.6407
2012-05-29,1.6397
2012-05-30,1.6396
2012-05-31,1.6404
2012-06-01,1.6415
2012-06-04,1.642
2012-06-05,1.6422
2012-06-06,1.6423
2012-06-07,1.6423
2012-06-08,1.6468
2012-06-11,1.6461
2012-06-12,1.6459
2012-06-13,1.6451
2012-06-14,1.6447
2012-06-15,1.6448
2012-06-18,1.6443
2012-06-19,1.6432
2012-06-20,1.6438
2012-06-21,1.644
2012-06-25,1.6442
2012-06-26,1.6448
2012-06-27,1.6455
2012-06-28,1.6458
2012-06-29,1.6465
2012-06-30,1.6466
2012-07-02,1.6458
2012-07-03,1.6464
2012-07-04,1.647
2012-07-05,1.6483
2012-07-06,1.6509
2012-07-09,1.6515
2012-07-10,1.6522
2012-07-11,1.6528
2012-07-12,1.6537
2012-07-13,1.6538
2012-07-16,1.654
2012-07-17,1.6526
2012-07-18,1.6522
2012-07-19,1.6526
2012-07-20,1.6526
2012-07-23,1.6529
2012-07-24,1.6524
2012-07-25,1.6521
2012-07-26,1.6515
2012-07-27,1.6516
2012-07-30,1.6515
2012-07-31,1.6505
2012-08-01,1.6499
2012-08-02,1.6491
2012-08-03,1.6486
2012-08-06,1.6473
2012-08-07,1.6458
2012-08-08,1.6454
2012-08-09,1.6458
2012-08-10,1.6466
2012-08-13,1.6461
2012-08-14,1.646
2012-08-15,1.6453
2012-08-16,1.6448
2012-08-17,1.6446
2012-08-20,1.6429
2012-08-21,1.6408
2012-08-22,1.6389
2012-08-23,1.6387
2012-08-24,1.6403
2012-08-27,1.6395
2012-08-28,1.6384
2012-08-29,1.6384
2012-08-30,1.6381
2012-08-31,1.6385
2012-09-03,1.6391
2012-09-04,1.6399
2012-09-05,1.6398
2012-09-06,1.6398
2012-09-07,1.6381
2012-09-10,1.6349
2012-09-11,1.6332
2012-09-12,1.6309
2012-09-13,1.6292
2012-09-14,1.6262
2012-09-17,1.6245
2012-09-18,1.6259
2012-09-19,1.6271
2012-09-20,1.6274
2012-09-21,1.6288
2012-09-24,1.6283
2012-09-25,1.6304
2012-09-26,1.6323
2012-09-27,1.633
2012-09-28,1.6329
2012-09-30,1.6331
2012-10-08,1.6327
2012-10-09,1.6322
2012-10-10,1.6328
2012-10-11,1.6337
2012-10-12,1.6352
2012-10-15,1.6355
2012-10-16,1.636
2012-10-17,1.6358
2012-10-18,1.6355
2012-10-19,1.6352
2012-10-22,1.6349
2012-10-23,1.6351
2012-10-24,1.6342
2012-10-25,1.6339
2012-10-26,1.6333
2012-10-29,1.6332
2012-10-30,1.6336
2012-10-31,1.6335
2012-11-01,1.6335
2012-11-02,1.6333
2012-11-05,1.6341
2012-11-06,1.6343
2012-11-07,1.6347
2012-11-08,1.6349
2012-11-09,1.6351
2012-11-12,1.636
2012-11-13,1.6364
2012-11-14,1.6371
2012-11-15,1.6372
2012-11-16,1.6379
2012-11-19,1.6386
2012-11-20,1.6388
2012-11-21,1.6391
2012-11-22,1.6388
2012-11-23,1.6389
2012-11-26,1.6393
2012-11-27,1.639
2012-11-28,1.6391
2012-11-29,1.639
2012-11-30,1.6389
2012-12-03,1.6389
2012-12-04,1.639
2012-12-05,1.6401
2012-12-06,1.6396
2012-12-07,1.6407
2012-12-10,1.6419
2012-12-11,1.6415
2012-12-12,1.6413
2012-12-13,1.6413
2012-12-14,1.6429
2012-12-17,1.6434
2012-12-18,1.6432
2012-12-19,1.6428
2012-12-20,1.6414
2012-12-21,1.6421
2012-12-24,1.6424
2012-12-25,1.6434
2012-12-26,1.643
2012-12-27,1.6429
2012-12-28,1.6435
2012-12-31,1.6457
2013-01-04,1.6445
2013-01-07,1.6458
2013-01-08,1.6457
2013-01-09,1.6471
2013-01-10,1.6487
2013-01-11,1.6491
2013-01-14,1.6506
2013-01-15,1.6533
2013-01-16,1.6547
2013-01-17,1.6547
2013-01-18,1.656
2013-01-21,1.6581
2013-01-22,1.6586
2013-01-23,1.6595
2013-01-24,1.6595
2013-01-25,1.6598
2013-01-28,1.661
2013-01-29,1.6614
2013-01-30,1.6624
2013-01-31,1.6675
2013-02-01,1.6678
2013-02-04,1.6679
2013-02-05,1.6688
2013-02-06,1.6694
2013-02-07,1.6697
2013-02-08,1.6698
2013-02-18,1.6722
2013-02-19,1.6729
2013-02-20,1.6733
2013-02-21,1.6753
2013-02-22,1.676
2013-02-25,1.6765
2013-02-26,1.6763
2013-02-27,1.6765
2013-02-28,1.6769
2013-03-01,1.6775
2013-03-04,1.6775
2013-03-05,1.6783
2013-03-06,1.6792
2013-03-07,1.6791
2013-03-08,1.6796
2013-03-11,1.6801
2013-03-12,1.6801
2013-03-13,1.6802
2013-03-14,1.6798
2013-03-15,1.6798
2013-03-18,1.6796
2013-03-19,1.6793
2013-03-20,1.68
2013-03-21,1.6803
2013-03-22,1.6811
2013-03-25,1.6818
2013-03-26,1.6814
2013-03-27,1.6815
2013-03-28,1.6813
2013-03-29,1.682
2013-04-01,1.6831
2013-04-02,1.6844
2013-04-03,1.6859
2013-04-08,1.6873
2013-04-09,1.6884
2013-04-10,1.6893
2013-04-11,1.6897
2013-04-12,1.69
2013-04-15,1.6911
2013-04-16,1.6919
2013-04-17,1.6919
2013-04-18,1.6906
2013-04-19,1.6896
2013-04-22,1.6861
2013-04-23,1.6851
2013-04-24,1.6862
2013-04-25,1.687
2013-04-26,1.6884
2013-05-02,1.6895
2013-05-03,1.6903
2013-05-06,1.6906
2013-05-07,1.6912
2013-05-08,1.6911
2013-05-09,1.6914
2013-05-10,1.6921
2013-05-13,1.6928
2013-05-14,1.6935
2013-05-15,1.6937
2013-05-16,1.6941
2013-05-17,1.6945
2013-05-20,1.6948
2013-05-21,1.6947
2013-05-22,1.6946
2013-05-23,1.695
2013-05-24,1.6953
2013-05-27,1.696
2013-05-28,1.6969
2013-05-29,1.6971
2013-05-30,1.6975
2013-05-31,1.6974
2013-06-03,1.6977
2013-06-04,1.6977
2013-06-05,1.698
2013-06-06,1.6972
2013-06-07,1.6966
2013-06-13,1.6956
2013-06-14,1.6946
2013-06-17,1.6947
2013-06-18,1.6945
2013-06-19,1.6917
2013-06-20,1.6819
2013-06-21,1.681
2013-06-24,1.6761
2013-06-25,1.678
2013-06-26,1.6828
2013-06-27,1.6851
2013-06-28,1.6884
2013-06-30,1.6885
2013-07-01,1.6901
2013-07-02,1.691
2013-07-03,1.6906
2013-07-04,1.6913
2013-07-05,1.6932
2013-07-08,1.6929
2013-07-09,1.693
2013-07-10,1.6928
2013-07-11,1.6929
2013-07-12,1.6909
2013-07-15,1.6912
2013-07-16,1.6905
2013-07-17,1.6895
2013-07-18,1.6881
2013-07-19,1.6872
2013-07-22,1.6851
2013-07-23,1.6841
2013-07-24,1.6823
2013-07-25,1.6822
2013-07-26,1.6832
2013-07-29,1.683
2013-07-30,1.6832
2013-07-31,1.6836
2013-08-01,1.6859
2013-08-02,1.6868
2013-08-05,1.6871
2013-08-06,1.6865
2013-08-07,1.6862
2013-08-08,1.6852
2013-08-09,1.6852
2013-08-12,1.6857
2013-08-13,1.6842
2013-08-14,1.6829
2013-08-15,1.6802
2013-08-16,1.6796
2013-08-19,1.6802
2013-08-20,1.678
2013-08-21,1.678
2013-08-22,1.6779
2013-08-23,1.6783
2013-08-26,1.6791
2013-08-27,1.6797
2013-08-28,1.6797
2013-08-29,1.6794
2013-08-30,1.6799
2013-09-02,1.6802
2013-09-03,1.6801
2013-09-04,1.6794
2013-09-05,1.6789
2013-09-06,1.6797
2013-09-09,1.6814
2013-09-10,1.6819
2013-09-11,1.6813
2013-09-12,1.6812
2013-09-13,1.6801
2013-09-16,1.6801
2013-09-17,1.6802
2013-09-18,1.6811
2013-09-23,1.6826
2013-09-24,1.6818
2013-09-25,1.682
2013-09-26,1.6824
2013-09-27,1.6825
2013-09-30,1.6828
2013-10-08,1.6838
2013-10-09,1.6841
2013-10-10,1.6832
2013-10-11,1.6832
2013-10-14,1.6828
2013-10-15,1.6821
2013-10-16,1.6816
2013-10-17,1.6813
2013-10-18,1.6814
2013-10-21,1.6815
2013-10-22,1.681
2013-10-23,1.6805
2013-10-24,1.6777
2013-10-25,1.6758
2013-10-28,1.6752
2013-10-29,1.6749
2013-10-30,1.6743
2013-10-31,1.6741
2013-11-01,1.6753
2013-11-04,1.6755
2013-11-05,1.6748
2013-11-06,1.6747
2013-11-07,1.6732
2013-11-08,1.672
2013-11-11,1.6687
2013-11-12,1.6687
2013-11-13,1.6649
2013-11-14,1.6646
2013-11-15,1.6621
2013-11-18,1.6616
2013-11-19,1.66
2013-11-20,1.657
2013-11-21,1.6574
2013-11-22,1.6583
2013-11-25,1.6576
2013-11-26,1.6564
2013-11-27,1.6546
2013-11-28,1.6549
2013-11-29,1.658
2013-12-02,1.6577
2013-12-03,1.6576
2013-12-04,1.6578
2013-12-05,1.657
2013-12-06,1.6575
2013-12-09,1.6571
2013-12-10,1.6554
2013-12-11,1.6551
2013-12-12,1.6552
2013-12-13,1.6561
2013-12-16,1.6546
2013-12-17,1.6534
2013-12-18,1.6518
2013-12-19,1.6501
2013-12-20,1.6489
2013-12-23,1.6468
2013-12-24,1.6457
2013-12-25,1.6459
2013-12-26,1.6452
2013-12-27,1.6443
2013-12-30,1.6465
2013-12-31,1.6451
2014-01-02,1.6439
2014-01-03,1.6434
2014-01-06,1.6433
2014-01-07,1.6429
2014-01-08,1.6445
2014-01-09,1.6455
2014-01-10,1.6457
2014-01-13,1.645
2014-01-14,1.6447
2014-01-15,1.6451
2014-01-16,1.6456
2014-01-17,1.6467
2014-01-20,1.6451
2014-01-21,1.6465
2014-01-22,1.648
2014-01-23,1.6487
2014-01-24,1.6489
2014-01-27,1.6503
2014-01-28,1.6509
2014-01-29,1.6518
2014-01-30,1.6518
2014-02-07,1.6538
2014-02-10,1.655
2014-02-11,1.6556
2014-02-12,1.6557
2014-02-13,1.6576
2014-02-14,1.6596
2014-02-17,1.6603
2014-02-18,1.6604
2014-02-19,1.6611
2014-02-20,1.6623
2014-02-21,1.6634
2014-02-24,1.6653
2014-02-25,1.6671
2014-02-26,1.6681
2014-02-27,1.6694
2014-02-28,1.6705
2014-03-03,1.6704
2014-03-04,1.6685
2014-03-05,1.6676
2014-03-06,1.6663
2014-03-07,1.6673
2014-03-10,1.6678
2014-03-11,1.6684
2014-03-12,1.6686
2014-03-13,1.6695
2014-03-14,1.6716
2014-03-17,1.6721
2014-03-18,1.6719
2014-03-19,1.6702
2014-03-20,1.6681
2014-03-21,1.6687
2014-03-24,1.6688
2014-03-25,1.6688
2014-03-26,1.6691
2014-03-27,1.6688
2014-03-28,1.669
2014-03-31,1.6695
2014-04-01,1.6695
2014-04-02,1.6695
2014-04-03,1.669
2014-04-04,1.6698
2014-04-08,1.6709
2014-04-09,1.6709
2014-04-10,1.6712
2014-04-11,1.672
2014-04-14,1.6736
2014-04-15,1.6747
2014-04-16,1.6756
2014-04-17,1.678
2014-04-18,1.6783
2014-04-21,1.6789
2014-04-22,1.6795
2014-04-23,1.6795
2014-04-24,1.6801
2014-04-25,1.6802
2014-04-28,1.6805
2014-04-29,1.6811
2014-04-30,1.6825
2014-05-05,1.6838
2014-05-06,1.6852
2014-05-07,1.6858
2014-05-08,1.6881
2014-05-09,1.691
2014-05-12,1.6917
2014-05-13,1.6924
2014-05-14,1.6915
2014-05-15,1.6912
2014-05-16,1.6917
2014-05-19,1.6921
2014-05-20,1.6918
2014-05-21,1.6922
2014-05-22,1.6928
2014-05-23,1.6933
2014-05-26,1.6936
2014-05-27,1.6944
2014-05-28,1.6952
2014-05-29,1.6967
2014-05-30,1.6974
2014-06-03,1.6998
2014-06-04,1.7011
2014-06-05,1.7017
2014-06-06,1.7018
2014-06-09,1.7023
2014-06-10,1.7044
2014-06-11,1.7049
2014-06-12,1.7056
2014-06-13,1.7063
2014-06-16,1.7074
2014-06-17,1.7075
2014-06-18,1.707
2014-06-19,1.707
2014-06-20,1.7081
2014-06-23,1.7088
2014-06-24,1.7091
2014-06-25,1.7091
2014-06-26,1.7097
2014-06-27,1.7102
2014-06-30,1.7106
2014-07-01,1.7103
2014-07-02,1.7096
2014-07-03,1.7103
2014-07-04,1.7094
2014-07-07,1.7103
2014-07-08,1.7103
2014-07-09,1.7103
2014-07-10,1.7102
2014-07-11,1.7104
2014-07-14,1.7113
2014-07-15,1.7115
2014-07-16,1.7107
2014-07-17,1.7099
2014-07-18,1.7084
2014-07-21,1.7092
2014-07-22,1.7103
2014-07-23,1.7113
2014-07-24,1.711
2014-07-25,1.7113
2014-07-28,1.7123
2014-07-29,1.713
2014-07-30,1.7135
2014-07-31,1.7146
2014-08-01,1.7144
2014-08-04,1.7154
2014-08-05,1.7156
2014-08-06,1.7157
2014-08-07,1.7161
2014-08-08,1.7163
2014-08-11,1.7172
2014-08-12,1.7176
2014-08-13,1.7177
2014-08-14,1.7179
2014-08-15,1.7186
2014-08-18,1.7191
2014-08-19,1.7194
2014-08-20,1.7195
2014-08-21,1.7195
2014-08-22,1.7198
2014-08-25,1.7204
2014-08-26,1.7203
2014-08-27,1.7207
2014-08-28,1.7209
2014-08-29,1.7214
2014-09-01,1.7222
2014-09-02,1.7233
2014-09-03,1.7245
2014-09-04,1.7252
2014-09-05,1.7262
2014-09-09,1.7262
2014-09-10,1.7262
2014-09-11,1.726
2014-09-12,1.7269
2014-09-15,1.7272
2014-09-16,1.7258
2014-09-17,1.7261
2014-09-18,1.7278
2014-09-19,1.7336
2014-09-22,1.7279
2014-09-23,1.7286
2014-09-24,1.7311
2014-09-25,1.7317
2014-09-26,1.7325
2014-09-29,1.7334
2014-09-30,1.734
2014-10-08,1.735
2014-10-09,1.7356
2014-10-10,1.7349
2014-10-13,1.7353
2014-10-14,1.7363
2014-10-15,1.7389
2014-10-16,1.7395
2014-10-17,1.741
2014-10-20,1.7441
2014-10-21,1.7449
2014-10-22,1.7468
2014-10-23,1.7475
2014-10-24,1.7475
2014-10-27,1.7468
2014-10-28,1.75
2014-10-29,1.7541
2014-10-30,1.7571
2014-10-31,1.7623
2014-11-03,1.7655
2014-11-04,1.7688
2014-11-05,1.7683
2014-11-06,1.7708
2014-11-07,1.7745
2014-11-10,1.7852
2014-11-11,1.7855
2014-11-12,1.7891
2014-11-13,1.79
2014-11-14,1.786
2014-11-17,1.7791
2014-11-18,1.7725
2014-11-19,1.7729
2014-11-20,1.7754
2014-11-21,1.779
2014-11-24,1.789
2014-11-25,1.7907
2014-11-26,1.7939
2014-11-27,1.7947
2014-11-28,1.7973
2014-12-01,1.7967
2014-12-02,1.8037
2014-12-03,1.801
2014-12-04,1.8087
2014-12-05,1.8063
2014-12-08,1.8122
2014-12-09,1.7886
2014-12-10,1.7912
2014-12-11,1.7869
2014-12-12,1.7853
2014-12-15,1.7867
2014-12-16,1.7934
2014-12-17,1.7991
2014-12-18,1.7997
2014-12-19,1.8007
2014-12-22,1.8067
2014-12-23,1.8022
2014-12-24,1.8026
2014-12-25,1.8068
2014-12-26,1.8127
2014-12-29,1.8166
2014-12-30,1.8199
2014-12-31,1.8208
2015-01-05,1.8246
2015-01-06,1.8215
2015-01-07,1.8239
2015-01-08,1.8194
2015-01-09,1.8287
2015-01-12,1.8271
2015-01-13,1.829
2015-01-14,1.831
2015-01-15,1.8346
2015-01-16,1.8367
2015-01-19,1.8307
2015-01-20,1.8334
2015-01-21,1.8383
2015-01-22,1.8407
2015-01-23,1.8419
2015-01-26,1.8392
2015-01-27,1.8356
2015-01-28,1.833
2015-01-29,1.8314
2015-01-30,1.8318
2015-02-02,1.8271
2015-02-03,1.8308
2015-02-04,1.8291
2015-02-05,1.8308
2015-02-06,1.8309
2015-02-09,1.8342
2015-02-10,1.8365
2015-02-11,1.8373
2015-02-12,1.8392
2015-02-13,1.8406
2015-02-16,1.8424
2015-02-17,1.8431
2015-02-25,1.8431
2015-02-26,1.8437
2015-02-27,1.8438
2015-03-02,1.8439
2015-03-03,1.8429
2015-03-04,1.8423
2015-03-05,1.841
2015-03-06,1.8405
2015-03-09,1.8414
2015-03-10,1.8407
2015-03-11,1.8424
2015-03-12,1.8445
2015-03-13,1.8438
2015-03-16,1.8451
2015-03-17,1.8454
2015-03-18,1.8452
2015-03-19,1.8444
2015-03-20,1.846
2015-03-23,1.8463
2015-03-24,1.8445
2015-03-25,1.8425
2015-03-26,1.8403
2015-03-27,1.8393
2015-03-30,1.8385
2015-03-31,1.8349
2015-04-01,1.8367
2015-04-02,1.8389
2015-04-03,1.8386
2015-04-07,1.8383
2015-04-08,1.8376
2015-04-09,1.8382
2015-04-10,1.8394
2015-04-13,1.8408
2015-04-14,1.8413
2015-04-15,1.8434
2015-04-16,1.8448
2015-04-17,1.8453
2015-04-20,1.848
2015-04-21,1.8507
2015-04-22,1.8514
2015-04-23,1.8507
2015-04-24,1.8501
2015-04-27,1.8512
2015-04-28,1.8513
2015-04-29,1.8519
2015-04-30,1.8524
2015-05-04,1.8527
2015-05-05,1.8519
2015-05-06,1.8522
2015-05-07,1.8529
2015-05-08,1.8536
2015-05-11,1.8545
2015-05-12,1.8561
2015-05-13,1.8569
2015-05-14,1.8593
2015-05-15,1.8597
2015-05-18,1.8594
2015-05-19,1.8598
2015-05-20,1.86
2015-05-21,1.8606
2015-05-22,1.8615
2015-05-25,1.8629
2015-05-26,1.8626
2015-05-27,1.8618
2015-05-28,1.8584
2015-05-29,1.8582
2015-06-01,1.8602
2015-06-02,1.8614
2015-06-03,1.8613
2015-06-04,1.8621
2015-06-05,1.8621
2015-06-08,1.8635
2015-06-09,1.8616
2015-06-10,1.8609
2015-06-11,1.8601
2015-06-12,1.8601
2015-06-15,1.8595
2015-06-16,1.8594
2015-06-17,1.859
2015-06-18,1.8594
2015-06-19,1.8592
2015-06-23,1.8592
2015-06-24,1.8582
2015-06-25,1.8572
2015-06-26,1.8568
2015-06-29,1.8571
2015-06-30,1.8573
2015-07-01,1.8571
2015-07-02,1.8569
2015-07-03,1.8576
2015-07-06,1.8619
2015-07-07,1.8639
2015-07-08,1.8637
2015-07-09,1.8635
2015-07-10,1.8638
2015-07-13,1.8638
2015-07-14,1.864
2015-07-15,1.8637
2015-07-16,1.8639
2015-07-17,1.8634
2015-07-20,1.8639
2015-07-21,1.8646
2015-07-22,1.8655
2015-07-23,1.8667
2015-07-24,1.8673
2015-07-27,1.8673
2015-07-28,1.8676
2015-07-29,1.8685
2015-07-30,1.8684
2015-07-31,1.8684
2015-08-03,1.869
2015-08-04,1.8692
2015-08-05,1.8697
2015-08-06,1.8705
2015-08-07,1.8715
2015-08-10,1.8716
2015-08-11,1.8701
2015-08-12,1.8696
2015-08-13,1.87
2015-08-14,1.8702
2015-08-17,1.8706
2015-08-18,1.8704
2015-08-19,1.8707
2015-08-20,1.871
2015-08-21,1.8716
2015-08-24,1.872
2015-08-25,1.8719
2015-08-26,1.8719
2015-08-27,1.874
2015-08-28,1.875
2015-08-31,1.8763
2015-09-01,1.8772
2015-09-02,1.8779
2015-09-07,1.8787
2015-09-08,1.8794
2015-09-09,1.8794
2015-09-10,1.8797
2015-09-11,1.88
2015-09-14,1.8808
2015-09-15,1.8811
2015-09-16,1.8811
2015-09-17,1.8812
2015-09-18,1.8812
2015-09-21,1.8812
2015-09-22,1.8812
2015-09-23,1.8812
2015-09-24,1.8815
2015-09-25,1.882
2015-09-28,1.8826
2015-09-29,1.8833
2015-09-30,1.8835
2015-10-08,1.8843
2015-10-09,1.8849
2015-10-12,1.8857
2015-10-13,1.8867
2015-10-14,1.8876
2015-10-15,1.8877
2015-10-16,1.8875
2015-10-19,1.8879
2015-10-20,1.8885
2015-10-21,1.8889
2015-10-22,1.8893
2015-10-23,1.8899
2015-10-26,1.8917
2015-10-27,1.893
2015-10-28,1.8939
2015-10-29,1.8935
2015-10-30,1.8935
2015-11-02,1.8939
2015-11-03,1.8935
2015-11-04,1.8929
2015-11-05,1.8928
2015-11-06,1.8931
2015-11-09,1.8903
2015-11-10,1.8893
2015-11-11,1.8904
2015-11-12,1.8908
2015-11-13,1.8914
2015-11-16,1.8915
2015-11-17,1.8919
2015-11-18,1.8915
2015-11-19,1.8913
2015-11-20,1.8919
2015-11-23,1.8919
2015-11-24,1.8927
2015-11-25,1.8933
2015-11-26,1.8941
2015-11-27,1.8944
2015-11-30,1.8951
2015-12-01,1.8955
2015-12-02,1.8961
2015-12-03,1.897
2015-12-04,1.8983
2015-12-07,1.8993
2015-12-08,1.9001
2015-12-09,1.9007
2015-12-10,1.9009
2015-12-11,1.9012
2015-12-14,1.9013
2015-12-15,1.9015
2015-12-16,1.9019
2015-12-17,1.9029
2015-12-18,1.904
2015-12-21,1.9064
2015-12-22,1.9074
2015-12-23,1.9075
2015-12-24,1.9087
2015-12-25,1.9092
2015-12-28,1.9102
2015-12-29,1.9109
2015-12-30,1.9108
2015-12-31,1.9109
2016-01-04,1.91
2016-01-05,1.9092
2016-01-06,1.9096
2016-01-07,1.9104
2016-01-08,1.9114
2016-01-11,1.9121
2016-01-12,1.9135
2016-01-13,1.9145
2016-01-14,1.9152
2016-01-15,1.9149
2016-01-18,1.9142
2016-01-19,1.9127
2016-01-20,1.9111
2016-01-21,1.9109
2016-01-22,1.9116
2016-01-25,1.9116
2016-01-26,1.9106
2016-01-27,1.909
2016-01-28,1.9088
2016-01-29,1.91
2016-02-01,1.9102
2016-02-02,1.9099
2016-02-03,1.9093
2016-02-04,1.9096
2016-02-05,1.9098
2016-02-15,1.9115
2016-02-16,1.9113
2016-02-17,1.9116
2016-02-18,1.9118
2016-02-19,1.9124
2016-02-22,1.9128
2016-02-23,1.913
2016-02-24,1.9129
2016-02-25,1.9123
2016-02-26,1.9123
2016-02-29,1.9127
2016-03-01,1.913
2016-03-02,1.9133
2016-03-03,1.9131
2016-03-04,1.9132
2016-03-07,1.9137
2016-03-08,1.9142
2016-03-09,1.9151
2016-03-10,1.916
2016-03-11,1.9167
2016-03-14,1.9173
2016-03-15,1.9176
2016-03-16,1.9182
2016-03-17,1.9184
2016-03-18,1.9186
2016-03-21,1.9187
2016-03-22,1.9189
2016-03-23,1.9192
2016-03-24,1.9194
2016-03-25,1.9195
2016-03-28,1.9193
2016-03-29,1.9192
2016-03-30,1.9192
2016-03-31,1.9194
2016-04-01,1.9199
2016-04-05,1.9201
2016-04-06,1.92
2016-04-07,1.9197
2016-04-08,1.9195
2016-04-11,1.9192
2016-04-12,1.9183
2016-04-13,1.9168
2016-04-14,1.9152
2016-04-15,1.9154
2016-04-18,1.9156
2016-04-19,1.9148
2016-04-20,1.9132
2016-04-21,1.9119
2016-04-22,1.9108
2016-04-25,1.9078
2016-04-26,1.908
2016-04-27,1.9089
2016-04-28,1.9092
2016-04-29,1.9093
2016-05-03,1.9111
2016-05-04,1.9114
2016-05-05,1.9114
2016-05-06,1.9116
2016-05-09,1.9134
2016-05-10,1.9141
2016-05-11,1.9144
2016-05-12,1.9156
2016-05-13,1.9159
2016-05-16,1.9157
2016-05-17,1.9156
2016-05-18,1.9149
2016-05-19,1.9149
2016-05-20,1.9152
2016-05-23,1.9154
2016-05-24,1.9159
2016-05-25,1.9165
2016-05-26,1.9164
2016-05-27,1.9164
2016-05-30,1.9167
2016-05-31,1.9165
2016-06-01,1.9169
2016-06-02,1.9168
2016-06-03,1.9167
2016-06-06,1.9172
2016-06-07,1.9174
2016-06-08,1.9176
2016-06-13,1.9181
2016-06-14,1.9188
2016-06-15,1.9189
2016-06-16,1.9195
2016-06-17,1.9199
2016-06-20,1.9201
2016-06-21,1.9201
2016-06-22,1.9204
2016-06-23,1.9212
2016-06-24,1.9218
2016-06-27,1.9227
2016-06-28,1.9231
2016-06-29,1.923
2016-06-30,1.9237
2016-07-01,1.9247
2016-07-04,1.9253
2016-07-05,1.9256
2016-07-06,1.9259
2016-07-07,1.9266
2016-07-08,1.927
2016-07-11,1.9273
2016-07-12,1.9272
2016-07-13,1.9271
2016-07-14,1.9275
2016-07-15,1.9277
2016-07-18,1.9283
2016-07-19,1.9287
2016-07-20,1.9292
2016-07-21,1.9299
2016-07-22,1.9299
2016-07-25,1.9298
2016-07-26,1.9299
2016-07-27,1.9302
2016-07-28,1.9307
2016-07-29,1.931
2016-08-01,1.9316
2016-08-02,1.9319
2016-08-03,1.9324
2016-08-04,1.9326
2016-08-05,1.933
2016-08-08,1.9338
2016-08-09,1.9341
2016-08-10,1.9346
2016-08-11,1.9347
2016-08-12,1.935
2016-08-15,1.9357
2016-08-16,1.936
2016-08-17,1.936
2016-08-18,1.9359
2016-08-19,1.9358
2016-08-22,1.9361
2016-08-23,1.9361
2016-08-24,1.9356
2016-08-25,1.9354
2016-08-26,1.9356
2016-08-29,1.9357
2016-08-30,1.9352
2016-08-31,1.9354
2016-09-01,1.9355
2016-09-02,1.9355
2016-09-05,1.9357
2016-09-06,1.9356
2016-09-07,1.9357
2016-09-08,1.936
2016-09-09,1.9366
2016-09-12,1.9364
2016-09-13,1.9367
2016-09-14,1.9369
2016-09-19,1.9373
2016-09-20,1.9374
2016-09-21,1.9372
2016-09-22,1.9377
2016-09-23,1.938
2016-09-26,1.9387
2016-09-27,1.9388
2016-09-28,1.939
2016-09-29,1.9393
2016-09-30,1.9394
2016-10-10,1.9413
2016-10-11,1.9413
2016-10-12,1.9412
2016-10-13,1.9417
2016-10-14,1.942
2016-10-17,1.9422
2016-10-18,1.9423
2016-10-19,1.9426
2016-10-20,1.9428
2016-10-21,1.943
2016-10-24,1.9428
2016-10-25,1.9424
2016-10-26,1.9411
2016-10-27,1.941
2016-10-28,1.9411
2016-10-31,1.9408
2016-11-01,1.9405
2016-11-02,1.9408
2016-11-03,1.9412
2016-11-04,1.9415
2016-11-07,1.9415
2016-11-08,1.9413
2016-11-09,1.9414
2016-11-10,1.9405
2016-11-11,1.9397
2016-11-14,1.939
2016-11-15,1.9378
2016-11-16,1.9373
2016-11-17,1.9357
2016-11-18,1.9349
2016-11-21,1.9351
2016-11-22,1.9353
2016-11-23,1.9358
2016-11-24,1.9358
2016-11-25,1.9355
2016-11-28,1.9354
2016-11-29,1.9332
2016-11-30,1.9306
2016-12-01,1.9274
2016-12-02,1.9257
2016-12-05,1.9251
2016-12-06,1.9213
2016-12-07,1.9208
2016-12-08,1.9217
2016-12-09,1.9215
2016-12-12,1.9194
2016-12-13,1.9163
2016-12-14,1.9135
2016-12-15,1.9047
2016-12-16,1.9047
2016-12-19,1.9015
2016-12-20,1.8983
2016-12-21,1.9001
2016-12-22,1.9037
2016-12-23,1.9056
2016-12-26,1.9067
2016-12-27,1.9076
2016-12-28,1.908
2016-12-29,1.9094
2016-12-30,1.9102
2016-12-31,1.9104
2017-01-03,1.911
2017-01-04,1.9116
2017-01-05,1.912
2017-01-06,1.9117
2017-01-09,1.9124
2017-01-10,1.9133
2017-01-11,1.9141
2017-01-12,1.9138
2017-01-13,1.9142
2017-01-16,1.9146
2017-01-17,1.9132
2017-01-18,1.9118
2017-01-19,1.911
2017-01-20,1.9116
2017-01-23,1.9124
2017-01-24,1.9125
2017-01-25,1.9116
2017-01-26,1.9118
2017-02-03,1.9111
2017-02-06,1.9101
2017-02-07,1.9082
2017-02-08,1.9074
2017-02-09,1.9078
2017-02-10,1.9081
2017-02-13,1.9086
2017-02-14,1.9088
2017-02-15,1.9087
2017-02-16,1.9086
2017-02-17,1.9093
2017-02-20,1.91
2017-02-21,1.9102
2017-02-22,1.9102
2017-02-23,1.9101
2017-02-24,1.9103
2017-02-27,1.911
2017-02-28,1.9108
2017-03-01,1.9107
2017-03-02,1.9105
2017-03-03,1.9102
2017-03-06,1.9104
2017-03-07,1.91
2017-03-08,1.9097
2017-03-09,1.9094
2017-03-10,1.9086
2017-03-13,1.9083
2017-03-14,1.9095
2017-03-15,1.9099
2017-03-16,1.9105
2017-03-17,1.9107
2017-03-20,1.9109
2017-03-21,1.9102
2017-03-22,1.9103
2017-03-23,1.9106
2017-03-24,1.9114
2017-03-27,1.9124
2017-03-28,1.9132
2017-03-29,1.9134
2017-03-30,1.9134
2017-03-31,1.9138
2017-04-05,1.9146
2017-04-06,1.9146
2017-04-07,1.9148
2017-04-10,1.9153
2017-04-11,1.9152
2017-04-12,1.9154
2017-04-13,1.9154
2017-04-14,1.915
2017-04-17,1.9139
2017-04-18,1.913
2017-04-19,1.9124
2017-04-20,1.9119
2017-04-21,1.9108
2017-04-24,1.9102
2017-04-25,1.9096
2017-04-26,1.9098
2017-04-27,1.9101
2017-04-28,1.9103
2017-05-02,1.9105
2017-05-03,1.9098
2017-05-04,1.9088
2017-05-05,1.9085
2017-05-08,1.9074
2017-05-09,1.9062
2017-05-10,1.9047
2017-05-11,1.9039
2017-05-12,1.9038
2017-05-15,1.9042
2017-05-16,1.9034
2017-05-17,1.9028
2017-05-18,1.903
2017-05-19,1.9028
2017-05-22,1.903
2017-05-23,1.9027
2017-05-24,1.9026
2017-05-25,1.9031
2017-05-26,1.9031
2017-05-31,1.9045
2017-06-01,1.9046
2017-06-02,1.9047
2017-06-05,1.9051
2017-06-06,1.9053
2017-06-07,1.9053
2017-06-08,1.9052
2017-06-09,1.9056
2017-06-12,1.9063
2017-06-13,1.907
2017-06-14,1.9077
2017-06-15,1.9087
2017-06-16,1.9095
2017-06-19,1.9113
2017-06-20,1.9125
2017-06-21,1.9131
2017-06-22,1.9133
2017-06-23,1.9136
2017-06-26,1.9145
2017-06-27,1.9153
2017-06-28,1.9159
2017-06-29,1.9165
2017-06-30,1.9167
2017-07-03,1.9174
2017-07-04,1.9174
2017-07-05,1.9178
2017-07-06,1.9183
2017-07-07,1.9185
2017-07-10,1.9191
2017-07-11,1.9193
2017-07-12,1.9196
2017-07-13,1.9201
2017-07-14,1.9203
2017-07-17,1.9211
2017-07-18,1.9208
2017-07-19,1.921
2017-07-20,1.9213
2017-07-21,1.9215
2017-07-24,1.922
2017-07-25,1.922
2017-07-26,1.9219
2017-07-27,1.922
2017-07-28,1.922
2017-07-31,1.9223
2017-08-01,1.922
2017-08-02,1.9222
2017-08-03,1.9222
2017-08-04,1.9225
2017-08-07,1.9226
2017-08-08,1.9222
2017-08-09,1.9222
2017-08-10,1.9224
2017-08-11,1.9227
2017-08-14,1.923
2017-08-15,1.9233
2017-08-16,1.9234
2017-08-17,1.9232
2017-08-18,1.923
2017-08-21,1.9237
2017-08-22,1.9235
2017-08-23,1.9231
2017-08-24,1.9228
2017-08-25,1.9226
2017-08-28,1.9224
2017-08-29,1.9223
2017-08-30,1.9219
2017-08-31,1.9218
2017-09-01,1.9222
2017-09-04,1.9225
2017-09-05,1.9225
2017-09-06,1.9226
2017-09-07,1.9231
2017-09-08,1.9236
2017-09-11,1.9241
2017-09-12,1.9244
2017-09-13,1.9246
2017-09-14,1.925
2017-09-15,1.9253
2017-09-18,1.9256
2017-09-19,1.9258
2017-09-20,1.9257
2017-09-21,1.9257
2017-09-22,1.9262
2017-09-25,1.9276
2017-09-26,1.9277
2017-09-27,1.9276
2017-09-28,1.928
2017-09-29,1.9284
2017-10-09,1.929
2017-10-10,1.929
2017-10-11,1.9292
2017-10-12,1.9293
2017-10-13,1.9293
2017-10-16,1.9295
2017-10-17,1.9294
2017-10-18,1.9294
2017-10-19,1.9297
2017-10-20,1.9299
2017-10-23,1.9296
2017-10-24,1.9296
2017-10-25,1.9296
2017-10-26,1.9296
2017-10-27,1.9295
2017-10-30,1.929
2017-10-31,1.9287
2017-11-01,1.9286
2017-11-02,1.9287
2017-11-03,1.9287
2017-11-06,1.9292
2017-11-07,1.9291
2017-11-08,1.929
2017-11-09,1.9289
2017-11-10,1.9286
2017-11-13,1.9283
2017-11-14,1.9278
2017-11-15,1.9277
2017-11-16,1.9277
2017-11-17,1.9277
2017-11-20,1.9272
2017-11-21,1.9268
2017-11-22,1.9258
2017-11-23,1.9251
2017-11-24,1.9249
2017-11-27,1.9248
2017-11-28,1.9247
2017-11-29,1.9243
2017-11-30,1.9244
2017-12-01,1.9246
2017-12-04,1.925
2017-12-05,1.9251
2017-12-06,1.9255
2017-12-07,1.9255
2017-12-08,1.926
2017-12-11,1.9264
2017-12-12,1.9263
2017-12-13,1.9266
2017-12-14,1.9266
2017-12-15,1.9267
2017-12-18,1.9271
2017-12-19,1.9267
2017-12-20,1.9264
2017-12-21,1.9265
2017-12-22,1.9266
2017-12-25,1.9274
2017-12-26,1.9286
2017-12-27,1.9287
2017-12-28,1.9291
2017-12-29,1.9296
2017-12-31,1.9298
2018-01-02,1.9308
2018-01-03,1.9314
2018-01-04,1.9316
2018-01-05,1.9321
2018-01-08,1.9332
2018-01-09,1.9346
2018-01-10,1.9347
2018-01-11,1.9343
2018-01-12,1.9343
2018-01-15,1.9346
2018-01-16,1.9347
2018-01-17,1.9347
2018-01-18,1.9348
2018-01-19,1.9342
2018-01-22,1.9349
2018-01-23,1.9351
2018-01-24,1.9356
2018-01-25,1.9357
2018-01-26,1.936
2018-01-29,1.9362
2018-01-30,1.9362
2018-01-31,1.9365
2018-02-01,1.9367
2018-02-02,1.9373
2018-02-05,1.9373
2018-02-06,1.938
2018-02-07,1.9387
2018-02-08,1.9387
2018-02-09,1.9382
2018-02-12,1.9395
2018-02-13,1.94
2018-02-14,1.9402
2018-02-22,1.9412
2018-02-23,1.9413
2018-02-26,1.9432
2018-02-27,1.9445
2018-02-28,1.9446
2018-03-01,1.9446
2018-03-02,1.9444
2018-03-05,1.9452
2018-03-06,1.9455
2018-03-07,1.9453
2018-03-08,1.9453
2018-03-09,1.9454
2018-03-12,1.9462
2018-03-13,1.946
2018-03-14,1.9471
2018-03-15,1.947
2018-03-16,1.9472
2018-03-19,1.9476
2018-03-20,1.948
2018-03-21,1.9487
2018-03-22,1.9493
2018-03-23,1.9509
2018-03-26,1.9516
2018-03-27,1.9516
2018-03-28,1.9522
2018-03-29,1.9525
2018-03-30,1.9531
2018-04-02,1.9539
2018-04-03,1.9543
2018-04-04,1.955
2018-04-09,1.9567
2018-04-10,1.9568
2018-04-11,1.9572
2018-04-12,1.9576
2018-04-13,1.9576
2018-04-16,1.9582
2018-04-17,1.9584
2018-04-18,1.9626
2018-04-19,1.9621
2018-04-20,1.9621
2018-04-23,1.9616
2018-04-24,1.9617
2018-04-25,1.9614
2018-04-26,1.9608
2018-04-27,1.9606
2018-05-02,1.9611
2018-05-03,1.9611
2018-05-04,1.9612
2018-05-07,1.9615
2018-05-08,1.9612
2018-05-09,1.9604
2018-05-10,1.9602
2018-05-11,1.96
2018-05-14,1.9604
2018-05-15,1.9599
2018-05-16,1.9594
2018-05-17,1.9593
2018-05-18,1.9594
2018-05-21,1.9599
2018-05-22,1.9601
2018-05-23,1.9604
2018-05-24,1.9601
2018-05-25,1.9607
2018-05-28,1.961
2018-05-29,1.9612
2018-05-30,1.9615
2018-05-31,1.9612
2018-06-01,1.9611
2018-06-04,1.9611
2018-06-05,1.9607
2018-06-06,1.9607
2018-06-07,1.9607
2018-06-08,1.9605
2018-06-11,1.9609
2018-06-12,1.9606
2018-06-13,1.9607
2018-06-14,1.9609
2018-06-15,1.9612
2018-06-19,1.9624
2018-06-20,1.9619
2018-06-21,1.9621
2018-06-22,1.9624
2018-06-25,1.9626
2018-06-26,1.9625
2018-06-27,1.9628
2018-06-28,1.9638
2018-06-29,1.9648
2018-06-30,1.9649
2018-07-02,1.9661
2018-07-03,1.967
2018-07-04,1.9675
2018-07-05,1.9687
2018-07-06,1.9697
2018-07-09,1.9703
2018-07-10,1.9703
2018-07-11,1.9708
2018-07-12,1.9715
2018-07-13,1.9718
2018-07-16,1.973
2018-07-17,1.9727
2018-07-18,1.9732
2018-07-19,1.9753
2018-07-20,1.9763
2018-07-23,1.9775
2018-07-24,1.9789
2018-07-25,1.9797
2018-07-26,1.9806
2018-07-27,1.9816
2018-07-30,1.983
2018-07-31,1.9844
2018-08-01,1.9858
2018-08-02,1.987
2018-08-03,1.9883
2018-08-06,1.9897
2018-08-07,1.9906
2018-08-08,1.9907
2018-08-09,1.9898
2018-08-10,1.989
2018-08-13,1.9881
2018-08-14,1.9877
2018-08-15,1.988
2018-08-16,1.9876
2018-08-17,1.9866
2018-08-20,1.986
2018-08-21,1.9864
2018-08-22,1.9868
2018-08-23,1.9879
2018-08-24,1.9885
2018-08-27,1.9887
2018-08-28,1.9885
2018-08-29,1.9887
2018-08-30,1.9889
2018-08-31,1.9891
2018-09-03,1.9892
2018-09-04,1.9894
2018-09-05,1.9896
2018-09-06,1.9896
2018-09-07,1.9895
2018-09-10,1.9897
2018-09-11,1.9895
2018-09-12,1.9897
2018-09-13,1.99
2018-09-14,1.9902
2018-09-17,1.9912
2018-09-18,1.9914
2018-09-19,1.9915
2018-09-20,1.9915
2018-09-21,1.9915
2018-09-25,1.9919
2018-09-26,1.9919
2018-09-27,1.9923
2018-09-28,1.9927
2018-10-08,1.994
2018-10-09,1.9945
2018-10-10,1.995
2018-10-11,1.9956
2018-10-12,1.9962
2018-10-15,1.9968
2018-10-16,1.997
2018-10-17,1.9973
2018-10-18,1.9976
2018-10-19,1.9975
2018-10-22,1.9978
2018-10-23,1.998
2018-10-24,1.9983
2018-10-25,1.9984
2018-10-26,1.9986
2018-10-29,1.9995
2018-10-30,2.0
2018-10-31,2.0
2018-11-01,2.0006
2018-11-02,2.0001
2018-11-05,2.0006
2018-11-06,2.0011
2018-11-07,2.0017
2018-11-08,2.0019
2018-11-09,2.0023
2018-11-12,2.0027
2018-11-13,2.0031
2018-11-14,2.0043
2018-11-15,2.0047
2018-11-16,2.0056
2018-11-19,2.0061
2018-11-20,2.0062
2018-11-21,2.0064
2018-11-22,2.0065
2018-11-23,2.0065
2018-11-26,2.0066
2018-11-27,2.0067
2018-11-28,2.0072
2018-11-29,2.0078
2018-11-30,2.008
2018-12-03,2.0086
2018-12-04,2.0092
2018-12-05,2.01
2018-12-06,2.01
2018-12-07,2.0103
2018-12-10,2.0109
2018-12-11,2.0111
2018-12-12,2.0113
2018-12-13,2.0108
2018-12-14,2.0104
2018-12-17,2.01
2018-12-18,2.0095
2018-12-19,2.0098
2018-12-20,2.0104
2018-12-21,2.0106
2018-12-24,2.011
2018-12-25,2.0111
2018-12-26,2.011
2018-12-27,2.0115
2018-12-28,2.013
2018-12-31,2.0133
2019-01-02,2.0147
2019-01-03,2.0157
2019-01-04,2.0165
2019-01-07,2.0178
2019-01-08,2.0189
2019-01-09,2.0195
2019-01-10,2.0198
2019-01-11,2.02
2019-01-14,2.0202
2019-01-15,2.0203
2019-01-16,2.0208
2019-01-17,2.0214
2019-01-18,2.0216
2019-01-21,2.0217
2019-01-22,2.0216
2019-01-23,2.0216
2019-01-24,2.0216
2019-01-25,2.0214
2019-01-28,2.0217
2019-01-29,2.0218
2019-01-30,2.0223
2019-01-31,2.0229
2019-02-01,2.0233
2019-02-11,2.0246
2019-02-12,2.025
2019-02-13,2.0254
2019-02-14,2.0258
2019-02-15,2.0261
2019-02-18,2.0264
2019-02-19,2.0264
2019-02-20,2.0267
2019-02-21,2.027
2019-02-22,2.027
2019-02-25,2.0272
2019-02-26,2.026
2019-02-27,2.0263
2019-02-28,2.0263
2019-03-01,2.0262
2019-03-04,2.0262
2019-03-05,2.0262
2019-03-06,2.0259
2019-03-07,2.026
2019-03-08,2.0262
2019-03-11,2.0268
2019-03-12,2.027
2019-03-13,2.0266
2019-03-14,2.0264
2019-03-15,2.0263
2019-03-18,2.0269
2019-03-19,2.0271
2019-03-20,2.0269
2019-03-21,2.0273
2019-03-22,2.0279
2019-03-25,2.0282
2019-03-26,2.0284
2019-03-27,2.0287
2019-03-28,2.0291
2019-03-29,2.0295
2019-04-01,2.03
2019-04-02,2.0294
2019-04-03,2.0288
2019-04-04,2.0284
2019-04-08,2.0286
2019-04-09,2.0279
2019-04-10,2.0273
2019-04-11,2.0276
2019-04-12,2.0277
2019-04-15,2.0274
2019-04-16,2.0264
2019-04-17,2.026
2019-04-18,2.0264
2019-04-19,2.0277
2019-04-22,2.0281
2019-04-23,2.0277
2019-04-24,2.0279
2019-04-25,2.0277
2019-04-26,2.0274
2019-04-29,2.0282
2019-04-30,2.0284
2019-05-06,2.0293
2019-05-07,2.0307
2019-05-08,2.0317
2019-05-09,2.0329
2019-05-10,2.0337
2019-05-13,2.0352
2019-05-14,2.0369
2019-05-15,2.038
2019-05-16,2.0386
2019-05-17,2.0389
2019-05-20,2.0396
2019-05-21,2.0395
2019-05-22,2.039
2019-05-23,2.0393
2019-05-24,2.0397
2019-05-27,2.039
2019-05-28,2.0387
2019-05-29,2.0396
2019-05-30,2.0398
2019-05-31,2.0403
2019-06-03,2.0404
2019-06-04,2.0404
2019-06-05,2.0406
2019-06-06,2.0408
2019-06-10,2.0412
2019-06-11,2.0415
2019-06-12,2.0411
2019-06-13,2.0406
2019-06-14,2.0398
2019-06-17,2.0404
2019-06-18,2.0405
2019-06-19,2.0411
2019-06-20,2.0424
2019-06-21,2.0429
2019-06-24,2.0433
2019-06-25,2.0434
2019-06-26,2.0436
2019-06-27,2.044
2019-06-28,2.0438
2019-06-30,2.0441
2019-07-01,2.045
2019-07-02,2.0455
2019-07-03,2.0465
2019-07-04,2.0472
2019-07-05,2.0472
2019-07-08,2.0471
2019-07-09,2.0473
2019-07-10,2.0473
2019-07-11,2.0475
2019-07-12,2.0477
2019-07-15,2.0481
2019-07-16,2.0481
2019-07-17,2.0483
2019-07-18,2.0482
2019-07-19,2.0485
2019-07-22,2.0492
2019-07-23,2.0496
2019-07-24,2.0498
2019-07-25,2.0502
2019-07-26,2.051
2019-07-29,2.0515
2019-07-30,2.0518
2019-07-31,2.0522
2019-08-01,2.0524
2019-08-02,2.0531
2019-08-05,2.0536
2019-08-06,2.0539
2019-08-07,2.0546
2019-08-08,2.0551
2019-08-09,2.0556
2019-08-12,2.0559
2019-08-13,2.0564
2019-08-14,2.0566
2019-08-15,2.0572
2019-08-16,2.0572
2019-08-19,2.0577
2019-08-20,2.0579
2019-08-21,2.058
2019-08-22,2.058
2019-08-23,2.058
2019-08-26,2.0583
2019-08-27,2.0581
2019-08-28,2.0582
2019-08-29,2.0582
2019-08-30,2.0583
2019-09-02,2.0584
2019-09-03,2.0584
2019-09-04,2.0584
2019-09-05,2.0591
2019-09-06,2.0593
2019-09-09,2.06
2019-09-10,2.0601
2019-09-11,2.0601
2019-09-12,2.0599
2019-09-16,2.0603
2019-09-17,2.0601
2019-09-18,2.0596
2019-09-19,2.0597
2019-09-20,2.0594
2019-09-23,2.0594
2019-09-24,2.0593
2019-09-25,2.0594
2019-09-26,2.0595
2019-09-27,2.0597
2019-09-30,2.0602
2019-10-08,2.0611
2019-10-09,2.0615
2019-10-10,2.0619
2019-10-11,2.0623
2019-10-14,2.0629
2019-10-15,2.0628
2019-10-16,2.0628
2019-10-17,2.0631
2019-10-18,2.0629
2019-10-21,2.063
2019-10-22,2.0629
2019-10-23,2.0629
2019-10-24,2.0627
2019-10-25,2.0627
2019-10-28,2.0627
2019-10-29,2.0619
2019-10-30,2.0608
2019-10-31,2.0598
2019-11-01,2.0604
2019-11-04,2.0604
2019-11-05,2.061
2019-11-06,2.062
2019-11-07,2.0629
2019-11-08,2.0635
2019-11-11,2.064
2019-11-12,2.0647
2019-11-13,2.0651
2019-11-14,2.0653
2019-11-15,2.0663
2019-11-18,2.0675
2019-11-19,2.0685
2019-11-20,2.0691
2019-11-21,2.0697
2019-11-22,2.0698
2019-11-25,2.0701
2019-11-26,2.0702
2019-11-27,2.0703
2019-11-28,2.0708
2019-11-29,2.071
2019-12-02,2.0723
2019-12-03,2.0725
2019-12-04,2.0729
2019-12-05,2.0731
2019-12-06,2.0734
2019-12-09,2.0738
2019-12-10,2.0741
2019-12-11,2.0747
2019-12-12,2.075
2019-12-13,2.0752
2019-12-16,2.0758
2019-12-17,2.076
2019-12-18,2.0761
2019-12-19,2.0763
2019-12-20,2.0767
2019-12-23,2.0775
2019-12-24,2.078
2019-12-25,2.0783
2019-12-26,2.0789
2019-12-27,2.0792
2019-12-30,2.0798
2019-12-31,2.0803
2020-01-02,2.081
2020-01-03,2.0812
2020-01-06,2.0823
2020-01-07,2.0823
2020-01-08,2.0826
2020-01-09,2.083
2020-01-10,2.0831
2020-01-13,2.084
2020-01-14,2.0838
2020-01-15,2.0836
2020-01-16,2.084
2020-01-17,2.0844
2020-01-20,2.085
2020-01-21,2.0853
2020-01-22,2.0856
2020-01-23,2.0851
2020-02-03,2.0894
2020-02-04,2.0902
2020-02-05,2.0902
2020-02-06,2.0904
2020-02-07,2.0909
2020-02-10,2.0919
2020-02-11,2.0929
2020-02-12,2.0938
2020-02-13,2.0938
2020-02-14,2.0942
2020-02-17,2.0948
2020-02-18,2.095
2020-02-19,2.0951
2020-02-20,2.0951
2020-02-21,2.0953
2020-02-24,2.0956
2020-02-25,2.0955
2020-02-26,2.0959
2020-02-27,2.0964
2020-02-28,2.0959
2020-03-02,2.0969
2020-03-03,2.0972
2020-03-04,2.0987
2020-03-05,2.0999
2020-03-06,2.1002
2020-03-09,2.1005
2020-03-10,2.1005
2020-03-11,2.1002
2020-03-12,2.0995
2020-03-13,2.0977
2020-03-16,2.0976
2020-03-17,2.0969
2020-03-18,2.0964
2020-03-19,2.0959
2020-03-20,2.0972
2020-03-23,2.098
2020-03-24,2.0993
2020-03-25,2.0999
2020-03-26,2.1003
2020-03-27,2.1004
2020-03-30,2.1006
2020-03-31,2.1011
2020-04-01,2.1013
2020-04-02,2.1023
2020-04-03,2.1025
2020-04-07,2.1071
2020-04-08,2.1087
2020-04-09,2.1096
2020-04-10,2.1092
2020-04-13,2.1087
2020-04-14,2.1089
2020-04-15,2.1092
2020-04-16,2.1096
2020-04-17,2.1097
2020-04-20,2.1099
2020-04-21,2.1099
2020-04-22,2.1106
2020-04-23,2.112
2020-04-24,2.1124
2020-04-27,2.1125
2020-04-28,2.113
2020-04-29,2.1134
2020-04-30,2.1136
2020-05-06,2.1132
2020-05-07,2.112
2020-05-08,2.1113
2020-05-11,2.1096
2020-05-12,2.1089
2020-05-13,2.1087
2020-05-14,2.1081
2020-05-15,2.1086
2020-05-18,2.1077
2020-05-19,2.1069
2020-05-20,2.106
2020-05-21,2.1054
2020-05-22,2.1055
2020-05-25,2.1042
2020-05-26,2.1034
2020-05-27,2.1019
2020-05-28,2.1022
2020-05-29,2.1029
2020-06-01,2.1045
2020-06-02,2.1021
2020-06-03,2.0987
2020-06-04,2.0968
2020-06-05,2.0942
2020-06-08,2.0943
2020-06-09,2.095
2020-06-10,2.0947
2020-06-11,2.0944
2020-06-12,2.0961
2020-06-15,2.0973
2020-06-16,2.097
2020-06-17,2.0959
2020-06-18,2.0966
2020-06-19,2.0968
2020-06-22,2.096
2020-06-23,2.0942
2020-06-24,2.0948
2020-06-29,2.0947
2020-06-30,2.0952
2020-07-01,2.096
2020-07-02,2.0988
2020-07-03,2.101
2020-07-06,2.1028
2020-07-07,2.0997
2020-07-08,2.0988
2020-07-09,2.0954
2020-07-10,2.0927
2020-07-13,2.0918
2020-07-14,2.09
2020-07-15,2.0892
2020-07-16,2.0888
2020-07-17,2.0902
2020-07-20,2.093
2020-07-21,2.0951
2020-07-22,2.0974
2020-07-23,2.0986
2020-07-24,2.0999
2020-07-27,2.0999
2020-07-28,2.0995
2020-07-29,2.099
2020-07-30,2.0985
2020-07-31,2.0978
2020-08-03,2.0976
2020-08-04,2.0978
2020-08-05,2.0979
2020-08-06,2.0979
2020-08-07,2.0982
2020-08-10,2.0993
2020-08-11,2.1
2020-08-12,2.1001
2020-08-13,2.1007
2020-08-14,2.1016
2020-08-17,2.103
2020-08-18,2.1033
2020-08-19,2.103
2020-08-20,2.1025
2020-08-21,2.1022
2020-08-24,2.1021
2020-08-25,2.1011
2020-08-26,2.1
2020-08-27,2.099
2020-08-28,2.098
2020-08-31,2.0984
2020-09-01,2.0984
2020-09-02,2.0975
2020-09-03,2.0969
2020-09-04,2.0963
2020-09-07,2.0957
2020-09-08,2.0957
2020-09-09,2.0961
2020-09-10,2.0969
2020-09-11,2.0967
2020-09-14,2.0967
2020-09-15,2.0974
2020-09-16,2.0976
2020-09-17,2.0975
2020-09-18,2.0979
2020-09-21,2.0988
2020-09-22,2.099
2020-09-23,2.0989
2020-09-24,2.099
2020-09-25,2.0987
2020-09-28,2.099
2020-09-29,2.0991
2020-09-30,2.0992
2020-10-09,2.0997
2020-10-12,2.0997
2020-10-13,2.0999
2020-10-14,2.1001
2020-10-15,2.1003
2020-10-16,2.1009
2020-10-19,2.101
2020-10-20,2.1015
2020-10-21,2.1022
2020-10-22,2.1029
2020-10-23,2.1032
2020-10-26,2.1033
2020-10-27,2.1044
2020-10-28,2.1047
2020-10-29,2.1049
2020-10-30,2.1048
2020-11-02,2.1056
2020-11-03,2.1061
2020-11-04,2.1066
2020-11-05,2.1069
2020-11-06,2.1068
2020-11-09,2.107
2020-11-10,2.1069
2020-11-11,2.1065
2020-11-12,2.1053
2020-11-13,2.1032
2020-11-16,2.1023
2020-11-17,2.1013
2020-11-18,2.1
2020-11-19,2.0981
2020-11-20,2.0963
2020-11-23,2.0965
2020-11-24,2.0964
2020-11-25,2.0966
2020-11-26,2.0967
2020-11-27,2.097
2020-11-30,2.0983
2020-12-01,2.099
2020-12-02,2.0991
2020-12-03,2.098
2020-12-04,2.0982
2020-12-07,2.0987
2020-12-08,2.099
2020-12-09,2.0989
2020-12-10,2.0994
2020-12-11,2.099
2020-12-14,2.0992
2020-12-15,2.0997
2020-12-16,2.1001
2020-12-17,2.1002
2020-12-18,2.1004
2020-12-21,2.1014
2020-12-22,2.1022
2020-12-23,2.1028
2020-12-24,2.1027
2020-12-25,2.1032
2020-12-28,2.1038
2020-12-29,2.1041
2020-12-30,2.1049
2020-12-31,2.105
2021-01-04,2.1055
2021-01-05,2.1058
2021-01-06,2.1063
2021-01-07,2.1073
2021-01-08,2.1066
2021-01-11,2.1073
2021-01-12,2.1076
2021-01-13,2.1082
2021-01-14,2.1088
2021-01-15,2.1085
2021-01-18,2.1087
2021-01-19,2.1086
2021-01-20,2.1086
2021-01-21,2.1098
2021-01-22,2.1113
2021-01-25,2.1117
2021-01-26,2.1094
2021-01-27,2.1088
2021-01-28,2.1064
2021-01-29,2.105
2021-02-01,2.1058
2021-02-02,2.1068
2021-02-03,2.1065
2021-02-04,2.1055
2021-02-05,2.1051
2021-02-08,2.1052
2021-02-09,2.1057
2021-02-10,2.1059
2021-02-18,2.1064
2021-02-19,2.1066
2021-02-22,2.1067
2021-02-23,2.1069
2021-02-24,2.1076
2021-02-25,2.108
2021-02-26,2.108
2021-03-01,2.1091
2021-03-02,2.1093
2021-03-03,2.1108
2021-03-04,2.1113
2021-03-05,2.1129
2021-03-08,2.1137
2021-03-09,2.1132
2021-03-10,2.1136
2021-03-11,2.1142
2021-03-12,2.1149
2021-03-15,2.1156
2021-03-16,2.116
2021-03-17,2.1162
2021-03-18,2.1165
2021-03-19,2.1173
2021-03-22,2.1183
2021-03-23,2.1188
2021-03-24,2.1191
2021-03-25,2.1191
2021-03-26,2.1197
2021-03-29,2.1201
2021-03-30,2.1208
2021-03-31,2.1214
2021-04-01,2.122
2021-04-02,2.1224
2021-04-06,2.1235
2021-04-07,2.1233
2021-04-08,2.1236
2021-04-09,2.124
2021-04-12,2.1241
2021-04-13,2.125
2021-04-14,2.1255
2021-04-15,2.1259
2021-04-16,2.126
2021-04-19,2.1272
2021-04-20,2.1278
2021-04-21,2.1283
2021-04-22,2.1287
2021-04-23,2.1291
2021-04-26,2.1289
2021-04-27,2.1296
2021-04-28,2.1301
2021-04-29,2.1304
2021-04-30,2.1307
2021-05-06,2.132
2021-05-07,2.132
2021-05-10,2.1331
2021-05-11,2.1336
2021-05-12,2.134
2021-05-13,2.134
2021-05-14,2.1345
2021-05-17,2.135
2021-05-18,2.1356
2021-05-19,2.1365
2021-05-20,2.137
2021-05-21,2.1377
2021-05-24,2.1386
2021-05-25,2.1395
2021-05-26,2.1402
2021-05-27,2.1406
2021-05-28,2.1407
2021-05-31,2.1411
2021-06-01,2.1412
2021-06-02,2.141
2021-06-03,2.1414
2021-06-04,2.1412
2021-06-07,2.1408
2021-06-08,2.1404
2021-06-09,2.1397
2021-06-10,2.1412
2021-06-11,2.1413
2021-06-15,2.1416
2021-06-16,2.141
2021-06-17,2.1411
2021-06-18,2.1412
2021-06-21,2.1425
2021-06-22,2.143
2021-06-23,2.1436
2021-06-24,2.1438
2021-06-25,2.1444
2021-06-28,2.1452
2021-06-29,2.1455
2021-06-30,2.146
2021-07-01,2.1465
2021-07-02,2.1466
2021-07-05,2.1475
2021-07-06,2.1481
2021-07-07,2.1495
2021-07-08,2.1531
2021-07-09,2.1529
2021-07-12,2.1557
2021-07-13,2.1568
2021-07-14,2.1568
2021-07-15,2.1567
2021-07-16,2.1574
2021-07-19,2.1585
2021-07-20,2.1591
2021-07-21,2.1611
2021-07-22,2.1625
2021-07-23,2.1636
2021-07-26,2.165
2021-07-27,2.1644
2021-07-28,2.163
2021-07-29,2.1649
2021-07-30,2.1668
2021-08-02,2.1682
2021-08-03,2.1681
2021-08-04,2.1689
2021-08-05,2.1695
2021-08-06,2.17
2021-08-09,2.1694
2021-08-10,2.1694
2021-08-11,2.1697
2021-08-12,2.17
2021-08-13,2.17
2021-08-16,2.1698
2021-08-17,2.1694
2021-08-18,2.1701
2021-08-19,2.1705
2021-08-20,2.1709
2021-08-23,2.1713
2021-08-24,2.1716
2021-08-25,2.171
2021-08-26,2.1692
2021-08-27,2.1694
2021-08-30,2.1698
2021-08-31,2.1701
2021-09-01,2.1708
2021-09-02,2.1712
2021-09-03,2.1708
2021-09-06,2.1713
2021-09-07,2.1717
2021-09-08,2.1716
2021-09-09,2.1717
2021-09-10,2.1718
2021-09-13,2.1718
2021-09-14,2.1711
2021-09-15,2.1711
2021-09-16,2.1703
2021-09-17,2.1701
2021-09-22,2.1704
2021-09-23,2.1703
2021-09-24,2.1698
2021-09-27,2.1692
2021-09-28,2.1688
2021-09-29,2.1689
2021-09-30,2.1692
2021-10-08,2.1697
2021-10-11,2.1689
2021-10-12,2.1681
2021-10-13,2.1678
2021-10-14,2.1682
2021-10-15,2.1694
2021-10-18,2.1685
2021-10-19,2.169
2021-10-20,2.1697
2021-10-21,2.1705
2021-10-22,2.1708
2021-10-25,2.1712
2021-10-26,2.1717
2021-10-27,2.1723
2021-10-28,2.1733
2021-10-29,2.1741
2021-11-01,2.1752
2021-11-02,2.1759
2021-11-03,2.1765
2021-11-04,2.1773
2021-11-05,2.1785
2021-11-08,2.1787
2021-11-09,2.1782
2021-11-10,2.1786
2021-11-11,2.1784
2021-11-12,2.1788
2021-11-15,2.1795
2021-11-16,2.1798
2021-11-17,2.18
2021-11-18,2.1808
2021-11-19,2.1811
2021-11-22,2.182
2021-11-23,2.182
2021-11-24,2.1826
2021-11-25,2.1829
2021-11-26,2.1838
2021-11-29,2.1841
2021-11-30,2.1839
2021-12-01,2.184
2021-12-02,2.1839
2021-12-03,2.1841
2021-12-06,2.1855
2021-12-07,2.1846
2021-12-08,2.1846
2021-12-09,2.185
2021-12-10,2.1854
2021-12-13,2.1859
2021-12-14,2.1861
2021-12-15,2.1864
2021-12-16,2.1864
2021-12-17,2.1865
2021-12-20,2.1863
2021-12-21,2.1864
2021-12-22,2.1869
2021-12-23,2.1877
2021-12-24,2.188
2021-12-27,2.1886
2021-12-28,2.1893
2021-12-29,2.1898
2021-12-30,2.1907
2021-12-31,2.1914
2022-01-04,2.1921
2022-01-05,2.192
2022-01-06,2.1914
2022-01-07,2.1915
2022-01-10,2.1926
2022-01-11,2.1927
2022-01-12,2.1932
2022-01-13,2.1931
2022-01-14,2.193
2022-01-17,2.1938
2022-01-18,2.195
2022-01-19,2.1965
2022-01-20,2.1971
2022-01-21,2.1973
2022-01-24,2.1985
2022-01-25,2.1979
2022-01-26,2.1976
2022-01-27,2.197
2022-01-28,2.1977
2022-02-07,2.1994
2022-02-08,2.1992
2022-02-09,2.1995
2022-02-10,2.1999
2022-02-11,2.1978
2022-02-14,2.1961
2022-02-15,2.1956
2022-02-16,2.1961
2022-02-17,2.1967
2022-02-18,2.1967
2022-02-21,2.1956
2022-02-22,2.1942
2022-02-23,2.1947
2022-02-24,2.1948
2022-02-25,2.1951
2022-02-28,2.1956
2022-03-01,2.1951
2022-03-02,2.1944
2022-03-03,2.1931
2022-03-04,2.1928
2022-03-07,2.1923
2022-03-08,2.1921
2022-03-09,2.1908
2022-03-10,2.1906
2022-03-11,2.1909
2022-03-14,2.1929
2022-03-15,2.191
2022-03-16,2.1911
2022-03-17,2.1912
2022-03-18,2.192
2022-03-21,2.1922
2022-03-22,2.1917
2022-03-23,2.1916
2022-03-24,2.1913
2022-03-25,2.1914
2022-03-28,2.192
2022-03-29,2.1923
2022-03-30,2.1934
2022-03-31,2.1937
2022-04-01,2.1949
2022-04-06,2.1962
2022-04-07,2.1966
2022-04-08,2.1971
2022-04-11,2.1966
2022-04-12,2.1966
2022-04-13,2.1968
2022-04-14,2.1979
2022-04-15,2.1983
2022-04-18,2.1977
2022-04-19,2.1984
2022-04-20,2.1979
2022-04-21,2.197
2022-04-22,2.1974
2022-04-25,2.1964
2022-04-26,2.1962
2022-04-27,2.1974
2022-04-28,2.1973
2022-04-29,2.1981
2022-05-05,2.1993
2022-05-06,2.1989
2022-05-09,2.1999
2022-05-10,2.2012
2022-05-11,2.2017
2022-05-12,2.2019
2022-05-13,2.2032
2022-05-16,2.2033
2022-05-17,2.2045
2022-05-18,2.2053
2022-05-19,2.2058
2022-05-20,2.2063
2022-05-23,2.2074
2022-05-24,2.206
2022-05-25,2.2066
2022-05-26,2.2082
2022-05-27,2.2086
2022-05-30,2.2084
2022-05-31,2.2077
2022-06-01,2.2069
2022-06-02,2.2064
2022-06-06,2.2067
2022-06-07,2.206
2022-06-08,2.2066
2022-06-09,2.2063
2022-06-10,2.2079
2022-06-13,2.208
2022-06-14,2.2077
2022-06-15,2.2077
2022-06-16,2.208
2022-06-17,2.2096
2022-06-20,2.2095
2022-06-21,2.2087
2022-06-22,2.2089
2022-06-23,2.21
2022-06-24,2.2111
2022-06-27,2.2111
2022-06-28,2.2115
2022-06-29,2.2107
2022-06-30,2.2119
2022-07-01,2.2123
2022-07-04,2.213
2022-07-05,2.2131
2022-07-06,2.2127
2022-07-07,2.2135
2022-07-08,2.2141
2022-07-11,2.2146
2022-07-12,2.215
2022-07-13,2.2156
2022-07-14,2.2171
2022-07-15,2.2175
2022-07-18,2.2186
2022-07-19,2.2187
2022-07-20,2.22
2022-07-21,2.2207
2022-07-22,2.2203
2022-07-25,2.2204
2022-07-26,2.2219
2022-07-27,2.2224
2022-07-28,2.2218
2022-07-29,2.223
2022-08-01,2.2249
2022-08-02,2.2254
2022-08-03,2.2261
2022-08-04,2.2271
2022-08-05,2.2271
2022-08-08,2.2276
2022-08-09,2.2269
2022-08-10,2.2267
2022-08-11,2.2268
2022-08-12,2.2266
2022-08-15,2.2294
2022-08-16,2.2311
2022-08-17,2.2312
2022-08-18,2.2315
2022-08-19,2.231
2022-08-22,2.2314
2022-08-23,2.231
2022-08-24,2.2305
2022-08-25,2.2294
2022-08-26,2.229
2022-08-29,2.2296
2022-08-30,2.2298
2022-08-31,2.2298
2022-09-01,2.2304
2022-09-02,2.231
2022-09-05,2.2317
2022-09-06,2.2322
2022-09-07,2.2325
2022-09-08,2.2322
2022-09-09,2.2321
2022-09-13,2.2323
2022-09-14,2.2321
2022-09-15,2.232
2022-09-16,2.2315
2022-09-19,2.2316
2022-09-20,2.232
2022-09-21,2.2326
2022-09-22,2.2329
2022-09-23,2.2326
2022-09-26,2.2317
2022-09-27,2.2314
2022-09-28,2.2305
2022-09-29,2.2299
2022-09-30,2.2294
2022-10-10,2.2308
2022-10-11,2.2313
2022-10-12,2.2322
2022-10-13,2.2328
2022-10-14,2.2339
2022-10-17,2.2343
2022-10-18,2.2345
2022-10-19,2.2343
2022-10-20,2.2337
2022-10-21,2.2335
2022-10-24,2.2335
2022-10-25,2.2331
2022-10-26,2.2333
2022-10-27,2.2339
2022-10-28,2.2343
2022-10-31,2.2349
2022-11-01,2.2347
2022-11-02,2.2346
2022-11-03,2.2347
2022-11-04,2.2343
2022-11-07,2.2344
2022-11-08,2.2339
2022-11-09,2.2335
2022-11-10,2.2327
2022-11-11,2.2313
2022-11-14,2.2266
2022-11-15,2.2251
2022-11-16,2.2223
2022-11-17,2.2218
2022-11-18,2.2218
2022-11-21,2.2226
2022-11-22,2.2223
2022-11-23,2.2228
2022-11-24,2.2242
2022-11-25,2.2238
2022-11-28,2.223
2022-11-29,2.2207
2022-11-30,2.2196
2022-12-01,2.2187
2022-12-02,2.2188
2022-12-05,2.2184
2022-12-06,2.2165
2022-12-07,2.2147
2022-12-08,2.2142
2022-12-09,2.2132
2022-12-12,2.2113
2022-12-13,2.2077
2022-12-14,2.2088
2022-12-15,2.2098
2022-12-16,2.2096
2022-12-19,2.2108
2022-12-20,2.2113
2022-12-21,2.2115
2022-12-22,2.2123
2022-12-23,2.2135
2022-12-26,2.2143
2022-12-27,2.2144
2022-12-28,2.2147
2022-12-29,2.2153
2022-12-30,2.2162
2022-12-31,2.2163
2023-01-03,2.2178
2023-01-04,2.2194
2023-01-05,2.2207
2023-01-06,2.2199
2023-01-09,2.2194
2023-01-10,2.2177
2023-01-11,2.2172
2023-01-12,2.2173
2023-01-13,2.2173
2023-01-16,2.2167
2023-01-17,2.2168
2023-01-18,2.2171
2023-01-19,2.2174
2023-01-20,2.2178
2023-01-30,2.2189
2023-01-31,2.2191
2023-02-01,2.2194
2023-02-02,2.2202
2023-02-03,2.2214
2023-02-06,2.2218
2023-02-07,2.2222
2023-02-08,2.223
2023-02-09,2.224
2023-02-10,2.2245
2023-02-13,2.225
2023-02-14,2.2253
2023-02-15,2.2258
2023-02-16,2.2265
2023-02-17,2.2267
2023-02-20,2.2262
2023-02-21,2.2255
2023-02-22,2.2258
2023-02-23,2.2261
2023-02-24,2.2261
2023-02-27,2.2259
2023-02-28,2.2258
2023-03-01,2.226
2023-03-02,2.2263
2023-03-03,2.2262
2023-03-06,2.2272
2023-03-07,2.2282
2023-03-08,2.229
2023-03-09,2.2295
2023-03-10,2.2302
2023-03-13,2.2304
2023-03-14,2.2308
2023-03-15,2.2308
2023-03-16,2.2313
2023-03-17,2.2321
2023-03-20,2.2337
2023-03-21,2.2336
2023-03-22,2.2336
2023-03-23,2.2338
2023-03-24,2.2328
2023-03-27,2.2337
2023-03-28,2.2336
2023-03-29,2.2338
2023-03-30,2.234
2023-03-31,2.2349
2023-04-03,2.2356
2023-04-04,2.2356
2023-04-06,2.2361
2023-04-07,2.2368
2023-04-10,2.2371
2023-04-11,2.2381
2023-04-12,2.2392
2023-04-13,2.2389
2023-04-14,2.2393
2023-04-17,2.2392
2023-04-18,2.2398
2023-04-19,2.2402
2023-04-20,2.2402
2023-04-21,2.2401
2023-04-24,2.2402
2023-04-25,2.2404
2023-04-26,2.2414
2023-04-27,2.2433
2023-04-28,2.244
2023-05-04,2.245
2023-05-05,2.2461
2023-05-08,2.246
2023-05-09,2.2468
2023-05-10,2.2476
2023-05-11,2.2488
2023-05-12,2.2477
2023-05-15,2.248
2023-05-16,2.2478
2023-05-17,2.2478
2023-05-18,2.2478
2023-05-19,2.2481
2023-05-22,2.249
2023-05-23,2.25
2023-05-24,2.2499
2023-05-25,2.2496
2023-05-26,2.2495
2023-05-29,2.2499
2023-05-30,2.2499
2023-05-31,2.2505
2023-06-01,2.2513
2023-06-02,2.2511
2023-06-05,2.2513
2023-06-06,2.2515
2023-06-07,2.2522
2023-06-08,2.2522
2023-06-09,2.2532
2023-06-12,2.2541
2023-06-13,2.2556
2023-06-14,2.2562
2023-06-15,2.2555
2023-06-16,2.2545
2023-06-19,2.2528
2023-06-20,2.2532
2023-06-21,2.2532
2023-06-26,2.2532
2023-06-27,2.2533
2023-06-28,2.2534
2023-06-29,2.2539
2023-06-30,2.2552
2023-07-03,2.2554
2023-07-04,2.2557
2023-07-05,2.256
2023-07-06,2.2562
2023-07-07,2.2566
2023-07-10,2.2568
2023-07-11,2.2577
2023-07-12,2.2575
2023-07-13,2.2578
2023-07-14,2.2575
2023-07-17,2.258
2023-07-18,2.259
2023-07-19,2.259
2023-07-20,2.2595
2023-07-21,2.26
2023-07-24,2.2603
2023-07-25,2.2581
2023-07-26,2.2581
2023-07-27,2.2585
2023-07-28,2.2582
2023-07-31,2.2578
2023-08-01,2.2578
2023-08-02,2.2583
2023-08-03,2.2591
2023-08-04,2.2597
2023-08-07,2.2597
2023-08-08,2.2599
2023-08-09,2.2601
2023-08-10,2.2602
2023-08-11,2.2604
2023-08-14,2.261
2023-08-15,2.2614
2023-08-16,2.2617
2023-08-17,2.2622
2023-08-18,2.2622
2023-08-21,2.2627
2023-08-22,2.2619
2023-08-23,2.2613
2023-08-24,2.2616
2023-08-25,2.2605
2023-08-28,2.26
2023-08-29,2.2605
2023-08-30,2.261
2023-08-31,2.2615
2023-09-01,2.261
2023-09-04,2.2605
2023-09-05,2.2603
2023-09-06,2.2591
2023-09-07,2.2568
2023-09-08,2.2552
2023-09-11,2.2542
2023-09-12,2.2545
2023-09-13,2.2555
2023-09-14,2.2563
2023-09-15,2.2562
2023-09-18,2.2557
2023-09-19,2.2554
2023-09-20,2.2554
2023-09-21,2.256
2023-09-22,2.2564
2023-09-25,2.2564
2023-09-26,2.2561
2023-09-27,2.2562
2023-09-28,2.2575
2023-10-09,2.2585
2023-10-10,2.2576
2023-10-11,2.2568
2023-10-12,2.2567
2023-10-13,2.257
2023-10-16,2.2566
2023-10-17,2.2562
2023-10-18,2.2553
2023-10-19,2.2535
2023-10-20,2.2529
2023-10-23,2.2524
2023-10-24,2.2531
2023-10-25,2.2539
2023-10-26,2.2546
2023-10-27,2.2561
2023-10-30,2.2573
2023-10-31,2.2577
2023-11-01,2.2575
2023-11-02,2.2583
2023-11-03,2.2593
2023-11-06,2.2604
2023-11-07,2.2606
2023-11-08,2.2607
2023-11-09,2.2609
2023-11-10,2.2611
2023-11-13,2.2617
2023-11-14,2.2621
2023-11-15,2.2632
2023-11-16,2.2633
2023-11-17,2.264
2023-11-20,2.2648
2023-11-21,2.265
2023-11-22,2.2636
2023-11-23,2.2626
2023-11-24,2.2622
2023-11-27,2.2619
2023-11-28,2.2625
2023-11-29,2.2624
2023-11-30,2.2626
2023-12-01,2.2626
2023-12-04,2.2624
2023-12-05,2.2618
2023-12-06,2.2616
2023-12-07,2.2615
2023-12-08,2.2617
2023-12-11,2.2628
2023-12-12,2.2627
2023-12-13,2.264
2023-12-14,2.2644
2023-12-15,2.2653
2023-12-18,2.266
2023-12-19,2.2663
2023-12-20,2.2665
2023-12-21,2.2673
2023-12-22,2.2682
2023-12-25,2.2691
2023-12-26,2.2699
2023-12-27,2.2712
2023-12-28,2.272
2023-12-29,2.2728
2023-12-31,2.273
2024-01-02,2.2729
2024-01-03,2.2727
2024-01-04,2.2733
2024-01-05,2.2743
2024-01-08,2.275
2024-01-09,2.276
2024-01-10,2.2761
2024-01-11,2.2761
2024-01-12,2.2756
2024-01-15,2.276
2024-01-16,2.276
2024-01-17,2.2765
2024-01-18,2.277
2024-01-19,2.2778
2024-01-22,2.2792
2024-01-23,2.2793
2024-01-24,2.2798
2024-01-25,2.2809
2024-01-26,2.2812
2024-01-29,2.2818
2024-01-30,2.2831
2024-01-31,2.2843
2024-02-01,2.2846
2024-02-02,2.2849
2024-02-05,2.2862
2024-02-06,2.2853
2024-02-07,2.2858
2024-02-08,2.2857
2024-02-19,2.2866
2024-02-20,2.2874
2024-02-21,2.2878
2024-02-22,2.2887
2024-02-23,2.2893
2024-02-26,2.2899
2024-02-27,2.2902
2024-02-28,2.2905
2024-02-29,2.291
2024-03-01,2.2903
2024-03-04,2.2906
2024-03-05,2.2908
2024-03-06,2.2915
2024-03-07,2.2917
2024-03-08,2.2917
2024-03-11,2.2915
2024-03-12,2.2906
2024-03-13,2.2902
2024-03-14,2.2898
2024-03-15,2.2901
2024-03-18,2.2908
2024-03-19,2.2911
2024-03-20,2.2911
2024-03-21,2.2913
2024-03-22,2.2911
2024-03-25,2.2909
2024-03-26,2.2908
2024-03-27,2.2912
2024-03-28,2.2915
2024-03-29,2.292
2024-04-01,2.2919
2024-04-02,2.2923
2024-04-03,2.2929
2024-04-08,2.2938
2024-04-09,2.2946
2024-04-10,2.295
2024-04-11,2.2956
2024-04-12,2.2966
2024-04-15,2.2971
2024-04-16,2.2972
2024-04-17,2.2976
2024-04-18,2.2984
2024-04-19,2.299
2024-04-22,2.2998
2024-04-23,2.3007
2024-04-24,2.2998
2024-04-25,2.2995
2024-04-26,2.2985
2024-04-29,2.2968
2024-04-30,2.2976
2024-05-06,2.2983
2024-05-07,2.2993
2024-05-08,2.2995
2024-05-09,2.2991
2024-05-10,2.2991
2024-05-13,2.2995
2024-05-14,2.3
2024-05-15,2.3
2024-05-16,2.2999
2024-05-17,2.2999
2024-05-20,2.3003
2024-05-21,2.3003
2024-05-22,2.3005
2024-05-23,2.3009
2024-05-24,2.3009
2024-05-27,2.3012
2024-05-28,2.3016
2024-05-29,2.302
2024-05-30,2.3023
2024-05-31,2.3023
2024-06-03,2.3028
2024-06-04,2.303
2024-06-05,2.3034
2024-06-06,2.3036
2024-06-07,2.3039
2024-06-11,2.3043
2024-06-12,2.3044
2024-06-13,2.3045
2024-06-14,2.3047
2024-06-17,2.3048
2024-06-18,2.305
2024-06-19,2.3054
2024-06-20,2.3056
2024-06-21,2.3055
2024-06-24,2.3057
2024-06-25,2.306
2024-06-26,2.3061
2024-06-27,2.3067
2024-06-28,2.3071
2024-06-30,2.3072
2024-07-01,2.3065
2024-07-02,2.307
2024-07-03,2.3075
2024-07-04,2.3076
2024-07-05,2.3072
2024-07-08,2.3065
2024-07-09,2.307
2024-07-10,2.3071
2024-07-11,2.3073
2024-07-12,2.3077
2024-07-15,2.3081
2024-07-16,2.3084
2024-07-17,2.3086
2024-07-18,2.3085
2024-07-19,2.3087
2024-07-22,2.3096
2024-07-23,2.3103
2024-07-24,2.3105
2024-07-25,2.3111
2024-07-26,2.3115
2024-07-29,2.3122
2024-07-30,2.3125
2024-07-31,2.3127
2024-08-01,2.3134
2024-08-02,2.3138
2024-08-05,2.3144
2024-08-06,2.3138
2024-08-07,2.3142
2024-08-08,2.3134
2024-08-09,2.3129
2024-08-12,2.3114
2024-08-13,2.3121
2024-08-14,2.313
2024-08-15,2.3127
2024-08-16,2.3128
2024-08-19,2.3132
2024-08-20,2.3132
2024-08-21,2.3129
2024-08-22,2.3131
2024-08-23,2.3131
2024-08-26,2.3128
2024-08-27,2.3119
2024-08-28,2.3124
2024-08-29,2.3124
2024-08-30,2.3125
2024-09-02,2.3134
2024-09-03,2.3136
2024-09-04,2.314
2024-09-05,2.3143
2024-09-06,2.3143
2024-09-09,2.3147
2024-09-10,2.315
2024-09-11,2.3153
2024-09-12,2.3156
2024-09-13,2.3162
2024-09-18,2.3172
2024-09-19,2.317
2024-09-20,2.3171
2024-09-23,2.3173
2024-09-24,2.3168
2024-09-25,2.3179
2024-09-26,2.3172
2024-09-27,2.3141
2024-09-30,2.312
2024-10-08,2.3104
2024-10-09,2.3098
2024-10-10,2.3127
2024-10-11,2.3144
2024-10-14,2.3159
2024-10-15,2.3166
2024-10-16,2.3164
2024-10-17,2.3172
2024-10-18,2.317
2024-10-21,2.3168
2024-10-22,2.3157
2024-10-23,2.3147
2024-10-24,2.3146
2024-10-25,2.3145
2024-10-28,2.314
2024-10-29,2.3143
2024-10-30,2.3143
2024-10-31,2.3153
2024-11-01,2.3165
2024-11-04,2.3168
2024-11-05,2.3172
2024-11-06,2.3173
2024-11-07,2.3182
2024-11-08,2.3187
2024-11-11,2.3193
2024-11-12,2.3203
2024-11-13,2.3199
2024-11-14,2.3199
2024-11-15,2.3199
2024-11-18,2.3192
2024-11-19,2.3197
2024-11-20,2.3197
2024-11-21,2.3206
2024-11-22,2.321
2024-11-25,2.3219
2024-11-26,2.3223
2024-11-27,2.3224
2024-11-28,2.3233
2024-11-29,2.3245
2024-12-02,2.3272
2024-12-03,2.3271
2024-12-04,2.3287
2024-12-05,2.3291
2024-12-06,2.3289
2024-12-09,2.3299
2024-12-10,2.3334
2024-12-11,2.3337
2024-12-12,2.3342
2024-12-13,2.3363
2024-12-16,2.3384
2024-12-17,2.3379
2024-12-18,2.3369
2024-12-19,2.3367
2024-12-20,2.3393
2024-12-23,2.3397
2024-12-24,2.3386
2024-12-25,2.3376
2024-12-26,2.3382
2024-12-27,2.34
2024-12-30,2.3398
2024-12-31,2.3418
2025-01-02,2.3446
2025-01-03,2.3457
2025-01-06,2.346
2025-01-07,2.3453
2025-01-08,2.3451
2025-01-09,2.3437
2025-01-10,2.3438
2025-01-13,2.3428
2025-01-14,2.3434
2025-01-15,2.3441
2025-01-16,2.3434
2025-01-17,2.3427
2025-01-20,2.3422
2025-01-21,2.3432
2025-01-22,2.3434
2025-01-23,2.3428
2025-01-24,2.3429
2025-01-27,2.3447
2025-02-05,2.3456
2025-02-06,2.3466
2025-02-07,2.3467
2025-02-10,2.3457
2025-02-11,2.3458
2025-02-12,2.3457
2025-02-13,2.3456
2025-02-14,2.3447
2025-02-17,2.3434
2025-02-18,2.3425
2025-02-19,2.3429
2025-02-20,2.3414
2025-02-21,2.3396
2025-02-24,2.3375
2025-02-25,2.3379
2025-02-26,2.3382
2025-02-27,2.337
2025-02-28,2.3377
2025-03-03,2.3389
2025-03-04,2.3388
2025-03-05,2.3391
2025-03-06,2.3377
2025-03-07,2.3349
2025-03-10,2.3341
2025-03-11,2.3312
2025-03-12,2.3325
2025-03-13,2.333
2025-03-14,2.3333
2025-03-17,2.3317
2025-03-18,2.3319
2025-03-19,2.3325
2025-03-20,2.334
2025-03-21,2.3343
2025-03-24,2.3346
2025-03-25,2.3353
2025-03-26,2.336
2025-03-27,2.336
2025-03-28,2.3361
2025-03-31,2.3364
2025-04-01,2.3365
2025-04-02,2.3374
2025-04-03,2.3399
2025-04-07,2.3426
2025-04-08,2.3415
2025-04-09,2.3415
2025-04-10,2.3417
2025-04-11,2.3418
2025-04-14,2.3418
2025-04-15,2.3418
2025-04-16,2.3422
2025-04-17,2.342
2025-04-18,2.3421
2025-04-21,2.3417
2025-04-22,2.3419
2025-04-23,2.3414
2025-04-24,2.3413
2025-04-25,2.3414
2025-04-28,2.3416
2025-04-29,2.3423
2025-04-30,2.3427
2025-05-06,2.343
2025-05-07,2.3429
2025-05-08,2.344
2025-05-09,2.3446
2025-05-12,2.3437
2025-05-13,2.3443
2025-05-14,2.3442
2025-05-15,2.344
2025-05-16,2.3437
2025-05-19,2.3444
2025-05-20,2.3446
2025-05-21,2.3447
2025-05-22,2.3448
2025-05-23,2.3449
2025-05-26,2.3451
2025-05-27,2.3449
2025-05-28,2.3446
2025-05-29,2.3438
2025-05-30,2.3445
2025-06-03,2.3447
2025-06-04,2.3447
2025-06-05,2.3449
2025-06-06,2.3457
2025-06-09,2.3461
2025-06-10,2.3462
2025-06-11,2.3465
2025-06-12,2.3464
2025-06-13,2.3464
2025-06-16,2.3468
2025-06-17,2.3474
2025-06-18,2.3477
2025-06-19,2.348
2025-06-20,2.3482
2025-06-23,2.3485
2025-06-24,2.3482
2025-06-25,2.3477
2025-06-26,2.3477
2025-06-27,2.3478
2025-06-30,2.3478
2025-07-01,2.3483
2025-07-02,2.3492
2025-07-03,2.3495
2025-07-04,2.3499
2025-07-07,2.3501
2025-07-08,2.3497
2025-07-09,2.3496
2025-07-10,2.3491
2025-07-11,2.3489
2025-07-14,2.3485
2025-07-15,2.3491
2025-07-16,2.3493
2025-07-17,2.3496
2025-07-18,2.3496
2025-07-21,2.3492
2025-07-22,2.3486
2025-07-23,2.3477
2025-07-24,2.346
2025-07-25,2.3454
2025-07-28,2.3465
2025-07-29,2.3452
2025-07-30,2.346
2025-07-31,2.347
2025-08-01,2.3473
2025-08-04,2.3475
2025-08-05,2.3478
2025-08-06,2.348
2025-08-07,2.3484
2025-08-08,2.3485
2025-08-11,2.3476
2025-08-12,2.3469
2025-08-13,2.3469
2025-08-14,2.3465
2025-08-15,2.346
2025-08-18,2.3436
2025-08-19,2.3436
2025-08-20,2.3433
2025-08-21,2.3439
2025-08-22,2.3436
2025-08-25,2.3445
2025-08-26,2.345
2025-08-27,2.3448
2025-08-28,2.3437
2025-08-29,2.3439
2025-09-01,2.3443
2025-09-02,2.3446
2025-09-03,2.3452
2025-09-04,2.3456
2025-09-05,2.3446
2025-09-08,2.3436
2025-09-09,2.3429
2025-09-10,2.3416
2025-09-11,2.3419
2025-09-12,2.3424
2025-09-15,2.3417
2025-09-16,2.3426
2025-09-17,2.3437
2025-09-18,2.3428
2025-09-19,2.341
2025-09-22,2.3404
2025-09-23,2.3389
2025-09-24,2.3386
2025-09-25,2.3382
2025-09-26,2.3373
2025-09-29,2.3383
2025-09-30,2.3407
2025-10-09,2.3426
2025-10-10,2.3415
2025-10-13,2.3432
2025-10-14,2.3414
2025-10-15,2.3426
2025-10-16,2.3421
2025-10-17,2.3421
2025-10-20,2.342
2025-10-21,2.3439
2025-10-22,2.3426
2025-10-23,2.343
2025-10-24,2.345
2025-10-27,2.3474
2025-10-28,2.3482
2025-10-29,2.3516
2025-10-30,2.3516
2025-10-31,2.3524
2025-11-03,2.3521
2025-11-04,2.3506
2025-11-05,2.3518
2025-11-06,2.3532
2025-11-07,2.3524
2025-11-10,2.3551
2025-11-11,2.3544
2025-11-12,2.3541
2025-11-13,2.3572
2025-11-14,2.3554
2025-11-17,2.3564
2025-11-18,2.3543
2025-11-19,2.3552
2025-11-20,2.3546
2025-11-21,2.3528
2025-11-24,2.3537
2025-11-25,2.3544
2025-11-26,2.351
2025-11-27,2.3482
2025-11-28,2.3504
2025-12-01,2.3508
2025-12-02,2.3493
2025-12-03,2.3486
2025-12-04,2.3471
2025-12-05,2.3502
2025-12-08,2.3513
2025-12-09,2.3492
2025-12-10,2.3514
2025-12-11,2.3512
2025-12-12,2.3533
2025-12-15,2.3508
2025-12-16,2.3482
2025-12-17,2.352
2025-12-18,2.3521
2025-12-19,2.3533
2025-12-22,2.3558
2025-12-23,2.3557
2025-12-24,2.3587
2025-12-25,2.3618
2025-12-26,2.3598
2025-12-29,2.3577
2025-12-30,2.3586
2025-12-31,2.3592
2026-01-05,2.3652
2026-01-06,2.3688
2026-01-07,2.3726
2026-01-08,2.3757
2026-01-09,2.3806
2026-01-12,2.3846
2026-01-13,2.3824
2026-01-14,2.383
2026-01-15,2.3841
2026-01-16,2.3869
2026-01-19,2.3888
2026-01-20,2.3884
2026-01-21,2.3924
2026-01-22,2.3933
2026-01-23,2.3965
2026-01-26,2.3929
2026-01-27,2.3943
2026-01-28,2.3956
2026-01-29,2.3938
2026-01-30,2.3901
2026-02-02,2.3836
2026-02-03,2.3895
2026-02-04,2.3885
2026-02-05,2.3868
2026-02-06,2.389
2026-02-09,2.3934
2026-02-10,2.3921
2026-02-11,2.3928
2026-02-12,2.3936
2026-02-13,2.3922
2026-02-24,2.3972
2026-02-25,2.3955
2026-02-26,2.3906
2026-02-27,2.3883
2026-03-02,2.3859
2026-03-03,2.3798
2026-03-04,2.3791
2026-03-05,2.3799
2026-03-06,2.3793
2026-03-09,2.3762
2026-03-10,2.3801
2026-03-11,2.3797
2026-03-12,2.375
2026-03-13,2.3716
2026-03-16,2.3695
2026-03-17,2.3647
2026-03-18,2.368
2026-03-19,2.3635
2026-03-20,2.3625
2026-03-23,2.3601
2026-03-24,2.3665
2026-03-25,2.3693
2026-03-26,2.3652
2026-03-27,2.3678
2026-03-30,2.367
2026-03-31,2.3613
2026-04-01,2.3683
2026-04-02,2.3639
2026-04-03,2.3655
2026-04-07,2.3662
2026-04-08,2.3758
2026-04-09,2.3775
2026-04-10,2.3771
2026-04-13,2.3755
2026-04-14,2.3781
2026-04-15,2.3788
2026-04-16,2.385
2026-04-17,2.3873
2026-04-20,2.3881
2026-04-21,2.3869
2026-04-22,2.3919
2026-04-23,2.3898
2026-04-24,2.389
2026-04-27,2.3901
2026-04-28,2.3878
2026-04-29,2.391
2026-04-30,2.3937
2026-05-06,2.398
2026-05-07,2.4001
2026-05-08,2.398
2026-05-11,2.4015
2026-05-12,2.3987
2026-05-13,2.4021
2026-05-14,2.3991
2026-05-15,2.398
2026-05-18,2.4009
2026-05-19,2.4062
2026-05-20,2.4089
2026-05-21,2.4055
2026-05-22,2.4074
2026-05-25,2.4104
2026-05-26,2.4096
2026-05-27,2.4083
2026-05-28,2.4129
2026-05-29,2.4072
2026-06-01,2.4067
2026-06-02,2.4095
2026-06-03,2.4092
2026-06-04,2.4088
2026-06-05,2.4057
2026-06-08,2.4028
2026-06-09,2.4062
2026-06-10,2.4037
2026-06-11,2.4052
2026-06-12,2.4067
2026-06-15,2.4117
2026-06-16,2.415
2026-06-17,2.4163
2026-06-18,2.4179
2026-06-22,2.4178
2026-06-23,2.4153
2026-06-24,2.4201
2026-06-25,2.4191
2026-06-26,2.4171
2026-06-29,2.42
2026-06-30,2.4241
2026-07-01,2.4233
2026-07-02,2.4215
2026-07-03,2.4216
2026-07-06,2.4223
2026-07-07,2.4204
2026-07-08,2.4199
2026-07-09,2.4202
2026-07-10,2.4198
2026-07-13,2.4181
2026-07-14,2.42
2026-07-15,2.42
2026-07-16,2.4188
2026-07-17,2.4154
2026-07-20,2.4148
2026-07-21,2.4205
2026-07-22,2.4192
2026-07-23,2.4197
2026-07-24,2.4176
2026-07-27,2.4211
2026-07-28,2.4149
2026-07-29,2.418
2026-07-30,2.4174
2026-07-31,2.4206
2026-08-03,2.417
2026-08-04,2.4227
2026-08-05,2.4276
2026-08-06,2.4275
2026-08-07,2.4303
2026-08-10,2.4305
2026-08-11,2.4285
2026-08-12,2.428
2026-08-13,2.4273
2026-08-14,2.4278
2026-08-17,2.4305
2026-08-18,2.4299
2026-08-19,2.4263
2026-08-20,2.4272
2026-08-21,2.4256
2026-08-24,2.4256
2026-08-25,2.4276
2026-08-26,2.4275
2026-08-27,2.429
2026-08-28,2.4284
