净值日期,累计净值
2003-12-02,1.0
2003-12-22,1.0008
2003-12-23,1.0009
2003-12-24,1.0012
2003-12-25,1.0012
2003-12-26,1.0013
2003-12-29,1.0015
2003-12-30,1.0015
2003-12-31,1.0015
2004-01-02,1.0016
2004-01-05,1.0018
2004-01-06,1.0017
2004-01-07,1.002
2004-01-08,1.0022
2004-01-09,1.0019
2004-01-12,1.002
2004-01-13,1.0022
2004-01-14,1.0022
2004-01-15,1.0022
2004-01-16,1.0033
2004-01-29,1.0059
2004-01-30,1.012
2004-02-02,1.0157
2004-02-03,1.0166
2004-02-04,1.0186
2004-02-05,1.0197
2004-02-06,1.0194
2004-02-09,1.0203
2004-02-10,1.0219
2004-02-11,1.0226
2004-02-12,1.0262
2004-02-13,1.0268
2004-02-16,1.0295
2004-02-17,1.032
2004-02-18,1.034
2004-02-19,1.0356
2004-02-20,1.0356
2004-02-23,1.0229
2004-02-24,1.0209
2004-02-25,1.0181
2004-02-26,1.0198
2004-02-27,1.0222
2004-03-01,1.0268
2004-03-02,1.0272
2004-03-03,1.0243
2004-03-04,1.0252
2004-03-05,1.0253
2004-03-08,1.0245
2004-03-09,1.0246
2004-03-10,1.0263
2004-03-11,1.0299
2004-03-12,1.0317
2004-03-15,1.035
2004-03-16,1.0363
2004-03-17,1.0376
2004-03-18,1.0359
2004-03-19,1.0378
2004-03-22,1.0381
2004-03-23,1.0377
2004-03-24,1.036
2004-03-25,1.0366
2004-03-26,1.0372
2004-03-29,1.036
2004-03-30,1.0353
2004-03-31,1.0388
2004-04-01,1.0414
2004-04-02,1.0501
2004-04-05,1.0568
2004-04-06,1.0585
2004-04-07,1.0635
2004-04-08,1.0646
2004-04-09,1.0548
2004-04-12,1.0522
2004-04-13,1.0516
2004-04-14,1.0407
2004-04-15,1.0392
2004-04-16,1.0398
2004-04-19,1.0376
2004-04-20,1.0336
2004-04-21,1.0278
2004-04-22,1.0253
2004-04-23,1.0222
2004-04-26,1.0219
2004-04-27,1.0196
2004-04-28,1.0143
2004-04-29,0.9988
2004-04-30,1.0052
2004-05-10,0.9986
2004-05-11,0.9963
2004-05-12,1.0028
2004-05-13,1.0025
2004-05-14,0.9992
2004-05-17,0.9993
2004-05-18,0.999
2004-05-19,1.0025
2004-05-20,1.0013
2004-05-21,1.0057
2004-05-24,1.0049
2004-05-25,1.0037
2004-05-26,1.003
2004-05-27,1.0061
2004-05-28,1.0074
2004-05-31,1.0073
2004-06-01,1.0102
2004-06-02,1.0093
2004-06-03,1.0091
2004-06-04,1.0074
2004-06-07,1.0043
2004-06-08,1.0025
2004-06-09,0.9982
2004-06-10,0.9991
2004-06-11,0.9983
2004-06-14,0.9969
2004-06-15,0.9972
2004-06-16,0.9978
2004-06-17,0.9947
2004-06-18,0.9929
2004-06-21,0.9905
2004-06-22,0.9921
2004-06-23,0.9923
2004-06-24,0.9918
2004-06-25,0.9907
2004-06-28,0.9902
2004-06-29,0.9923
2004-06-30,0.9938
2004-07-01,0.9978
2004-07-02,0.9981
2004-07-05,0.9976
2004-07-06,1.001
2004-07-07,1.0002
2004-07-08,1.0001
2004-07-09,0.9998
2004-07-12,0.9989
2004-07-13,0.9973
2004-07-14,0.9978
2004-07-15,0.9981
2004-07-16,1.0036
2004-07-19,1.0028
2004-07-20,0.9993
2004-07-21,0.9977
2004-07-22,0.9922
2004-07-23,0.9916
2004-07-26,0.9915
2004-07-27,0.9902
2004-07-28,0.9901
2004-07-29,0.9927
2004-07-30,0.994
2004-08-02,0.9947
2004-08-03,0.993
2004-08-04,0.9955
2004-08-05,0.9929
2004-08-06,0.9934
2004-08-09,0.9938
2004-08-10,0.9939
2004-08-11,0.9936
2004-08-12,0.9927
2004-08-13,0.9951
2004-08-16,0.9949
2004-08-17,0.9949
2004-08-18,0.9954
2004-08-19,0.9946
2004-08-20,0.995
2004-08-23,0.993
2004-08-24,0.9927
2004-08-25,0.9932
2004-08-26,0.9932
2004-08-27,0.9933
2004-08-30,0.992
2004-08-31,0.9926
2004-09-01,0.9912
2004-09-02,0.9897
2004-09-03,0.9869
2004-09-06,0.9866
2004-09-07,0.9864
2004-09-08,0.9862
2004-09-09,0.9848
2004-09-10,0.9865
2004-09-13,0.981
2004-09-14,0.9813
2004-09-15,0.9877
2004-09-16,0.9902
2004-09-17,0.9931
2004-09-20,1.0049
2004-09-21,1.0019
2004-09-22,0.9988
2004-09-23,0.9993
2004-09-24,1.0073
2004-09-27,1.0047
2004-09-28,1.0061
2004-09-29,1.0052
2004-09-30,1.0043
2004-10-08,1.0035
2004-10-11,1.0052
2004-10-12,1.0005
2004-10-13,0.9984
2004-10-14,0.992
2004-10-15,0.9915
2004-10-18,0.9931
2004-10-19,0.9935
2004-10-20,0.9913
2004-10-21,0.9919
2004-10-22,0.9949
2004-10-25,0.9948
2004-10-26,0.9898
2004-10-27,0.9897
2004-10-28,0.9919
2004-10-29,0.9908
2004-11-01,0.9888
2004-11-02,0.9897
2004-11-03,0.9894
2004-11-04,0.9868
2004-11-05,0.985
2004-11-08,0.984
2004-11-09,0.9851
2004-11-10,0.9884
2004-11-11,0.9895
2004-11-12,0.9883
2004-11-15,0.9894
2004-11-16,0.9917
2004-11-17,0.9896
2004-11-18,0.9923
2004-11-19,0.9936
2004-11-22,0.9951
2004-11-23,0.9948
2004-11-24,0.9937
2004-11-25,0.9931
2004-11-26,0.9938
2004-11-29,0.9936
2004-11-30,0.993
2004-12-01,0.9918
2004-12-02,0.9898
2004-12-03,0.9875
2004-12-06,0.9872
2004-12-07,0.9853
2004-12-08,0.9855
2004-12-09,0.9872
2004-12-10,0.9861
2004-12-13,0.985
2004-12-14,0.9853
2004-12-15,0.9835
2004-12-16,0.9804
2004-12-17,0.9783
2004-12-20,0.9752
2004-12-21,0.9736
2004-12-22,0.9752
2004-12-23,0.9723
2004-12-24,0.9709
2004-12-27,0.9706
2004-12-28,0.9717
2004-12-29,0.9713
2004-12-30,0.9733
2004-12-31,0.9758
2005-01-04,0.9705
2005-01-05,0.9722
2005-01-06,0.9719
2005-01-07,0.971
2005-01-10,0.9715
2005-01-11,0.9722
2005-01-12,0.9726
2005-01-13,0.9733
2005-01-14,0.9728
2005-01-17,0.9698
2005-01-18,0.9684
2005-01-19,0.9678
2005-01-20,0.9666
2005-01-21,0.9687
2005-01-24,0.9731
2005-01-25,0.974
2005-01-26,0.9751
2005-01-27,0.9739
2005-01-28,0.9733
2005-01-31,0.975
2005-02-01,0.976
2005-02-02,0.9843
2005-02-03,0.9862
2005-02-04,0.9905
2005-02-16,0.9931
2005-02-17,0.9921
2005-02-18,0.9895
2005-02-21,0.9934
2005-02-22,0.9972
2005-02-23,0.9984
2005-02-24,0.9973
2005-02-25,1.0017
2005-02-28,1.0006
2005-03-01,1.0
2005-03-02,0.9965
2005-03-03,0.9989
2005-03-04,0.9987
2005-03-07,0.9988
2005-03-08,1.0027
2005-03-09,1.0034
2005-03-10,1.0004
2005-03-11,1.0004
2005-03-14,1.0049
2005-03-15,1.0027
2005-03-16,1.0012
2005-03-17,0.9999
2005-03-18,0.9953
2005-03-21,0.9958
2005-03-22,0.9951
2005-03-23,0.9943
2005-03-24,0.9944
2005-03-25,0.9949
2005-03-28,0.9965
2005-03-29,0.9964
2005-03-30,0.9939
2005-03-31,0.9948
2005-04-01,1.0052
2005-04-04,1.0049
2005-04-05,1.0041
2005-04-06,1.0125
2005-04-07,1.0163
2005-04-08,1.0209
2005-04-11,1.0187
2005-04-12,1.0192
2005-04-13,1.0215
2005-04-14,1.0209
2005-04-15,1.0179
2005-04-18,1.0184
2005-04-19,1.0166
2005-04-20,1.0137
2005-04-21,1.0116
2005-04-22,1.0125
2005-04-25,1.0123
2005-04-26,1.013
2005-04-27,1.0143
2005-04-28,1.0179
2005-04-29,1.0176
2005-05-09,1.0151
2005-05-10,1.0154
2005-05-11,1.013
2005-05-12,1.0107
2005-05-13,1.0088
2005-05-16,1.006
2005-05-17,1.0066
2005-05-18,1.0057
2005-05-19,1.0066
2005-05-20,1.0059
2005-05-23,1.0034
2005-05-24,1.0043
2005-05-25,1.0047
2005-05-26,1.0015
2005-05-27,0.9997
2005-05-30,1.0
2005-05-31,0.9993
2005-06-01,0.9963
2005-06-02,0.9914
2005-06-03,0.9887
2005-06-06,0.9905
2005-06-07,0.9912
2005-06-08,1.0039
2005-06-09,1.0088
2005-06-10,1.0025
2005-06-13,1.0026
2005-06-14,1.0019
2005-06-15,1.0006
2005-06-16,1.0038
2005-06-17,1.0064
2005-06-20,1.0148
2005-06-21,1.0153
2005-06-22,1.0204
2005-06-23,1.0199
2005-06-24,1.0194
2005-06-27,1.0231
2005-06-28,1.021
2005-06-29,1.0199
2005-06-30,1.0172
2005-07-01,1.0144
2005-07-04,1.0134
2005-07-05,1.0128
2005-07-06,1.0128
2005-07-07,1.0127
2005-07-08,1.0101
2005-07-11,1.0125
2005-07-12,1.0161
2005-07-13,1.0154
2005-07-14,1.0156
2005-07-15,1.0152
2005-07-18,1.0135
2005-07-19,1.0131
2005-07-20,1.0145
2005-07-21,1.0135
2005-07-22,1.0162
2005-07-25,1.0172
2005-07-26,1.0204
2005-07-27,1.0237
2005-07-28,1.0244
2005-07-29,1.0252
2005-08-01,1.026
2005-08-02,1.0287
2005-08-03,1.0307
2005-08-04,1.0297
2005-08-05,1.0347
2005-08-08,1.0392
2005-08-09,1.0407
2005-08-10,1.0428
2005-08-11,1.0407
2005-08-12,1.0378
2005-08-15,1.0418
2005-08-16,1.041
2005-08-17,1.0409
2005-08-18,1.0316
2005-08-19,1.0317
2005-08-22,1.034
2005-08-23,1.0352
2005-08-24,1.0379
2005-08-25,1.0395
2005-08-26,1.0385
2005-08-29,1.0371
2005-08-30,1.0353
2005-08-31,1.0431
2005-09-01,1.0503
2005-09-02,1.0514
2005-09-05,1.0507
2005-09-06,1.0496
2005-09-07,1.0536
2005-09-08,1.0569
2005-09-09,1.0607
2005-09-12,1.0661
2005-09-13,1.0692
2005-09-14,1.0705
2005-09-15,1.0706
2005-09-16,1.0707
2005-09-19,1.0697
2005-09-20,1.0693
2005-09-21,1.0652
2005-09-22,1.0619
2005-09-23,1.0586
2005-09-26,1.0557
2005-09-27,1.0536
2005-09-28,1.0538
2005-09-29,1.0546
2005-09-30,1.0674
2005-10-10,1.0657
2005-10-11,1.0694
2005-10-12,1.0705
2005-10-13,1.0702
2005-10-14,1.0696
2005-10-17,1.0689
2005-10-18,1.0683
2005-10-19,1.0685
2005-10-20,1.0668
2005-10-21,1.0659
2005-10-24,1.0667
2005-10-25,1.0661
2005-10-26,1.065
2005-10-27,1.0664
2005-10-28,1.0654
2005-10-31,1.0652
2005-11-01,1.0646
2005-11-02,1.0659
2005-11-03,1.0675
2005-11-04,1.0677
2005-11-07,1.072
2005-11-08,1.0709
2005-11-09,1.0723
2005-11-10,1.0719
2005-11-11,1.0709
2005-11-14,1.0687
2005-11-15,1.0662
2005-11-16,1.0659
2005-11-17,1.0658
2005-11-18,1.0671
2005-11-21,1.0682
2005-11-22,1.0655
2005-11-23,1.0646
2005-11-24,1.0636
2005-11-25,1.0672
2005-11-28,1.0678
2005-11-29,1.0678
2005-11-30,1.0672
2005-12-01,1.0665
2005-12-02,1.0666
2005-12-05,1.0664
2005-12-06,1.067
2005-12-07,1.0684
2005-12-08,1.0685
2005-12-09,1.0696
2005-12-12,1.07
2005-12-13,1.0695
2005-12-14,1.0672
2005-12-15,1.0736
2005-12-16,1.0747
2005-12-19,1.0768
2005-12-20,1.0775
2005-12-21,1.0776
2005-12-22,1.0786
2005-12-23,1.0817
2005-12-26,1.0861
2005-12-27,1.0863
2005-12-28,1.0881
2005-12-29,1.0889
2005-12-30,1.0858
2005-12-31,1.0859
2006-01-04,1.0984
2006-01-05,1.1018
2006-01-06,1.1066
2006-01-09,1.1071
2006-01-10,1.1116
2006-01-11,1.1135
2006-01-12,1.1174
2006-01-13,1.1187
2006-01-16,1.116
2006-01-17,1.1198
2006-01-18,1.1284
2006-01-19,1.1312
2006-01-20,1.1326
2006-01-23,1.134
2006-01-24,1.1328
2006-01-25,1.1336
2006-02-06,1.1353
2006-02-07,1.1377
2006-02-08,1.1405
2006-02-09,1.141
2006-02-10,1.1424
2006-02-13,1.1381
2006-02-14,1.1344
2006-02-15,1.1342
2006-02-16,1.1285
2006-02-17,1.127
2006-02-20,1.1278
2006-02-21,1.1295
2006-02-22,1.1298
2006-02-23,1.1297
2006-02-24,1.131
2006-02-27,1.1381
2006-02-28,1.1395
2006-03-01,1.1395
2006-03-02,1.1338
2006-03-03,1.1319
2006-03-06,1.131
2006-03-07,1.1283
2006-03-08,1.1268
2006-03-09,1.1269
2006-03-10,1.1283
2006-03-13,1.1302
2006-03-14,1.1302
2006-03-15,1.1302
2006-03-16,1.1298
2006-03-17,1.1302
2006-03-20,1.1315
2006-03-21,1.1317
2006-03-22,1.1311
2006-03-23,1.1317
2006-03-24,1.1309
2006-03-27,1.1317
2006-03-28,1.131
2006-03-29,1.1322
2006-03-30,1.1313
2006-03-31,1.1555
2006-04-03,1.1626
2006-04-04,1.1646
2006-04-05,1.1678
2006-04-06,1.1715
2006-04-07,1.1749
2006-04-10,1.1757
2006-04-11,1.1775
2006-04-12,1.1756
2006-04-13,1.1694
2006-04-14,1.1724
2006-04-17,1.1742
2006-04-18,1.1779
2006-04-19,1.1805
2006-04-20,1.1792
2006-04-21,1.1787
2006-04-24,1.1789
2006-04-25,1.1837
2006-04-26,1.1827
2006-04-27,1.1839
2006-04-28,1.1854
2006-05-08,1.1909
2006-05-09,1.1953
2006-05-10,1.1984
2006-05-11,1.199
2006-05-12,1.2086
2006-05-15,1.226
2006-05-16,1.2283
2006-05-17,1.2275
2006-05-18,1.2265
2006-05-19,1.2326
2006-05-22,1.2361
2006-05-23,1.2267
2006-05-24,1.22
2006-05-25,1.213
2006-05-26,1.2163
2006-05-29,1.2263
2006-05-30,1.2286
2006-05-31,1.23
2006-06-01,1.2396
2006-06-02,1.2452
2006-06-05,1.2537
2006-06-06,1.2523
2006-06-07,1.2347
2006-06-08,1.2336
2006-06-09,1.2327
2006-06-12,1.2316
2006-06-13,1.2254
2006-06-14,1.2221
2006-06-15,1.224
2006-06-16,1.2292
2006-06-19,1.2366
2006-06-20,1.2412
2006-06-21,1.2392
2006-06-22,1.2424
2006-06-23,1.2545
2006-06-26,1.2563
2006-06-27,1.2589
2006-06-28,1.2601
2006-06-29,1.2648
2006-06-30,1.262
2006-07-03,1.2678
2006-07-04,1.2636
2006-07-05,1.2601
2006-07-06,1.2711
2006-07-07,1.2754
2006-07-10,1.2768
2006-07-11,1.2794
2006-07-12,1.281
2006-07-13,1.2642
2006-07-14,1.2681
2006-07-17,1.2729
2006-07-18,1.2724
2006-07-19,1.2617
2006-07-20,1.2627
2006-07-21,1.2613
2006-07-24,1.262
2006-07-25,1.2712
2006-07-26,1.2682
2006-07-27,1.2655
2006-07-28,1.2606
2006-07-31,1.2502
2006-08-01,1.2476
2006-08-02,1.2467
2006-08-03,1.2433
2006-08-04,1.2375
2006-08-07,1.2349
2006-08-08,1.2394
2006-08-09,1.2412
2006-08-10,1.2454
2006-08-11,1.2461
2006-08-14,1.2403
2006-08-15,1.245
2006-08-16,1.2493
2006-08-17,1.2474
2006-08-18,1.2457
2006-08-21,1.2449
2006-08-22,1.25
2006-08-23,1.2497
2006-08-24,1.2503
2006-08-25,1.2537
2006-08-28,1.2609
2006-08-29,1.2616
2006-08-30,1.2637
2006-08-31,1.2654
2006-09-01,1.2602
2006-09-04,1.2649
2006-09-05,1.2653
2006-09-06,1.2664
2006-09-07,1.264
2006-09-08,1.2628
2006-09-11,1.2602
2006-09-12,1.2618
2006-09-13,1.2589
2006-09-14,1.2588
2006-09-15,1.2627
2006-09-18,1.264
2006-09-19,1.267
2006-09-20,1.2655
2006-09-21,1.2654
2006-09-22,1.2625
2006-09-25,1.2635
2006-09-26,1.2611
2006-09-27,1.2629
2006-09-28,1.2653
2006-09-29,1.2688
2006-09-30,1.2689
2006-10-09,1.2711
2006-10-10,1.2711
2006-10-11,1.2693
2006-10-12,1.2672
2006-10-13,1.2686
2006-10-16,1.2653
2006-10-17,1.2654
2006-10-18,1.2688
2006-10-19,1.2703
2006-10-20,1.2702
2006-10-23,1.265
2006-10-24,1.2676
2006-10-25,1.2694
2006-10-26,1.2693
2006-10-27,1.2679
2006-10-30,1.2674
2006-10-31,1.2701
2006-11-01,1.2717
2006-11-02,1.2734
2006-11-03,1.2744
2006-11-06,1.2766
2006-11-07,1.2765
2006-11-08,1.2755
2006-11-09,1.2779
2006-11-10,1.2771
2006-11-13,1.2749
2006-11-14,1.2761
2006-11-15,1.2801
2006-11-16,1.2804
2006-11-17,1.2822
2006-11-20,1.2832
2006-11-21,1.2844
2006-11-22,1.2838
2006-11-23,1.2872
2006-11-24,1.288
2006-11-27,1.2881
2006-11-28,1.2876
2006-11-29,1.2865
2006-11-30,1.2988
2006-12-01,1.3039
2006-12-04,1.3081
2006-12-05,1.3135
2006-12-06,1.3149
2006-12-07,1.3226
2006-12-08,1.3157
2006-12-11,1.3196
2006-12-12,1.321
2006-12-13,1.3219
2006-12-14,1.3232
2006-12-15,1.3286
2006-12-18,1.3338
2006-12-19,1.3341
2006-12-20,1.3349
2006-12-21,1.3343
2006-12-22,1.337
2006-12-25,1.3402
2006-12-26,1.3381
2006-12-27,1.3415
2006-12-28,1.3418
2006-12-29,1.3489
2006-12-31,1.3489
2007-01-04,1.3523
2007-01-05,1.355
2007-01-08,1.3599
2007-01-09,1.3684
2007-01-10,1.3753
2007-01-11,1.3754
2007-01-12,1.3711
2007-01-15,1.3802
2007-01-16,1.3857
2007-01-17,1.3785
2007-01-18,1.3783
2007-01-19,1.3895
2007-01-22,1.4027
2007-01-23,1.4029
2007-01-24,1.4104
2007-01-25,1.4003
2007-01-26,1.4042
2007-01-29,1.4151
2007-01-30,1.4104
2007-01-31,1.3985
2007-02-01,1.3978
2007-02-02,1.3909
2007-02-05,1.3932
2007-02-06,1.3938
2007-02-07,1.3985
2007-02-08,1.4049
2007-02-09,1.4067
2007-02-12,1.4163
2007-02-13,1.4235
2007-02-14,1.4331
2007-02-15,1.4409
2007-02-16,1.4439
2007-02-26,1.4496
2007-02-27,1.4302
2007-02-28,1.435
2007-03-01,1.4343
2007-03-02,1.4434
2007-03-05,1.4394
2007-03-06,1.4417
2007-03-07,1.4487
2007-03-08,1.4514
2007-03-09,1.4517
2007-03-12,1.4549
2007-03-13,1.4587
2007-03-14,1.46
2007-03-15,1.4621
2007-03-16,1.4606
2007-03-19,1.4626
2007-03-20,1.4628
2007-03-21,1.4659
2007-03-22,1.4683
2007-03-23,1.4683
2007-03-26,1.4729
2007-03-27,1.4757
2007-03-28,1.4773
2007-03-29,1.4755
2007-03-30,1.4749
2007-03-31,1.475
2007-04-02,1.478
2007-04-03,1.4811
2007-04-04,1.4841
2007-04-05,1.4884
2007-04-06,1.4925
2007-04-09,1.4965
2007-04-10,1.4986
2007-04-11,1.5001
2007-04-12,1.5053
2007-04-13,1.506
2007-04-16,1.5114
2007-04-17,1.5185
2007-04-18,1.5255
2007-04-19,1.5188
2007-04-20,1.5277
2007-04-23,1.5359
2007-04-24,1.5381
2007-04-25,1.5357
2007-04-26,1.5422
2007-04-27,1.5496
2007-04-30,1.5507
2007-05-08,1.5551
2007-05-09,1.5562
2007-05-10,1.5591
2007-05-11,1.5567
2007-05-14,1.5564
2007-05-15,1.5517
2007-05-16,1.5543
2007-05-17,1.5595
2007-05-18,1.5591
2007-05-21,1.5609
2007-05-22,1.5641
2007-05-23,1.5679
2007-05-24,1.5663
2007-05-25,1.5735
2007-05-28,1.5804
2007-05-29,1.5845
2007-05-30,1.5722
2007-05-31,1.5723
2007-06-01,1.5621
2007-06-04,1.5476
2007-06-05,1.5468
2007-06-06,1.5519
2007-06-07,1.5557
2007-06-08,1.5561
2007-06-11,1.5567
2007-06-12,1.5625
2007-06-13,1.5714
2007-06-14,1.5687
2007-06-15,1.569
2007-06-18,1.5735
2007-06-19,1.5753
2007-06-20,1.5729
2007-06-21,1.5731
2007-06-22,1.5683
2007-06-25,1.5638
2007-06-26,1.5673
2007-06-27,1.5703
2007-06-28,1.5658
2007-06-29,1.5626
2007-06-30,1.5626
2007-07-02,1.5602
2007-07-03,1.5616
2007-07-04,1.5599
2007-07-05,1.5561
2007-07-06,1.5598
2007-07-09,1.5627
2007-07-10,1.5606
2007-07-11,1.5594
2007-07-12,1.5631
2007-07-13,1.5614
2007-07-16,1.5596
2007-07-17,1.5617
2007-07-18,1.563
2007-07-19,1.5688
2007-07-20,1.5753
2007-07-23,1.5831
2007-07-24,1.5862
2007-07-25,1.5919
2007-07-26,1.5926
2007-07-27,1.5942
2007-07-30,1.5975
2007-07-31,1.6
2007-08-01,1.5943
2007-08-02,1.598
2007-08-03,1.6028
2007-08-06,1.606
2007-08-07,1.6083
2007-08-08,1.6089
2007-08-09,1.6103
2007-08-10,1.6105
2007-08-13,1.6134
2007-08-14,1.6152
2007-08-15,1.6153
2007-08-16,1.618
2007-08-17,1.6168
2007-08-20,1.6217
2007-08-21,1.6252
2007-08-22,1.6259
2007-08-23,1.6281
2007-08-24,1.6317
2007-08-27,1.6326
2007-08-28,1.6325
2007-08-29,1.6298
2007-08-30,1.6356
2007-08-31,1.638
2007-09-03,1.6431
2007-09-04,1.6421
2007-09-05,1.6427
2007-09-06,1.6488
2007-09-07,1.6471
2007-09-10,1.6498
2007-09-11,1.6435
2007-09-12,1.6445
2007-09-13,1.6482
2007-09-14,1.6507
2007-09-17,1.6565
2007-09-18,1.6576
2007-09-19,1.6569
2007-09-20,1.6606
2007-09-21,1.6608
2007-09-24,1.659
2007-09-25,1.6621
2007-09-26,1.6601
2007-09-27,1.6644
2007-09-28,1.6792
2007-09-30,1.6791
2007-10-08,1.6828
2007-10-09,1.7032
2007-10-10,1.7102
2007-10-11,1.7204
2007-10-12,1.7286
2007-10-15,1.7286
2007-10-16,1.7283
2007-10-17,1.7231
2007-10-18,1.7128
2007-10-19,1.7134
2007-10-22,1.7056
2007-10-23,1.7078
2007-10-24,1.7095
2007-10-25,1.7022
2007-10-26,1.7008
2007-10-29,1.7043
2007-10-30,1.7098
2007-10-31,1.7118
2007-11-01,1.7103
2007-11-02,1.7054
2007-11-05,1.7217
2007-11-06,1.7175
2007-11-07,1.7174
2007-11-08,1.711
2007-11-09,1.7087
2007-11-12,1.7012
2007-11-13,1.7022
2007-11-14,1.7092
2007-11-15,1.7059
2007-11-16,1.7036
2007-11-19,1.7023
2007-11-20,1.7038
2007-11-21,1.7037
2007-11-22,1.6985
2007-11-23,1.6991
2007-11-26,1.6983
2007-11-27,1.6967
2007-11-28,1.6959
2007-11-29,1.7025
2007-11-30,1.6981
2007-12-03,1.707
2007-12-04,1.7066
2007-12-05,1.7114
2007-12-06,1.7106
2007-12-07,1.7129
2007-12-10,1.7168
2007-12-11,1.717
2007-12-12,1.7199
2007-12-13,1.7154
2007-12-14,1.7153
2007-12-17,1.7125
2007-12-18,1.7126
2007-12-19,1.7201
2007-12-20,1.7242
2007-12-21,1.7291
2007-12-24,1.7344
2007-12-25,1.7407
2007-12-26,1.7412
2007-12-27,1.7438
2007-12-28,1.7443
2007-12-29,1.7443
2007-12-31,1.7445
2008-01-02,1.7442
2008-01-03,1.7435
2008-01-04,1.7456
2008-01-07,1.749
2008-01-08,1.7495
2008-01-09,1.7513
2008-01-10,1.7531
2008-01-11,1.7531
2008-01-14,1.7534
2008-01-15,1.7527
2008-01-16,1.749
2008-01-17,1.7444
2008-01-18,1.7409
2008-01-21,1.7376
2008-01-22,1.727
2008-01-23,1.7327
2008-01-24,1.735
2008-01-25,1.7367
2008-01-28,1.7299
2008-01-29,1.7309
2008-01-30,1.7303
2008-01-31,1.7289
2008-02-01,1.7318
2008-02-04,1.7424
2008-02-05,1.7411
2008-02-13,1.7385
2008-02-14,1.7404
2008-02-15,1.7395
2008-02-18,1.7425
2008-02-19,1.7449
2008-02-20,1.7418
2008-02-21,1.7409
2008-02-22,1.7368
2008-02-25,1.7315
2008-02-26,1.7317
2008-02-27,1.7322
2008-02-28,1.7311
2008-02-29,1.7319
2008-03-03,1.7342
2008-03-04,1.7338
2008-03-05,1.7321
2008-03-06,1.7334
2008-03-07,1.7328
2008-03-10,1.7313
2008-03-11,1.7314
2008-03-12,1.7294
2008-03-13,1.7284
2008-03-14,1.7274
2008-03-17,1.722
2008-03-18,1.7205
2008-03-19,1.7224
2008-03-20,1.7246
2008-03-21,1.7249
2008-03-24,1.7231
2008-03-25,1.7237
2008-03-26,1.7241
2008-03-27,1.7206
2008-03-28,1.7223
2008-03-31,1.7217
2008-04-01,1.7201
2008-04-02,1.7203
2008-04-03,1.7213
2008-04-07,1.7226
2008-04-08,1.7227
2008-04-09,1.7208
2008-04-10,1.7219
2008-04-11,1.722
2008-04-14,1.7203
2008-04-15,1.721
2008-04-16,1.7208
2008-04-17,1.722
2008-04-18,1.7203
2008-04-21,1.7208
2008-04-22,1.721
2008-04-23,1.7224
2008-04-24,1.7263
2008-04-25,1.7353
2008-04-28,1.7328
2008-04-29,1.7322
2008-04-30,1.7316
2008-05-05,1.7346
2008-05-06,1.7343
2008-05-07,1.7318
2008-05-08,1.7338
2008-05-09,1.7331
2008-05-12,1.7331
2008-05-13,1.7323
2008-05-14,1.7339
2008-05-15,1.7336
2008-05-16,1.7332
2008-05-19,1.7335
2008-05-20,1.7312
2008-05-21,1.7399
2008-05-22,1.7342
2008-05-23,1.7319
2008-05-26,1.7295
2008-05-27,1.7293
2008-05-28,1.732
2008-05-29,1.732
2008-05-30,1.7332
2008-06-02,1.7348
2008-06-03,1.7325
2008-06-04,1.7309
2008-06-05,1.7278
2008-06-06,1.7289
2008-06-10,1.7194
2008-06-11,1.7187
2008-06-12,1.7182
2008-06-13,1.7171
2008-06-16,1.7185
2008-06-17,1.717
2008-06-18,1.7199
2008-06-19,1.7131
2008-06-20,1.7122
2008-06-23,1.7099
2008-06-24,1.7093
2008-06-25,1.7117
2008-06-26,1.712
2008-06-27,1.7083
2008-06-30,1.7068
2008-07-01,1.7046
2008-07-02,1.7046
2008-07-03,1.7066
2008-07-04,1.7047
2008-07-07,1.708
2008-07-08,1.7078
2008-07-09,1.71
2008-07-10,1.7117
2008-07-11,1.7115
2008-07-14,1.7123
2008-07-15,1.7104
2008-07-16,1.7091
2008-07-17,1.7093
2008-07-18,1.7096
2008-07-21,1.7103
2008-07-22,1.7101
2008-07-23,1.7104
2008-07-24,1.7113
2008-07-25,1.7113
2008-07-28,1.7115
2008-07-29,1.711
2008-07-30,1.7115
2008-07-31,1.711
2008-08-01,1.711
2008-08-04,1.71
2008-08-05,1.7088
2008-08-06,1.7089
2008-08-07,1.7094
2008-08-08,1.7102
2008-08-11,1.7095
2008-08-12,1.7102
2008-08-13,1.7116
2008-08-14,1.712
2008-08-15,1.7106
2008-08-18,1.7127
2008-08-19,1.7137
2008-08-20,1.7138
2008-08-21,1.7139
2008-08-22,1.7139
2008-08-25,1.7141
2008-08-26,1.7138
2008-08-27,1.714
2008-08-28,1.7146
2008-08-29,1.7164
2008-09-01,1.7176
2008-09-02,1.7179
2008-09-03,1.7178
2008-09-04,1.7185
2008-09-05,1.7193
2008-09-08,1.7192
2008-09-09,1.7195
2008-09-10,1.7213
2008-09-11,1.7217
2008-09-12,1.725
2008-09-16,1.7326
2008-09-17,1.7362
2008-09-18,1.7352
2008-09-19,1.7348
2008-09-22,1.7342
2008-09-23,1.7346
2008-09-24,1.7355
2008-09-25,1.7375
2008-09-26,1.7374
2008-09-30,1.7374
2008-10-06,1.7365
2008-10-07,1.7411
2008-10-08,1.7482
2008-10-09,1.7557
2008-10-10,1.7568
2008-10-13,1.7562
2008-10-14,1.7559
2008-10-15,1.7561
2008-10-16,1.7563
2008-10-17,1.7548
2008-10-20,1.7526
2008-10-21,1.7537
2008-10-22,1.7536
2008-10-23,1.75
2008-10-24,1.749
2008-10-27,1.7437
2008-10-28,1.7408
2008-10-29,1.743
2008-10-30,1.7456
2008-10-31,1.7447
2008-11-03,1.7436
2008-11-04,1.744
2008-11-05,1.7458
2008-11-06,1.7487
2008-11-07,1.7502
2008-11-10,1.7529
2008-11-11,1.7541
2008-11-12,1.7572
2008-11-13,1.7591
2008-11-14,1.7582
2008-11-17,1.7565
2008-11-18,1.7552
2008-11-19,1.7535
2008-11-20,1.7538
2008-11-21,1.7557
2008-11-24,1.7552
2008-11-25,1.7532
2008-11-26,1.7542
2008-11-27,1.7611
2008-11-28,1.7604
2008-12-01,1.7602
2008-12-02,1.7621
2008-12-03,1.7642
2008-12-04,1.766
2008-12-05,1.7698
2008-12-08,1.77
2008-12-09,1.7682
2008-12-10,1.7703
2008-12-11,1.7732
2008-12-12,1.776
2008-12-15,1.7782
2008-12-16,1.7801
2008-12-17,1.7849
2008-12-18,1.7886
2008-12-19,1.7906
2008-12-22,1.7869
2008-12-23,1.7841
2008-12-24,1.7848
2008-12-25,1.7842
2008-12-26,1.7869
2008-12-29,1.7874
2008-12-30,1.788
2008-12-31,1.7882
2009-01-05,1.7926
2009-01-06,1.7945
2009-01-07,1.7946
2009-01-08,1.798
2009-01-09,1.7994
2009-01-12,1.7986
2009-01-13,1.7964
2009-01-14,1.7924
2009-01-15,1.7896
2009-01-16,1.7873
2009-01-19,1.7875
2009-01-20,1.7851
2009-01-21,1.7836
2009-01-22,1.7876
2009-01-23,1.7899
2009-02-02,1.7897
2009-02-03,1.7892
2009-02-04,1.7855
2009-02-05,1.7822
2009-02-06,1.7834
2009-02-09,1.7849
2009-02-10,1.786
2009-02-11,1.7883
2009-02-12,1.7919
2009-02-13,1.7959
2009-02-16,1.7985
2009-02-17,1.796
2009-02-18,1.7933
2009-02-19,1.7949
2009-02-20,1.7973
2009-02-23,1.7996
2009-02-24,1.8016
2009-02-25,1.8079
2009-02-26,1.8083
2009-02-27,1.8061
2009-03-02,1.8076
2009-03-03,1.8082
2009-03-04,1.8096
2009-03-05,1.8122
2009-03-06,1.8126
2009-03-09,1.8118
2009-03-10,1.8131
2009-03-11,1.814
2009-03-12,1.8148
2009-03-13,1.8149
2009-03-16,1.8156
2009-03-17,1.8182
2009-03-18,1.8194
2009-03-19,1.824
2009-03-20,1.827
2009-03-23,1.8286
2009-03-24,1.8299
2009-03-25,1.828
2009-03-26,1.8271
2009-03-27,1.8278
2009-03-30,1.827
2009-03-31,1.8275
2009-04-01,1.8286
2009-04-02,1.8299
2009-04-03,1.8289
2009-04-07,1.8273
2009-04-08,1.8239
2009-04-09,1.8237
2009-04-10,1.8248
2009-04-13,1.8246
2009-04-14,1.8241
2009-04-15,1.8253
2009-04-16,1.8258
2009-04-17,1.8269
2009-04-20,1.8278
2009-04-21,1.8282
2009-04-22,1.8273
2009-04-23,1.8276
2009-04-24,1.8264
2009-04-27,1.8247
2009-04-28,1.8253
2009-04-29,1.8283
2009-04-30,1.8293
2009-05-04,1.8315
2009-05-05,1.8322
2009-05-06,1.8328
2009-05-07,1.8334
2009-05-08,1.8345
2009-05-11,1.8344
2009-05-12,1.8359
2009-05-13,1.8398
2009-05-14,1.8404
2009-05-15,1.8414
2009-05-18,1.8431
2009-05-19,1.8452
2009-05-20,1.8462
2009-05-21,1.8435
2009-05-22,1.842
2009-05-25,1.8409
2009-05-26,1.8423
2009-05-27,1.8434
2009-06-01,1.8445
2009-06-02,1.8453
2009-06-03,1.8454
2009-06-04,1.8452
2009-06-05,1.8459
2009-06-08,1.8454
2009-06-09,1.8437
2009-06-10,1.8449
2009-06-11,1.8447
2009-06-12,1.8437
2009-06-15,1.8434
2009-06-16,1.8434
2009-06-17,1.8437
2009-06-18,1.8431
2009-06-19,1.8425
2009-06-22,1.8423
2009-06-23,1.8417
2009-06-24,1.8415
2009-06-25,1.8417
2009-06-26,1.8429
2009-06-29,1.8449
2009-06-30,1.8457
2009-07-01,1.8482
2009-07-02,1.8498
2009-07-03,1.8527
2009-07-06,1.8544
2009-07-07,1.8556
2009-07-08,1.8555
2009-07-09,1.8557
2009-07-10,1.859
2009-07-13,1.858
2009-07-14,1.8584
2009-07-15,1.8606
2009-07-16,1.8636
2009-07-17,1.8653
2009-07-20,1.87
2009-07-21,1.8673
2009-07-22,1.8673
2009-07-23,1.8669
2009-07-24,1.867
2009-07-27,1.8761
2009-07-28,1.8818
2009-07-29,1.8842
2009-07-30,1.8852
2009-07-31,1.8902
2009-08-03,1.8929
2009-08-04,1.8938
2009-08-05,1.8936
2009-08-06,1.8873
2009-08-07,1.8766
2009-08-10,1.8746
2009-08-11,1.8751
2009-08-12,1.8691
2009-08-13,1.8709
2009-08-14,1.8681
2009-08-17,1.8612
2009-08-18,1.8647
2009-08-19,1.858
2009-08-20,1.8622
2009-08-21,1.8639
2009-08-24,1.8648
2009-08-25,1.8623
2009-08-26,1.8631
2009-08-27,1.862
2009-08-28,1.859
2009-08-31,1.8538
2009-09-01,1.8541
2009-09-02,1.8539
2009-09-03,1.8573
2009-09-04,1.857
2009-09-07,1.8575
2009-09-08,1.8571
2009-09-09,1.8584
2009-09-10,1.8589
2009-09-11,1.8606
2009-09-14,1.8635
2009-09-15,1.8629
2009-09-16,1.8623
2009-09-17,1.8642
2009-09-18,1.8623
2009-09-21,1.8639
2009-09-22,1.8598
2009-09-23,1.8576
2009-09-24,1.8557
2009-09-25,1.8547
2009-09-28,1.8507
2009-09-29,1.8495
2009-09-30,1.8512
2009-10-09,1.8557
2009-10-12,1.853
2009-10-13,1.8525
2009-10-14,1.8567
2009-10-15,1.8561
2009-10-16,1.8558
2009-10-19,1.8586
2009-10-20,1.8614
2009-10-21,1.8632
2009-10-22,1.8631
2009-10-23,1.864
2009-10-26,1.8639
2009-10-27,1.8596
2009-10-28,1.8608
2009-10-29,1.8561
2009-10-30,1.8678
2009-11-02,1.8691
2009-11-03,1.8715
2009-11-04,1.8735
2009-11-05,1.8753
2009-11-06,1.8779
2009-11-09,1.879
2009-11-10,1.8791
2009-11-11,1.879
2009-11-12,1.8806
2009-11-13,1.8816
2009-11-16,1.8828
2009-11-17,1.884
2009-11-18,1.8847
2009-11-19,1.8874
2009-11-20,1.8885
2009-11-23,1.8898
2009-11-24,1.8854
2009-11-25,1.8888
2009-11-26,1.8846
2009-11-27,1.8843
2009-11-30,1.8905
2009-12-01,1.8947
2009-12-02,1.8969
2009-12-03,1.8993
2009-12-04,1.8968
2009-12-07,1.8995
2009-12-08,1.8993
2009-12-09,1.8973
2009-12-10,1.897
2009-12-11,1.898
2009-12-14,1.897
2009-12-15,1.8963
2009-12-16,1.8943
2009-12-17,1.8896
2009-12-18,1.8876
2009-12-21,1.8889
2009-12-22,1.8858
2009-12-23,1.887
2009-12-24,1.889
2009-12-25,1.8909
2009-12-28,1.8914
2009-12-29,1.8917
2009-12-30,1.8934
2009-12-31,1.8964
2010-01-04,1.8959
2010-01-05,1.896
2010-01-06,1.8959
2010-01-07,1.8949
2010-01-08,1.8954
2010-01-11,1.8964
2010-01-12,1.9009
2010-01-13,1.901
2010-01-14,1.9064
2010-01-15,1.9069
2010-01-18,1.9095
2010-01-19,1.9092
2010-01-20,1.9043
2010-01-21,1.9035
2010-01-22,1.8999
2010-01-25,1.8927
2010-01-26,1.8863
2010-01-27,1.8888
2010-01-28,1.8913
2010-01-29,1.8913
2010-02-01,1.89
2010-02-02,1.8909
2010-02-03,1.8914
2010-02-04,1.8909
2010-02-05,1.8905
2010-02-08,1.89
2010-02-09,1.8899
2010-02-10,1.8917
2010-02-11,1.8925
2010-02-12,1.8965
2010-02-22,1.8955
2010-02-23,1.8977
2010-02-24,1.901
2010-02-25,1.9032
2010-02-26,1.9051
2010-03-01,1.9086
2010-03-02,1.9087
2010-03-03,1.9125
2010-03-04,1.9078
2010-03-05,1.9109
2010-03-08,1.9125
2010-03-09,1.9115
2010-03-10,1.9112
2010-03-11,1.9126
2010-03-12,1.9132
2010-03-15,1.9104
2010-03-16,1.9109
2010-03-17,1.9154
2010-03-18,1.9164
2010-03-19,1.9191
2010-03-22,1.9202
2010-03-23,1.9217
2010-03-24,1.9241
2010-03-25,1.9234
2010-03-26,1.9236
2010-03-29,1.927
2010-03-30,1.9281
2010-03-31,1.9299
2010-04-01,1.9345
2010-04-02,1.9363
2010-04-06,1.9388
2010-04-07,1.9382
2010-04-08,1.9361
2010-04-09,1.9414
2010-04-12,1.9417
2010-04-13,1.9394
2010-04-14,1.9396
2010-04-15,1.9366
2010-04-16,1.9357
2010-04-19,1.9311
2010-04-20,1.9327
2010-04-21,1.9403
2010-04-22,1.9426
2010-04-23,1.9427
2010-04-26,1.9418
2010-04-27,1.937
2010-04-28,1.9367
2010-04-29,1.9341
2010-04-30,1.9326
2010-05-04,1.9315
2010-05-05,1.9359
2010-05-06,1.9301
2010-05-07,1.926
2010-05-10,1.9228
2010-05-11,1.9214
2010-05-12,1.9202
2010-05-13,1.9234
2010-05-14,1.924
2010-05-17,1.9198
2010-05-18,1.9209
2010-05-19,1.9241
2010-05-20,1.9225
2010-05-21,1.9251
2010-05-24,1.9288
2010-05-25,1.9275
2010-05-26,1.9263
2010-05-27,1.9287
2010-05-28,1.9275
2010-05-31,1.9224
2010-06-01,1.9187
2010-06-02,1.9203
2010-06-03,1.9209
2010-06-04,1.9226
2010-06-07,1.9252
2010-06-08,1.9267
2010-06-09,1.9286
2010-06-10,1.9299
2010-06-11,1.931
2010-06-17,1.9276
2010-06-18,1.9193
2010-06-21,1.923
2010-06-22,1.9239
2010-06-23,1.9251
2010-06-24,1.9251
2010-06-25,1.9236
2010-06-28,1.9227
2010-06-29,1.917
2010-06-30,1.9161
2010-07-01,1.9149
2010-07-02,1.9137
2010-07-05,1.9139
2010-07-06,1.9171
2010-07-07,1.9178
2010-07-08,1.9196
2010-07-09,1.9237
2010-07-12,1.9249
2010-07-13,1.9243
2010-07-14,1.9247
2010-07-15,1.9231
2010-07-16,1.9244
2010-07-19,1.9286
2010-07-20,1.9331
2010-07-21,1.9344
2010-07-22,1.9363
2010-07-23,1.9375
2010-07-26,1.9385
2010-07-27,1.9375
2010-07-28,1.941
2010-07-29,1.9418
2010-07-30,1.9419
2010-08-02,1.9439
2010-08-03,1.9465
2010-08-04,1.9477
2010-08-05,1.9481
2010-08-06,1.9525
2010-08-09,1.9551
2010-08-10,1.9527
2010-08-11,1.9543
2010-08-12,1.9547
2010-08-13,1.9571
2010-08-16,1.9691
2010-08-17,1.9704
2010-08-18,1.9711
2010-08-19,1.9715
2010-08-20,1.9712
2010-08-23,1.9727
2010-08-24,1.9747
2010-08-25,1.9718
2010-08-26,1.9731
2010-08-27,1.9748
2010-08-30,1.9778
2010-08-31,1.9809
2010-09-01,1.9792
2010-09-02,1.9853
2010-09-03,1.9869
2010-09-06,1.9892
2010-09-07,1.9903
2010-09-08,1.993
2010-09-09,1.9908
2010-09-10,1.9919
2010-09-13,1.9913
2010-09-14,1.9896
2010-09-15,1.9843
2010-09-16,1.9799
2010-09-17,1.9798
2010-09-20,1.9773
2010-09-21,1.9759
2010-09-27,1.9779
2010-09-28,1.9747
2010-09-29,1.973
2010-09-30,1.9785
2010-10-08,1.9858
2010-10-11,1.9916
2010-10-12,1.9935
2010-10-13,1.9934
2010-10-14,1.9963
2010-10-15,2.002
2010-10-18,2.0096
2010-10-19,2.0111
2010-10-20,2.004
2010-10-21,1.9954
2010-10-22,1.9988
2010-10-25,2.008
2010-10-26,2.0059
2010-10-27,2.0046
2010-10-28,2.0049
2010-10-29,2.0053
2010-11-01,2.0147
2010-11-02,2.0117
2010-11-03,2.0052
2010-11-04,2.0074
2010-11-05,2.0152
2010-11-08,2.0187
2010-11-09,2.0146
2010-11-10,2.0123
2010-11-11,2.0128
2010-11-12,1.9919
2010-11-15,1.9973
2010-11-16,1.9847
2010-11-17,1.9759
2010-11-18,1.9791
2010-11-19,1.9843
2010-11-22,1.9816
2010-11-23,1.9758
2010-11-24,1.9792
2010-11-25,1.9839
2010-11-26,1.9837
2010-11-29,1.9822
2010-11-30,1.977
2010-12-01,1.9778
2010-12-02,1.9829
2010-12-03,1.9834
2010-12-06,1.9815
2010-12-07,1.9847
2010-12-08,1.9846
2010-12-09,1.9822
2010-12-10,1.9843
2010-12-13,1.993
2010-12-14,1.9942
2010-12-15,1.9925
2010-12-16,1.9932
2010-12-17,1.9938
2010-12-20,1.9916
2010-12-21,1.9929
2010-12-22,1.9907
2010-12-23,1.9867
2010-12-24,1.9831
2010-12-27,1.9773
2010-12-28,1.971
2010-12-29,1.9728
2010-12-30,1.9759
2010-12-31,1.9927
2011-01-04,1.9944
2011-01-05,1.9935
2011-01-06,1.9905
2011-01-07,1.9921
2011-01-10,1.9904
2011-01-11,1.9885
2011-01-12,1.9897
2011-01-13,1.991
2011-01-14,1.9862
2011-01-17,1.9807
2011-01-18,1.9768
2011-01-19,1.9797
2011-01-20,1.9739
2011-01-21,1.9735
2011-01-24,1.9687
2011-01-25,1.9692
2011-01-26,1.9714
2011-01-27,1.9731
2011-01-28,1.9737
2011-01-31,1.9764
2011-02-01,1.9768
2011-02-09,1.975
2011-02-10,1.9768
2011-02-11,1.9769
2011-02-14,1.9819
2011-02-15,1.9804
2011-02-16,1.983
2011-02-17,1.9842
2011-02-18,1.9841
2011-02-21,1.9857
2011-02-22,1.983
2011-02-23,1.983
2011-02-24,1.9843
2011-02-25,1.9839
2011-02-28,1.988
2011-03-01,1.988
2011-03-02,1.9887
2011-03-03,1.9878
2011-03-04,1.9901
2011-03-07,1.993
2011-03-08,1.9923
2011-03-09,1.9948
2011-03-10,1.994
2011-03-11,1.9929
2011-03-14,1.9947
2011-03-15,1.9932
2011-03-16,1.9963
2011-03-17,1.9936
2011-03-18,1.9954
2011-03-21,1.9954
2011-03-22,1.996
2011-03-23,1.998
2011-03-24,1.9978
2011-03-25,2.0002
2011-03-28,1.9985
2011-03-29,1.9969
2011-03-30,1.9922
2011-03-31,1.991
2011-04-01,1.9936
2011-04-06,1.9951
2011-04-07,1.9972
2011-04-08,1.9997
2011-04-11,2.0033
2011-04-12,2.0043
2011-04-13,2.0075
2011-04-14,2.009
2011-04-15,2.0106
2011-04-18,2.0126
2011-04-19,2.0087
2011-04-20,2.0092
2011-04-21,2.0116
2011-04-22,2.0105
2011-04-25,2.0069
2011-04-26,2.0051
2011-04-27,2.004
2011-04-28,1.9999
2011-04-29,2.0013
2011-05-03,2.0029
2011-05-04,1.9995
2011-05-05,2.0005
2011-05-06,2.0015
2011-05-09,2.0021
2011-05-10,2.0031
2011-05-11,2.0035
2011-05-12,2.0022
2011-05-13,2.0025
2011-05-16,2.0021
2011-05-17,2.0012
2011-05-18,2.0027
2011-05-19,2.0013
2011-05-20,2.0018
2011-05-23,1.996
2011-05-24,1.9957
2011-05-25,1.9939
2011-05-26,1.9925
2011-05-27,1.9913
2011-05-30,1.9895
2011-05-31,1.9914
2011-06-01,1.9928
2011-06-02,1.991
2011-06-03,1.992
2011-06-07,1.9925
2011-06-08,1.9919
2011-06-09,1.9892
2011-06-10,1.9893
2011-06-13,1.9885
2011-06-14,1.989
2011-06-15,1.9881
2011-06-16,1.9857
2011-06-17,1.9844
2011-06-20,1.9837
2011-06-21,1.9851
2011-06-22,1.9845
2011-06-23,1.9874
2011-06-24,1.9892
2011-06-27,1.9914
2011-06-28,1.9897
2011-06-29,1.9874
2011-06-30,1.9887
2011-07-01,1.9895
2011-07-04,1.992
2011-07-05,1.9918
2011-07-06,1.9906
2011-07-07,1.9896
2011-07-08,1.9888
2011-07-11,1.9887
2011-07-12,1.9851
2011-07-13,1.9877
2011-07-14,1.9878
2011-07-15,1.9873
2011-07-18,1.984
2011-07-19,1.9842
2011-07-20,1.9795
2011-07-21,1.9764
2011-07-22,1.976
2011-07-25,1.9715
2011-07-26,1.9709
2011-07-27,1.9726
2011-07-28,1.9719
2011-07-29,1.9705
2011-08-01,1.9685
2011-08-02,1.9698
2011-08-03,1.974
2011-08-04,1.9717
2011-08-05,1.9685
2011-08-08,1.966
2011-08-09,1.9654
2011-08-10,1.969
2011-08-11,1.9727
2011-08-12,1.9784
2011-08-15,1.9823
2011-08-16,1.9834
2011-08-17,1.982
2011-08-18,1.9761
2011-08-19,1.9731
2011-08-22,1.9738
2011-08-23,1.9789
2011-08-24,1.9787
2011-08-25,1.9811
2011-08-26,1.9879
2011-08-29,1.9774
2011-08-30,1.9702
2011-08-31,1.9695
2011-09-01,1.9656
2011-09-02,1.9613
2011-09-05,1.9534
2011-09-06,1.9465
2011-09-07,1.9523
2011-09-08,1.9491
2011-09-09,1.9486
2011-09-13,1.9422
2011-09-14,1.9458
2011-09-15,1.9445
2011-09-16,1.9388
2011-09-19,1.9353
2011-09-20,1.9334
2011-09-21,1.9354
2011-09-22,1.9257
2011-09-23,1.9221
2011-09-26,1.9179
2011-09-27,1.9185
2011-09-28,1.9114
2011-09-29,1.9033
2011-09-30,1.9137
2011-10-10,1.9157
2011-10-11,1.9176
2011-10-12,1.9257
2011-10-13,1.9262
2011-10-14,1.928
2011-10-17,1.9344
2011-10-18,1.9317
2011-10-19,1.9319
2011-10-20,1.9295
2011-10-21,1.932
2011-10-24,1.9371
2011-10-25,1.9408
2011-10-26,1.9431
2011-10-27,1.9396
2011-10-28,1.9419
2011-10-31,1.9453
2011-11-01,1.9499
2011-11-02,1.9558
2011-11-03,1.9562
2011-11-04,1.9581
2011-11-07,1.9594
2011-11-08,1.9592
2011-11-09,1.9631
2011-11-10,1.963
2011-11-11,1.9629
2011-11-14,1.9674
2011-11-15,1.9673
2011-11-16,1.9606
2011-11-17,1.9606
2011-11-18,1.9553
2011-11-21,1.955
2011-11-22,1.9553
2011-11-23,1.9552
2011-11-24,1.9547
2011-11-25,1.9537
2011-11-28,1.9532
2011-11-29,1.9541
2011-11-30,1.9503
2011-12-01,1.9563
2011-12-02,1.9558
2011-12-05,1.9531
2011-12-06,1.9538
2011-12-07,1.9534
2011-12-08,1.9555
2011-12-09,1.9552
2011-12-12,1.9547
2011-12-13,1.9517
2011-12-14,1.9513
2011-12-15,1.9481
2011-12-16,1.9507
2011-12-19,1.9508
2011-12-20,1.9504
2011-12-21,1.9487
2011-12-22,1.9476
2011-12-23,1.9483
2011-12-26,1.9478
2011-12-27,1.9475
2011-12-28,1.948
2011-12-29,1.9482
2011-12-30,1.9516
2011-12-31,1.9517
2012-01-04,1.9509
2012-01-05,1.9513
2012-01-06,1.953
2012-01-09,1.9544
2012-01-10,1.9585
2012-01-11,1.9565
2012-01-12,1.957
2012-01-13,1.954
2012-01-16,1.9527
2012-01-17,1.9557
2012-01-18,1.9539
2012-01-19,1.9556
2012-01-20,1.9599
2012-01-30,1.9596
2012-01-31,1.9607
2012-02-01,1.9603
2012-02-02,1.9612
2012-02-03,1.9624
2012-02-06,1.9628
2012-02-07,1.9609
2012-02-08,1.9616
2012-02-09,1.9609
2012-02-10,1.961
2012-02-13,1.9622
2012-02-14,1.9624
2012-02-15,1.9639
2012-02-16,1.9646
2012-02-17,1.9636
2012-02-20,1.9664
2012-02-21,1.9661
2012-02-22,1.9661
2012-02-23,1.967
2012-02-24,1.967
2012-02-27,1.9677
2012-02-28,1.9686
2012-02-29,1.9678
2012-03-01,1.967
2012-03-02,1.9708
2012-03-05,1.9719
2012-03-06,1.9714
2012-03-07,1.9725
2012-03-08,1.9749
2012-03-09,1.9797
2012-03-12,1.9798
2012-03-13,1.9807
2012-03-14,1.9787
2012-03-15,1.9772
2012-03-16,1.983
2012-03-19,1.9859
2012-03-20,1.9831
2012-03-21,1.9822
2012-03-22,1.9828
2012-03-23,1.9827
2012-03-26,1.9803
2012-03-27,1.9818
2012-03-28,1.9784
2012-03-29,1.9761
2012-03-30,1.9769
2012-03-31,1.977
2012-04-05,1.9797
2012-04-06,1.9805
2012-04-09,1.9796
2012-04-10,1.9803
2012-04-11,1.9824
2012-04-12,1.986
2012-04-13,1.9886
2012-04-16,1.9898
2012-04-17,1.9888
2012-04-18,1.9929
2012-04-19,1.9939
2012-04-20,1.9959
2012-04-23,1.9928
2012-04-24,1.993
2012-04-25,1.995
2012-04-26,1.9949
2012-04-27,1.9962
2012-05-02,2.0
2012-05-03,2.0004
2012-05-04,2.0011
2012-05-07,1.9995
2012-05-08,1.9996
2012-05-09,1.9982
2012-05-10,1.9999
2012-05-11,2.0007
2012-05-14,2.0007
2012-05-15,2.0025
2012-05-16,2.0029
2012-05-17,2.0059
2012-05-18,2.0067
2012-05-21,2.0089
2012-05-22,2.014
2012-05-23,2.0149
2012-05-24,2.0173
2012-05-25,2.0188
2012-05-28,2.0228
2012-05-29,2.0239
2012-05-30,2.0279
2012-05-31,2.0258
2012-06-01,2.0266
2012-06-04,2.0224
2012-06-05,2.0217
2012-06-06,2.0226
2012-06-07,2.0253
2012-06-08,2.031
2012-06-11,2.0313
2012-06-12,2.0336
2012-06-13,2.0359
2012-06-14,2.0341
2012-06-15,2.0349
2012-06-18,2.0361
2012-06-19,2.0333
2012-06-20,2.0317
2012-06-21,2.031
2012-06-25,2.0292
2012-06-26,2.0277
2012-06-27,2.0291
2012-06-28,2.0272
2012-06-29,2.0279
2012-06-30,2.0279
2012-07-02,2.0283
2012-07-03,2.0289
2012-07-04,2.0306
2012-07-05,2.0319
2012-07-06,2.0343
2012-07-09,2.0339
2012-07-10,2.0323
2012-07-11,2.0326
2012-07-12,2.0334
2012-07-13,2.0348
2012-07-16,2.0338
2012-07-17,2.0335
2012-07-18,2.0337
2012-07-19,2.0349
2012-07-20,2.0355
2012-07-23,2.0345
2012-07-24,2.0343
2012-07-25,2.0338
2012-07-26,2.0323
2012-07-27,2.0323
2012-07-30,2.0308
2012-07-31,2.0293
2012-08-01,2.0294
2012-08-02,2.0278
2012-08-03,2.0282
2012-08-06,2.0285
2012-08-07,2.0283
2012-08-08,2.0277
2012-08-09,2.0286
2012-08-10,2.0294
2012-08-13,2.0302
2012-08-14,2.0295
2012-08-15,2.0271
2012-08-16,2.0282
2012-08-17,2.0288
2012-08-20,2.0276
2012-08-21,2.0275
2012-08-22,2.0262
2012-08-23,2.0261
2012-08-24,2.0253
2012-08-27,2.0234
2012-08-28,2.024
2012-08-29,2.0221
2012-08-30,2.0228
2012-08-31,2.0231
2012-09-03,2.0235
2012-09-04,2.0234
2012-09-05,2.0207
2012-09-06,2.0201
2012-09-07,2.0217
2012-09-10,2.0219
2012-09-11,2.0205
2012-09-12,2.0201
2012-09-13,2.0191
2012-09-14,2.0186
2012-09-17,2.0166
2012-09-18,2.0154
2012-09-19,2.0137
2012-09-20,2.014
2012-09-21,2.014
2012-09-24,2.0137
2012-09-25,2.0138
2012-09-26,2.0144
2012-09-27,2.0166
2012-09-28,2.0193
2012-09-30,2.0197
2012-10-08,2.019
2012-10-09,2.0218
2012-10-10,2.0241
2012-10-11,2.0247
2012-10-12,2.0257
2012-10-15,2.0252
2012-10-16,2.0255
2012-10-17,2.027
2012-10-18,2.0287
2012-10-19,2.0291
2012-10-22,2.0301
2012-10-23,2.0286
2012-10-24,2.0275
2012-10-25,2.027
2012-10-26,2.0257
2012-10-29,2.0248
2012-10-30,2.0261
2012-10-31,2.0273
2012-11-01,2.0299
2012-11-02,2.0307
2012-11-05,2.0302
2012-11-06,2.0302
2012-11-07,2.0309
2012-11-08,2.0294
2012-11-09,2.0299
2012-11-12,2.0308
2012-11-13,2.0309
2012-11-14,2.0312
2012-11-15,2.0318
2012-11-16,2.0323
2012-11-19,2.0332
2012-11-20,2.0334
2012-11-21,2.034
2012-11-22,2.0339
2012-11-23,2.0346
2012-11-26,2.0357
2012-11-27,2.0364
2012-11-28,2.0355
2012-11-29,2.0353
2012-11-30,2.0359
2012-12-03,2.0358
2012-12-04,2.0363
2012-12-05,2.0378
2012-12-06,2.0383
2012-12-07,2.0405
2012-12-10,2.0427
2012-12-11,2.042
2012-12-12,2.0424
2012-12-13,2.0421
2012-12-14,2.0471
2012-12-17,2.0505
2012-12-18,2.0499
2012-12-19,2.0494
2012-12-20,2.05
2012-12-21,2.0503
2012-12-24,2.0486
2012-12-25,2.0518
2012-12-26,2.057
2012-12-27,2.0577
2012-12-28,2.0586
2012-12-31,2.0632
2013-01-04,2.064
2013-01-07,2.0642
2013-01-08,2.064
2013-01-09,2.0653
2013-01-10,2.0696
2013-01-11,2.066
2013-01-14,2.074
2013-01-15,2.0799
2013-01-16,2.0803
2013-01-17,2.0795
2013-01-18,2.0832
2013-01-21,2.0882
2013-01-22,2.084
2013-01-23,2.0843
2013-01-24,2.0819
2013-01-25,2.0779
2013-01-28,2.0854
2013-01-29,2.0868
2013-01-30,2.0863
2013-01-31,2.0885
2013-02-01,2.0927
2013-02-04,2.0943
2013-02-05,2.0956
2013-02-06,2.0961
2013-02-07,2.0991
2013-02-08,2.1034
2013-02-18,2.1029
2013-02-19,2.0989
2013-02-20,2.1055
2013-02-21,2.0967
2013-02-22,2.0931
2013-02-25,2.0957
2013-02-26,2.0907
2013-02-27,2.0915
2013-02-28,2.0995
2013-03-01,2.1002
2013-03-04,2.0875
2013-03-05,2.0896
2013-03-06,2.0974
2013-03-07,2.0982
2013-03-08,2.099
2013-03-11,2.0966
2013-03-12,2.0973
2013-03-13,2.0953
2013-03-14,2.0966
2013-03-15,2.0974
2013-03-18,2.0908
2013-03-19,2.0918
2013-03-20,2.0987
2013-03-21,2.103
2013-03-22,2.111
2013-03-25,2.1128
2013-03-26,2.1064
2013-03-27,2.1072
2013-03-28,2.0983
2013-03-29,2.0972
2013-04-01,2.095
2013-04-02,2.0922
2013-04-03,2.0911
2013-04-08,2.0902
2013-04-09,2.0934
2013-04-10,2.0942
2013-04-11,2.0968
2013-04-12,2.0956
2013-04-15,2.0883
2013-04-16,2.0898
2013-04-17,2.0879
2013-04-18,2.0853
2013-04-19,2.0904
2013-04-22,2.086
2013-04-23,2.0741
2013-04-24,2.078
2013-04-25,2.0769
2013-04-26,2.0758
2013-05-02,2.0721
2013-05-03,2.0771
2013-05-06,2.0827
2013-05-07,2.0845
2013-05-08,2.0876
2013-05-09,2.0861
2013-05-10,2.0876
2013-05-13,2.0881
2013-05-14,2.0849
2013-05-15,2.0872
2013-05-16,2.0926
2013-05-17,2.0994
2013-05-20,2.1061
2013-05-21,2.1036
2013-05-22,2.1015
2013-05-23,2.0993
2013-05-24,2.0995
2013-05-27,2.1009
2013-05-28,2.1066
2013-05-29,2.1076
2013-05-30,2.1044
2013-05-31,2.1034
2013-06-03,2.1033
2013-06-04,2.1013
2013-06-05,2.0996
2013-06-06,2.095
2013-06-07,2.0919
2013-06-13,2.089
2013-06-14,2.0879
2013-06-17,2.0878
2013-06-18,2.0876
2013-06-19,2.0861
2013-06-20,2.0821
2013-06-21,2.0805
2013-06-24,2.0772
2013-06-25,2.0778
2013-06-26,2.08
2013-06-27,2.0813
2013-06-28,2.0834
2013-06-30,2.0836
2013-07-01,2.0837
2013-07-02,2.0846
2013-07-03,2.0856
2013-07-04,2.0858
2013-07-05,2.0858
2013-07-08,2.0865
2013-07-09,2.0867
2013-07-10,2.0861
2013-07-11,2.0855
2013-07-12,2.0842
2013-07-15,2.0842
2013-07-16,2.0844
2013-07-17,2.0836
2013-07-18,2.0829
2013-07-19,2.0825
2013-07-22,2.0821
2013-07-23,2.0806
2013-07-24,2.0789
2013-07-25,2.0793
2013-07-26,2.0798
2013-07-29,2.0796
2013-07-30,2.0795
2013-07-31,2.0798
2013-08-01,2.0806
2013-08-02,2.0814
2013-08-05,2.0813
2013-08-06,2.081
2013-08-07,2.0806
2013-08-08,2.08
2013-08-09,2.0797
2013-08-12,2.0799
2013-08-13,2.078
2013-08-14,2.0767
2013-08-15,2.0762
2013-08-16,2.0766
2013-08-19,2.0765
2013-08-20,2.0752
2013-08-21,2.075
2013-08-22,2.0746
2013-08-23,2.0742
2013-08-26,2.0744
2013-08-27,2.0739
2013-08-28,2.0743
2013-08-29,2.0746
2013-08-30,2.0761
2013-09-02,2.0765
2013-09-03,2.0764
2013-09-04,2.0764
2013-09-05,2.0766
2013-09-06,2.0772
2013-09-09,2.078
2013-09-10,2.0783
2013-09-11,2.0914
2013-09-12,2.0989
2013-09-13,2.0939
2013-09-16,2.0937
2013-09-17,2.0932
2013-09-18,2.0943
2013-09-23,2.0954
2013-09-24,2.0929
2013-09-25,2.093
2013-09-26,2.0893
2013-09-27,2.0886
2013-09-30,2.0888
2013-10-08,2.091
2013-10-09,2.092
2013-10-10,2.0913
2013-10-11,2.0923
2013-10-14,2.0919
2013-10-15,2.0914
2013-10-16,2.0902
2013-10-17,2.0884
2013-10-18,2.0889
2013-10-21,2.0905
2013-10-22,2.0892
2013-10-23,2.089
2013-10-24,2.0861
2013-10-25,2.0849
2013-10-28,2.0841
2013-10-29,2.084
2013-10-30,2.085
2013-10-31,2.0842
2013-11-01,2.0853
2013-11-04,2.0845
2013-11-05,2.0837
2013-11-06,2.082
2013-11-07,2.0809
2013-11-08,2.0788
2013-11-11,2.0775
2013-11-12,2.0768
2013-11-13,2.0729
2013-11-14,2.0695
2013-11-15,2.0665
2013-11-18,2.0682
2013-11-19,2.0647
2013-11-20,2.0632
2013-11-21,2.0618
2013-11-22,2.0614
2013-11-25,2.0597
2013-11-26,2.0582
2013-11-27,2.0548
2013-11-28,2.0557
2013-11-29,2.0553
2013-12-02,2.0567
2013-12-03,2.0572
2013-12-04,2.0578
2013-12-05,2.0579
2013-12-06,2.0575
2013-12-09,2.056
2013-12-10,2.0554
2013-12-11,2.0538
2013-12-12,2.0537
2013-12-13,2.0541
2013-12-16,2.0535
2013-12-17,2.0532
2013-12-18,2.0536
2013-12-19,2.0516
2013-12-20,2.0509
2013-12-23,2.0516
2013-12-24,2.0516
2013-12-25,2.0507
2013-12-26,2.05
2013-12-27,2.0491
2013-12-30,2.0489
2013-12-31,2.0466
2014-01-02,2.0477
2014-01-03,2.0458
2014-01-06,2.0458
2014-01-07,2.0448
2014-01-08,2.0441
2014-01-09,2.0447
2014-01-10,2.0431
2014-01-13,2.0439
2014-01-14,2.0435
2014-01-15,2.0443
2014-01-16,2.0439
2014-01-17,2.0439
2014-01-20,2.0436
2014-01-21,2.0449
2014-01-22,2.046
2014-01-23,2.0467
2014-01-24,2.0482
2014-01-27,2.048
2014-01-28,2.049
2014-01-29,2.0499
2014-01-30,2.0506
2014-02-07,2.052
2014-02-10,2.053
2014-02-11,2.0536
2014-02-12,2.0539
2014-02-13,2.0561
2014-02-14,2.0587
2014-02-17,2.0614
2014-02-18,2.0616
2014-02-19,2.0637
2014-02-20,2.0655
2014-02-21,2.0677
2014-02-24,2.0707
2014-02-25,2.0728
2014-02-26,2.0737
2014-02-27,2.0762
2014-02-28,2.0763
2014-03-03,2.0781
2014-03-04,2.0773
2014-03-05,2.0763
2014-03-06,2.0768
2014-03-07,2.0773
2014-03-10,2.0785
2014-03-11,2.0797
2014-03-12,2.0803
2014-03-13,2.0802
2014-03-14,2.0806
2014-03-17,2.0821
2014-03-18,2.082
2014-03-19,2.0802
2014-03-20,2.0795
2014-03-21,2.0803
2014-03-24,2.0808
2014-03-25,2.0805
2014-03-26,2.0814
2014-03-27,2.0816
2014-03-28,2.0818
2014-03-31,2.0827
2014-04-01,2.0824
2014-04-02,2.0825
2014-04-03,2.0826
2014-04-04,2.0834
2014-04-08,2.0853
2014-04-09,2.0855
2014-04-10,2.0861
2014-04-11,2.0868
2014-04-14,2.0886
2014-04-15,2.0896
2014-04-16,2.0901
2014-04-17,2.0926
2014-04-18,2.0937
2014-04-21,2.0945
2014-04-22,2.0948
2014-04-23,2.0945
2014-04-24,2.0952
2014-04-25,2.0968
2014-04-28,2.0972
2014-04-29,2.0975
2014-04-30,2.0992
2014-05-05,2.1011
2014-05-06,2.1029
2014-05-07,2.1031
2014-05-08,2.1044
2014-05-09,2.1067
2014-05-12,2.1078
2014-05-13,2.1081
2014-05-14,2.108
2014-05-15,2.1078
2014-05-16,2.1096
2014-05-19,2.1102
2014-05-20,2.1106
2014-05-21,2.111
2014-05-22,2.1114
2014-05-23,2.1122
2014-05-26,2.1124
2014-05-27,2.1138
2014-05-28,2.1141
2014-05-29,2.1155
2014-05-30,2.1166
2014-06-03,2.1187
2014-06-04,2.1211
2014-06-05,2.1228
2014-06-06,2.1255
2014-06-09,2.1245
2014-06-10,2.125
2014-06-11,2.1253
2014-06-12,2.1258
2014-06-13,2.1268
2014-06-16,2.1284
2014-06-17,2.1271
2014-06-18,2.1259
2014-06-19,2.1258
2014-06-20,2.1274
2014-06-23,2.1288
2014-06-24,2.13
2014-06-25,2.1307
2014-06-26,2.1329
2014-06-27,2.1328
2014-06-30,2.1335
2014-07-01,2.1321
2014-07-02,2.132
2014-07-03,2.1328
2014-07-04,2.132
2014-07-07,2.1329
2014-07-08,2.1332
2014-07-09,2.1319
2014-07-10,2.132
2014-07-11,2.1329
2014-07-14,2.1342
2014-07-15,2.1343
2014-07-16,2.134
2014-07-17,2.1321
2014-07-18,2.1321
2014-07-21,2.1324
2014-07-22,2.1347
2014-07-23,2.136
2014-07-24,2.1375
2014-07-25,2.138
2014-07-28,2.1407
2014-07-29,2.1411
2014-07-30,2.1412
2014-07-31,2.1429
2014-08-01,2.1433
2014-08-04,2.145
2014-08-05,2.1448
2014-08-06,2.1448
2014-08-07,2.1447
2014-08-08,2.1451
2014-08-11,2.1475
2014-08-12,2.1484
2014-08-13,2.1485
2014-08-14,2.1486
2014-08-15,2.1499
2014-08-18,2.151
2014-08-19,2.1514
2014-08-20,2.1519
2014-08-21,2.1522
2014-08-22,2.1528
2014-08-25,2.1528
2014-08-26,2.1531
2014-08-27,2.1536
2014-08-28,2.1542
2014-08-29,2.1553
2014-09-01,2.1566
2014-09-02,2.1585
2014-09-03,2.1596
2014-09-04,2.1601
2014-09-05,2.1609
2014-09-09,2.1607
2014-09-10,2.1604
2014-09-11,2.1601
2014-09-12,2.1611
2014-09-15,2.161
2014-09-16,2.1595
2014-09-17,2.16
2014-09-18,2.1618
2014-09-19,2.163
2014-09-22,2.1613
2014-09-23,2.1625
2014-09-24,2.1638
2014-09-25,2.1639
2014-09-26,2.1639
2014-09-29,2.1644
2014-09-30,2.1657
2014-10-08,2.1668
2014-10-09,2.1679
2014-10-10,2.1669
2014-10-13,2.1668
2014-10-14,2.1675
2014-10-15,2.169
2014-10-16,2.1706
2014-10-17,2.1714
2014-10-20,2.1742
2014-10-21,2.1753
2014-10-22,2.1764
2014-10-23,2.1787
2014-10-24,2.179
2014-10-27,2.1793
2014-10-28,2.1814
2014-10-29,2.1843
2014-10-30,2.1866
2014-10-31,2.1906
2014-11-03,2.1923
2014-11-04,2.1947
2014-11-05,2.1956
2014-11-06,2.1963
2014-11-07,2.1985
2014-11-10,2.2034
2014-11-11,2.2046
2014-11-12,2.2069
2014-11-13,2.2077
2014-11-14,2.2077
2014-11-17,2.2049
2014-11-18,2.2031
2014-11-19,2.2035
2014-11-20,2.2072
2014-11-21,2.2081
2014-11-24,2.2095
2014-11-25,2.2092
2014-11-26,2.2111
2014-11-27,2.2118
2014-11-28,2.2137
2014-12-01,2.2128
2014-12-02,2.2172
2014-12-03,2.2147
2014-12-04,2.2181
2014-12-05,2.219
2014-12-08,2.2172
2014-12-09,2.2054
2014-12-10,2.2052
2014-12-11,2.2039
2014-12-12,2.2044
2014-12-15,2.2034
2014-12-16,2.2043
2014-12-17,2.2028
2014-12-18,2.202
2014-12-19,2.2036
2014-12-22,2.2057
2014-12-23,2.2058
2014-12-24,2.207
2014-12-25,2.2114
2014-12-26,2.2167
2014-12-29,2.2203
2014-12-30,2.2212
2014-12-31,2.2252
2015-01-05,2.2321
2015-01-06,2.2319
2015-01-07,2.2342
2015-01-08,2.2303
2015-01-09,2.2329
2015-01-12,2.2321
2015-01-13,2.2328
2015-01-14,2.2352
2015-01-15,2.2403
2015-01-16,2.2429
2015-01-19,2.2369
2015-01-20,2.238
2015-01-21,2.2438
2015-01-22,2.2455
2015-01-23,2.2461
2015-01-26,2.2452
2015-01-27,2.2439
2015-01-28,2.2425
2015-01-29,2.2404
2015-01-30,2.2391
2015-02-02,2.2369
2015-02-03,2.2391
2015-02-04,2.2374
2015-02-05,2.2379
2015-02-06,2.237
2015-02-09,2.2394
2015-02-10,2.2403
2015-02-11,2.241
2015-02-12,2.2421
2015-02-13,2.2433
2015-02-16,2.2436
2015-02-17,2.2449
2015-02-25,2.2479
2015-02-26,2.2493
2015-02-27,2.251
2015-03-02,2.2531
2015-03-03,2.2495
2015-03-04,2.2487
2015-03-05,2.2465
2015-03-06,2.2473
2015-03-09,2.2513
2015-03-10,2.2493
2015-03-11,2.251
2015-03-12,2.2537
2015-03-13,2.2542
2015-03-16,2.2556
2015-03-17,2.257
2015-03-18,2.2592
2015-03-19,2.259
2015-03-20,2.2601
2015-03-23,2.2606
2015-03-24,2.2598
2015-03-25,2.2573
2015-03-26,2.2583
2015-03-27,2.2574
2015-03-30,2.2595
2015-03-31,2.2569
2015-04-01,2.2566
2015-04-02,2.2575
2015-04-03,2.2572
2015-04-07,2.2595
2015-04-08,2.2603
2015-04-09,2.2605
2015-04-10,2.2633
2015-04-13,2.2677
2015-04-14,2.2668
2015-04-15,2.266
2015-04-16,2.2714
2015-04-17,2.2796
2015-04-20,2.2791
2015-04-21,2.287
2015-04-22,2.2976
2015-04-23,2.3002
2015-04-24,2.2971
2015-04-27,2.3054
2015-04-28,2.298
2015-04-29,2.2997
2015-04-30,2.3019
2015-05-04,2.3095
2015-05-05,2.2952
2015-05-06,2.2878
2015-05-07,2.2822
2015-05-08,2.2877
2015-05-11,2.296
2015-05-12,2.2997
2015-05-13,2.3014
2015-05-14,2.3027
2015-05-15,2.3007
2015-05-18,2.2987
2015-05-19,2.3052
2015-05-20,2.3096
2015-05-21,2.3156
2015-05-22,2.3229
2015-05-25,2.3369
2015-05-26,2.3403
2015-05-27,2.3457
2015-05-28,2.3362
2015-05-29,2.3444
2015-06-01,2.3594
2015-06-02,2.3747
2015-06-03,2.3677
2015-06-04,2.3666
2015-06-05,2.3692
2015-06-08,2.3745
2015-06-09,2.3808
2015-06-10,2.3768
2015-06-11,2.3726
2015-06-12,2.3773
2015-06-15,2.3689
2015-06-16,2.3541
2015-06-17,2.3574
2015-06-18,2.336
2015-06-19,2.3121
2015-06-23,2.3149
2015-06-24,2.3273
2015-06-25,2.3127
2015-06-26,2.293
2015-06-29,2.2876
2015-06-30,2.3085
2015-07-01,2.2941
2015-07-02,2.2804
2015-07-03,2.2715
2015-07-06,2.2864
2015-07-07,2.2897
2015-07-08,2.2791
2015-07-09,2.2889
2015-07-10,2.2991
2015-07-13,2.3081
2015-07-14,2.3152
2015-07-15,2.3152
2015-07-16,2.316
2015-07-17,2.3192
2015-07-20,2.3209
2015-07-21,2.3226
2015-07-22,2.3236
2015-07-23,2.3265
2015-07-24,2.327
2015-07-27,2.3233
2015-07-28,2.3232
2015-07-29,2.3256
2015-07-30,2.3253
2015-07-31,2.3256
2015-08-03,2.3266
2015-08-04,2.329
2015-08-05,2.329
2015-08-06,2.3298
2015-08-07,2.3326
2015-08-10,2.3355
2015-08-11,2.3345
2015-08-12,2.3337
2015-08-13,2.3356
2015-08-14,2.3361
2015-08-17,2.3367
2015-08-18,2.3363
2015-08-19,2.3367
2015-08-20,2.3371
2015-08-21,2.3374
2015-08-24,2.3361
2015-08-25,2.3357
2015-08-26,2.337
2015-08-27,2.3375
2015-08-28,2.338
2015-08-31,2.3395
2015-09-01,2.3397
2015-09-02,2.3404
2015-09-07,2.3415
2015-09-08,2.3417
2015-09-09,2.3423
2015-09-10,2.3426
2015-09-11,2.3425
2015-09-14,2.3432
2015-09-15,2.3426
2015-09-16,2.3434
2015-09-17,2.3437
2015-09-18,2.3443
2015-09-21,2.3451
2015-09-22,2.3446
2015-09-23,2.3441
2015-09-24,2.3439
2015-09-25,2.3436
2015-09-28,2.344
2015-09-29,2.3438
2015-09-30,2.3443
2015-10-08,2.3451
2015-10-09,2.345
2015-10-12,2.3457
2015-10-13,2.3457
2015-10-14,2.3467
2015-10-15,2.3469
2015-10-16,2.3474
2015-10-19,2.346
2015-10-20,2.3454
2015-10-21,2.3448
2015-10-22,2.3453
2015-10-23,2.3459
2015-10-26,2.347
2015-10-27,2.3477
2015-10-28,2.3485
2015-10-29,2.3478
2015-10-30,2.3481
2015-11-02,2.3483
2015-11-03,2.3483
2015-11-04,2.3485
2015-11-05,2.349
2015-11-06,2.3493
2015-11-09,2.3477
2015-11-10,2.3471
2015-11-11,2.3469
2015-11-12,2.3464
2015-11-13,2.3463
2015-11-16,2.3456
2015-11-17,2.3452
2015-11-18,2.344
2015-11-19,2.3447
2015-11-20,2.3453
2015-11-23,2.3447
2015-11-24,2.3447
2015-11-25,2.3454
2015-11-26,2.3455
2015-11-27,2.3454
2015-11-30,2.3461
2015-12-01,2.3467
2015-12-02,2.3477
2015-12-03,2.3486
2015-12-04,2.3489
2015-12-07,2.3515
2015-12-08,2.3513
2015-12-09,2.3511
2015-12-10,2.3511
2015-12-11,2.35
2015-12-14,2.3508
2015-12-15,2.3511
2015-12-16,2.3514
2015-12-17,2.3519
2015-12-18,2.3527
2015-12-21,2.3539
2015-12-22,2.3541
2015-12-23,2.3551
2015-12-24,2.3554
2015-12-25,2.3564
2015-12-28,2.359
2015-12-29,2.3598
2015-12-30,2.3609
2015-12-31,2.3624
2016-01-04,2.3613
2016-01-05,2.3612
2016-01-06,2.3618
2016-01-07,2.3615
2016-01-08,2.3623
2016-01-11,2.3623
2016-01-12,2.364
2016-01-13,2.3653
2016-01-14,2.3663
2016-01-15,2.3667
2016-01-18,2.3664
2016-01-19,2.3653
2016-01-20,2.3634
2016-01-21,2.3629
2016-01-22,2.3636
2016-01-25,2.3641
2016-01-26,2.3624
2016-01-27,2.3615
2016-01-28,2.3606
2016-01-29,2.3611
2016-02-01,2.3605
2016-02-02,2.3603
2016-02-03,2.3604
2016-02-04,2.3617
2016-02-05,2.362
2016-02-15,2.3637
2016-02-16,2.3649
2016-02-17,2.3659
2016-02-18,2.3665
2016-02-19,2.3673
2016-02-22,2.3679
2016-02-23,2.3681
2016-02-24,2.3694
2016-02-25,2.3683
2016-02-26,2.369
2016-02-29,2.3693
2016-03-01,2.3704
2016-03-02,2.3715
2016-03-03,2.3718
2016-03-04,2.3723
2016-03-07,2.3738
2016-03-08,2.3748
2016-03-09,2.3762
2016-03-10,2.377
2016-03-11,2.3778
2016-03-14,2.3797
2016-03-15,2.3799
2016-03-16,2.3802
2016-03-17,2.3819
2016-03-18,2.3828
2016-03-21,2.3831
2016-03-22,2.3832
2016-03-23,2.3835
2016-03-24,2.3837
2016-03-25,2.3846
2016-03-28,2.3845
2016-03-29,2.384
2016-03-30,2.384
2016-03-31,2.3839
2016-04-01,2.3838
2016-04-05,2.3844
2016-04-06,2.3842
2016-04-07,2.3841
2016-04-08,2.3839
2016-04-11,2.3835
2016-04-12,2.3825
2016-04-13,2.3815
2016-04-14,2.3799
2016-04-15,2.3793
2016-04-18,2.3795
2016-04-19,2.3792
2016-04-20,2.378
2016-04-21,2.3763
2016-04-22,2.3744
2016-04-25,2.3723
2016-04-26,2.3708
2016-04-27,2.3708
2016-04-28,2.3706
2016-04-29,2.3712
2016-05-03,2.3721
2016-05-04,2.3727
2016-05-05,2.3737
2016-05-06,2.374
2016-05-09,2.374
2016-05-10,2.3752
2016-05-11,2.3757
2016-05-12,2.3763
2016-05-13,2.3765
2016-05-16,2.3772
2016-05-17,2.3772
2016-05-18,2.377
2016-05-19,2.3765
2016-05-20,2.3765
2016-05-23,2.3768
2016-05-24,2.3771
2016-05-25,2.3779
2016-05-26,2.3781
2016-05-27,2.3791
2016-05-30,2.3797
2016-05-31,2.3798
2016-06-01,2.38
2016-06-02,2.38
2016-06-03,2.3803
2016-06-06,2.3812
2016-06-07,2.3812
2016-06-08,2.3817
2016-06-13,2.3822
2016-06-14,2.383
2016-06-15,2.3834
2016-06-16,2.3838
2016-06-17,2.3844
2016-06-20,2.3848
2016-06-21,2.385
2016-06-22,2.3852
2016-06-23,2.3855
2016-06-24,2.3862
2016-06-27,2.3873
2016-06-28,2.3875
2016-06-29,2.3876
2016-06-30,2.3881
2016-07-01,2.389
2016-07-04,2.3902
2016-07-05,2.3909
2016-07-06,2.3917
2016-07-07,2.3924
2016-07-08,2.3934
2016-07-11,2.3942
2016-07-12,2.3946
2016-07-13,2.3955
2016-07-14,2.3959
2016-07-15,2.3964
2016-07-18,2.3971
2016-07-19,2.3979
2016-07-20,2.3985
2016-07-21,2.3999
2016-07-22,2.4004
2016-07-25,2.4006
2016-07-26,2.4015
2016-07-27,2.4013
2016-07-28,2.402
2016-07-29,2.4023
2016-08-01,2.403
2016-08-02,2.4036
2016-08-03,2.4043
2016-08-04,2.4051
2016-08-05,2.406
2016-08-08,2.4069
2016-08-09,2.4076
2016-08-10,2.4087
2016-08-11,2.4088
2016-08-12,2.4102
2016-08-15,2.4118
2016-08-16,2.4121
2016-08-17,2.4123
2016-08-18,2.4139
2016-08-19,2.4145
2016-08-22,2.415
2016-08-23,2.4143
2016-08-24,2.4137
2016-08-25,2.4138
2016-08-26,2.4146
2016-08-29,2.4148
2016-08-30,2.4139
2016-08-31,2.4143
2016-09-01,2.4143
2016-09-02,2.4146
2016-09-05,2.4155
2016-09-06,2.416
2016-09-07,2.4162
2016-09-08,2.4165
2016-09-09,2.4169
2016-09-12,2.4156
2016-09-13,2.4161
2016-09-14,2.4166
2016-09-19,2.4169
2016-09-20,2.4168
2016-09-21,2.4171
2016-09-22,2.4182
2016-09-23,2.4192
2016-09-26,2.4195
2016-09-27,2.4199
2016-09-28,2.4204
2016-09-29,2.4209
2016-09-30,2.4215
2016-10-10,2.4238
2016-10-11,2.4245
2016-10-12,2.4245
2016-10-13,2.4253
2016-10-14,2.4265
2016-10-17,2.4272
2016-10-18,2.4275
2016-10-19,2.4281
2016-10-20,2.4286
2016-10-21,2.4289
2016-10-24,2.4291
2016-10-25,2.429
2016-10-26,2.4279
2016-10-27,2.4273
2016-10-28,2.428
2016-10-31,2.4281
2016-11-01,2.4281
2016-11-02,2.428
2016-11-03,2.4282
2016-11-04,2.4284
2016-11-07,2.4288
2016-11-08,2.4285
2016-11-09,2.4285
2016-11-10,2.4284
2016-11-11,2.4281
2016-11-14,2.4275
2016-11-15,2.4265
2016-11-16,2.426
2016-11-17,2.4251
2016-11-18,2.4247
2016-11-21,2.4249
2016-11-22,2.4249
2016-11-23,2.4248
2016-11-24,2.4248
2016-11-25,2.4247
2016-11-28,2.4247
2016-11-29,2.4232
2016-11-30,2.4207
2016-12-01,2.4182
2016-12-02,2.4171
2016-12-05,2.4159
2016-12-06,2.4133
2016-12-07,2.4131
2016-12-08,2.4134
2016-12-09,2.4132
2016-12-12,2.4104
2016-12-13,2.4076
2016-12-14,2.4047
2016-12-15,2.3949
2016-12-16,2.3958
2016-12-19,2.3922
2016-12-20,2.3893
2016-12-21,2.3905
2016-12-22,2.3929
2016-12-23,2.394
2016-12-26,2.3949
2016-12-27,2.3954
2016-12-28,2.3951
2016-12-29,2.3971
2016-12-30,2.3995
2016-12-31,2.3996
2017-01-03,2.4001
2017-01-04,2.4008
2017-01-05,2.4012
2017-01-06,2.4021
2017-01-09,2.4037
2017-01-10,2.4043
2017-01-11,2.404
2017-01-12,2.4043
2017-01-13,2.4043
2017-01-16,2.4034
2017-01-17,2.402
2017-01-18,2.401
2017-01-19,2.3997
2017-01-20,2.4004
2017-01-23,2.4011
2017-01-24,2.401
2017-01-25,2.4003
2017-01-26,2.4008
2017-02-03,2.3985
2017-02-06,2.3966
2017-02-07,2.3948
2017-02-08,2.3938
2017-02-09,2.3941
2017-02-10,2.3946
2017-02-13,2.3951
2017-02-14,2.395
2017-02-15,2.3947
2017-02-16,2.3948
2017-02-17,2.395
2017-02-20,2.3962
2017-02-21,2.3965
2017-02-22,2.3965
2017-02-23,2.3967
2017-02-24,2.3972
2017-02-27,2.3971
2017-02-28,2.3976
2017-03-01,2.3974
2017-03-02,2.3968
2017-03-03,2.3966
2017-03-06,2.3964
2017-03-07,2.3964
2017-03-08,2.396
2017-03-09,2.3954
2017-03-10,2.3952
2017-03-13,2.395
2017-03-14,2.395
2017-03-15,2.3953
2017-03-16,2.3967
2017-03-17,2.3965
2017-03-20,2.396
2017-03-21,2.3956
2017-03-22,2.3956
2017-03-23,2.3957
2017-03-24,2.3972
2017-03-27,2.398
2017-03-28,2.3986
2017-03-29,2.3983
2017-03-30,2.3952
2017-03-31,2.3941
2017-04-05,2.3953
2017-04-06,2.3958
2017-04-07,2.3968
2017-04-10,2.3982
2017-04-11,2.3985
2017-04-12,2.3988
2017-04-13,2.3997
2017-04-14,2.3987
2017-04-17,2.3967
2017-04-18,2.3958
2017-04-19,2.3953
2017-04-20,2.3945
2017-04-21,2.3937
2017-04-24,2.3913
2017-04-25,2.3915
2017-04-26,2.3918
2017-04-27,2.3917
2017-04-28,2.3921
2017-05-02,2.392
2017-05-03,2.392
2017-05-04,2.3916
2017-05-05,2.3909
2017-05-08,2.3897
2017-05-09,2.3883
2017-05-10,2.3856
2017-05-11,2.3843
2017-05-12,2.3844
2017-05-15,2.3845
2017-05-16,2.3848
2017-05-17,2.3848
2017-05-18,2.3847
2017-05-19,2.3847
2017-05-22,2.3841
2017-05-23,2.3828
2017-05-24,2.383
2017-05-25,2.3837
2017-05-26,2.3838
2017-05-31,2.3849
2017-06-01,2.3847
2017-06-02,2.3849
2017-06-05,2.385
2017-06-06,2.3856
2017-06-07,2.3863
2017-06-08,2.3867
2017-06-09,2.3874
2017-06-12,2.3888
2017-06-13,2.3901
2017-06-14,2.3909
2017-06-15,2.3919
2017-06-16,2.3926
2017-06-19,2.3959
2017-06-20,2.399
2017-06-21,2.3996
2017-06-22,2.4
2017-06-23,2.4005
2017-06-26,2.4025
2017-06-27,2.4036
2017-06-28,2.4038
2017-06-29,2.4043
2017-06-30,2.4048
2017-07-03,2.4063
2017-07-04,2.407
2017-07-05,2.4084
2017-07-06,2.4093
2017-07-07,2.4099
2017-07-10,2.4098
2017-07-11,2.4102
2017-07-12,2.4107
2017-07-13,2.4119
2017-07-14,2.413
2017-07-17,2.4131
2017-07-18,2.4122
2017-07-19,2.4132
2017-07-20,2.4145
2017-07-21,2.4154
2017-07-24,2.4162
2017-07-25,2.4157
2017-07-26,2.4155
2017-07-27,2.4159
2017-07-28,2.4164
2017-07-31,2.4175
2017-08-01,2.4174
2017-08-02,2.4175
2017-08-03,2.4168
2017-08-04,2.417
2017-08-07,2.4166
2017-08-08,2.4163
2017-08-09,2.4157
2017-08-10,2.4158
2017-08-11,2.4152
2017-08-14,2.417
2017-08-15,2.4173
2017-08-16,2.4174
2017-08-17,2.4178
2017-08-18,2.4173
2017-08-21,2.4175
2017-08-22,2.4176
2017-08-23,2.4174
2017-08-24,2.4169
2017-08-25,2.4172
2017-08-28,2.4178
2017-08-29,2.4178
2017-08-30,2.4171
2017-08-31,2.4166
2017-09-01,2.4167
2017-09-04,2.4169
2017-09-05,2.4168
2017-09-06,2.4168
2017-09-07,2.4175
2017-09-08,2.4183
2017-09-11,2.4188
2017-09-12,2.4187
2017-09-13,2.4189
2017-09-14,2.419
2017-09-15,2.4192
2017-09-18,2.4196
2017-09-19,2.4193
2017-09-20,2.4195
2017-09-21,2.42
2017-09-22,2.42
2017-09-25,2.4201
2017-09-26,2.4202
2017-09-27,2.4204
2017-09-28,2.4203
2017-09-29,2.4212
2017-10-09,2.4223
2017-10-10,2.4227
2017-10-11,2.423
2017-10-12,2.4231
2017-10-13,2.4233
2017-10-16,2.4231
2017-10-17,2.4229
2017-10-18,2.4228
2017-10-19,2.423
2017-10-20,2.4234
2017-10-23,2.4238
2017-10-24,2.4238
2017-10-25,2.4236
2017-10-26,2.4235
2017-10-27,2.4236
2017-10-30,2.422
2017-10-31,2.4212
2017-11-01,2.4215
2017-11-02,2.4213
2017-11-03,2.4213
2017-11-06,2.4216
2017-11-07,2.4214
2017-11-08,2.4212
2017-11-09,2.421
2017-11-10,2.421
2017-11-13,2.4203
2017-11-14,2.4183
2017-11-15,2.4172
2017-11-16,2.4169
2017-11-17,2.4162
2017-11-20,2.4149
2017-11-21,2.4139
2017-11-22,2.412
2017-11-23,2.4101
2017-11-24,2.4097
2017-11-27,2.409
2017-11-28,2.4081
2017-11-29,2.408
2017-11-30,2.4074
2017-12-01,2.4072
2017-12-04,2.4076
2017-12-05,2.4077
2017-12-06,2.4083
2017-12-07,2.409
2017-12-08,2.4098
2017-12-11,2.41
2017-12-12,2.409
2017-12-13,2.4087
2017-12-14,2.4086
2017-12-15,2.4089
2017-12-18,2.4092
2017-12-19,2.4093
2017-12-20,2.4094
2017-12-21,2.4097
2017-12-22,2.4108
2017-12-25,2.4105
2017-12-26,2.4097
2017-12-27,2.409
2017-12-28,2.4088
2017-12-29,2.4102
2017-12-31,2.4104
2018-01-02,2.4114
2018-01-03,2.4125
2018-01-04,2.4131
2018-01-05,2.4139
2018-01-08,2.4146
2018-01-09,2.4142
2018-01-10,2.414
2018-01-11,2.4133
2018-01-12,2.4136
2018-01-15,2.4125
2018-01-16,2.4129
2018-01-17,2.4127
2018-01-18,2.4131
2018-01-19,2.4136
2018-01-22,2.4151
2018-01-23,2.416
2018-01-24,2.4168
2018-01-25,2.4177
2018-01-26,2.4177
2018-01-29,2.4174
2018-01-30,2.4166
2018-01-31,2.4167
2018-02-01,2.4169
2018-02-02,2.418
2018-02-05,2.4194
2018-02-06,2.4191
2018-02-07,2.419
2018-02-08,2.4188
2018-02-09,2.4169
2018-02-12,2.4191
2018-02-13,2.4204
2018-02-14,2.4214
2018-02-22,2.4232
2018-02-23,2.4238
2018-02-26,2.4256
2018-02-27,2.4257
2018-02-28,2.4257
2018-03-01,2.4257
2018-03-02,2.4254
2018-03-05,2.4252
2018-03-06,2.4263
2018-03-07,2.4269
2018-03-08,2.4275
2018-03-09,2.4276
2018-03-12,2.4288
2018-03-13,2.4287
2018-03-14,2.4287
2018-03-15,2.4289
2018-03-16,2.4291
2018-03-19,2.4294
2018-03-20,2.4296
2018-03-21,2.4301
2018-03-22,2.4308
2018-03-23,2.4329
2018-03-26,2.4335
2018-03-27,2.434
2018-03-28,2.4345
2018-03-29,2.4352
2018-03-30,2.4363
2018-04-02,2.437
2018-04-03,2.4379
2018-04-04,2.4388
2018-04-09,2.4411
2018-04-10,2.4417
2018-04-11,2.4426
2018-04-12,2.4431
2018-04-13,2.4432
2018-04-16,2.4435
2018-04-17,2.4435
2018-04-18,2.4499
2018-04-19,2.4497
2018-04-20,2.4493
2018-04-23,2.4482
2018-04-24,2.4488
2018-04-25,2.4483
2018-04-26,2.4478
2018-04-27,2.4472
2018-05-02,2.4472
2018-05-03,2.4474
2018-05-04,2.4476
2018-05-07,2.4481
2018-05-08,2.4477
2018-05-09,2.4468
2018-05-10,2.4464
2018-05-11,2.4461
2018-05-14,2.4458
2018-05-15,2.4452
2018-05-16,2.4446
2018-05-17,2.4443
2018-05-18,2.444
2018-05-21,2.4445
2018-05-22,2.4446
2018-05-23,2.4444
2018-05-24,2.4448
2018-05-25,2.4448
2018-05-28,2.4451
2018-05-29,2.4445
2018-05-30,2.4445
2018-05-31,2.4447
2018-06-01,2.4448
2018-06-04,2.4446
2018-06-05,2.4445
2018-06-06,2.4447
2018-06-07,2.4446
2018-06-08,2.4444
2018-06-11,2.4445
2018-06-12,2.4444
2018-06-13,2.4444
2018-06-14,2.4444
2018-06-15,2.4443
2018-06-19,2.4438
2018-06-20,2.4437
2018-06-21,2.4437
2018-06-22,2.444
2018-06-25,2.4443
2018-06-26,2.4442
2018-06-27,2.4444
2018-06-28,2.4447
2018-06-29,2.4462
2018-06-30,2.4463
2018-07-02,2.4468
2018-07-03,2.4483
2018-07-04,2.4487
2018-07-05,2.4497
2018-07-06,2.45
2018-07-09,2.4511
2018-07-10,2.4511
2018-07-11,2.4513
2018-07-12,2.4522
2018-07-13,2.4525
2018-07-16,2.453
2018-07-17,2.4534
2018-07-18,2.4537
2018-07-19,2.4557
2018-07-20,2.4567
2018-07-23,2.4583
2018-07-24,2.4591
2018-07-25,2.4598
2018-07-26,2.4606
2018-07-27,2.4618
2018-07-30,2.463
2018-07-31,2.4643
2018-08-01,2.4654
2018-08-02,2.4664
2018-08-03,2.468
2018-08-06,2.4684
2018-08-07,2.4711
2018-08-08,2.4711
2018-08-09,2.4706
2018-08-10,2.4698
2018-08-13,2.4689
2018-08-14,2.4689
2018-08-15,2.4686
2018-08-16,2.468
2018-08-17,2.4665
2018-08-20,2.4658
2018-08-21,2.4662
2018-08-22,2.4664
2018-08-23,2.467
2018-08-24,2.4676
2018-08-27,2.4685
2018-08-28,2.4691
2018-08-29,2.4688
2018-08-30,2.4688
2018-08-31,2.4691
2018-09-03,2.469
2018-09-04,2.4692
2018-09-05,2.4692
2018-09-06,2.4692
2018-09-07,2.4695
2018-09-10,2.469
2018-09-11,2.4684
2018-09-12,2.4687
2018-09-13,2.4689
2018-09-14,2.4697
2018-09-17,2.47
2018-09-18,2.4704
2018-09-19,2.4709
2018-09-20,2.4704
2018-09-21,2.4712
2018-09-25,2.4717
2018-09-26,2.4722
2018-09-27,2.4728
2018-09-28,2.4735
2018-10-08,2.475
2018-10-09,2.4758
2018-10-10,2.4764
2018-10-11,2.4765
2018-10-12,2.4773
2018-10-15,2.4778
2018-10-16,2.4776
2018-10-17,2.478
2018-10-18,2.478
2018-10-19,2.4781
2018-10-22,2.4789
2018-10-23,2.4791
2018-10-24,2.4797
2018-10-25,2.4802
2018-10-26,2.4805
2018-10-29,2.4812
2018-10-30,2.4819
2018-10-31,2.4821
2018-11-01,2.4829
2018-11-02,2.483
2018-11-05,2.4836
2018-11-06,2.4839
2018-11-07,2.4846
2018-11-08,2.4852
2018-11-09,2.4855
2018-11-12,2.4864
2018-11-13,2.4872
2018-11-14,2.4889
2018-11-15,2.4898
2018-11-16,2.4916
2018-11-19,2.4926
2018-11-20,2.4927
2018-11-21,2.4931
2018-11-22,2.4929
2018-11-23,2.4927
2018-11-26,2.493
2018-11-27,2.4931
2018-11-28,2.494
2018-11-29,2.4942
2018-11-30,2.4946
2018-12-03,2.4956
2018-12-04,2.4964
2018-12-05,2.4974
2018-12-06,2.4978
2018-12-07,2.4984
2018-12-10,2.4992
2018-12-11,2.4992
2018-12-12,2.4999
2018-12-13,2.4992
2018-12-14,2.4982
2018-12-17,2.4973
2018-12-18,2.4967
2018-12-19,2.4969
2018-12-20,2.4972
2018-12-21,2.4971
2018-12-24,2.4972
2018-12-25,2.4973
2018-12-26,2.4974
2018-12-27,2.498
2018-12-28,2.4995
2018-12-31,2.4998
2019-01-02,2.501
2019-01-03,2.5032
2019-01-04,2.5052
2019-01-07,2.5075
2019-01-08,2.5091
2019-01-09,2.5104
2019-01-10,2.5111
2019-01-11,2.5113
2019-01-14,2.5115
2019-01-15,2.5119
2019-01-16,2.5126
2019-01-17,2.513
2019-01-18,2.5135
2019-01-21,2.5141
2019-01-22,2.5142
2019-01-23,2.5143
2019-01-24,2.5145
2019-01-25,2.5148
2019-01-28,2.5147
2019-01-29,2.5149
2019-01-30,2.5155
2019-01-31,2.5162
2019-02-01,2.5175
2019-02-11,2.5192
2019-02-12,2.5203
2019-02-13,2.5213
2019-02-14,2.5219
2019-02-15,2.5224
2019-02-18,2.5236
2019-02-19,2.5231
2019-02-20,2.5234
2019-02-21,2.5236
2019-02-22,2.5246
2019-02-25,2.5271
2019-02-26,2.526
2019-02-27,2.5261
2019-02-28,2.5259
2019-03-01,2.5257
2019-03-04,2.5272
2019-03-05,2.5281
2019-03-06,2.5287
2019-03-07,2.5297
2019-03-08,2.5291
2019-03-11,2.5301
2019-03-12,2.5303
2019-03-13,2.5299
2019-03-14,2.5292
2019-03-15,2.5296
2019-03-18,2.5308
2019-03-19,2.5312
2019-03-20,2.5313
2019-03-21,2.532
2019-03-22,2.5325
2019-03-25,2.5329
2019-03-26,2.5326
2019-03-27,2.5329
2019-03-28,2.5334
2019-03-29,2.5345
2019-04-01,2.5352
2019-04-02,2.535
2019-04-03,2.5342
2019-04-04,2.5343
2019-04-08,2.5342
2019-04-09,2.5331
2019-04-10,2.5324
2019-04-11,2.532
2019-04-12,2.5321
2019-04-15,2.5301
2019-04-16,2.5293
2019-04-17,2.5295
2019-04-18,2.5297
2019-04-19,2.5303
2019-04-22,2.5297
2019-04-23,2.5286
2019-04-24,2.528
2019-04-25,2.527
2019-04-26,2.5268
2019-04-29,2.5261
2019-04-30,2.5279
2019-05-06,2.5283
2019-05-07,2.5293
2019-05-08,2.5303
2019-05-09,2.5321
2019-05-10,2.534
2019-05-13,2.5348
2019-05-14,2.5356
2019-05-15,2.5374
2019-05-16,2.5381
2019-05-17,2.5371
2019-05-20,2.5371
2019-05-21,2.5373
2019-05-22,2.5372
2019-05-23,2.5369
2019-05-24,2.5373
2019-05-27,2.5364
2019-05-28,2.5363
2019-05-29,2.537
2019-05-30,2.5368
2019-05-31,2.5372
2019-06-03,2.5371
2019-06-04,2.5367
2019-06-05,2.5368
2019-06-06,2.5364
2019-06-10,2.5369
2019-06-11,2.5379
2019-06-12,2.5378
2019-06-13,2.5376
2019-06-14,2.5368
2019-06-17,2.5368
2019-06-18,2.5367
2019-06-19,2.5376
2019-06-20,2.5395
2019-06-21,2.5408
2019-06-24,2.5403
2019-06-25,2.5402
2019-06-26,2.5409
2019-06-27,2.541
2019-06-28,2.5413
2019-06-30,2.5415
2019-07-01,2.5423
2019-07-02,2.5437
2019-07-03,2.5446
2019-07-04,2.5454
2019-07-05,2.5454
2019-07-08,2.5444
2019-07-09,2.5445
2019-07-10,2.5445
2019-07-11,2.5448
2019-07-12,2.5454
2019-07-15,2.5458
2019-07-16,2.5461
2019-07-17,2.5465
2019-07-18,2.5462
2019-07-19,2.5466
2019-07-22,2.5469
2019-07-23,2.5475
2019-07-24,2.5478
2019-07-25,2.5483
2019-07-26,2.5491
2019-07-29,2.5495
2019-07-30,2.5503
2019-07-31,2.551
2019-08-01,2.5514
2019-08-02,2.5523
2019-08-05,2.5528
2019-08-06,2.5526
2019-08-07,2.5537
2019-08-08,2.5542
2019-08-09,2.5547
2019-08-12,2.5553
2019-08-13,2.5559
2019-08-14,2.5566
2019-08-15,2.5567
2019-08-16,2.5569
2019-08-19,2.5584
2019-08-20,2.5587
2019-08-21,2.5588
2019-08-22,2.5588
2019-08-23,2.559
2019-08-26,2.5591
2019-08-27,2.5596
2019-08-28,2.5596
2019-08-29,2.5594
2019-08-30,2.5593
2019-09-02,2.5598
2019-09-03,2.5601
2019-09-04,2.5604
2019-09-05,2.562
2019-09-06,2.5628
2019-09-09,2.5645
2019-09-10,2.5646
2019-09-11,2.5645
2019-09-12,2.5645
2019-09-16,2.5647
2019-09-17,2.5637
2019-09-18,2.5635
2019-09-19,2.5639
2019-09-20,2.5641
2019-09-23,2.564
2019-09-24,2.564
2019-09-25,2.5636
2019-09-26,2.5627
2019-09-27,2.5631
2019-09-30,2.5636
2019-10-08,2.5646
2019-10-09,2.5651
2019-10-10,2.5656
2019-10-11,2.566
2019-10-14,2.5668
2019-10-15,2.5662
2019-10-16,2.5658
2019-10-17,2.5661
2019-10-18,2.5657
2019-10-21,2.565
2019-10-22,2.565
2019-10-23,2.5647
2019-10-24,2.5644
2019-10-25,2.5648
2019-10-28,2.5654
2019-10-29,2.5646
2019-10-30,2.563
2019-10-31,2.5622
2019-11-01,2.5628
2019-11-04,2.5635
2019-11-05,2.5647
2019-11-06,2.5656
2019-11-07,2.5664
2019-11-08,2.5669
2019-11-11,2.5669
2019-11-12,2.5674
2019-11-13,2.5676
2019-11-14,2.5678
2019-11-15,2.5678
2019-11-18,2.5691
2019-11-19,2.5706
2019-11-20,2.5711
2019-11-21,2.5715
2019-11-22,2.5713
2019-11-25,2.5719
2019-11-26,2.5721
2019-11-27,2.5723
2019-11-28,2.5724
2019-11-29,2.5725
2019-12-02,2.5726
2019-12-03,2.5728
2019-12-04,2.573
2019-12-05,2.5737
2019-12-06,2.5741
2019-12-09,2.5747
2019-12-10,2.5756
2019-12-11,2.5765
2019-12-12,2.5772
2019-12-13,2.5783
2019-12-16,2.58
2019-12-17,2.5816
2019-12-18,2.5816
2019-12-19,2.5819
2019-12-20,2.5825
2019-12-23,2.5825
2019-12-24,2.5841
2019-12-25,2.585
2019-12-26,2.5867
2019-12-27,2.5867
2019-12-30,2.5879
2019-12-31,2.5895
2020-01-02,2.5912
2020-01-03,2.592
2020-01-06,2.5934
2020-01-07,2.5943
2020-01-08,2.594
2020-01-09,2.5953
2020-01-10,2.5957
2020-01-13,2.5969
2020-01-14,2.5978
2020-01-15,2.597
2020-01-16,2.5969
2020-01-17,2.5971
2020-01-20,2.599
2020-01-21,2.5994
2020-01-22,2.6003
2020-01-23,2.5992
2020-02-03,2.6007
2020-02-04,2.6029
2020-02-05,2.6045
2020-02-06,2.6069
2020-02-07,2.6077
2020-02-10,2.6092
2020-02-11,2.6093
2020-02-12,2.6113
2020-02-13,2.612
2020-02-14,2.6124
2020-02-17,2.6149
2020-02-18,2.615
2020-02-19,2.6152
2020-02-20,2.6165
2020-02-21,2.6172
2020-02-24,2.6179
2020-02-25,2.6179
2020-02-26,2.6174
2020-02-27,2.6178
2020-02-28,2.6168
2020-03-02,2.6188
2020-03-03,2.6193
2020-03-04,2.6201
2020-03-05,2.6217
2020-03-06,2.6227
2020-03-09,2.6226
2020-03-10,2.6229
2020-03-11,2.6226
2020-03-12,2.6207
2020-03-13,2.6192
2020-03-16,2.6168
2020-03-17,2.6153
2020-03-18,2.615
2020-03-19,2.614
2020-03-20,2.6171
2020-03-23,2.6155
2020-03-24,2.6172
2020-03-25,2.6198
2020-03-26,2.6198
2020-03-27,2.6195
2020-03-30,2.6187
2020-03-31,2.6193
2020-04-01,2.6201
2020-04-02,2.621
2020-04-03,2.6201
2020-04-07,2.6258
2020-04-08,2.628
2020-04-09,2.6295
2020-04-10,2.6278
2020-04-13,2.6263
2020-04-14,2.6275
2020-04-15,2.6281
2020-04-16,2.6297
2020-04-17,2.6306
2020-04-20,2.631
2020-04-21,2.6306
2020-04-22,2.6319
2020-04-23,2.6334
2020-04-24,2.6335
2020-04-27,2.6334
2020-04-28,2.6327
2020-04-29,2.6331
2020-04-30,2.6341
2020-05-06,2.6346
2020-05-07,2.633
2020-05-08,2.6326
2020-05-11,2.631
2020-05-12,2.6302
2020-05-13,2.6297
2020-05-14,2.6281
2020-05-15,2.6276
2020-05-18,2.6258
2020-05-19,2.6252
2020-05-20,2.624
2020-05-21,2.624
2020-05-22,2.6239
2020-05-25,2.6222
2020-05-26,2.6223
2020-05-27,2.6218
2020-05-28,2.6217
2020-05-29,2.6228
2020-06-01,2.6251
2020-06-02,2.6234
2020-06-03,2.6201
2020-06-04,2.6186
2020-06-05,2.6162
2020-06-08,2.6158
2020-06-09,2.6165
2020-06-10,2.6161
2020-06-11,2.6163
2020-06-12,2.6175
2020-06-15,2.6184
2020-06-16,2.6186
2020-06-17,2.6187
2020-06-18,2.6191
2020-06-19,2.6192
2020-06-22,2.6177
2020-06-23,2.6153
2020-06-24,2.6158
2020-06-29,2.6154
2020-06-30,2.6164
2020-07-01,2.6178
2020-07-02,2.6224
2020-07-03,2.6256
2020-07-06,2.6303
2020-07-07,2.6284
2020-07-08,2.6289
2020-07-09,2.6282
2020-07-10,2.6252
2020-07-13,2.6271
2020-07-14,2.6249
2020-07-15,2.6236
2020-07-16,2.6192
2020-07-17,2.6202
2020-07-20,2.6256
2020-07-21,2.6287
2020-07-22,2.6307
2020-07-23,2.6317
2020-07-24,2.6301
2020-07-27,2.6298
2020-07-28,2.6306
2020-07-29,2.6323
2020-07-30,2.6331
2020-07-31,2.6342
2020-08-03,2.6377
2020-08-04,2.638
2020-08-05,2.6389
2020-08-06,2.6385
2020-08-07,2.6381
2020-08-10,2.6408
2020-08-11,2.639
2020-08-12,2.6378
2020-08-13,2.6389
2020-08-14,2.6403
2020-08-17,2.6431
2020-08-18,2.6444
2020-08-19,2.6441
2020-08-20,2.6423
2020-08-21,2.6419
2020-08-24,2.6424
2020-08-25,2.6416
2020-08-26,2.6395
2020-08-27,2.6388
2020-08-28,2.6396
2020-08-31,2.6404
2020-09-01,2.6412
2020-09-02,2.6417
2020-09-03,2.6411
2020-09-04,2.6407
2020-09-07,2.6389
2020-09-08,2.6392
2020-09-09,2.6377
2020-09-10,2.6366
2020-09-11,2.6368
2020-09-14,2.6375
2020-09-15,2.637
2020-09-16,2.6362
2020-09-17,2.6359
2020-09-18,2.6376
2020-09-21,2.6373
2020-09-22,2.6362
2020-09-23,2.6363
2020-09-24,2.6342
2020-09-25,2.6331
2020-09-28,2.6324
2020-09-29,2.6341
2020-09-30,2.6346
2020-10-09,2.6361
2020-10-12,2.6389
2020-10-13,2.6396
2020-10-14,2.6401
2020-10-15,2.6401
2020-10-16,2.6404
2020-10-19,2.6403
2020-10-20,2.6412
2020-10-21,2.6413
2020-10-22,2.6423
2020-10-23,2.6417
2020-10-26,2.6417
2020-10-27,2.6423
2020-10-28,2.6426
2020-10-29,2.6425
2020-10-30,2.641
2020-11-02,2.641
2020-11-03,2.6426
2020-11-04,2.6433
2020-11-05,2.6446
2020-11-06,2.6441
2020-11-09,2.6459
2020-11-10,2.646
2020-11-11,2.6461
2020-11-12,2.6455
2020-11-13,2.6429
2020-11-16,2.6438
2020-11-17,2.6427
2020-11-18,2.6422
2020-11-19,2.6403
2020-11-20,2.6401
2020-11-23,2.6419
2020-11-24,2.6422
2020-11-25,2.642
2020-11-26,2.6416
2020-11-27,2.6421
2020-11-30,2.6434
2020-12-01,2.6442
2020-12-02,2.6443
2020-12-03,2.6439
2020-12-04,2.6441
2020-12-07,2.6436
2020-12-08,2.6435
2020-12-09,2.6428
2020-12-10,2.6428
2020-12-11,2.6414
2020-12-14,2.6411
2020-12-15,2.6398
2020-12-16,2.6396
2020-12-17,2.6407
2020-12-18,2.6412
2020-12-21,2.6421
2020-12-22,2.6414
2020-12-23,2.6412
2020-12-24,2.6386
2020-12-25,2.6399
2020-12-28,2.6393
2020-12-29,2.6398
2020-12-30,2.6418
2020-12-31,2.6437
2021-01-04,2.6445
2021-01-05,2.645
2021-01-06,2.6456
2021-01-07,2.6455
2021-01-08,2.6457
2021-01-11,2.6451
2021-01-12,2.6458
2021-01-13,2.6454
2021-01-14,2.6468
2021-01-15,2.6474
2021-01-18,2.6479
2021-01-19,2.6479
2021-01-20,2.6483
2021-01-21,2.649
2021-01-22,2.6483
2021-01-25,2.6479
2021-01-26,2.646
2021-01-27,2.6454
2021-01-28,2.6436
2021-01-29,2.642
2021-02-01,2.6419
2021-02-02,2.6419
2021-02-03,2.6414
2021-02-04,2.6394
2021-02-05,2.6383
2021-02-08,2.6386
2021-02-09,2.6407
2021-02-10,2.6419
2021-02-18,2.6446
2021-02-19,2.6472
2021-02-22,2.6494
2021-02-23,2.6492
2021-02-24,2.6491
2021-02-25,2.6493
2021-02-26,2.6488
2021-03-01,2.6506
2021-03-02,2.6507
2021-03-03,2.6526
2021-03-04,2.6524
2021-03-05,2.6534
2021-03-08,2.6538
2021-03-09,2.6532
2021-03-10,2.6535
2021-03-11,2.6551
2021-03-12,2.6566
2021-03-15,2.657
2021-03-16,2.6579
2021-03-17,2.658
2021-03-18,2.6583
2021-03-19,2.659
2021-03-22,2.6608
2021-03-23,2.6605
2021-03-24,2.6601
2021-03-25,2.6597
2021-03-26,2.6603
2021-03-29,2.6612
2021-03-30,2.6612
2021-03-31,2.6617
2021-04-01,2.6625
2021-04-02,2.6627
2021-04-06,2.6632
2021-04-07,2.6639
2021-04-08,2.6639
2021-04-09,2.6642
2021-04-12,2.6646
2021-04-13,2.6648
2021-04-14,2.6652
2021-04-15,2.6656
2021-04-16,2.6667
2021-04-19,2.668
2021-04-20,2.6689
2021-04-21,2.6691
2021-04-22,2.6697
2021-04-23,2.6698
2021-04-26,2.6696
2021-04-27,2.6692
2021-04-28,2.6696
2021-04-29,2.6702
2021-04-30,2.6705
2021-05-06,2.6721
2021-05-07,2.6724
2021-05-10,2.6732
2021-05-11,2.6739
2021-05-12,2.6749
2021-05-13,2.6748
2021-05-14,2.6757
2021-05-17,2.6758
2021-05-18,2.6765
2021-05-19,2.6769
2021-05-20,2.6771
2021-05-21,2.6777
2021-05-24,2.6786
2021-05-25,2.6797
2021-05-26,2.6804
2021-05-27,2.6812
2021-05-28,2.6813
2021-05-31,2.6818
2021-06-01,2.682
2021-06-02,2.6819
2021-06-03,2.6823
2021-06-04,2.6824
2021-06-07,2.6817
2021-06-08,2.6813
2021-06-09,2.6814
2021-06-10,2.682
2021-06-11,2.6819
2021-06-15,2.681
2021-06-16,2.6799
2021-06-17,2.6794
2021-06-18,2.6796
2021-06-21,2.6802
2021-06-22,2.6808
2021-06-23,2.6815
2021-06-24,2.6822
2021-06-25,2.6835
2021-06-28,2.6838
2021-06-29,2.6832
2021-06-30,2.6838
2021-07-01,2.6839
2021-07-02,2.6839
2021-07-05,2.6849
2021-07-06,2.6853
2021-07-07,2.6862
2021-07-08,2.6877
2021-07-09,2.6891
2021-07-12,2.6912
2021-07-13,2.6924
2021-07-14,2.6926
2021-07-15,2.6936
2021-07-16,2.6943
2021-07-19,2.6945
2021-07-20,2.6943
2021-07-21,2.6956
2021-07-22,2.6969
2021-07-23,2.6981
2021-07-26,2.698
2021-07-27,2.6969
2021-07-28,2.6954
2021-07-29,2.6971
2021-07-30,2.6983
2021-08-02,2.7004
2021-08-03,2.7
2021-08-04,2.7012
2021-08-05,2.7011
2021-08-06,2.7017
2021-08-09,2.7018
2021-08-10,2.702
2021-08-11,2.7029
2021-08-12,2.7035
2021-08-13,2.7036
2021-08-16,2.7039
2021-08-17,2.703
2021-08-18,2.7041
2021-08-19,2.7037
2021-08-20,2.7033
2021-08-23,2.7037
2021-08-24,2.7044
2021-08-25,2.705
2021-08-26,2.704
2021-08-27,2.7042
2021-08-30,2.7053
2021-08-31,2.7062
2021-09-01,2.7073
2021-09-02,2.7094
2021-09-03,2.7098
2021-09-06,2.7108
2021-09-07,2.7121
2021-09-08,2.7125
2021-09-09,2.7126
2021-09-10,2.7122
2021-09-13,2.7128
2021-09-14,2.711
2021-09-15,2.7108
2021-09-16,2.7093
2021-09-17,2.7091
2021-09-22,2.7099
2021-09-23,2.7105
2021-09-24,2.7095
2021-09-27,2.7083
2021-09-28,2.7082
2021-09-29,2.7075
2021-09-30,2.7082
2021-10-08,2.709
2021-10-11,2.7083
2021-10-12,2.707
2021-10-13,2.7062
2021-10-14,2.7066
2021-10-15,2.7072
2021-10-18,2.7069
2021-10-19,2.7075
2021-10-20,2.7077
2021-10-21,2.7084
2021-10-22,2.7085
2021-10-25,2.7091
2021-10-26,2.7096
2021-10-27,2.71
2021-10-28,2.7101
2021-10-29,2.7109
2021-11-01,2.7121
2021-11-02,2.7124
2021-11-03,2.7134
2021-11-04,2.7141
2021-11-05,2.7147
2021-11-08,2.7152
2021-11-09,2.7151
2021-11-10,2.7154
2021-11-11,2.7161
2021-11-12,2.7165
2021-11-15,2.7175
2021-11-16,2.7172
2021-11-17,2.7176
2021-11-18,2.7182
2021-11-19,2.7189
2021-11-22,2.7199
2021-11-23,2.7201
2021-11-24,2.7207
2021-11-25,2.7212
2021-11-26,2.7219
2021-11-29,2.7222
2021-11-30,2.7222
2021-12-01,2.7227
2021-12-02,2.7229
2021-12-03,2.7231
2021-12-06,2.7239
2021-12-07,2.7229
2021-12-08,2.7233
2021-12-09,2.724
2021-12-10,2.7243
2021-12-13,2.7249
2021-12-14,2.725
2021-12-15,2.7255
2021-12-16,2.7259
2021-12-17,2.7261
2021-12-20,2.7258
2021-12-21,2.726
2021-12-22,2.7262
2021-12-23,2.7269
2021-12-24,2.7272
2021-12-27,2.7279
2021-12-28,2.7283
2021-12-29,2.7288
2021-12-30,2.7299
2021-12-31,2.7313
2022-01-04,2.7322
2022-01-05,2.7323
2022-01-06,2.7321
2022-01-07,2.7323
2022-01-10,2.7333
2022-01-11,2.7339
2022-01-12,2.7347
2022-01-13,2.7342
2022-01-14,2.7335
2022-01-17,2.7346
2022-01-18,2.7359
2022-01-19,2.738
2022-01-20,2.7385
2022-01-21,2.7386
2022-01-24,2.7395
2022-01-25,2.7386
2022-01-26,2.7384
2022-01-27,2.7379
2022-01-28,2.7383
2022-02-07,2.7398
2022-02-08,2.7403
2022-02-09,2.7408
2022-02-10,2.7412
2022-02-11,2.7393
2022-02-14,2.7368
2022-02-15,2.7356
2022-02-16,2.7362
2022-02-17,2.7366
2022-02-18,2.7369
2022-02-21,2.7367
2022-02-22,2.7353
2022-02-23,2.7357
2022-02-24,2.7352
2022-02-25,2.7356
2022-02-28,2.7361
2022-03-01,2.7362
2022-03-02,2.7356
2022-03-03,2.7344
2022-03-04,2.7335
2022-03-07,2.732
2022-03-08,2.7309
2022-03-09,2.7292
2022-03-10,2.7294
2022-03-11,2.7294
2022-03-14,2.7309
2022-03-15,2.7283
2022-03-16,2.7296
2022-03-17,2.7301
2022-03-18,2.7315
2022-03-21,2.7314
2022-03-22,2.731
2022-03-23,2.7309
2022-03-24,2.7306
2022-03-25,2.7305
2022-03-28,2.7308
2022-03-29,2.7307
2022-03-30,2.7326
2022-03-31,2.733
2022-04-01,2.7347
2022-04-06,2.7362
2022-04-07,2.7365
2022-04-08,2.7373
2022-04-11,2.7364
2022-04-12,2.737
2022-04-13,2.7372
2022-04-14,2.7386
2022-04-15,2.7387
2022-04-18,2.7379
2022-04-19,2.7379
2022-04-20,2.7372
2022-04-21,2.7369
2022-04-22,2.7373
2022-04-25,2.7368
2022-04-26,2.7368
2022-04-27,2.7377
2022-04-28,2.7373
2022-04-29,2.7388
2022-05-05,2.7396
2022-05-06,2.7392
2022-05-09,2.7402
2022-05-10,2.7414
2022-05-11,2.7423
2022-05-12,2.7428
2022-05-13,2.7439
2022-05-16,2.7441
2022-05-17,2.745
2022-05-18,2.746
2022-05-19,2.7464
2022-05-20,2.7468
2022-05-23,2.7477
2022-05-24,2.747
2022-05-25,2.7473
2022-05-26,2.7486
2022-05-27,2.7488
2022-05-30,2.7487
2022-05-31,2.7478
2022-06-01,2.7472
2022-06-02,2.7465
2022-06-06,2.7459
2022-06-07,2.7459
2022-06-08,2.7463
2022-06-09,2.7469
2022-06-10,2.7476
2022-06-13,2.7475
2022-06-14,2.7478
2022-06-15,2.7484
2022-06-16,2.7485
2022-06-17,2.7495
2022-06-20,2.7492
2022-06-21,2.749
2022-06-22,2.749
2022-06-23,2.7497
2022-06-24,2.7502
2022-06-27,2.7501
2022-06-28,2.7504
2022-06-29,2.75
2022-06-30,2.7508
2022-07-01,2.7514
2022-07-04,2.7511
2022-07-05,2.7507
2022-07-06,2.7503
2022-07-07,2.7509
2022-07-08,2.7516
2022-07-11,2.7518
2022-07-12,2.7521
2022-07-13,2.7527
2022-07-14,2.7537
2022-07-15,2.7538
2022-07-18,2.7551
2022-07-19,2.7558
2022-07-20,2.7566
2022-07-21,2.7572
2022-07-22,2.7571
2022-07-25,2.7575
2022-07-26,2.7585
2022-07-27,2.7591
2022-07-28,2.7593
2022-07-29,2.7603
2022-08-01,2.7617
2022-08-02,2.7617
2022-08-03,2.7619
2022-08-04,2.7628
2022-08-05,2.7631
2022-08-08,2.7633
2022-08-09,2.7627
2022-08-10,2.7624
2022-08-11,2.7629
2022-08-12,2.7631
2022-08-15,2.7651
2022-08-16,2.7664
2022-08-17,2.7668
2022-08-18,2.7665
2022-08-19,2.7661
2022-08-22,2.7669
2022-08-23,2.7668
2022-08-24,2.7657
2022-08-25,2.7649
2022-08-26,2.7645
2022-08-29,2.7645
2022-08-30,2.7647
2022-08-31,2.7645
2022-09-01,2.7649
2022-09-02,2.7656
2022-09-05,2.7666
2022-09-06,2.7673
2022-09-07,2.7676
2022-09-08,2.7675
2022-09-09,2.7677
2022-09-13,2.7679
2022-09-14,2.7675
2022-09-15,2.7673
2022-09-16,2.7663
2022-09-19,2.766
2022-09-20,2.7661
2022-09-21,2.7668
2022-09-22,2.7669
2022-09-23,2.7665
2022-09-26,2.7653
2022-09-27,2.7653
2022-09-28,2.7643
2022-09-29,2.7636
2022-09-30,2.7632
2022-10-10,2.7642
2022-10-11,2.7647
2022-10-12,2.7658
2022-10-13,2.7665
2022-10-14,2.7677
2022-10-17,2.7685
2022-10-18,2.7685
2022-10-19,2.7685
2022-10-20,2.7681
2022-10-21,2.7681
2022-10-24,2.7671
2022-10-25,2.7663
2022-10-26,2.7668
2022-10-27,2.7673
2022-10-28,2.7665
2022-10-31,2.7666
2022-11-01,2.7673
2022-11-02,2.7679
2022-11-03,2.7681
2022-11-04,2.769
2022-11-07,2.7689
2022-11-08,2.7682
2022-11-09,2.7677
2022-11-10,2.7667
2022-11-11,2.7664
2022-11-14,2.762
2022-11-15,2.7604
2022-11-16,2.7567
2022-11-17,2.7547
2022-11-18,2.7541
2022-11-21,2.7547
2022-11-22,2.7545
2022-11-23,2.7554
2022-11-24,2.7571
2022-11-25,2.7575
2022-11-28,2.7564
2022-11-29,2.7556
2022-11-30,2.7549
2022-12-01,2.7547
2022-12-02,2.7545
2022-12-05,2.7547
2022-12-06,2.7525
2022-12-07,2.7498
2022-12-08,2.7485
2022-12-09,2.7476
2022-12-12,2.7453
2022-12-13,2.7404
2022-12-14,2.7402
2022-12-15,2.7414
2022-12-16,2.7406
2022-12-19,2.7404
2022-12-20,2.7402
2022-12-21,2.7403
2022-12-22,2.7408
2022-12-23,2.7418
2022-12-26,2.7434
2022-12-27,2.7448
2022-12-28,2.7445
2022-12-29,2.7447
2022-12-30,2.746
2022-12-31,2.7461
2023-01-03,2.7476
2023-01-04,2.7499
2023-01-05,2.7522
2023-01-06,2.7521
2023-01-09,2.752
2023-01-10,2.75
2023-01-11,2.7495
2023-01-12,2.7494
2023-01-13,2.7497
2023-01-16,2.7501
2023-01-17,2.7506
2023-01-18,2.751
2023-01-19,2.7516
2023-01-20,2.7529
2023-01-30,2.7536
2023-01-31,2.7534
2023-02-01,2.7543
2023-02-02,2.7553
2023-02-03,2.7562
2023-02-06,2.7558
2023-02-07,2.7566
2023-02-08,2.7572
2023-02-09,2.7589
2023-02-10,2.7598
2023-02-13,2.7606
2023-02-14,2.7613
2023-02-15,2.7613
2023-02-16,2.7611
2023-02-17,2.7606
2023-02-20,2.7617
2023-02-21,2.7616
2023-02-22,2.7618
2023-02-23,2.7617
2023-02-24,2.7616
2023-02-27,2.7612
2023-02-28,2.7615
2023-03-01,2.7627
2023-03-02,2.7631
2023-03-03,2.7636
2023-03-06,2.7644
2023-03-07,2.7643
2023-03-08,2.7648
2023-03-09,2.7653
2023-03-10,2.7653
2023-03-13,2.7659
2023-03-14,2.766
2023-03-15,2.7666
2023-03-16,2.7665
2023-03-17,2.7675
2023-03-20,2.769
2023-03-21,2.7695
2023-03-22,2.77
2023-03-23,2.7703
2023-03-24,2.7697
2023-03-27,2.7703
2023-03-28,2.77
2023-03-29,2.77
2023-03-30,2.7706
2023-03-31,2.7716
2023-04-03,2.7729
2023-04-04,2.7731
2023-04-06,2.7731
2023-04-07,2.774
2023-04-10,2.7744
2023-04-11,2.7748
2023-04-12,2.7757
2023-04-13,2.7759
2023-04-14,2.7765
2023-04-17,2.7775
2023-04-18,2.7781
2023-04-19,2.7778
2023-04-20,2.7773
2023-04-21,2.7764
2023-04-24,2.776
2023-04-25,2.7762
2023-04-26,2.7776
2023-04-27,2.7791
2023-04-28,2.7804
2023-05-04,2.7817
2023-05-05,2.7818
2023-05-08,2.7832
2023-05-09,2.7839
2023-05-10,2.7836
2023-05-11,2.7843
2023-05-12,2.7822
2023-05-15,2.783
2023-05-16,2.7829
2023-05-17,2.7834
2023-05-18,2.7834
2023-05-19,2.7835
2023-05-22,2.7844
2023-05-23,2.7843
2023-05-24,2.7836
2023-05-25,2.7831
2023-05-26,2.7833
2023-05-29,2.7834
2023-05-30,2.7834
2023-05-31,2.7832
2023-06-01,2.7837
2023-06-02,2.7846
2023-06-05,2.7849
2023-06-06,2.7847
2023-06-07,2.785
2023-06-08,2.7855
2023-06-09,2.7862
2023-06-12,2.7867
2023-06-13,2.7865
2023-06-14,2.7869
2023-06-15,2.7871
2023-06-16,2.7866
2023-06-19,2.785
2023-06-20,2.7846
2023-06-21,2.7845
2023-06-26,2.784
2023-06-27,2.7843
2023-06-28,2.7843
2023-06-29,2.7846
2023-06-30,2.786
2023-07-03,2.7868
2023-07-04,2.7868
2023-07-05,2.787
2023-07-06,2.7874
2023-07-07,2.7879
2023-07-10,2.7884
2023-07-11,2.789
2023-07-12,2.7891
2023-07-13,2.7899
2023-07-14,2.79
2023-07-17,2.7904
2023-07-18,2.791
2023-07-19,2.7914
2023-07-20,2.7916
2023-07-21,2.7922
2023-07-24,2.7921
2023-07-25,2.7916
2023-07-26,2.7918
2023-07-27,2.7924
2023-07-28,2.7937
2023-07-31,2.7932
2023-08-01,2.7929
2023-08-02,2.7933
2023-08-03,2.7945
2023-08-04,2.7948
2023-08-07,2.7945
2023-08-08,2.795
2023-08-09,2.7953
2023-08-10,2.796
2023-08-11,2.7958
2023-08-14,2.7959
2023-08-15,2.7967
2023-08-16,2.7973
2023-08-17,2.7976
2023-08-18,2.7977
2023-08-21,2.7978
2023-08-22,2.7972
2023-08-23,2.7966
2023-08-24,2.7969
2023-08-25,2.7965
2023-08-28,2.7965
2023-08-29,2.7968
2023-08-30,2.797
2023-08-31,2.7971
2023-09-01,2.797
2023-09-04,2.7965
2023-09-05,2.7962
2023-09-06,2.7952
2023-09-07,2.7924
2023-09-08,2.791
2023-09-11,2.7905
2023-09-12,2.7908
2023-09-13,2.7914
2023-09-14,2.7921
2023-09-15,2.7924
2023-09-18,2.7922
2023-09-19,2.7919
2023-09-20,2.792
2023-09-21,2.7922
2023-09-22,2.793
2023-09-25,2.7927
2023-09-26,2.7924
2023-09-27,2.7928
2023-09-28,2.7943
2023-10-09,2.7947
2023-10-10,2.7938
2023-10-11,2.7929
2023-10-12,2.7933
2023-10-13,2.7934
2023-10-16,2.7929
2023-10-17,2.7924
2023-10-18,2.7908
2023-10-19,2.7882
2023-10-20,2.7879
2023-10-23,2.7867
2023-10-24,2.7879
2023-10-25,2.7891
2023-10-26,2.7897
2023-10-27,2.7911
2023-10-30,2.792
2023-10-31,2.7918
2023-11-01,2.7915
2023-11-02,2.7922
2023-11-03,2.7927
2023-11-06,2.794
2023-11-07,2.7944
2023-11-08,2.7942
2023-11-09,2.7946
2023-11-10,2.7947
2023-11-13,2.7953
2023-11-14,2.7956
2023-11-15,2.7964
2023-11-16,2.7961
2023-11-17,2.7962
2023-11-20,2.7965
2023-11-21,2.7965
2023-11-22,2.7949
2023-11-23,2.7939
2023-11-24,2.7936
2023-11-27,2.793
2023-11-28,2.7934
2023-11-29,2.7929
2023-11-30,2.7931
2023-12-01,2.7937
2023-12-04,2.7935
2023-12-05,2.7924
2023-12-06,2.7925
2023-12-07,2.7926
2023-12-08,2.7932
2023-12-11,2.7941
2023-12-12,2.7942
2023-12-13,2.7947
2023-12-14,2.7952
2023-12-15,2.7956
2023-12-18,2.7954
2023-12-19,2.795
2023-12-20,2.7946
2023-12-21,2.7955
2023-12-22,2.7963
2023-12-25,2.7966
2023-12-26,2.7969
2023-12-27,2.7987
2023-12-28,2.8018
2023-12-29,2.8036
2023-12-31,2.8037
2024-01-02,2.804
2024-01-03,2.8029
2024-01-04,2.8028
2024-01-05,2.8032
2024-01-08,2.8024
2024-01-09,2.8034
2024-01-10,2.8033
2024-01-11,2.8041
2024-01-12,2.8045
2024-01-15,2.8047
2024-01-16,2.8042
2024-01-17,2.8032
2024-01-18,2.8033
2024-01-19,2.8039
2024-01-22,2.8022
2024-01-23,2.8025
2024-01-24,2.8027
2024-01-25,2.8054
2024-01-26,2.8064
2024-01-29,2.8055
2024-01-30,2.8054
2024-01-31,2.805
2024-02-01,2.8049
2024-02-02,2.8046
2024-02-05,2.8035
2024-02-06,2.8048
2024-02-07,2.8054
2024-02-08,2.807
2024-02-19,2.8081
2024-02-20,2.8104
2024-02-21,2.8124
2024-02-22,2.8132
2024-02-23,2.8145
2024-02-26,2.8145
2024-02-27,2.8149
2024-02-28,2.8133
2024-02-29,2.8147
2024-03-01,2.8142
2024-03-04,2.8137
2024-03-05,2.8129
2024-03-06,2.8134
2024-03-07,2.8133
2024-03-08,2.8131
2024-03-11,2.8135
2024-03-12,2.8129
2024-03-13,2.8122
2024-03-14,2.8115
2024-03-15,2.8122
2024-03-18,2.8137
2024-03-19,2.8147
2024-03-20,2.8155
2024-03-21,2.8158
2024-03-22,2.8151
2024-03-25,2.8141
2024-03-26,2.8136
2024-03-27,2.8133
2024-03-28,2.8138
2024-03-29,2.8147
2024-04-01,2.8157
2024-04-02,2.8165
2024-04-03,2.8177
2024-04-08,2.8181
2024-04-09,2.8197
2024-04-10,2.8198
2024-04-11,2.8208
2024-04-12,2.8222
2024-04-15,2.8215
2024-04-16,2.8201
2024-04-17,2.8217
2024-04-18,2.8226
2024-04-19,2.8232
2024-04-22,2.8235
2024-04-23,2.8239
2024-04-24,2.8233
2024-04-25,2.8232
2024-04-26,2.8228
2024-04-29,2.8212
2024-04-30,2.8227
2024-05-06,2.8253
2024-05-07,2.8277
2024-05-08,2.8276
2024-05-09,2.8288
2024-05-10,2.8289
2024-05-13,2.8292
2024-05-14,2.8301
2024-05-15,2.8299
2024-05-16,2.83
2024-05-17,2.8302
2024-05-20,2.8313
2024-05-21,2.8309
2024-05-22,2.8314
2024-05-23,2.8307
2024-05-24,2.8306
2024-05-27,2.831
2024-05-28,2.8313
2024-05-29,2.8314
2024-05-30,2.8321
2024-05-31,2.8311
2024-06-03,2.8295
2024-06-04,2.8297
2024-06-05,2.8299
2024-06-06,2.829
2024-06-07,2.8298
2024-06-11,2.8304
2024-06-12,2.8311
2024-06-13,2.8306
2024-06-14,2.8306
2024-06-17,2.83
2024-06-18,2.83
2024-06-19,2.8288
2024-06-20,2.8267
2024-06-21,2.8248
2024-06-24,2.8222
2024-06-25,2.8238
2024-06-26,2.8281
2024-06-27,2.8279
2024-06-28,2.8288
2024-06-30,2.8289
2024-07-01,2.8293
2024-07-02,2.8308
2024-07-03,2.8305
2024-07-04,2.8293
2024-07-05,2.8294
2024-07-08,2.8268
2024-07-09,2.8278
2024-07-10,2.8274
2024-07-11,2.8289
2024-07-12,2.8289
2024-07-15,2.8287
2024-07-16,2.8286
2024-07-17,2.8276
2024-07-18,2.8272
2024-07-19,2.8275
2024-07-22,2.8276
2024-07-23,2.8267
2024-07-24,2.8248
2024-07-25,2.8252
2024-07-26,2.8274
2024-07-29,2.8278
2024-07-30,2.8279
2024-07-31,2.8299
2024-08-01,2.8304
2024-08-02,2.8305
2024-08-05,2.8298
2024-08-06,2.8297
2024-08-07,2.83
2024-08-08,2.8294
2024-08-09,2.8285
2024-08-12,2.8262
2024-08-13,2.8264
2024-08-14,2.8264
2024-08-15,2.8252
2024-08-16,2.8229
2024-08-19,2.8237
2024-08-20,2.822
2024-08-21,2.8214
2024-08-22,2.8205
2024-08-23,2.8205
2024-08-26,2.8215
2024-08-27,2.82
2024-08-28,2.8204
2024-08-29,2.8215
2024-08-30,2.8238
2024-09-02,2.8238
2024-09-03,2.8245
2024-09-04,2.8252
2024-09-05,2.8272
2024-09-06,2.8268
2024-09-09,2.826
2024-09-10,2.8249
2024-09-11,2.8249
2024-09-12,2.8249
2024-09-13,2.825
2024-09-18,2.8249
2024-09-19,2.8254
2024-09-20,2.8246
2024-09-23,2.8246
2024-09-24,2.8278
2024-09-25,2.8298
2024-09-26,2.8319
2024-09-27,2.8316
2024-09-30,2.8329
2024-10-08,2.8354
2024-10-09,2.827
2024-10-10,2.8293
2024-10-11,2.8286
2024-10-14,2.8327
2024-10-15,2.8333
2024-10-16,2.8345
2024-10-17,2.8351
2024-10-18,2.8366
2024-10-21,2.8383
2024-10-22,2.8382
2024-10-23,2.8385
2024-10-24,2.8367
2024-10-25,2.8388
2024-10-28,2.8392
2024-10-29,2.8375
2024-10-30,2.837
2024-10-31,2.8384
2024-11-01,2.8396
2024-11-04,2.8411
2024-11-05,2.8433
2024-11-06,2.8436
2024-11-07,2.8459
2024-11-08,2.8457
2024-11-11,2.8483
2024-11-12,2.8482
2024-11-13,2.8479
2024-11-14,2.8458
2024-11-15,2.845
2024-11-18,2.8435
2024-11-19,2.8448
2024-11-20,2.8462
2024-11-21,2.8472
2024-11-22,2.8463
2024-11-25,2.847
2024-11-26,2.847
2024-11-27,2.8486
2024-11-28,2.8499
2024-11-29,2.8521
2024-12-02,2.8554
2024-12-03,2.8556
2024-12-04,2.8556
2024-12-05,2.8569
2024-12-06,2.8579
2024-12-09,2.8587
2024-12-10,2.8623
2024-12-11,2.8646
2024-12-12,2.8666
2024-12-13,2.8668
2024-12-16,2.8665
2024-12-17,2.8648
2024-12-18,2.8648
2024-12-19,2.8642
2024-12-20,2.8662
2024-12-23,2.8655
2024-12-24,2.8657
2024-12-25,2.8648
2024-12-26,2.8653
2024-12-27,2.8673
2024-12-30,2.8674
2024-12-31,2.8673
2025-01-02,2.8682
2025-01-03,2.8685
2025-01-06,2.8678
2025-01-07,2.8684
2025-01-08,2.8682
2025-01-09,2.8678
2025-01-10,2.8672
2025-01-13,2.8667
2025-01-14,2.8683
2025-01-15,2.8695
2025-01-16,2.8687
2025-01-17,2.8688
2025-01-20,2.869
2025-01-21,2.8697
2025-01-22,2.8699
2025-01-23,2.8696
2025-01-24,2.87
2025-01-27,2.8707
2025-02-05,2.8717
2025-02-06,2.8733
2025-02-07,2.8747
2025-02-10,2.8745
2025-02-11,2.8743
2025-02-12,2.8746
2025-02-13,2.8744
2025-02-14,2.8734
2025-02-17,2.8724
2025-02-18,2.8705
2025-02-19,2.8721
2025-02-20,2.8714
2025-02-21,2.8709
2025-02-24,2.8693
2025-02-25,2.8688
2025-02-26,2.8709
2025-02-27,2.8702
2025-02-28,2.8687
2025-03-03,2.8688
2025-03-04,2.8693
2025-03-05,2.8695
2025-03-06,2.8699
2025-03-07,2.8681
2025-03-10,2.8682
2025-03-11,2.8656
2025-03-12,2.866
2025-03-13,2.8661
2025-03-14,2.8675
2025-03-17,2.8666
2025-03-18,2.8666
2025-03-19,2.8663
2025-03-20,2.8676
2025-03-21,2.8663
2025-03-24,2.8661
2025-03-25,2.8681
2025-03-26,2.8693
2025-03-27,2.8697
2025-03-28,2.8691
2025-03-31,2.8681
2025-04-01,2.8689
2025-04-02,2.8699
2025-04-03,2.8722
2025-04-07,2.8692
2025-04-08,2.8694
2025-04-09,2.8704
2025-04-10,2.8713
2025-04-11,2.8706
2025-04-14,2.8709
2025-04-15,2.8701
2025-04-16,2.8694
2025-04-17,2.8695
2025-04-18,2.8694
2025-04-21,2.8695
2025-04-22,2.8701
2025-04-23,2.8701
2025-04-24,2.8697
2025-04-25,2.8698
2025-04-28,2.8693
2025-04-29,2.8703
2025-04-30,2.8707
2025-05-06,2.872
2025-05-07,2.872
2025-05-08,2.8737
2025-05-09,2.8744
2025-05-12,2.8744
2025-05-13,2.8752
2025-05-14,2.8754
2025-05-15,2.875
2025-05-16,2.8745
2025-05-19,2.875
2025-05-20,2.8757
2025-05-21,2.8762
2025-05-22,2.8757
2025-05-23,2.8754
2025-05-26,2.8754
2025-05-27,2.8749
2025-05-28,2.8745
2025-05-29,2.8746
2025-05-30,2.8751
2025-06-03,2.8759
2025-06-04,2.8766
2025-06-05,2.8769
2025-06-06,2.8779
2025-06-09,2.8789
2025-06-10,2.8788
2025-06-11,2.8797
2025-06-12,2.8798
2025-06-13,2.8794
2025-06-16,2.8799
2025-06-17,2.881
2025-06-18,2.8815
2025-06-19,2.8812
2025-06-20,2.8819
2025-06-23,2.8828
2025-06-24,2.8835
2025-06-25,2.8844
2025-06-26,2.8845
2025-06-27,2.8851
2025-06-30,2.8853
2025-07-01,2.8863
2025-07-02,2.8871
2025-07-03,2.8883
2025-07-04,2.8893
2025-07-07,2.8893
2025-07-08,2.8904
2025-07-09,2.8898
2025-07-10,2.8902
2025-07-11,2.8899
2025-07-14,2.8886
2025-07-15,2.8885
2025-07-16,2.8891
2025-07-17,2.8906
2025-07-18,2.8909
2025-07-21,2.8916
2025-07-22,2.8918
2025-07-23,2.8917
2025-07-24,2.8912
2025-07-25,2.891
2025-07-28,2.8905
2025-07-29,2.8895
2025-07-30,2.8903
2025-07-31,2.8896
2025-08-01,2.8901
2025-08-04,2.8913
2025-08-05,2.8931
2025-08-06,2.894
2025-08-07,2.8942
2025-08-08,2.8946
2025-08-11,2.8944
2025-08-12,2.8933
2025-08-13,2.8936
2025-08-14,2.8928
2025-08-15,2.893
2025-08-18,2.8919
2025-08-19,2.8917
2025-08-20,2.8922
2025-08-21,2.8932
2025-08-22,2.8946
2025-08-25,2.8953
2025-08-26,2.8956
2025-08-27,2.8911
2025-08-28,2.8909
2025-08-29,2.891
2025-09-01,2.89
2025-09-02,2.8891
2025-09-03,2.8904
2025-09-04,2.8919
2025-09-05,2.8936
2025-09-08,2.8932
2025-09-09,2.8914
2025-09-10,2.8892
2025-09-11,2.8899
2025-09-12,2.8896
2025-09-15,2.8889
2025-09-16,2.8885
2025-09-17,2.8897
2025-09-18,2.8883
2025-09-19,2.8871
2025-09-22,2.8861
2025-09-23,2.8852
2025-09-24,2.8853
2025-09-25,2.8853
2025-09-26,2.885
2025-09-29,2.8856
2025-09-30,2.8867
2025-10-09,2.888
2025-10-10,2.8879
2025-10-13,2.8884
2025-10-14,2.8884
2025-10-15,2.8889
2025-10-16,2.8892
2025-10-17,2.8897
2025-10-20,2.8897
2025-10-21,2.8905
2025-10-22,2.8907
2025-10-23,2.8912
2025-10-24,2.8913
2025-10-27,2.8925
2025-10-28,2.8933
2025-10-29,2.8951
2025-10-30,2.8951
2025-10-31,2.8961
2025-11-03,2.8968
2025-11-04,2.8966
2025-11-05,2.8977
2025-11-06,2.8972
2025-11-07,2.8972
2025-11-10,2.8978
2025-11-11,2.898
2025-11-12,2.8979
2025-11-13,2.8985
2025-11-14,2.8983
2025-11-17,2.8984
2025-11-18,2.8983
2025-11-19,2.8984
2025-11-20,2.8981
2025-11-21,2.8973
2025-11-24,2.8973
2025-11-25,2.8971
2025-11-26,2.8956
2025-11-27,2.895
2025-11-28,2.8955
2025-12-01,2.8955
2025-12-02,2.8949
2025-12-03,2.8944
2025-12-04,2.893
2025-12-05,2.8934
2025-12-08,2.8931
2025-12-09,2.8933
2025-12-10,2.8938
2025-12-11,2.8941
2025-12-12,2.8938
2025-12-15,2.8931
2025-12-16,2.8928
2025-12-17,2.894
2025-12-18,2.8947
2025-12-19,2.8959
2025-12-22,2.8958
2025-12-23,2.8962
2025-12-24,2.8964
2025-12-25,2.8967
2025-12-26,2.8971
2025-12-29,2.896
2025-12-30,2.896
2025-12-31,2.8963
2026-01-05,2.8973
2026-01-06,2.8979
2026-01-07,2.8975
2026-01-08,2.8981
2026-01-09,2.8987
2026-01-12,2.9001
2026-01-13,2.8996
2026-01-14,2.8996
2026-01-15,2.9002
2026-01-16,2.9009
2026-01-19,2.9015
2026-01-20,2.9018
2026-01-21,2.9029
2026-01-22,2.9037
2026-01-23,2.9054
2026-01-26,2.9052
2026-01-27,2.9052
2026-01-28,2.9058
2026-01-29,2.9057
2026-01-30,2.9046
2026-02-02,2.9035
2026-02-03,2.9051
2026-02-04,2.9057
2026-02-05,2.9052
2026-02-06,2.9064
2026-02-09,2.9079
2026-02-10,2.908
2026-02-11,2.9086
2026-02-12,2.9092
2026-02-13,2.9091
2026-02-24,2.9105
2026-02-25,2.9102
2026-02-26,2.9088
2026-02-27,2.9091
2026-03-02,2.9099
2026-03-03,2.9095
2026-03-04,2.9099
2026-03-05,2.91
2026-03-06,2.9105
2026-03-09,2.9096
2026-03-10,2.9103
2026-03-11,2.9107
2026-03-12,2.91
2026-03-13,2.9096
2026-03-16,2.9089
2026-03-17,2.9083
2026-03-18,2.9095
2026-03-19,2.9092
2026-03-20,2.9088
2026-03-23,2.9082
2026-03-24,2.9102
2026-03-25,2.9114
2026-03-26,2.9108
2026-03-27,2.9114
2026-03-30,2.9111
2026-03-31,2.9104
2026-04-01,2.9122
2026-04-02,2.9115
2026-04-03,2.9122
2026-04-07,2.9137
2026-04-08,2.917
2026-04-09,2.9164
2026-04-10,2.9164
2026-04-13,2.9167
2026-04-14,2.918
2026-04-15,2.9181
2026-04-16,2.9195
2026-04-17,2.9205
2026-04-20,2.9212
2026-04-21,2.9215
2026-04-22,2.9226
2026-04-23,2.9222
2026-04-24,2.9214
2026-04-27,2.9211
2026-04-28,2.9208
2026-04-29,2.9217
2026-04-30,2.9217
2026-05-06,2.922
2026-05-07,2.9216
2026-05-08,2.922
2026-05-11,2.923
2026-05-12,2.9225
2026-05-13,2.9232
2026-05-14,2.922
2026-05-15,2.9216
2026-05-18,2.9216
2026-05-19,2.9234
2026-05-20,2.9232
2026-05-21,2.9224
2026-05-22,2.9224
2026-05-25,2.9225
2026-05-26,2.9222
2026-05-27,2.9223
2026-05-28,2.9231
2026-05-29,2.9231
2026-06-01,2.9242
2026-06-02,2.9243
2026-06-03,2.9241
2026-06-04,2.9238
2026-06-05,2.9238
2026-06-08,2.9229
2026-06-09,2.9227
2026-06-10,2.9217
2026-06-11,2.921
2026-06-12,2.9217
2026-06-15,2.9226
2026-06-16,2.9233
2026-06-17,2.9232
2026-06-18,2.9228
2026-06-22,2.9229
2026-06-23,2.9222
2026-06-24,2.922
2026-06-25,2.9218
2026-06-26,2.9215
2026-06-29,2.9218
2026-06-30,2.9221
2026-07-01,2.9225
2026-07-02,2.9229
2026-07-03,2.9236
2026-07-06,2.9242
2026-07-07,2.9235
2026-07-08,2.9237
2026-07-09,2.9234
2026-07-10,2.9238
2026-07-13,2.9229
2026-07-14,2.924
2026-07-15,2.9245
2026-07-16,2.9245
2026-07-17,2.9246
2026-07-20,2.9252
2026-07-21,2.9256
2026-07-22,2.9261
2026-07-23,2.9266
2026-07-24,2.9261
2026-07-27,2.9269
2026-07-28,2.9263
2026-07-29,2.9269
2026-07-30,2.9269
2026-07-31,2.9274
2026-08-03,2.9279
2026-08-04,2.9282
2026-08-05,2.9284
2026-08-06,2.9281
2026-08-07,2.9282
2026-08-10,2.9285
2026-08-11,2.9282
2026-08-12,2.9279
2026-08-13,2.9275
2026-08-14,2.9276
2026-08-17,2.9282
2026-08-18,2.9284
2026-08-19,2.9278
2026-08-20,2.9279
2026-08-21,2.9276
2026-08-24,2.9278
2026-08-25,2.9283
2026-08-26,2.9285
2026-08-27,2.9283
2026-08-28,2.9281
