净值日期,累计净值
2003-07-12,1.0
2003-08-11,1.001
2003-08-12,1.001
2003-08-13,1.002
2003-08-14,1.002
2003-08-15,1.002
2003-08-18,1.002
2003-08-19,1.002
2003-08-20,1.002
2003-08-21,1.002
2003-08-22,1.002
2003-08-25,1.002
2003-08-26,1.002
2003-08-27,1.002
2003-08-28,1.002
2003-08-29,1.002
2003-09-01,1.002
2003-09-02,1.002
2003-09-03,1.002
2003-09-04,1.002
2003-09-05,1.002
2003-09-08,1.002
2003-09-09,1.002
2003-09-10,1.002
2003-09-11,1.002
2003-09-12,1.004
2003-09-15,1.004
2003-09-16,1.004
2003-09-17,1.004
2003-09-18,1.004
2003-09-19,1.004
2003-09-22,1.004
2003-09-23,1.004
2003-09-24,1.003
2003-09-25,1.003
2003-09-26,1.003
2003-09-29,1.003
2003-09-30,1.003
2003-10-08,1.003
2003-10-09,1.001
2003-10-10,1.0
2003-10-13,1.0
2003-10-14,1.0
2003-10-15,0.999
2003-10-16,0.999
2003-10-17,0.998
2003-10-20,0.998
2003-10-21,0.998
2003-10-22,1.0
2003-10-23,0.999
2003-10-24,0.999
2003-10-27,0.999
2003-10-28,1.001
2003-10-29,1.0
2003-10-30,0.999
2003-10-31,0.999
2003-11-03,0.999
2003-11-04,1.0
2003-11-05,1.0
2003-11-06,0.998
2003-11-07,0.996
2003-11-10,0.997
2003-11-11,0.998
2003-11-12,0.995
2003-11-13,0.995
2003-11-14,0.996
2003-11-17,0.995
2003-11-18,0.996
2003-11-19,0.997
2003-11-20,0.999
2003-11-21,0.999
2003-11-24,1.004
2003-11-25,1.004
2003-11-26,1.006
2003-11-27,1.005
2003-11-28,1.006
2003-12-01,1.011
2003-12-02,1.01
2003-12-03,1.011
2003-12-04,1.014
2003-12-05,1.015
2003-12-08,1.013
2003-12-09,1.012
2003-12-10,1.018
2003-12-11,1.023
2003-12-12,1.031
2003-12-15,1.032
2003-12-16,1.032
2003-12-17,1.032
2003-12-18,1.034
2003-12-19,1.039
2003-12-22,1.047
2003-12-23,1.048
2003-12-24,1.05
2003-12-25,1.052
2003-12-26,1.049
2003-12-29,1.047
2003-12-30,1.048
2003-12-31,1.044
2004-01-02,1.047
2004-01-05,1.058
2004-01-06,1.059
2004-01-07,1.067
2004-01-08,1.073
2004-01-09,1.07
2004-01-12,1.082
2004-01-13,1.081
2004-01-14,1.076
2004-01-15,1.068
2004-01-16,1.066
2004-01-29,1.07
2004-01-30,1.062
2004-02-02,1.078
2004-02-03,1.092
2004-02-04,1.107
2004-02-05,1.11
2004-02-06,1.105
2004-02-09,1.109
2004-02-10,1.109
2004-02-11,1.103
2004-02-12,1.099
2004-02-13,1.101
2004-02-16,1.114
2004-02-17,1.11
2004-02-18,1.117
2004-02-19,1.116
2004-02-20,1.118
2004-02-23,1.102
2004-02-24,1.096
2004-02-25,1.091
2004-02-26,1.102
2004-02-27,1.103
2004-03-01,1.107
2004-03-02,1.108
2004-03-03,1.101
2004-03-04,1.101
2004-03-05,1.099
2004-03-08,1.093
2004-03-09,1.093
2004-03-10,1.103
2004-03-11,1.108
2004-03-12,1.11
2004-03-15,1.124
2004-03-16,1.124
2004-03-17,1.127
2004-03-18,1.115
2004-03-19,1.123
2004-03-22,1.123
2004-03-23,1.117
2004-03-24,1.114
2004-03-25,1.115
2004-03-26,1.115
2004-03-29,1.11
2004-03-30,1.105
2004-03-31,1.107
2004-04-01,1.11
2004-04-02,1.117
2004-04-05,1.116
2004-04-06,1.115
2004-04-07,1.112
2004-04-08,1.107
2004-04-09,1.101
2004-04-12,1.097
2004-04-13,1.09
2004-04-14,1.087
2004-04-15,1.088
2004-04-16,1.087
2004-04-19,1.076
2004-04-20,1.077
2004-04-21,1.075
2004-04-22,1.074
2004-04-23,1.069
2004-04-26,1.068
2004-04-27,1.067
2004-04-28,1.066
2004-04-29,1.054
2004-04-30,1.063
2004-05-10,1.054
2004-05-11,1.055
2004-05-12,1.065
2004-05-13,1.066
2004-05-14,1.059
2004-05-17,1.053
2004-05-18,1.057
2004-05-19,1.057
2004-05-20,1.056
2004-05-21,1.06
2004-05-24,1.059
2004-05-25,1.058
2004-05-26,1.055
2004-05-27,1.063
2004-05-28,1.065
2004-05-31,1.066
2004-06-01,1.069
2004-06-02,1.066
2004-06-03,1.062
2004-06-04,1.062
2004-06-07,1.059
2004-06-08,1.035
2004-06-09,1.029
2004-06-10,1.034
2004-06-11,1.027
2004-06-14,1.023
2004-06-15,1.028
2004-06-16,1.023
2004-06-17,1.018
2004-06-18,1.016
2004-06-21,1.017
2004-06-22,1.018
2004-06-23,1.009
2004-06-24,1.007
2004-06-25,1.006
2004-06-28,1.007
2004-06-29,1.011
2004-06-30,1.01
2004-07-01,1.012
2004-07-02,1.004
2004-07-05,1.004
2004-07-06,1.009
2004-07-07,1.008
2004-07-08,1.008
2004-07-09,1.006
2004-07-12,1.004
2004-07-13,1.005
2004-07-14,1.009
2004-07-15,1.019
2004-07-16,1.023
2004-07-19,1.021
2004-07-20,1.019
2004-07-21,1.022
2004-07-22,1.012
2004-07-23,1.006
2004-07-26,1.005
2004-07-27,1.004
2004-07-28,1.007
2004-07-29,1.004
2004-07-30,1.006
2004-08-02,1.006
2004-08-03,1.006
2004-08-04,1.006
2004-08-05,1.003
2004-08-06,1.003
2004-08-09,1.006
2004-08-10,1.007
2004-08-11,1.006
2004-08-12,1.005
2004-08-13,1.013
2004-08-16,1.006
2004-08-17,1.008
2004-08-18,1.006
2004-08-19,1.007
2004-08-20,1.006
2004-08-23,0.999
2004-08-24,0.996
2004-08-25,0.995
2004-08-26,0.996
2004-08-27,0.993
2004-08-30,0.993
2004-08-31,0.996
2004-09-01,0.993
2004-09-02,0.989
2004-09-03,0.989
2004-09-06,0.989
2004-09-07,0.988
2004-09-08,0.985
2004-09-09,0.979
2004-09-10,0.978
2004-09-13,0.975
2004-09-14,0.974
2004-09-15,0.988
2004-09-16,0.992
2004-09-17,1.008
2004-09-20,1.023
2004-09-21,1.02
2004-09-22,1.019
2004-09-23,1.024
2004-09-24,1.033
2004-09-27,1.028
2004-09-28,1.029
2004-09-29,1.032
2004-09-30,1.035
2004-10-08,1.032
2004-10-11,1.038
2004-10-12,1.033
2004-10-13,1.026
2004-10-14,1.014
2004-10-15,1.008
2004-10-18,1.001
2004-10-19,1.001
2004-10-20,1.002
2004-10-21,1.001
2004-10-22,1.005
2004-10-25,0.996
2004-10-26,0.995
2004-10-27,0.997
2004-10-28,1.0
2004-10-29,0.997
2004-11-01,0.985
2004-11-02,0.983
2004-11-03,0.986
2004-11-04,0.981
2004-11-05,0.98
2004-11-08,0.978
2004-11-09,0.98
2004-11-10,0.983
2004-11-11,0.982
2004-11-12,0.981
2004-11-15,0.991
2004-11-16,0.992
2004-11-17,0.993
2004-11-18,0.995
2004-11-19,0.994
2004-11-22,0.995
2004-11-23,0.995
2004-11-24,0.991
2004-11-25,0.989
2004-11-26,0.99
2004-11-29,0.989
2004-11-30,0.987
2004-12-01,0.988
2004-12-02,0.984
2004-12-03,0.986
2004-12-06,0.985
2004-12-07,0.979
2004-12-08,0.98
2004-12-09,0.983
2004-12-10,0.983
2004-12-13,0.982
2004-12-14,0.98
2004-12-15,0.983
2004-12-16,0.982
2004-12-17,0.98
2004-12-20,0.978
2004-12-21,0.976
2004-12-22,0.977
2004-12-23,0.973
2004-12-24,0.969
2004-12-27,0.969
2004-12-28,0.964
2004-12-29,0.968
2004-12-30,0.97
2004-12-31,0.962
2005-01-04,0.955
2005-01-05,0.954
2005-01-06,0.954
2005-01-07,0.954
2005-01-10,0.954
2005-01-11,0.958
2005-01-12,0.958
2005-01-13,0.96
2005-01-14,0.957
2005-01-17,0.953
2005-01-18,0.952
2005-01-19,0.95
2005-01-20,0.95
2005-01-21,0.956
2005-01-24,0.962
2005-01-25,0.962
2005-01-26,0.963
2005-01-27,0.96
2005-01-28,0.959
2005-01-31,0.961
2005-02-01,0.956
2005-02-02,0.967
2005-02-03,0.969
2005-02-04,0.977
2005-02-16,0.983
2005-02-17,0.981
2005-02-18,0.978
2005-02-21,0.988
2005-02-22,0.998
2005-02-23,1.0
2005-02-24,1.0
2005-02-25,1.005
2005-02-28,1.006
2005-03-01,1.007
2005-03-02,1.004
2005-03-03,1.003
2005-03-04,1.0
2005-03-07,1.002
2005-03-08,1.006
2005-03-09,1.01
2005-03-10,1.004
2005-03-11,1.007
2005-03-14,1.007
2005-03-15,1.003
2005-03-16,1.003
2005-03-17,0.998
2005-03-18,0.997
2005-03-21,0.998
2005-03-22,0.994
2005-03-23,0.993
2005-03-24,0.993
2005-03-25,0.996
2005-03-28,0.993
2005-03-29,0.994
2005-03-30,0.99
2005-03-31,0.99
2005-04-01,0.998
2005-04-04,0.998
2005-04-05,0.999
2005-04-06,1.006
2005-04-07,1.011
2005-04-08,1.013
2005-04-11,1.01
2005-04-12,1.015
2005-04-13,1.018
2005-04-14,1.015
2005-04-15,1.012
2005-04-18,1.013
2005-04-19,1.012
2005-04-20,1.01
2005-04-21,1.014
2005-04-22,1.015
2005-04-25,1.014
2005-04-26,1.014
2005-04-27,1.016
2005-04-28,1.018
2005-04-29,1.017
2005-05-09,1.011
2005-05-10,1.014
2005-05-11,1.01
2005-05-12,1.005
2005-05-13,1.002
2005-05-16,0.996
2005-05-17,0.996
2005-05-18,0.996
2005-05-19,0.996
2005-05-20,0.994
2005-05-23,0.992
2005-05-24,0.992
2005-05-25,0.992
2005-05-26,0.99
2005-05-27,0.987
2005-05-30,0.988
2005-05-31,0.986
2005-06-01,0.981
2005-06-02,0.976
2005-06-03,0.976
2005-06-06,0.976
2005-06-07,0.983
2005-06-08,1.008
2005-06-09,1.005
2005-06-10,1.001
2005-06-13,1.0
2005-06-14,0.998
2005-06-15,0.997
2005-06-16,1.0
2005-06-17,1.004
2005-06-20,1.011
2005-06-21,1.013
2005-06-22,1.015
2005-06-23,1.015
2005-06-24,1.015
2005-06-27,1.018
2005-06-28,1.015
2005-06-29,1.012
2005-06-30,1.007
2005-07-01,1.004
2005-07-04,1.005
2005-07-05,1.004
2005-07-06,1.004
2005-07-07,1.004
2005-07-08,1.003
2005-07-11,1.002
2005-07-12,1.01
2005-07-13,1.008
2005-07-14,1.008
2005-07-15,1.007
2005-07-18,1.006
2005-07-19,1.004
2005-07-20,1.006
2005-07-21,1.005
2005-07-22,1.012
2005-07-25,1.011
2005-07-26,1.017
2005-07-27,1.024
2005-07-28,1.027
2005-07-29,1.028
2005-08-01,1.029
2005-08-02,1.032
2005-08-03,1.032
2005-08-04,1.029
2005-08-05,1.037
2005-08-08,1.038
2005-08-09,1.038
2005-08-10,1.039
2005-08-11,1.041
2005-08-12,1.035
2005-08-15,1.039
2005-08-16,1.034
2005-08-17,1.035
2005-08-18,1.028
2005-08-19,1.031
2005-08-22,1.035
2005-08-23,1.036
2005-08-24,1.036
2005-08-25,1.038
2005-08-26,1.036
2005-08-29,1.033
2005-08-30,1.031
2005-08-31,1.034
2005-09-01,1.036
2005-09-02,1.037
2005-09-05,1.036
2005-09-06,1.037
2005-09-07,1.043
2005-09-08,1.044
2005-09-09,1.047
2005-09-12,1.047
2005-09-13,1.047
2005-09-14,1.048
2005-09-15,1.05
2005-09-16,1.05
2005-09-19,1.049
2005-09-20,1.048
2005-09-21,1.046
2005-09-22,1.035
2005-09-23,1.03
2005-09-26,1.03
2005-09-27,1.03
2005-09-28,1.032
2005-09-29,1.03
2005-09-30,1.033
2005-10-10,1.033
2005-10-11,1.032
2005-10-12,1.035
2005-10-13,1.038
2005-10-14,1.037
2005-10-17,1.037
2005-10-18,1.036
2005-10-19,1.038
2005-10-20,1.037
2005-10-21,1.035
2005-10-24,1.034
2005-10-25,1.033
2005-10-26,1.033
2005-10-27,1.029
2005-10-28,1.024
2005-10-31,1.024
2005-11-01,1.024
2005-11-02,1.024
2005-11-03,1.024
2005-11-04,1.024
2005-11-07,1.022
2005-11-08,1.02
2005-11-09,1.016
2005-11-10,1.015
2005-11-11,1.017
2005-11-14,1.018
2005-11-15,1.017
2005-11-16,1.017
2005-11-17,1.018
2005-11-18,1.018
2005-11-21,1.019
2005-11-22,1.018
2005-11-23,1.018
2005-11-24,1.018
2005-11-25,1.02
2005-11-28,1.02
2005-11-29,1.021
2005-11-30,1.022
2005-12-01,1.022
2005-12-02,1.023
2005-12-05,1.023
2005-12-06,1.027
2005-12-07,1.031
2005-12-08,1.031
2005-12-09,1.034
2005-12-12,1.036
2005-12-13,1.038
2005-12-14,1.039
2005-12-15,1.041
2005-12-16,1.043
2005-12-19,1.043
2005-12-20,1.044
2005-12-21,1.043
2005-12-22,1.046
2005-12-23,1.049
2005-12-26,1.05
2005-12-27,1.049
2005-12-28,1.049
2005-12-29,1.049
2005-12-30,1.046
2005-12-31,1.046
2006-01-04,1.061
2006-01-05,1.065
2006-01-06,1.071
2006-01-09,1.069
2006-01-10,1.074
2006-01-11,1.073
2006-01-12,1.075
2006-01-13,1.074
2006-01-16,1.071
2006-01-17,1.075
2006-01-18,1.08
2006-01-19,1.08
2006-01-20,1.081
2006-01-23,1.083
2006-01-24,1.083
2006-01-25,1.085
2006-02-06,1.091
2006-02-07,1.089
2006-02-08,1.087
2006-02-09,1.086
2006-02-10,1.088
2006-02-13,1.083
2006-02-14,1.084
2006-02-15,1.084
2006-02-16,1.081
2006-02-17,1.081
2006-02-20,1.082
2006-02-21,1.083
2006-02-22,1.083
2006-02-23,1.084
2006-02-24,1.085
2006-02-27,1.095
2006-02-28,1.097
2006-03-01,1.097
2006-03-02,1.096
2006-03-03,1.095
2006-03-06,1.095
2006-03-07,1.093
2006-03-08,1.093
2006-03-09,1.093
2006-03-10,1.094
2006-03-13,1.094
2006-03-14,1.093
2006-03-15,1.093
2006-03-16,1.093
2006-03-17,1.094
2006-03-20,1.094
2006-03-21,1.094
2006-03-22,1.094
2006-03-23,1.094
2006-03-24,1.094
2006-03-27,1.094
2006-03-28,1.094
2006-03-29,1.095
2006-03-30,1.095
2006-03-31,1.095
2006-04-03,1.095
2006-04-04,1.095
2006-04-05,1.095
2006-04-06,1.095
2006-04-07,1.095
2006-04-10,1.096
2006-04-11,1.096
2006-04-12,1.096
2006-04-13,1.096
2006-04-14,1.096
2006-04-17,1.096
2006-04-18,1.096
2006-04-19,1.096
2006-04-20,1.096
2006-04-21,1.096
2006-04-24,1.096
2006-04-25,1.096
2006-04-26,1.096
2006-04-27,1.097
2006-04-28,1.097
2006-05-08,1.097
2006-05-09,1.097
2006-05-10,1.097
2006-05-11,1.098
2006-05-12,1.098
2006-05-15,1.098
2006-05-16,1.098
2006-05-17,1.098
2006-05-18,1.098
2006-05-19,1.098
2006-05-22,1.098
2006-05-23,1.098
2006-05-24,1.098
2006-05-25,1.098
2006-05-26,1.099
2006-05-29,1.099
2006-05-30,1.099
2006-05-31,1.099
2006-06-01,1.099
2006-06-02,1.099
2006-06-05,1.099
2006-06-06,1.099
2006-06-07,1.099
2006-06-08,1.099
2006-06-09,1.099
2006-06-12,1.1
2006-06-13,1.1
2006-06-14,1.1
2006-06-15,1.1
2006-06-16,1.1
2006-06-19,1.1
2006-06-20,1.1
2006-06-21,1.1
2006-06-22,1.1
2006-06-23,1.1
2006-06-26,1.1
2006-06-27,1.101
2006-06-28,1.101
2006-06-29,1.101
2006-06-30,1.101
2006-07-03,1.101
2006-07-04,1.101
2006-07-05,1.102
2006-07-06,1.102
2006-07-07,1.102
2006-07-10,1.102
2006-07-11,1.102
2006-07-12,1.102
2006-07-13,1.102
2006-07-14,1.103
2006-07-17,1.103
2006-07-18,1.103
2006-07-19,1.103
2006-07-20,1.103
2006-07-21,1.103
2006-07-24,1.103
2006-07-25,1.103
2006-07-26,1.103
2006-07-27,1.103
2006-07-28,1.103
2006-07-31,1.104
2006-08-01,1.104
2006-08-02,1.103
2006-08-03,1.103
2006-08-04,1.104
2006-08-07,1.104
2006-08-08,1.104
2006-08-09,1.104
2006-08-10,1.104
2006-08-11,1.104
2006-08-14,1.104
2006-08-15,1.104
2006-08-16,1.104
2006-08-17,1.104
2006-08-18,1.104
2006-08-21,1.104
2006-08-22,1.104
2006-08-23,1.105
2006-08-24,1.105
2006-08-25,1.105
2006-08-28,1.105
2006-08-29,1.105
2006-08-30,1.106
2006-08-31,1.106
2006-09-01,1.106
2006-09-04,1.106
2006-09-05,1.106
2006-09-06,1.106
2006-09-07,1.106
2006-09-08,1.106
2006-09-11,1.106
2006-09-12,1.106
2006-09-13,1.107
2006-09-14,1.107
2006-09-15,1.107
2006-09-18,1.107
2006-09-19,1.107
2006-09-20,1.107
2006-09-21,1.107
2006-09-22,1.108
2006-09-25,1.108
2006-09-26,1.108
2006-09-27,1.108
2006-09-28,1.108
2006-09-29,1.108
2006-09-30,1.109
2006-10-09,1.109
2006-10-10,1.109
2006-10-11,1.109
2006-10-12,1.109
2006-10-13,1.109
2006-10-16,1.111
2006-10-17,1.111
2006-10-18,1.111
2006-10-19,1.111
2006-10-20,1.111
2006-10-23,1.111
2006-10-24,1.111
2006-10-25,1.111
2006-10-26,1.111
2006-10-27,1.113
2006-10-30,1.113
2006-10-31,1.113
2006-11-01,1.113
2006-11-02,1.113
2006-11-03,1.113
2006-11-06,1.113
2006-11-07,1.113
2006-11-08,1.113
2006-11-09,1.113
2006-11-10,1.114
2006-11-13,1.114
2006-11-14,1.114
2006-11-15,1.114
2006-11-16,1.114
2006-11-17,1.114
2006-11-20,1.114
2006-11-21,1.114
2006-11-22,1.115
2006-11-23,1.12
2006-11-24,1.12
2006-11-27,1.12
2006-11-28,1.12
2006-11-29,1.119
2006-11-30,1.12
2006-12-01,1.121
2006-12-04,1.121
2006-12-05,1.121
2006-12-06,1.122
2006-12-07,1.122
2006-12-08,1.122
2006-12-11,1.123
2006-12-12,1.124
2006-12-13,1.125
2006-12-14,1.125
2006-12-15,1.126
2006-12-18,1.126
2006-12-19,1.126
2006-12-20,1.126
2006-12-21,1.126
2006-12-22,1.13
2006-12-25,1.13
2006-12-26,1.13
2006-12-27,1.13
2006-12-28,1.13
2006-12-29,1.131
2006-12-31,1.131
2007-01-04,1.131
2007-01-05,1.131
2007-01-08,1.131
2007-01-09,1.136
2007-01-10,1.136
2007-01-11,1.136
2007-01-12,1.136
2007-01-15,1.136
2007-01-16,1.137
2007-01-17,1.137
2007-01-18,1.137
2007-01-19,1.137
2007-01-22,1.137
2007-01-23,1.137
2007-01-24,1.137
2007-01-25,1.137
2007-01-26,1.138
2007-01-29,1.138
2007-01-30,1.138
2007-01-31,1.138
2007-02-01,1.138
2007-02-02,1.138
2007-02-05,1.14
2007-02-06,1.14
2007-02-07,1.14
2007-02-08,1.14
2007-02-09,1.14
2007-02-12,1.14
2007-02-13,1.14
2007-02-14,1.14
2007-02-15,1.141
2007-02-16,1.141
2007-02-26,1.141
2007-02-27,1.141
2007-02-28,1.141
2007-03-01,1.144
2007-03-02,1.145
2007-03-05,1.145
2007-03-06,1.147
2007-03-07,1.147
2007-03-08,1.147
2007-03-09,1.147
2007-03-12,1.147
2007-03-13,1.147
2007-03-14,1.147
2007-03-15,1.148
2007-03-16,1.148
2007-03-19,1.147
2007-03-20,1.147
2007-03-21,1.148
2007-03-22,1.148
2007-03-23,1.147
2007-03-26,1.147
2007-03-27,1.147
2007-03-28,1.148
2007-03-29,1.148
2007-03-30,1.149
2007-03-31,1.149
2007-04-02,1.149
2007-04-03,1.149
2007-04-04,1.15
2007-04-05,1.15
2007-04-06,1.15
2007-04-09,1.151
2007-04-10,1.151
2007-04-11,1.151
2007-04-12,1.151
2007-04-13,1.151
2007-04-16,1.151
2007-04-17,1.153
2007-04-18,1.155
2007-04-19,1.155
2007-04-20,1.155
2007-04-23,1.155
2007-04-24,1.155
2007-04-25,1.155
2007-04-26,1.155
2007-04-27,1.158
2007-04-30,1.158
2007-05-08,1.159
2007-05-09,1.159
2007-05-10,1.159
2007-05-11,1.159
2007-05-14,1.159
2007-05-15,1.159
2007-05-16,1.16
2007-05-17,1.16
2007-05-18,1.161
2007-05-21,1.161
2007-05-22,1.161
2007-05-23,1.161
2007-05-24,1.161
2007-05-25,1.161
2007-05-28,1.161
2007-05-29,1.161
2007-05-30,1.162
2007-05-31,1.162
2007-06-01,1.162
2007-06-04,1.162
2007-06-05,1.162
2007-06-06,1.162
2007-06-07,1.162
2007-06-08,1.163
2007-06-11,1.163
2007-06-12,1.163
2007-06-13,1.164
2007-06-14,1.164
2007-06-15,1.164
2007-06-18,1.164
2007-06-19,1.164
2007-06-20,1.164
2007-06-21,1.164
2007-06-22,1.164
2007-06-25,1.164
2007-06-26,1.167
2007-06-27,1.167
2007-06-28,1.168
2007-06-29,1.168
2007-06-30,1.168
2007-07-02,1.169
2007-07-03,1.169
2007-07-04,1.169
2007-07-05,1.169
2007-07-06,1.169
2007-07-09,1.17
2007-07-10,1.17
2007-07-11,1.17
2007-07-12,1.172
2007-07-13,1.172
2007-07-16,1.172
2007-07-17,1.173
2007-07-18,1.173
2007-07-19,1.175
2007-07-20,1.175
2007-07-23,1.175
2007-07-24,1.175
2007-07-25,1.175
2007-07-26,1.175
2007-07-27,1.176
2007-07-30,1.176
2007-07-31,1.176
2007-08-01,1.176
2007-08-02,1.176
2007-08-03,1.176
2007-08-06,1.176
2007-08-07,1.177
2007-08-08,1.178
2007-08-09,1.178
2007-08-10,1.178
2007-08-13,1.18
2007-08-14,1.18
2007-08-15,1.18
2007-08-16,1.18
2007-08-17,1.181
2007-08-20,1.181
2007-08-21,1.182
2007-08-22,1.182
2007-08-23,1.182
2007-08-24,1.182
2007-08-27,1.183
2007-08-28,1.183
2007-08-29,1.183
2007-08-30,1.183
2007-08-31,1.183
2007-09-03,1.183
2007-09-04,1.183
2007-09-05,1.183
2007-09-06,1.183
2007-09-07,1.183
2007-09-10,1.183
2007-09-11,1.183
2007-09-12,1.183
2007-09-13,1.184
2007-09-14,1.183
2007-09-17,1.184
2007-09-18,1.184
2007-09-19,1.187
2007-09-20,1.187
2007-09-21,1.187
2007-09-24,1.187
2007-09-25,1.191
2007-09-26,1.191
2007-09-27,1.191
2007-09-28,1.194
2007-09-30,1.194
2007-10-08,1.194
2007-10-09,1.204
2007-10-10,1.204
2007-10-11,1.204
2007-10-12,1.204
2007-10-15,1.204
2007-10-16,1.205
2007-10-17,1.204
2007-10-18,1.204
2007-10-19,1.203
2007-10-22,1.203
2007-10-23,1.203
2007-10-24,1.202
2007-10-25,1.202
2007-10-26,1.201
2007-10-29,1.204
2007-10-30,1.205
2007-10-31,1.205
2007-11-01,1.206
2007-11-02,1.206
2007-11-05,1.219
2007-11-06,1.217
2007-11-07,1.216
2007-11-08,1.217
2007-11-09,1.217
2007-11-12,1.217
2007-11-13,1.217
2007-11-14,1.217
2007-11-15,1.217
2007-11-16,1.217
2007-11-19,1.217
2007-11-20,1.217
2007-11-21,1.217
2007-11-22,1.218
2007-11-23,1.218
2007-11-26,1.218
2007-11-27,1.218
2007-11-28,1.218
2007-11-29,1.218
2007-11-30,1.218
2007-12-03,1.219
2007-12-04,1.219
2007-12-05,1.22
2007-12-06,1.22
2007-12-07,1.22
2007-12-10,1.22
2007-12-11,1.221
2007-12-12,1.223
2007-12-13,1.223
2007-12-14,1.223
2007-12-17,1.223
2007-12-18,1.223
2007-12-19,1.224
2007-12-20,1.224
2007-12-21,1.224
2007-12-24,1.224
2007-12-25,1.226
2007-12-26,1.227
2007-12-27,1.227
2007-12-28,1.227
2007-12-29,1.227
2007-12-31,1.227
2008-01-02,1.227
2008-01-03,1.227
2008-01-04,1.227
2008-01-07,1.227
2008-01-08,1.227
2008-01-09,1.228
2008-01-10,1.228
2008-01-11,1.228
2008-01-14,1.228
2008-01-15,1.228
2008-01-16,1.229
2008-01-17,1.229
2008-01-18,1.229
2008-01-21,1.229
2008-01-22,1.229
2008-01-23,1.23
2008-01-24,1.23
2008-01-25,1.23
2008-01-28,1.232
2008-01-29,1.232
2008-01-30,1.232
2008-01-31,1.232
2008-02-01,1.233
2008-02-04,1.234
2008-02-05,1.234
2008-02-13,1.234
2008-02-14,1.234
2008-02-15,1.234
2008-02-18,1.235
2008-02-19,1.235
2008-02-20,1.236
2008-02-21,1.236
2008-02-22,1.235
2008-02-25,1.235
2008-02-26,1.235
2008-02-27,1.235
2008-02-28,1.236
2008-02-29,1.236
2008-03-03,1.237
2008-03-04,1.237
2008-03-05,1.237
2008-03-06,1.238
2008-03-07,1.238
2008-03-10,1.238
2008-03-11,1.239
2008-03-12,1.238
2008-03-13,1.238
2008-03-14,1.239
2008-03-17,1.238
2008-03-18,1.238
2008-03-19,1.239
2008-03-20,1.24
2008-03-21,1.24
2008-03-24,1.24
2008-03-25,1.24
2008-03-26,1.24
2008-03-27,1.24
2008-03-28,1.24
2008-03-31,1.24
2008-04-01,1.239
2008-04-02,1.239
2008-04-03,1.239
2008-04-07,1.24
2008-04-08,1.24
2008-04-09,1.24
2008-04-10,1.24
2008-04-11,1.24
2008-04-14,1.24
2008-04-15,1.24
2008-04-16,1.24
2008-04-17,1.242
2008-04-18,1.241
2008-04-21,1.241
2008-04-22,1.241
2008-04-23,1.243
2008-04-24,1.245
2008-04-25,1.247
2008-04-28,1.247
2008-04-29,1.248
2008-04-30,1.248
2008-05-05,1.25
2008-05-06,1.249
2008-05-07,1.248
2008-05-08,1.249
2008-05-09,1.249
2008-05-12,1.25
2008-05-13,1.25
2008-05-14,1.251
2008-05-15,1.251
2008-05-16,1.252
2008-05-19,1.252
2008-05-20,1.251
2008-05-21,1.252
2008-05-22,1.252
2008-05-23,1.253
2008-05-26,1.252
2008-05-27,1.252
2008-05-28,1.252
2008-05-29,1.252
2008-05-30,1.252
2008-06-02,1.253
2008-06-03,1.253
2008-06-04,1.252
2008-06-05,1.253
2008-06-06,1.253
2008-06-10,1.252
2008-06-11,1.251
2008-06-12,1.252
2008-06-13,1.251
2008-06-16,1.251
2008-06-17,1.25
2008-06-18,1.251
2008-06-19,1.25
2008-06-20,1.251
2008-06-23,1.251
2008-06-24,1.252
2008-06-25,1.253
2008-06-26,1.253
2008-06-27,1.252
2008-06-30,1.252
2008-07-01,1.252
2008-07-02,1.253
2008-07-03,1.254
2008-07-04,1.253
2008-07-07,1.255
2008-07-08,1.255
2008-07-09,1.256
2008-07-10,1.255
2008-07-11,1.255
2008-07-14,1.256
2008-07-15,1.255
2008-07-16,1.255
2008-07-17,1.255
2008-07-18,1.255
2008-07-21,1.256
2008-07-22,1.257
2008-07-23,1.257
2008-07-24,1.258
2008-07-25,1.258
2008-07-28,1.258
2008-07-29,1.258
2008-07-30,1.258
2008-07-31,1.258
2008-08-01,1.258
2008-08-04,1.258
2008-08-05,1.258
2008-08-06,1.258
2008-08-07,1.259
2008-08-08,1.258
2008-08-11,1.257
2008-08-12,1.257
2008-08-13,1.258
2008-08-14,1.258
2008-08-15,1.259
2008-08-18,1.258
2008-08-19,1.259
2008-08-20,1.26
2008-08-21,1.259
2008-08-22,1.258
2008-08-25,1.259
2008-08-26,1.258
2008-08-27,1.258
2008-08-28,1.259
2008-08-29,1.259
2008-09-01,1.259
2008-09-02,1.259
2008-09-03,1.259
2008-09-04,1.259
2008-09-05,1.258
2008-09-08,1.257
2008-09-09,1.257
2008-09-10,1.258
2008-09-11,1.258
2008-09-12,1.258
2008-09-16,1.259
2008-09-17,1.26
2008-09-18,1.259
2008-09-19,1.262
2008-09-22,1.263
2008-09-23,1.261
2008-09-24,1.261
2008-09-25,1.261
2008-09-26,1.261
2008-09-30,1.261
2008-10-06,1.261
2008-10-07,1.262
2008-10-08,1.262
2008-10-09,1.265
2008-10-10,1.265
2008-10-13,1.265
2008-10-14,1.264
2008-10-15,1.265
2008-10-16,1.264
2008-10-17,1.264
2008-10-20,1.264
2008-10-21,1.264
2008-10-22,1.264
2008-10-23,1.266
2008-10-24,1.267
2008-10-27,1.266
2008-10-28,1.27
2008-10-29,1.271
2008-10-30,1.274
2008-10-31,1.274
2008-11-03,1.274
2008-11-04,1.274
2008-11-05,1.276
2008-11-06,1.278
2008-11-07,1.279
2008-11-10,1.283
2008-11-11,1.284
2008-11-12,1.287
2008-11-13,1.293
2008-11-14,1.289
2008-11-17,1.289
2008-11-18,1.287
2008-11-19,1.285
2008-11-20,1.284
2008-11-21,1.284
2008-11-24,1.283
2008-11-25,1.282
2008-11-26,1.283
2008-11-27,1.284
2008-11-28,1.281
2008-12-01,1.283
2008-12-02,1.285
2008-12-03,1.288
2008-12-04,1.29
2008-12-05,1.294
2008-12-08,1.296
2008-12-09,1.293
2008-12-10,1.294
2008-12-11,1.294
2008-12-12,1.294
2008-12-15,1.297
2008-12-16,1.298
2008-12-17,1.301
2008-12-18,1.305
2008-12-19,1.308
2008-12-22,1.308
2008-12-23,1.306
2008-12-24,1.307
2008-12-25,1.306
2008-12-26,1.305
2008-12-29,1.305
2008-12-30,1.306
2008-12-31,1.306
2009-01-05,1.309
2009-01-06,1.311
2009-01-07,1.312
2009-01-08,1.313
2009-01-09,1.314
2009-01-12,1.314
2009-01-13,1.313
2009-01-14,1.312
2009-01-15,1.309
2009-01-16,1.307
2009-01-19,1.306
2009-01-20,1.304
2009-01-21,1.303
2009-01-22,1.306
2009-01-23,1.307
2009-02-02,1.307
2009-02-03,1.306
2009-02-04,1.303
2009-02-05,1.3
2009-02-06,1.301
2009-02-09,1.304
2009-02-10,1.304
2009-02-11,1.304
2009-02-12,1.306
2009-02-13,1.307
2009-02-16,1.308
2009-02-17,1.306
2009-02-18,1.305
2009-02-19,1.307
2009-02-20,1.308
2009-02-23,1.308
2009-02-24,1.308
2009-02-25,1.31
2009-02-26,1.308
2009-02-27,1.307
2009-03-02,1.308
2009-03-03,1.308
2009-03-04,1.308
2009-03-05,1.308
2009-03-06,1.31
2009-03-09,1.309
2009-03-10,1.309
2009-03-11,1.31
2009-03-12,1.311
2009-03-13,1.31
2009-03-16,1.31
2009-03-17,1.311
2009-03-18,1.311
2009-03-19,1.311
2009-03-20,1.311
2009-03-23,1.312
2009-03-24,1.311
2009-03-25,1.311
2009-03-26,1.312
2009-03-27,1.31
2009-03-30,1.311
2009-03-31,1.311
2009-04-01,1.311
2009-04-02,1.311
2009-04-03,1.31
2009-04-07,1.31
2009-04-08,1.308
2009-04-09,1.308
2009-04-10,1.308
2009-04-13,1.307
2009-04-14,1.307
2009-04-15,1.307
2009-04-16,1.308
2009-04-17,1.308
2009-04-20,1.309
2009-04-21,1.309
2009-04-22,1.308
2009-04-23,1.308
2009-04-24,1.308
2009-04-27,1.307
2009-04-28,1.307
2009-04-29,1.308
2009-04-30,1.309
2009-05-04,1.31
2009-05-05,1.311
2009-05-06,1.311
2009-05-07,1.311
2009-05-08,1.311
2009-05-11,1.311
2009-05-12,1.312
2009-05-13,1.313
2009-05-14,1.314
2009-05-15,1.315
2009-05-18,1.315
2009-05-19,1.316
2009-05-20,1.317
2009-05-21,1.316
2009-05-22,1.316
2009-05-25,1.315
2009-05-26,1.316
2009-05-27,1.316
2009-06-01,1.317
2009-06-02,1.317
2009-06-03,1.317
2009-06-04,1.317
2009-06-05,1.318
2009-06-08,1.318
2009-06-09,1.317
2009-06-10,1.318
2009-06-11,1.317
2009-06-12,1.316
2009-06-15,1.316
2009-06-16,1.317
2009-06-17,1.317
2009-06-18,1.318
2009-06-19,1.317
2009-06-22,1.318
2009-06-23,1.317
2009-06-24,1.318
2009-06-25,1.318
2009-06-26,1.318
2009-06-29,1.318
2009-06-30,1.319
2009-07-01,1.319
2009-07-02,1.32
2009-07-03,1.321
2009-07-06,1.321
2009-07-07,1.321
2009-07-08,1.322
2009-07-09,1.322
2009-07-10,1.322
2009-07-13,1.322
2009-07-14,1.322
2009-07-15,1.323
2009-07-16,1.322
2009-07-17,1.322
2009-07-20,1.324
2009-07-21,1.323
2009-07-22,1.324
2009-07-23,1.325
2009-07-24,1.326
2009-07-27,1.331
2009-07-28,1.332
2009-07-29,1.334
2009-07-30,1.334
2009-07-31,1.336
2009-08-03,1.336
2009-08-04,1.337
2009-08-05,1.338
2009-08-06,1.336
2009-08-07,1.334
2009-08-10,1.334
2009-08-11,1.335
2009-08-12,1.331
2009-08-13,1.332
2009-08-14,1.33
2009-08-17,1.326
2009-08-18,1.327
2009-08-19,1.323
2009-08-20,1.326
2009-08-21,1.327
2009-08-24,1.327
2009-08-25,1.326
2009-08-26,1.327
2009-08-27,1.327
2009-08-28,1.327
2009-08-31,1.326
2009-09-01,1.326
2009-09-02,1.326
2009-09-03,1.328
2009-09-04,1.329
2009-09-07,1.329
2009-09-08,1.33
2009-09-09,1.33
2009-09-10,1.33
2009-09-11,1.331
2009-09-14,1.332
2009-09-15,1.332
2009-09-16,1.332
2009-09-17,1.333
2009-09-18,1.332
2009-09-21,1.332
2009-09-22,1.332
2009-09-23,1.332
2009-09-24,1.332
2009-09-25,1.332
2009-09-28,1.332
2009-09-29,1.331
2009-09-30,1.331
2009-10-09,1.333
2009-10-12,1.333
2009-10-13,1.333
2009-10-14,1.334
2009-10-15,1.333
2009-10-16,1.333
2009-10-19,1.334
2009-10-20,1.335
2009-10-21,1.336
2009-10-22,1.336
2009-10-23,1.336
2009-10-26,1.336
2009-10-27,1.336
2009-10-28,1.335
2009-10-29,1.334
2009-10-30,1.339
2009-11-02,1.339
2009-11-03,1.34
2009-11-04,1.34
2009-11-05,1.341
2009-11-06,1.341
2009-11-09,1.342
2009-11-10,1.342
2009-11-11,1.342
2009-11-12,1.343
2009-11-13,1.344
2009-11-16,1.345
2009-11-17,1.345
2009-11-18,1.346
2009-11-19,1.347
2009-11-20,1.347
2009-11-23,1.348
2009-11-24,1.346
2009-11-25,1.348
2009-11-26,1.348
2009-11-27,1.349
2009-11-30,1.35
2009-12-01,1.35
2009-12-02,1.351
2009-12-03,1.353
2009-12-04,1.351
2009-12-07,1.352
2009-12-08,1.352
2009-12-09,1.351
2009-12-10,1.351
2009-12-11,1.351
2009-12-14,1.351
2009-12-15,1.35
2009-12-16,1.35
2009-12-17,1.349
2009-12-18,1.348
2009-12-21,1.348
2009-12-22,1.348
2009-12-23,1.348
2009-12-24,1.349
2009-12-25,1.349
2009-12-28,1.351
2009-12-29,1.352
2009-12-30,1.354
2009-12-31,1.354
2010-01-04,1.354
2010-01-05,1.354
2010-01-06,1.354
2010-01-07,1.354
2010-01-08,1.356
2010-01-11,1.356
2010-01-12,1.357
2010-01-13,1.356
2010-01-14,1.358
2010-01-15,1.358
2010-01-18,1.359
2010-01-19,1.359
2010-01-20,1.357
2010-01-21,1.357
2010-01-22,1.357
2010-01-25,1.356
2010-01-26,1.355
2010-01-27,1.356
2010-01-28,1.356
2010-01-29,1.357
2010-02-01,1.356
2010-02-02,1.356
2010-02-03,1.356
2010-02-04,1.356
2010-02-05,1.356
2010-02-08,1.357
2010-02-09,1.358
2010-02-10,1.359
2010-02-11,1.358
2010-02-12,1.359
2010-02-22,1.359
2010-02-23,1.359
2010-02-24,1.361
2010-02-25,1.364
2010-02-26,1.368
2010-03-01,1.37
2010-03-02,1.371
2010-03-03,1.374
2010-03-04,1.372
2010-03-05,1.372
2010-03-08,1.373
2010-03-09,1.374
2010-03-10,1.373
2010-03-11,1.374
2010-03-12,1.378
2010-03-15,1.378
2010-03-16,1.379
2010-03-17,1.381
2010-03-18,1.381
2010-03-19,1.382
2010-03-22,1.382
2010-03-23,1.381
2010-03-24,1.384
2010-03-25,1.385
2010-03-26,1.387
2010-03-29,1.398
2010-03-30,1.4
2010-03-31,1.401
2010-04-01,1.404
2010-04-02,1.406
2010-04-06,1.407
2010-04-07,1.408
2010-04-08,1.406
2010-04-09,1.412
2010-04-12,1.411
2010-04-13,1.409
2010-04-14,1.408
2010-04-15,1.406
2010-04-16,1.406
2010-04-19,1.404
2010-04-20,1.404
2010-04-21,1.413
2010-04-22,1.414
2010-04-23,1.416
2010-04-26,1.416
2010-04-27,1.414
2010-04-28,1.413
2010-04-29,1.413
2010-04-30,1.412
2010-05-04,1.408
2010-05-05,1.41
2010-05-06,1.406
2010-05-07,1.404
2010-05-10,1.403
2010-05-11,1.401
2010-05-12,1.399
2010-05-13,1.402
2010-05-14,1.401
2010-05-17,1.397
2010-05-18,1.398
2010-05-19,1.4
2010-05-20,1.397
2010-05-21,1.399
2010-05-24,1.404
2010-05-25,1.403
2010-05-26,1.402
2010-05-27,1.405
2010-05-28,1.404
2010-05-31,1.4
2010-06-01,1.397
2010-06-02,1.399
2010-06-03,1.399
2010-06-04,1.399
2010-06-07,1.4
2010-06-08,1.402
2010-06-09,1.403
2010-06-10,1.403
2010-06-11,1.403
2010-06-17,1.401
2010-06-18,1.394
2010-06-21,1.397
2010-06-22,1.399
2010-06-23,1.402
2010-06-24,1.402
2010-06-25,1.4
2010-06-28,1.399
2010-06-29,1.392
2010-06-30,1.391
2010-07-01,1.39
2010-07-02,1.39
2010-07-05,1.391
2010-07-06,1.393
2010-07-07,1.395
2010-07-08,1.396
2010-07-09,1.398
2010-07-12,1.399
2010-07-13,1.398
2010-07-14,1.398
2010-07-15,1.397
2010-07-16,1.399
2010-07-19,1.401
2010-07-20,1.401
2010-07-21,1.402
2010-07-22,1.403
2010-07-23,1.404
2010-07-26,1.404
2010-07-27,1.404
2010-07-28,1.406
2010-07-29,1.406
2010-07-30,1.405
2010-08-02,1.406
2010-08-03,1.405
2010-08-04,1.406
2010-08-05,1.406
2010-08-06,1.407
2010-08-09,1.408
2010-08-10,1.406
2010-08-11,1.407
2010-08-12,1.408
2010-08-13,1.409
2010-08-16,1.41
2010-08-17,1.411
2010-08-18,1.413
2010-08-19,1.414
2010-08-20,1.413
2010-08-23,1.413
2010-08-24,1.414
2010-08-25,1.416
2010-08-26,1.415
2010-08-27,1.416
2010-08-30,1.417
2010-08-31,1.423
2010-09-01,1.423
2010-09-02,1.432
2010-09-03,1.432
2010-09-06,1.432
2010-09-07,1.433
2010-09-08,1.432
2010-09-09,1.431
2010-09-10,1.433
2010-09-13,1.431
2010-09-14,1.43
2010-09-15,1.427
2010-09-16,1.424
2010-09-17,1.425
2010-09-20,1.422
2010-09-21,1.421
2010-09-27,1.421
2010-09-28,1.42
2010-09-29,1.42
2010-09-30,1.424
2010-10-08,1.428
2010-10-11,1.429
2010-10-12,1.428
2010-10-13,1.428
2010-10-14,1.429
2010-10-15,1.429
2010-10-18,1.43
2010-10-19,1.432
2010-10-20,1.426
2010-10-21,1.421
2010-10-22,1.423
2010-10-25,1.426
2010-10-26,1.426
2010-10-27,1.426
2010-10-28,1.427
2010-10-29,1.43
2010-11-01,1.431
2010-11-02,1.427
2010-11-03,1.425
2010-11-04,1.425
2010-11-05,1.426
2010-11-08,1.426
2010-11-09,1.425
2010-11-10,1.421
2010-11-11,1.419
2010-11-12,1.416
2010-11-15,1.421
2010-11-16,1.418
2010-11-17,1.415
2010-11-18,1.418
2010-11-19,1.421
2010-11-22,1.418
2010-11-23,1.417
2010-11-24,1.416
2010-11-25,1.415
2010-11-26,1.416
2010-11-29,1.417
2010-11-30,1.413
2010-12-01,1.415
2010-12-02,1.416
2010-12-03,1.416
2010-12-06,1.416
2010-12-07,1.419
2010-12-08,1.416
2010-12-09,1.416
2010-12-10,1.417
2010-12-13,1.421
2010-12-14,1.421
2010-12-15,1.422
2010-12-16,1.423
2010-12-17,1.424
2010-12-20,1.424
2010-12-21,1.423
2010-12-22,1.423
2010-12-23,1.422
2010-12-24,1.419
2010-12-27,1.415
2010-12-28,1.414
2010-12-29,1.416
2010-12-30,1.418
2010-12-31,1.423
2011-01-04,1.424
2011-01-05,1.425
2011-01-06,1.425
2011-01-07,1.426
2011-01-10,1.425
2011-01-11,1.425
2011-01-12,1.425
2011-01-13,1.425
2011-01-14,1.423
2011-01-17,1.42
2011-01-18,1.419
2011-01-19,1.42
2011-01-20,1.419
2011-01-21,1.417
2011-01-24,1.416
2011-01-25,1.415
2011-01-26,1.415
2011-01-27,1.417
2011-01-28,1.417
2011-01-31,1.418
2011-02-01,1.419
2011-02-09,1.416
2011-02-10,1.416
2011-02-11,1.416
2011-02-14,1.418
2011-02-15,1.417
2011-02-16,1.417
2011-02-17,1.417
2011-02-18,1.417
2011-02-21,1.416
2011-02-22,1.415
2011-02-23,1.415
2011-02-24,1.417
2011-02-25,1.417
2011-02-28,1.417
2011-03-01,1.418
2011-03-02,1.417
2011-03-03,1.418
2011-03-04,1.419
2011-03-07,1.419
2011-03-08,1.42
2011-03-09,1.429
2011-03-10,1.428
2011-03-11,1.426
2011-03-14,1.426
2011-03-15,1.426
2011-03-16,1.427
2011-03-17,1.427
2011-03-18,1.427
2011-03-21,1.428
2011-03-22,1.428
2011-03-23,1.428
2011-03-24,1.428
2011-03-25,1.429
2011-03-28,1.429
2011-03-29,1.428
2011-03-30,1.43
2011-03-31,1.43
2011-04-01,1.431
2011-04-06,1.432
2011-04-07,1.433
2011-04-08,1.433
2011-04-11,1.435
2011-04-12,1.434
2011-04-13,1.435
2011-04-14,1.434
2011-04-15,1.434
2011-04-18,1.434
2011-04-19,1.433
2011-04-20,1.433
2011-04-21,1.434
2011-04-22,1.433
2011-04-25,1.432
2011-04-26,1.431
2011-04-27,1.431
2011-04-28,1.431
2011-04-29,1.432
2011-05-03,1.432
2011-05-04,1.432
2011-05-05,1.432
2011-05-06,1.432
2011-05-09,1.433
2011-05-10,1.436
2011-05-11,1.436
2011-05-12,1.436
2011-05-13,1.435
2011-05-16,1.436
2011-05-17,1.436
2011-05-18,1.436
2011-05-19,1.436
2011-05-20,1.436
2011-05-23,1.434
2011-05-24,1.434
2011-05-25,1.434
2011-05-26,1.433
2011-05-27,1.434
2011-05-30,1.434
2011-05-31,1.435
2011-06-01,1.435
2011-06-02,1.434
2011-06-03,1.434
2011-06-07,1.435
2011-06-08,1.434
2011-06-09,1.432
2011-06-10,1.432
2011-06-13,1.432
2011-06-14,1.432
2011-06-15,1.43
2011-06-16,1.427
2011-06-17,1.427
2011-06-20,1.428
2011-06-21,1.428
2011-06-22,1.428
2011-06-23,1.427
2011-06-24,1.428
2011-06-27,1.428
2011-06-28,1.428
2011-06-29,1.427
2011-06-30,1.428
2011-07-01,1.43
2011-07-04,1.43
2011-07-05,1.429
2011-07-06,1.429
2011-07-07,1.428
2011-07-08,1.427
2011-07-11,1.428
2011-07-12,1.429
2011-07-13,1.428
2011-07-14,1.428
2011-07-15,1.427
2011-07-18,1.427
2011-07-19,1.425
2011-07-20,1.424
2011-07-21,1.422
2011-07-22,1.423
2011-07-25,1.422
2011-07-26,1.422
2011-07-27,1.418
2011-07-28,1.42
2011-07-29,1.421
2011-08-01,1.421
2011-08-02,1.42
2011-08-03,1.418
2011-08-04,1.416
2011-08-05,1.417
2011-08-08,1.418
2011-08-09,1.419
2011-08-10,1.419
2011-08-11,1.421
2011-08-12,1.42
2011-08-15,1.421
2011-08-16,1.423
2011-08-17,1.422
2011-08-18,1.422
2011-08-19,1.421
2011-08-22,1.422
2011-08-23,1.421
2011-08-24,1.422
2011-08-25,1.423
2011-08-26,1.423
2011-08-29,1.421
2011-08-30,1.419
2011-08-31,1.419
2011-09-01,1.42
2011-09-02,1.418
2011-09-05,1.416
2011-09-06,1.416
2011-09-07,1.414
2011-09-08,1.413
2011-09-09,1.414
2011-09-13,1.414
2011-09-14,1.414
2011-09-15,1.414
2011-09-16,1.414
2011-09-19,1.413
2011-09-20,1.413
2011-09-21,1.413
2011-09-22,1.412
2011-09-23,1.411
2011-09-26,1.412
2011-09-27,1.413
2011-09-28,1.413
2011-09-29,1.411
2011-09-30,1.412
2011-10-10,1.413
2011-10-11,1.414
2011-10-12,1.415
2011-10-13,1.415
2011-10-14,1.418
2011-10-17,1.419
2011-10-18,1.422
2011-10-19,1.426
2011-10-20,1.432
2011-10-21,1.435
2011-10-24,1.435
2011-10-25,1.434
2011-10-26,1.436
2011-10-27,1.435
2011-10-28,1.435
2011-10-31,1.436
2011-11-01,1.438
2011-11-02,1.438
2011-11-03,1.439
2011-11-04,1.44
2011-11-07,1.442
2011-11-08,1.442
2011-11-09,1.443
2011-11-10,1.447
2011-11-11,1.449
2011-11-14,1.448
2011-11-15,1.447
2011-11-16,1.446
2011-11-17,1.446
2011-11-18,1.445
2011-11-21,1.444
2011-11-22,1.444
2011-11-23,1.445
2011-11-24,1.446
2011-11-25,1.446
2011-11-28,1.446
2011-11-29,1.445
2011-11-30,1.444
2011-12-01,1.449
2011-12-02,1.45
2011-12-05,1.451
2011-12-06,1.451
2011-12-07,1.45
2011-12-08,1.45
2011-12-09,1.451
2011-12-12,1.451
2011-12-13,1.451
2011-12-14,1.45
2011-12-15,1.45
2011-12-16,1.45
2011-12-19,1.451
2011-12-20,1.451
2011-12-21,1.451
2011-12-22,1.451
2011-12-23,1.452
2011-12-26,1.452
2011-12-27,1.452
2011-12-28,1.452
2011-12-29,1.453
2011-12-30,1.454
2011-12-31,1.454
2012-01-04,1.453
2012-01-05,1.453
2012-01-06,1.454
2012-01-09,1.455
2012-01-10,1.456
2012-01-11,1.455
2012-01-12,1.456
2012-01-13,1.456
2012-01-16,1.456
2012-01-17,1.456
2012-01-18,1.456
2012-01-19,1.457
2012-01-20,1.458
2012-01-30,1.46
2012-01-31,1.459
2012-02-01,1.459
2012-02-02,1.459
2012-02-03,1.459
2012-02-06,1.459
2012-02-07,1.459
2012-02-08,1.458
2012-02-09,1.458
2012-02-10,1.458
2012-02-13,1.458
2012-02-14,1.459
2012-02-15,1.459
2012-02-16,1.459
2012-02-17,1.458
2012-02-20,1.459
2012-02-21,1.46
2012-02-22,1.46
2012-02-23,1.46
2012-02-24,1.46
2012-02-27,1.459
2012-02-28,1.459
2012-02-29,1.46
2012-03-01,1.459
2012-03-02,1.46
2012-03-05,1.46
2012-03-06,1.461
2012-03-07,1.462
2012-03-08,1.463
2012-03-09,1.463
2012-03-12,1.463
2012-03-13,1.464
2012-03-14,1.464
2012-03-15,1.464
2012-03-16,1.464
2012-03-19,1.465
2012-03-20,1.465
2012-03-21,1.465
2012-03-22,1.465
2012-03-23,1.466
2012-03-26,1.466
2012-03-27,1.466
2012-03-28,1.466
2012-03-29,1.467
2012-03-30,1.468
2012-03-31,1.469
2012-04-05,1.469
2012-04-06,1.469
2012-04-09,1.469
2012-04-10,1.469
2012-04-11,1.47
2012-04-12,1.47
2012-04-13,1.47
2012-04-16,1.471
2012-04-17,1.472
2012-04-18,1.472
2012-04-19,1.473
2012-04-20,1.474
2012-04-23,1.475
2012-04-24,1.474
2012-04-25,1.474
2012-04-26,1.478
2012-04-27,1.475
2012-05-02,1.475
2012-05-03,1.475
2012-05-04,1.475
2012-05-07,1.475
2012-05-08,1.475
2012-05-09,1.476
2012-05-10,1.477
2012-05-11,1.48
2012-05-14,1.484
2012-05-15,1.486
2012-05-16,1.488
2012-05-17,1.489
2012-05-18,1.49
2012-05-21,1.49
2012-05-22,1.49
2012-05-23,1.491
2012-05-24,1.493
2012-05-25,1.498
2012-05-28,1.498
2012-05-29,1.498
2012-05-30,1.499
2012-05-31,1.499
2012-06-01,1.499
2012-06-04,1.5
2012-06-05,1.499
2012-06-06,1.499
2012-06-07,1.501
2012-06-08,1.508
2012-06-11,1.504
2012-06-12,1.505
2012-06-13,1.504
2012-06-14,1.503
2012-06-15,1.504
2012-06-18,1.504
2012-06-19,1.503
2012-06-20,1.503
2012-06-21,1.503
2012-06-25,1.503
2012-06-26,1.504
2012-06-27,1.506
2012-06-28,1.505
2012-06-29,1.506
2012-06-30,1.507
2012-07-02,1.505
2012-07-03,1.506
2012-07-04,1.506
2012-07-05,1.507
2012-07-06,1.509
2012-07-09,1.51
2012-07-10,1.51
2012-07-11,1.511
2012-07-12,1.511
2012-07-13,1.514
2012-07-16,1.512
2012-07-17,1.51
2012-07-18,1.51
2012-07-19,1.51
2012-07-20,1.512
2012-07-23,1.512
2012-07-24,1.511
2012-07-25,1.511
2012-07-26,1.511
2012-07-27,1.508
2012-07-30,1.511
2012-07-31,1.51
2012-08-01,1.51
2012-08-02,1.509
2012-08-03,1.507
2012-08-06,1.507
2012-08-07,1.506
2012-08-08,1.504
2012-08-09,1.505
2012-08-10,1.506
2012-08-13,1.506
2012-08-14,1.506
2012-08-15,1.506
2012-08-16,1.506
2012-08-17,1.505
2012-08-20,1.504
2012-08-21,1.504
2012-08-22,1.503
2012-08-23,1.503
2012-08-24,1.503
2012-08-27,1.502
2012-08-28,1.501
2012-08-29,1.501
2012-08-30,1.501
2012-08-31,1.501
2012-09-03,1.502
2012-09-04,1.502
2012-09-05,1.502
2012-09-06,1.502
2012-09-07,1.502
2012-09-10,1.5
2012-09-11,1.5
2012-09-12,1.499
2012-09-13,1.499
2012-09-14,1.498
2012-09-17,1.497
2012-09-18,1.497
2012-09-19,1.498
2012-09-20,1.498
2012-09-21,1.498
2012-09-24,1.499
2012-09-25,1.5
2012-09-26,1.502
2012-09-27,1.503
2012-09-28,1.504
2012-09-30,1.505
2012-10-08,1.504
2012-10-09,1.504
2012-10-10,1.505
2012-10-11,1.506
2012-10-12,1.508
2012-10-15,1.509
2012-10-16,1.51
2012-10-17,1.51
2012-10-18,1.51
2012-10-19,1.51
2012-10-22,1.511
2012-10-23,1.511
2012-10-24,1.51
2012-10-25,1.509
2012-10-26,1.509
2012-10-29,1.508
2012-10-30,1.509
2012-10-31,1.51
2012-11-01,1.51
2012-11-02,1.512
2012-11-05,1.512
2012-11-06,1.513
2012-11-07,1.513
2012-11-08,1.512
2012-11-09,1.513
2012-11-12,1.513
2012-11-13,1.513
2012-11-14,1.514
2012-11-15,1.514
2012-11-16,1.515
2012-11-19,1.515
2012-11-20,1.516
2012-11-21,1.515
2012-11-22,1.515
2012-11-23,1.515
2012-11-26,1.515
2012-11-27,1.515
2012-11-28,1.516
2012-11-29,1.515
2012-11-30,1.515
2012-12-03,1.516
2012-12-04,1.516
2012-12-05,1.515
2012-12-06,1.516
2012-12-07,1.516
2012-12-10,1.516
2012-12-11,1.516
2012-12-12,1.516
2012-12-13,1.516
2012-12-14,1.517
2012-12-17,1.517
2012-12-18,1.517
2012-12-19,1.517
2012-12-20,1.517
2012-12-21,1.517
2012-12-24,1.517
2012-12-25,1.517
2012-12-26,1.517
2012-12-27,1.517
2012-12-28,1.517
2012-12-31,1.518
2013-01-04,1.517
2013-01-07,1.519
2013-01-08,1.52
2013-01-09,1.521
2013-01-10,1.521
2013-01-11,1.522
2013-01-14,1.522
2013-01-15,1.522
2013-01-16,1.522
2013-01-17,1.522
2013-01-18,1.523
2013-01-21,1.524
2013-01-22,1.525
2013-01-23,1.526
2013-01-24,1.526
2013-01-25,1.527
2013-01-28,1.527
2013-01-29,1.528
2013-01-30,1.528
2013-01-31,1.528
2013-02-01,1.528
2013-02-04,1.529
2013-02-05,1.53
2013-02-06,1.53
2013-02-07,1.531
2013-02-08,1.531
2013-02-18,1.533
2013-02-19,1.534
2013-02-20,1.535
2013-02-21,1.536
2013-02-22,1.538
2013-02-25,1.539
2013-02-26,1.537
2013-02-27,1.536
2013-02-28,1.538
2013-03-01,1.538
2013-03-04,1.539
2013-03-05,1.539
2013-03-06,1.54
2013-03-07,1.54
2013-03-08,1.54
2013-03-11,1.541
2013-03-12,1.541
2013-03-13,1.541
2013-03-14,1.541
2013-03-15,1.541
2013-03-18,1.541
2013-03-19,1.54
2013-03-20,1.54
2013-03-21,1.54
2013-03-22,1.541
2013-03-25,1.541
2013-03-26,1.541
2013-03-27,1.541
2013-03-28,1.542
2013-03-29,1.543
2013-04-01,1.544
2013-04-02,1.545
2013-04-03,1.546
2013-04-08,1.548
2013-04-09,1.549
2013-04-10,1.55
2013-04-11,1.55
2013-04-12,1.55
2013-04-15,1.552
2013-04-16,1.552
2013-04-17,1.553
2013-04-18,1.552
2013-04-19,1.552
2013-04-22,1.55
2013-04-23,1.549
2013-04-24,1.55
2013-04-25,1.551
2013-04-26,1.552
2013-05-02,1.553
2013-05-03,1.553
2013-05-06,1.552
2013-05-07,1.552
2013-05-08,1.552
2013-05-09,1.552
2013-05-10,1.554
2013-05-13,1.554
2013-05-14,1.555
2013-05-15,1.556
2013-05-16,1.556
2013-05-17,1.556
2013-05-20,1.556
2013-05-21,1.556
2013-05-22,1.556
2013-05-23,1.557
2013-05-24,1.558
2013-05-27,1.558
2013-05-28,1.559
2013-05-29,1.56
2013-05-30,1.56
2013-05-31,1.56
2013-06-03,1.561
2013-06-04,1.56
2013-06-05,1.56
2013-06-06,1.56
2013-06-07,1.559
2013-06-13,1.559
2013-06-14,1.558
2013-06-17,1.557
2013-06-18,1.557
2013-06-19,1.555
2013-06-20,1.548
2013-06-21,1.548
2013-06-24,1.544
2013-06-25,1.545
2013-06-26,1.549
2013-06-27,1.552
2013-06-28,1.554
2013-06-30,1.554
2013-07-01,1.555
2013-07-02,1.557
2013-07-03,1.557
2013-07-04,1.559
2013-07-05,1.559
2013-07-08,1.56
2013-07-09,1.56
2013-07-10,1.559
2013-07-11,1.556
2013-07-12,1.555
2013-07-15,1.556
2013-07-16,1.555
2013-07-17,1.554
2013-07-18,1.553
2013-07-19,1.553
2013-07-22,1.55
2013-07-23,1.549
2013-07-24,1.549
2013-07-25,1.549
2013-07-26,1.549
2013-07-29,1.549
2013-07-30,1.549
2013-07-31,1.55
2013-08-01,1.548
2013-08-02,1.55
2013-08-05,1.55
2013-08-06,1.55
2013-08-07,1.549
2013-08-08,1.546
2013-08-09,1.548
2013-08-12,1.547
2013-08-13,1.545
2013-08-14,1.545
2013-08-15,1.543
2013-08-16,1.542
2013-08-19,1.542
2013-08-20,1.541
2013-08-21,1.542
2013-08-22,1.541
2013-08-23,1.542
2013-08-26,1.542
2013-08-27,1.543
2013-08-28,1.543
2013-08-29,1.543
2013-08-30,1.544
2013-09-02,1.544
2013-09-03,1.543
2013-09-04,1.544
2013-09-05,1.543
2013-09-06,1.544
2013-09-09,1.544
2013-09-10,1.544
2013-09-11,1.542
2013-09-12,1.542
2013-09-13,1.541
2013-09-16,1.542
2013-09-17,1.542
2013-09-18,1.543
2013-09-23,1.545
2013-09-24,1.544
2013-09-25,1.545
2013-09-26,1.546
2013-09-27,1.546
2013-09-30,1.546
2013-10-08,1.546
2013-10-09,1.545
2013-10-10,1.545
2013-10-11,1.544
2013-10-14,1.544
2013-10-15,1.543
2013-10-16,1.543
2013-10-17,1.542
2013-10-18,1.542
2013-10-21,1.542
2013-10-22,1.541
2013-10-23,1.541
2013-10-24,1.54
2013-10-25,1.539
2013-10-28,1.539
2013-10-29,1.537
2013-10-30,1.535
2013-10-31,1.537
2013-11-01,1.537
2013-11-04,1.537
2013-11-05,1.536
2013-11-06,1.536
2013-11-07,1.534
2013-11-08,1.532
2013-11-11,1.529
2013-11-12,1.528
2013-11-13,1.525
2013-11-14,1.525
2013-11-15,1.525
2013-11-18,1.522
2013-11-19,1.521
2013-11-20,1.52
2013-11-21,1.521
2013-11-22,1.52
2013-11-25,1.519
2013-11-26,1.519
2013-11-27,1.519
2013-11-28,1.519
2013-11-29,1.52
2013-12-02,1.519
2013-12-03,1.52
2013-12-04,1.52
2013-12-05,1.519
2013-12-06,1.52
2013-12-09,1.518
2013-12-10,1.518
2013-12-11,1.519
2013-12-12,1.519
2013-12-13,1.519
2013-12-16,1.518
2013-12-17,1.517
2013-12-18,1.517
2013-12-19,1.515
2013-12-20,1.515
2013-12-23,1.514
2013-12-24,1.514
2013-12-25,1.514
2013-12-26,1.515
2013-12-27,1.512
2013-12-30,1.509
2013-12-31,1.51
2014-01-02,1.51
2014-01-03,1.51
2014-01-06,1.509
2014-01-07,1.51
2014-01-08,1.51
2014-01-09,1.511
2014-01-10,1.51
2014-01-13,1.51
2014-01-14,1.509
2014-01-15,1.507
2014-01-16,1.507
2014-01-17,1.501
2014-01-20,1.502
2014-01-21,1.501
2014-01-22,1.501
2014-01-23,1.503
2014-01-24,1.504
2014-01-27,1.505
2014-01-28,1.504
2014-01-29,1.505
2014-01-30,1.506
2014-02-07,1.506
2014-02-10,1.507
2014-02-11,1.507
2014-02-12,1.508
2014-02-13,1.509
2014-02-14,1.51
2014-02-17,1.512
2014-02-18,1.513
2014-02-19,1.515
2014-02-20,1.516
2014-02-21,1.516
2014-02-24,1.516
2014-02-25,1.52
2014-02-26,1.519
2014-02-27,1.52
2014-02-28,1.52
2014-03-03,1.52
2014-03-04,1.519
2014-03-05,1.518
2014-03-06,1.518
2014-03-07,1.518
2014-03-10,1.518
2014-03-11,1.518
2014-03-12,1.519
2014-03-13,1.52
2014-03-14,1.521
2014-03-17,1.521
2014-03-18,1.521
2014-03-19,1.521
2014-03-20,1.521
2014-03-21,1.521
2014-03-24,1.521
2014-03-25,1.521
2014-03-26,1.521
2014-03-27,1.522
2014-03-28,1.522
2014-03-31,1.522
2014-04-01,1.522
2014-04-02,1.519
2014-04-03,1.519
2014-04-04,1.52
2014-04-08,1.52
2014-04-09,1.52
2014-04-10,1.521
2014-04-11,1.521
2014-04-14,1.522
2014-04-15,1.521
2014-04-16,1.521
2014-04-17,1.522
2014-04-18,1.52
2014-04-21,1.521
2014-04-22,1.521
2014-04-23,1.521
2014-04-24,1.521
2014-04-25,1.521
2014-04-28,1.522
2014-04-29,1.522
2014-04-30,1.522
2014-05-05,1.523
2014-05-06,1.524
2014-05-07,1.525
2014-05-08,1.526
2014-05-09,1.527
2014-05-12,1.528
2014-05-13,1.529
2014-05-14,1.529
2014-05-15,1.529
2014-05-16,1.529
2014-05-19,1.53
2014-05-20,1.53
2014-05-21,1.53
2014-05-22,1.53
2014-05-23,1.531
2014-05-26,1.532
2014-05-27,1.533
2014-05-28,1.533
2014-05-29,1.534
2014-05-30,1.534
2014-06-03,1.536
2014-06-04,1.536
2014-06-05,1.538
2014-06-06,1.539
2014-06-09,1.539
2014-06-10,1.54
2014-06-11,1.54
2014-06-12,1.54
2014-06-13,1.541
2014-06-16,1.544
2014-06-17,1.543
2014-06-18,1.543
2014-06-19,1.543
2014-06-20,1.544
2014-06-23,1.544
2014-06-24,1.545
2014-06-25,1.546
2014-06-26,1.546
2014-06-27,1.547
2014-06-30,1.548
2014-07-01,1.548
2014-07-02,1.548
2014-07-03,1.548
2014-07-04,1.548
2014-07-07,1.549
2014-07-08,1.549
2014-07-09,1.549
2014-07-10,1.549
2014-07-11,1.549
2014-07-14,1.549
2014-07-15,1.551
2014-07-16,1.55
2014-07-17,1.55
2014-07-18,1.55
2014-07-21,1.55
2014-07-22,1.551
2014-07-23,1.551
2014-07-24,1.551
2014-07-25,1.553
2014-07-28,1.555
2014-07-29,1.556
2014-07-30,1.555
2014-07-31,1.556
2014-08-01,1.558
2014-08-04,1.559
2014-08-05,1.56
2014-08-06,1.56
2014-08-07,1.56
2014-08-08,1.561
2014-08-11,1.563
2014-08-12,1.563
2014-08-13,1.563
2014-08-14,1.563
2014-08-15,1.565
2014-08-18,1.565
2014-08-19,1.565
2014-08-20,1.566
2014-08-21,1.565
2014-08-22,1.567
2014-08-25,1.568
2014-08-26,1.567
2014-08-27,1.567
2014-08-28,1.568
2014-08-29,1.568
2014-09-01,1.569
2014-09-02,1.572
2014-09-03,1.574
2014-09-04,1.575
2014-09-05,1.577
2014-09-09,1.577
2014-09-10,1.577
2014-09-11,1.577
2014-09-12,1.578
2014-09-15,1.578
2014-09-16,1.577
2014-09-17,1.578
2014-09-18,1.579
2014-09-19,1.581
2014-09-22,1.58
2014-09-23,1.581
2014-09-24,1.583
2014-09-25,1.584
2014-09-26,1.584
2014-09-29,1.585
2014-09-30,1.586
2014-10-08,1.588
2014-10-09,1.589
2014-10-10,1.588
2014-10-13,1.589
2014-10-14,1.589
2014-10-15,1.591
2014-10-16,1.591
2014-10-17,1.592
2014-10-20,1.596
2014-10-21,1.597
2014-10-22,1.598
2014-10-23,1.599
2014-10-24,1.599
2014-10-27,1.599
2014-10-28,1.601
2014-10-29,1.604
2014-10-30,1.606
2014-10-31,1.609
2014-11-03,1.611
2014-11-04,1.613
2014-11-05,1.614
2014-11-06,1.617
2014-11-07,1.625
2014-11-10,1.63
2014-11-11,1.628
2014-11-12,1.631
2014-11-13,1.633
2014-11-14,1.631
2014-11-17,1.629
2014-11-18,1.625
2014-11-19,1.625
2014-11-20,1.626
2014-11-21,1.628
2014-11-24,1.635
2014-11-25,1.636
2014-11-26,1.637
2014-11-27,1.638
2014-11-28,1.638
2014-12-01,1.637
2014-12-02,1.642
2014-12-03,1.641
2014-12-04,1.646
2014-12-05,1.642
2014-12-08,1.646
2014-12-09,1.626
2014-12-10,1.63
2014-12-11,1.624
2014-12-12,1.627
2014-12-15,1.628
2014-12-16,1.636
2014-12-17,1.636
2014-12-18,1.638
2014-12-19,1.641
2014-12-22,1.642
2014-12-23,1.636
2014-12-24,1.631
2014-12-25,1.638
2014-12-26,1.65
2014-12-29,1.658
2014-12-30,1.658
2014-12-31,1.667
2015-01-05,1.675
2015-01-06,1.672
2015-01-07,1.681
2015-01-08,1.677
2015-01-09,1.678
2015-01-12,1.675
2015-01-13,1.674
2015-01-14,1.678
2015-01-15,1.684
2015-01-16,1.687
2015-01-19,1.674
2015-01-20,1.677
2015-01-21,1.689
2015-01-22,1.69
2015-01-23,1.691
2015-01-26,1.691
2015-01-27,1.689
2015-01-28,1.683
2015-01-29,1.68
2015-01-30,1.675
2015-02-02,1.663
2015-02-03,1.669
2015-02-04,1.667
2015-02-05,1.665
2015-02-06,1.663
2015-02-09,1.665
2015-02-10,1.669
2015-02-11,1.671
2015-02-12,1.672
2015-02-13,1.672
2015-02-16,1.675
2015-02-17,1.677
2015-02-25,1.674
2015-02-26,1.68
2015-02-27,1.68
2015-03-02,1.683
2015-03-03,1.68
2015-03-04,1.681
2015-03-05,1.677
2015-03-06,1.676
2015-03-09,1.681
2015-03-10,1.682
2015-03-11,1.683
2015-03-12,1.687
2015-03-13,1.689
2015-03-16,1.697
2015-03-17,1.703
2015-03-18,1.706
2015-03-19,1.705
2015-03-20,1.707
2015-03-23,1.709
2015-03-24,1.705
2015-03-25,1.702
2015-03-26,1.702
2015-03-27,1.701
2015-03-30,1.707
2015-03-31,1.702
2015-04-01,1.707
2015-04-02,1.71
2015-04-03,1.712
2015-04-07,1.715
2015-04-08,1.716
2015-04-09,1.711
2015-04-10,1.717
2015-04-13,1.72
2015-04-14,1.721
2015-04-15,1.716
2015-04-16,1.727
2015-04-17,1.733
2015-04-20,1.732
2015-04-21,1.737
2015-04-22,1.744
2015-04-23,1.743
2015-04-24,1.739
2015-04-27,1.742
2015-04-28,1.74
2015-04-29,1.744
2015-04-30,1.745
2015-05-04,1.747
2015-05-05,1.741
2015-05-06,1.739
2015-05-07,1.738
2015-05-08,1.743
2015-05-11,1.755
2015-05-12,1.761
2015-05-13,1.76
2015-05-14,1.761
2015-05-15,1.758
2015-05-18,1.758
2015-05-19,1.765
2015-05-20,1.765
2015-05-21,1.774
2015-05-22,1.777
2015-05-25,1.786
2015-05-26,1.789
2015-05-27,1.785
2015-05-28,1.775
2015-05-29,1.774
2015-06-01,1.781
2015-06-02,1.784
2015-06-03,1.783
2015-06-04,1.785
2015-06-05,1.787
2015-06-08,1.791
2015-06-09,1.792
2015-06-10,1.789
2015-06-11,1.79
2015-06-12,1.792
2015-06-15,1.789
2015-06-16,1.787
2015-06-17,1.789
2015-06-18,1.782
2015-06-19,1.774
2015-06-23,1.781
2015-06-24,1.787
2015-06-25,1.779
2015-06-26,1.768
2015-06-29,1.763
2015-06-30,1.777
2015-07-01,1.766
2015-07-02,1.758
2015-07-03,1.754
2015-07-06,1.768
2015-07-07,1.774
2015-07-08,1.76
2015-07-09,1.774
2015-07-10,1.784
2015-07-13,1.793
2015-07-14,1.801
2015-07-15,1.794
2015-07-16,1.801
2015-07-17,1.813
2015-07-20,1.815
2015-07-21,1.821
2015-07-22,1.819
2015-07-23,1.825
2015-07-24,1.824
2015-07-27,1.809
2015-07-28,1.81
2015-07-29,1.815
2015-07-30,1.808
2015-07-31,1.808
2015-08-03,1.805
2015-08-04,1.813
2015-08-05,1.809
2015-08-06,1.808
2015-08-07,1.812
2015-08-10,1.82
2015-08-11,1.819
2015-08-12,1.816
2015-08-13,1.823
2015-08-14,1.823
2015-08-17,1.824
2015-08-18,1.814
2015-08-19,1.815
2015-08-20,1.812
2015-08-21,1.806
2015-08-24,1.797
2015-08-25,1.787
2015-08-26,1.79
2015-08-27,1.798
2015-08-28,1.804
2015-08-31,1.804
2015-09-01,1.803
2015-09-02,1.805
2015-09-07,1.802
2015-09-08,1.805
2015-09-09,1.808
2015-09-10,1.806
2015-09-11,1.806
2015-09-14,1.804
2015-09-15,1.797
2015-09-16,1.803
2015-09-17,1.801
2015-09-18,1.803
2015-09-21,1.806
2015-09-22,1.805
2015-09-23,1.804
2015-09-24,1.804
2015-09-25,1.802
2015-09-28,1.802
2015-09-29,1.799
2015-09-30,1.8
2015-10-08,1.803
2015-10-09,1.804
2015-10-12,1.808
2015-10-13,1.808
2015-10-14,1.808
2015-10-15,1.81
2015-10-16,1.812
2015-10-19,1.813
2015-10-20,1.813
2015-10-21,1.812
2015-10-22,1.813
2015-10-23,1.814
2015-10-26,1.815
2015-10-27,1.818
2015-10-28,1.817
2015-10-29,1.818
2015-10-30,1.819
2015-11-02,1.818
2015-11-03,1.817
2015-11-04,1.82
2015-11-05,1.821
2015-11-06,1.823
2015-11-09,1.823
2015-11-10,1.822
2015-11-11,1.821
2015-11-12,1.821
2015-11-13,1.821
2015-11-16,1.82
2015-11-17,1.82
2015-11-18,1.82
2015-11-19,1.82
2015-11-20,1.822
2015-11-23,1.823
2015-11-24,1.823
2015-11-25,1.824
2015-11-26,1.824
2015-11-27,1.821
2015-11-30,1.821
2015-12-01,1.822
2015-12-02,1.824
2015-12-03,1.825
2015-12-04,1.824
2015-12-07,1.825
2015-12-08,1.824
2015-12-09,1.823
2015-12-10,1.824
2015-12-11,1.825
2015-12-14,1.826
2015-12-15,1.826
2015-12-16,1.826
2015-12-17,1.829
2015-12-18,1.829
2015-12-21,1.833
2015-12-22,1.832
2015-12-23,1.832
2015-12-24,1.832
2015-12-25,1.832
2015-12-28,1.831
2015-12-29,1.831
2015-12-30,1.832
2015-12-31,1.832
2016-01-04,1.829
2016-01-05,1.829
2016-01-06,1.831
2016-01-07,1.828
2016-01-08,1.829
2016-01-11,1.828
2016-01-12,1.829
2016-01-13,1.829
2016-01-14,1.83
2016-01-15,1.829
2016-01-18,1.83
2016-01-19,1.83
2016-01-20,1.829
2016-01-21,1.828
2016-01-22,1.829
2016-01-25,1.83
2016-01-26,1.828
2016-01-27,1.827
2016-01-28,1.826
2016-01-29,1.827
2016-02-01,1.827
2016-02-02,1.827
2016-02-03,1.827
2016-02-04,1.828
2016-02-05,1.828
2016-02-15,1.83
2016-02-16,1.831
2016-02-17,1.832
2016-02-18,1.834
2016-02-19,1.833
2016-02-22,1.835
2016-02-23,1.834
2016-02-24,1.834
2016-02-25,1.831
2016-02-26,1.831
2016-02-29,1.83
2016-03-01,1.831
2016-03-02,1.834
2016-03-03,1.834
2016-03-04,1.835
2016-03-07,1.836
2016-03-08,1.837
2016-03-09,1.836
2016-03-10,1.836
2016-03-11,1.836
2016-03-14,1.837
2016-03-15,1.837
2016-03-16,1.838
2016-03-17,1.838
2016-03-18,1.839
2016-03-21,1.84
2016-03-22,1.84
2016-03-23,1.84
2016-03-24,1.839
2016-03-25,1.84
2016-03-28,1.839
2016-03-29,1.838
2016-03-30,1.839
2016-03-31,1.839
2016-04-01,1.839
2016-04-05,1.841
2016-04-06,1.84
2016-04-07,1.84
2016-04-08,1.839
2016-04-11,1.84
2016-04-12,1.84
2016-04-13,1.84
2016-04-14,1.839
2016-04-15,1.838
2016-04-18,1.838
2016-04-19,1.838
2016-04-20,1.836
2016-04-21,1.835
2016-04-22,1.834
2016-04-25,1.832
2016-04-26,1.831
2016-04-27,1.83
2016-04-28,1.831
2016-04-29,1.831
2016-05-03,1.833
2016-05-04,1.833
2016-05-05,1.833
2016-05-06,1.832
2016-05-09,1.832
2016-05-10,1.833
2016-05-11,1.833
2016-05-12,1.834
2016-05-13,1.834
2016-05-16,1.834
2016-05-17,1.834
2016-05-18,1.833
2016-05-19,1.833
2016-05-20,1.832
2016-05-23,1.832
2016-05-24,1.832
2016-05-25,1.833
2016-05-26,1.833
2016-05-27,1.835
2016-05-30,1.835
2016-05-31,1.837
2016-06-01,1.836
2016-06-02,1.836
2016-06-03,1.837
2016-06-06,1.837
2016-06-07,1.837
2016-06-08,1.837
2016-06-13,1.836
2016-06-14,1.837
2016-06-15,1.838
2016-06-16,1.838
2016-06-17,1.838
2016-06-20,1.839
2016-06-21,1.839
2016-06-22,1.839
2016-06-23,1.839
2016-06-24,1.839
2016-06-27,1.84
2016-06-28,1.841
2016-06-29,1.841
2016-06-30,1.842
2016-07-01,1.842
2016-07-04,1.844
2016-07-05,1.844
2016-07-06,1.845
2016-07-07,1.846
2016-07-08,1.845
2016-07-11,1.845
2016-07-12,1.847
2016-07-13,1.848
2016-07-14,1.849
2016-07-15,1.848
2016-07-18,1.849
2016-07-19,1.849
2016-07-20,1.849
2016-07-21,1.851
2016-07-22,1.851
2016-07-25,1.85
2016-07-26,1.851
2016-07-27,1.85
2016-07-28,1.85
2016-07-29,1.85
2016-08-01,1.85
2016-08-02,1.851
2016-08-03,1.852
2016-08-04,1.853
2016-08-05,1.853
2016-08-08,1.855
2016-08-09,1.856
2016-08-10,1.857
2016-08-11,1.858
2016-08-12,1.86
2016-08-15,1.863
2016-08-16,1.862
2016-08-17,1.862
2016-08-18,1.863
2016-08-19,1.864
2016-08-22,1.864
2016-08-23,1.864
2016-08-24,1.863
2016-08-25,1.862
2016-08-26,1.863
2016-08-29,1.863
2016-08-30,1.863
2016-08-31,1.863
2016-09-01,1.862
2016-09-02,1.863
2016-09-05,1.864
2016-09-06,1.865
2016-09-07,1.865
2016-09-08,1.865
2016-09-09,1.865
2016-09-12,1.864
2016-09-13,1.863
2016-09-14,1.863
2016-09-19,1.863
2016-09-20,1.863
2016-09-21,1.863
2016-09-22,1.865
2016-09-23,1.865
2016-09-26,1.864
2016-09-27,1.865
2016-09-28,1.866
2016-09-29,1.867
2016-09-30,1.867
2016-10-10,1.869
2016-10-11,1.869
2016-10-12,1.869
2016-10-13,1.87
2016-10-14,1.871
2016-10-17,1.871
2016-10-18,1.872
2016-10-19,1.873
2016-10-20,1.874
2016-10-21,1.874
2016-10-24,1.875
2016-10-25,1.875
2016-10-26,1.873
2016-10-27,1.872
2016-10-28,1.872
2016-10-31,1.872
2016-11-01,1.873
2016-11-02,1.872
2016-11-03,1.873
2016-11-04,1.874
2016-11-07,1.874
2016-11-08,1.874
2016-11-09,1.874
2016-11-10,1.874
2016-11-11,1.876
2016-11-14,1.877
2016-11-15,1.876
2016-11-16,1.876
2016-11-17,1.875
2016-11-18,1.874
2016-11-21,1.876
2016-11-22,1.877
2016-11-23,1.877
2016-11-24,1.879
2016-11-25,1.879
2016-11-28,1.88
2016-11-29,1.878
2016-11-30,1.875
2016-12-01,1.872
2016-12-02,1.869
2016-12-05,1.864
2016-12-06,1.86
2016-12-07,1.861
2016-12-08,1.862
2016-12-09,1.863
2016-12-12,1.854
2016-12-13,1.848
2016-12-14,1.844
2016-12-15,1.827
2016-12-16,1.831
2016-12-19,1.823
2016-12-20,1.818
2016-12-21,1.823
2016-12-22,1.827
2016-12-23,1.828
2016-12-26,1.828
2016-12-27,1.829
2016-12-28,1.829
2016-12-29,1.83
2016-12-30,1.833
2016-12-31,1.833
2017-01-03,1.834
2017-01-04,1.837
2017-01-05,1.837
2017-01-06,1.837
2017-01-09,1.838
2017-01-10,1.836
2017-01-11,1.836
2017-01-12,1.835
2017-01-13,1.835
2017-01-16,1.833
2017-01-17,1.831
2017-01-18,1.83
2017-01-19,1.829
2017-01-20,1.831
2017-01-23,1.831
2017-01-24,1.83
2017-01-25,1.83
2017-01-26,1.831
2017-02-03,1.823
2017-02-06,1.82
2017-02-07,1.819
2017-02-08,1.82
2017-02-09,1.823
2017-02-10,1.824
2017-02-13,1.827
2017-02-14,1.826
2017-02-15,1.826
2017-02-16,1.829
2017-02-17,1.828
2017-02-20,1.831
2017-02-21,1.832
2017-02-22,1.833
2017-02-23,1.834
2017-02-24,1.833
2017-02-27,1.831
2017-02-28,1.832
2017-03-01,1.831
2017-03-02,1.829
2017-03-03,1.827
2017-03-06,1.827
2017-03-07,1.828
2017-03-08,1.826
2017-03-09,1.825
2017-03-10,1.824
2017-03-13,1.825
2017-03-14,1.825
2017-03-15,1.825
2017-03-16,1.826
2017-03-17,1.825
2017-03-20,1.823
2017-03-21,1.822
2017-03-22,1.822
2017-03-23,1.822
2017-03-24,1.825
2017-03-27,1.826
2017-03-28,1.825
2017-03-29,1.825
2017-03-30,1.823
2017-03-31,1.825
2017-04-05,1.826
2017-04-06,1.825
2017-04-07,1.824
2017-04-10,1.824
2017-04-11,1.824
2017-04-12,1.823
2017-04-13,1.823
2017-04-14,1.821
2017-04-17,1.818
2017-04-18,1.816
2017-04-19,1.814
2017-04-20,1.813
2017-04-21,1.812
2017-04-24,1.807
2017-04-25,1.81
2017-04-26,1.811
2017-04-27,1.813
2017-04-28,1.813
2017-05-02,1.812
2017-05-03,1.813
2017-05-04,1.812
2017-05-05,1.81
2017-05-08,1.809
2017-05-09,1.807
2017-05-10,1.807
2017-05-11,1.808
2017-05-12,1.813
2017-05-15,1.812
2017-05-16,1.812
2017-05-17,1.811
2017-05-18,1.811
2017-05-19,1.813
2017-05-22,1.814
2017-05-23,1.815
2017-05-24,1.815
2017-05-25,1.822
2017-05-26,1.823
2017-05-31,1.824
2017-06-01,1.824
2017-06-02,1.822
2017-06-05,1.822
2017-06-06,1.823
2017-06-07,1.824
2017-06-08,1.824
2017-06-09,1.825
2017-06-12,1.826
2017-06-13,1.827
2017-06-14,1.827
2017-06-15,1.827
2017-06-16,1.829
2017-06-19,1.83
2017-06-20,1.83
2017-06-21,1.831
2017-06-22,1.831
2017-06-23,1.831
2017-06-26,1.831
2017-06-27,1.832
2017-06-28,1.833
2017-06-29,1.834
2017-06-30,1.835
2017-07-03,1.835
2017-07-04,1.835
2017-07-05,1.836
2017-07-06,1.836
2017-07-07,1.836
2017-07-10,1.837
2017-07-11,1.837
2017-07-12,1.838
2017-07-13,1.839
2017-07-14,1.84
2017-07-17,1.84
2017-07-18,1.84
2017-07-19,1.841
2017-07-20,1.842
2017-07-21,1.842
2017-07-24,1.843
2017-07-25,1.843
2017-07-26,1.842
2017-07-27,1.842
2017-07-28,1.843
2017-07-31,1.844
2017-08-01,1.844
2017-08-02,1.844
2017-08-03,1.844
2017-08-04,1.844
2017-08-07,1.844
2017-08-08,1.844
2017-08-09,1.843
2017-08-10,1.843
2017-08-11,1.842
2017-08-14,1.843
2017-08-15,1.844
2017-08-16,1.844
2017-08-17,1.844
2017-08-18,1.844
2017-08-21,1.845
2017-08-22,1.845
2017-08-23,1.845
2017-08-24,1.844
2017-08-25,1.845
2017-08-28,1.846
2017-08-29,1.846
2017-08-30,1.846
2017-08-31,1.846
2017-09-01,1.846
2017-09-04,1.846
2017-09-05,1.847
2017-09-06,1.847
2017-09-07,1.847
2017-09-08,1.847
2017-09-11,1.848
2017-09-12,1.848
2017-09-13,1.848
2017-09-14,1.848
2017-09-15,1.848
2017-09-18,1.848
2017-09-19,1.848
2017-09-20,1.848
2017-09-21,1.848
2017-09-22,1.848
2017-09-25,1.849
2017-09-26,1.848
2017-09-27,1.848
2017-09-28,1.848
2017-09-29,1.849
2017-10-09,1.85
2017-10-10,1.85
2017-10-11,1.85
2017-10-12,1.85
2017-10-13,1.85
2017-10-16,1.85
2017-10-17,1.849
2017-10-18,1.85
2017-10-19,1.85
2017-10-20,1.85
2017-10-23,1.85
2017-10-24,1.85
2017-10-25,1.85
2017-10-26,1.849
2017-10-27,1.849
2017-10-30,1.849
2017-10-31,1.848
2017-11-01,1.849
2017-11-02,1.849
2017-11-03,1.849
2017-11-06,1.849
2017-11-07,1.849
2017-11-08,1.85
2017-11-09,1.849
2017-11-10,1.849
2017-11-13,1.849
2017-11-14,1.848
2017-11-15,1.848
2017-11-16,1.847
2017-11-17,1.847
2017-11-20,1.85
2017-11-21,1.849
2017-11-22,1.846
2017-11-23,1.842
2017-11-24,1.844
2017-11-27,1.843
2017-11-28,1.842
2017-11-29,1.843
2017-11-30,1.842
2017-12-01,1.842
2017-12-04,1.843
2017-12-05,1.844
2017-12-06,1.843
2017-12-07,1.843
2017-12-08,1.844
2017-12-11,1.844
2017-12-12,1.843
2017-12-13,1.843
2017-12-14,1.843
2017-12-15,1.843
2017-12-18,1.844
2017-12-19,1.844
2017-12-20,1.844
2017-12-21,1.844
2017-12-22,1.845
2017-12-25,1.846
2017-12-26,1.847
2017-12-27,1.846
2017-12-28,1.846
2017-12-29,1.847
2017-12-31,1.847
2018-01-02,1.848
2018-01-03,1.849
2018-01-04,1.85
2018-01-05,1.85
2018-01-08,1.851
2018-01-09,1.851
2018-01-10,1.851
2018-01-11,1.85
2018-01-12,1.851
2018-01-15,1.851
2018-01-16,1.852
2018-01-17,1.852
2018-01-18,1.852
2018-01-19,1.853
2018-01-22,1.855
2018-01-23,1.855
2018-01-24,1.856
2018-01-25,1.856
2018-01-26,1.856
2018-01-29,1.853
2018-01-30,1.853
2018-01-31,1.854
2018-02-01,1.853
2018-02-02,1.857
2018-02-05,1.863
2018-02-06,1.86
2018-02-07,1.86
2018-02-08,1.858
2018-02-09,1.854
2018-02-12,1.855
2018-02-13,1.857
2018-02-14,1.858
2018-02-22,1.861
2018-02-23,1.861
2018-02-26,1.862
2018-02-27,1.862
2018-02-28,1.863
2018-03-01,1.863
2018-03-02,1.862
2018-03-05,1.862
2018-03-06,1.863
2018-03-07,1.863
2018-03-08,1.863
2018-03-09,1.864
2018-03-12,1.865
2018-03-13,1.865
2018-03-14,1.864
2018-03-15,1.864
2018-03-16,1.864
2018-03-19,1.864
2018-03-20,1.865
2018-03-21,1.865
2018-03-22,1.865
2018-03-23,1.865
2018-03-26,1.865
2018-03-27,1.866
2018-03-28,1.866
2018-03-29,1.866
2018-03-30,1.867
2018-04-02,1.869
2018-04-03,1.869
2018-04-04,1.869
2018-04-09,1.873
2018-04-10,1.873
2018-04-11,1.873
2018-04-12,1.874
2018-04-13,1.874
2018-04-16,1.875
2018-04-17,1.874
2018-04-18,1.879
2018-04-19,1.878
2018-04-20,1.877
2018-04-23,1.876
2018-04-24,1.876
2018-04-25,1.877
2018-04-26,1.877
2018-04-27,1.877
2018-05-02,1.878
2018-05-03,1.877
2018-05-04,1.877
2018-05-07,1.878
2018-05-08,1.878
2018-05-09,1.877
2018-05-10,1.876
2018-05-11,1.875
2018-05-14,1.875
2018-05-15,1.875
2018-05-16,1.874
2018-05-17,1.874
2018-05-18,1.874
2018-05-21,1.874
2018-05-22,1.873
2018-05-23,1.874
2018-05-24,1.874
2018-05-25,1.874
2018-05-28,1.874
2018-05-29,1.874
2018-05-30,1.874
2018-05-31,1.873
2018-06-01,1.873
2018-06-04,1.873
2018-06-05,1.872
2018-06-06,1.872
2018-06-07,1.871
2018-06-08,1.871
2018-06-11,1.872
2018-06-12,1.871
2018-06-13,1.871
2018-06-14,1.872
2018-06-15,1.873
2018-06-19,1.874
2018-06-20,1.874
2018-06-21,1.875
2018-06-22,1.875
2018-06-25,1.874
2018-06-26,1.874
2018-06-27,1.875
2018-06-28,1.876
2018-06-29,1.877
2018-06-30,1.877
2018-07-02,1.88
2018-07-03,1.88
2018-07-04,1.88
2018-07-05,1.88
2018-07-06,1.881
2018-07-09,1.881
2018-07-10,1.88
2018-07-11,1.881
2018-07-12,1.881
2018-07-13,1.883
2018-07-16,1.884
2018-07-17,1.883
2018-07-18,1.883
2018-07-19,1.885
2018-07-20,1.885
2018-07-23,1.886
2018-07-24,1.886
2018-07-25,1.888
2018-07-26,1.889
2018-07-27,1.89
2018-07-30,1.891
2018-07-31,1.892
2018-08-01,1.893
2018-08-02,1.894
2018-08-03,1.895
2018-08-06,1.896
2018-08-07,1.898
2018-08-08,1.899
2018-08-09,1.898
2018-08-10,1.897
2018-08-13,1.897
2018-08-14,1.895
2018-08-15,1.895
2018-08-16,1.895
2018-08-17,1.894
2018-08-20,1.893
2018-08-21,1.893
2018-08-22,1.894
2018-08-23,1.895
2018-08-24,1.895
2018-08-27,1.896
2018-08-28,1.896
2018-08-29,1.896
2018-08-30,1.898
2018-08-31,1.898
2018-09-03,1.899
2018-09-04,1.899
2018-09-05,1.9
2018-09-06,1.9
2018-09-07,1.9
2018-09-10,1.901
2018-09-11,1.901
2018-09-12,1.9
2018-09-13,1.901
2018-09-14,1.902
2018-09-17,1.902
2018-09-18,1.903
2018-09-19,1.903
2018-09-20,1.903
2018-09-21,1.903
2018-09-25,1.904
2018-09-26,1.904
2018-09-27,1.904
2018-09-28,1.905
2018-10-08,1.908
2018-10-09,1.908
2018-10-10,1.909
2018-10-11,1.91
2018-10-12,1.91
2018-10-15,1.911
2018-10-16,1.911
2018-10-17,1.911
2018-10-18,1.912
2018-10-19,1.913
2018-10-22,1.913
2018-10-23,1.914
2018-10-24,1.914
2018-10-25,1.915
2018-10-26,1.915
2018-10-29,1.916
2018-10-30,1.917
2018-10-31,1.917
2018-11-01,1.918
2018-11-02,1.917
2018-11-05,1.918
2018-11-06,1.919
2018-11-07,1.919
2018-11-08,1.92
2018-11-09,1.921
2018-11-12,1.922
2018-11-13,1.922
2018-11-14,1.924
2018-11-15,1.924
2018-11-16,1.925
2018-11-19,1.927
2018-11-20,1.928
2018-11-21,1.928
2018-11-22,1.928
2018-11-23,1.93
2018-11-26,1.93
2018-11-27,1.93
2018-11-28,1.931
2018-11-29,1.931
2018-11-30,1.931
2018-12-03,1.933
2018-12-04,1.933
2018-12-05,1.934
2018-12-06,1.935
2018-12-07,1.936
2018-12-10,1.936
2018-12-11,1.936
2018-12-12,1.936
2018-12-13,1.936
2018-12-14,1.936
2018-12-17,1.936
2018-12-18,1.935
2018-12-19,1.935
2018-12-20,1.936
2018-12-21,1.936
2018-12-24,1.936
2018-12-25,1.936
2018-12-26,1.936
2018-12-27,1.936
2018-12-28,1.938
2018-12-31,1.938
2019-01-02,1.939
2019-01-03,1.94
2019-01-04,1.941
2019-01-07,1.942
2019-01-08,1.944
2019-01-09,1.944
2019-01-10,1.946
2019-01-11,1.946
2019-01-14,1.946
2019-01-15,1.947
2019-01-16,1.948
2019-01-17,1.948
2019-01-18,1.948
2019-01-21,1.949
2019-01-22,1.949
2019-01-23,1.949
2019-01-24,1.95
2019-01-25,1.95
2019-01-28,1.949
2019-01-29,1.95
2019-01-30,1.95
2019-01-31,1.951
2019-02-01,1.952
2019-02-11,1.954
2019-02-12,1.955
2019-02-13,1.956
2019-02-14,1.957
2019-02-15,1.957
2019-02-18,1.958
2019-02-19,1.958
2019-02-20,1.958
2019-02-21,1.959
2019-02-22,1.96
2019-02-25,1.963
2019-02-26,1.961
2019-02-27,1.961
2019-02-28,1.961
2019-03-01,1.961
2019-03-04,1.961
2019-03-05,1.961
2019-03-06,1.96
2019-03-07,1.96
2019-03-08,1.959
2019-03-11,1.961
2019-03-12,1.961
2019-03-13,1.961
2019-03-14,1.961
2019-03-15,1.961
2019-03-18,1.96
2019-03-19,1.962
2019-03-20,1.962
2019-03-21,1.962
2019-03-22,1.962
2019-03-25,1.962
2019-03-26,1.962
2019-03-27,1.963
2019-03-28,1.963
2019-03-29,1.964
2019-04-01,1.964
2019-04-02,1.964
2019-04-03,1.964
2019-04-04,1.965
2019-04-08,1.965
2019-04-09,1.963
2019-04-10,1.963
2019-04-11,1.962
2019-04-12,1.964
2019-04-15,1.962
2019-04-16,1.962
2019-04-17,1.962
2019-04-18,1.963
2019-04-19,1.963
2019-04-22,1.963
2019-04-23,1.962
2019-04-24,1.962
2019-04-25,1.962
2019-04-26,1.962
2019-04-29,1.962
2019-04-30,1.964
2019-05-06,1.966
2019-05-07,1.967
2019-05-08,1.968
2019-05-09,1.969
2019-05-10,1.969
2019-05-13,1.97
2019-05-14,1.971
2019-05-15,1.972
2019-05-16,1.972
2019-05-17,1.973
2019-05-20,1.973
2019-05-21,1.973
2019-05-22,1.973
2019-05-23,1.973
2019-05-24,1.973
2019-05-27,1.973
2019-05-28,1.973
2019-05-29,1.973
2019-05-30,1.973
2019-05-31,1.974
2019-06-03,1.975
2019-06-04,1.975
2019-06-05,1.975
2019-06-06,1.975
2019-06-10,1.976
2019-06-11,1.975
2019-06-12,1.976
2019-06-13,1.975
2019-06-14,1.975
2019-06-17,1.975
2019-06-18,1.975
2019-06-19,1.975
2019-06-20,1.977
2019-06-21,1.977
2019-06-24,1.977
2019-06-25,1.978
2019-06-26,1.978
2019-06-27,1.979
2019-06-28,1.979
2019-06-30,1.979
2019-07-01,1.98
2019-07-02,1.981
2019-07-03,1.982
2019-07-04,1.982
2019-07-05,1.982
2019-07-08,1.981
2019-07-09,1.981
2019-07-10,1.981
2019-07-11,1.981
2019-07-12,1.982
2019-07-15,1.983
2019-07-16,1.983
2019-07-17,1.983
2019-07-18,1.983
2019-07-19,1.983
2019-07-22,1.984
2019-07-23,1.984
2019-07-24,1.984
2019-07-25,1.984
2019-07-26,1.985
2019-07-29,1.985
2019-07-30,1.985
2019-07-31,1.986
2019-08-01,1.986
2019-08-02,1.988
2019-08-05,1.989
2019-08-06,1.989
2019-08-07,1.99
2019-08-08,1.99
2019-08-09,1.99
2019-08-12,1.991
2019-08-13,1.991
2019-08-14,1.991
2019-08-15,1.992
2019-08-16,1.992
2019-08-19,1.993
2019-08-20,1.993
2019-08-21,1.993
2019-08-22,1.993
2019-08-23,1.993
2019-08-26,1.993
2019-08-27,1.993
2019-08-28,1.994
2019-08-29,1.994
2019-08-30,1.994
2019-09-02,1.994
2019-09-03,1.994
2019-09-04,1.995
2019-09-05,1.996
2019-09-06,1.996
2019-09-09,1.997
2019-09-10,1.997
2019-09-11,1.997
2019-09-12,1.996
2019-09-16,1.997
2019-09-17,1.996
2019-09-18,1.996
2019-09-19,1.996
2019-09-20,1.996
2019-09-23,1.996
2019-09-24,1.996
2019-09-25,1.996
2019-09-26,1.996
2019-09-27,1.996
2019-09-30,1.996
2019-10-08,1.998
2019-10-09,1.998
2019-10-10,1.997
2019-10-11,1.997
2019-10-14,1.997
2019-10-15,1.997
2019-10-16,1.997
2019-10-17,1.997
2019-10-18,1.997
2019-10-21,1.996
2019-10-22,1.996
2019-10-23,1.996
2019-10-24,1.996
2019-10-25,1.995
2019-10-28,1.993
2019-10-29,1.993
2019-10-30,1.993
2019-10-31,1.993
2019-11-01,1.992
2019-11-04,1.992
2019-11-05,1.993
2019-11-06,1.993
2019-11-07,1.993
2019-11-08,1.993
2019-11-11,1.994
2019-11-12,1.994
2019-11-13,1.994
2019-11-14,1.994
2019-11-15,1.995
2019-11-18,1.996
2019-11-19,1.996
2019-11-20,1.997
2019-11-21,1.997
2019-11-22,1.997
2019-11-25,1.998
2019-11-26,1.999
2019-11-27,1.999
2019-11-28,2.0
2019-11-29,2.0
2019-12-02,2.001
2019-12-03,2.001
2019-12-04,2.001
2019-12-05,2.001
2019-12-06,2.001
2019-12-09,2.001
2019-12-10,2.002
2019-12-11,2.002
2019-12-12,2.003
2019-12-13,2.003
2019-12-16,2.003
2019-12-17,2.003
2019-12-18,2.003
2019-12-19,2.003
2019-12-20,2.004
2019-12-23,2.005
2019-12-24,2.004
2019-12-25,2.005
2019-12-26,2.005
2019-12-27,2.005
2019-12-30,2.006
2019-12-31,2.006
2020-01-02,2.006
2020-01-03,2.007
2020-01-06,2.007
2020-01-07,2.008
2020-01-08,2.008
2020-01-09,2.008
2020-01-10,2.008
2020-01-13,2.009
2020-01-14,2.009
2020-01-15,2.009
2020-01-16,2.01
2020-01-17,2.01
2020-01-20,2.011
2020-01-21,2.011
2020-01-22,2.011
2020-01-23,2.011
2020-02-03,2.016
2020-02-04,2.016
2020-02-05,2.016
2020-02-06,2.016
2020-02-07,2.017
2020-02-10,2.018
2020-02-11,2.017
2020-02-12,2.018
2020-02-13,2.018
2020-02-14,2.018
2020-02-17,2.019
2020-02-18,2.02
2020-02-19,2.02
2020-02-20,2.02
2020-02-21,2.021
2020-02-24,2.022
2020-02-25,2.022
2020-02-26,2.023
2020-02-27,2.024
2020-02-28,2.024
2020-03-02,2.024
2020-03-03,2.024
2020-03-04,2.025
2020-03-05,2.025
2020-03-06,2.027
2020-03-09,2.027
2020-03-10,2.026
2020-03-11,2.025
2020-03-12,2.025
2020-03-13,2.022
2020-03-16,2.021
2020-03-17,2.02
2020-03-18,2.02
2020-03-19,2.019
2020-03-20,2.02
2020-03-23,2.022
2020-03-24,2.022
2020-03-25,2.022
2020-03-26,2.022
2020-03-27,2.023
2020-03-30,2.023
2020-03-31,2.023
2020-04-01,2.024
2020-04-02,2.024
2020-04-03,2.024
2020-04-07,2.027
2020-04-08,2.027
2020-04-09,2.027
2020-04-10,2.027
2020-04-13,2.027
2020-04-14,2.027
2020-04-15,2.027
2020-04-16,2.028
2020-04-17,2.028
2020-04-20,2.027
2020-04-21,2.027
2020-04-22,2.027
2020-04-23,2.028
2020-04-24,2.029
2020-04-27,2.029
2020-04-28,2.03
2020-04-29,2.03
2020-04-30,2.03
2020-05-06,2.029
2020-05-07,2.028
2020-05-08,2.027
2020-05-11,2.025
2020-05-12,2.025
2020-05-13,2.024
2020-05-14,2.024
2020-05-15,2.024
2020-05-18,2.024
2020-05-19,2.023
2020-05-20,2.023
2020-05-21,2.023
2020-05-22,2.024
2020-05-25,2.022
2020-05-26,2.019
2020-05-27,2.019
2020-05-28,2.018
2020-05-29,2.018
2020-06-01,2.019
2020-06-02,2.016
2020-06-03,2.013
2020-06-04,2.013
2020-06-05,2.011
2020-06-08,2.01
2020-06-09,2.013
2020-06-10,2.014
2020-06-11,2.014
2020-06-12,2.015
2020-06-15,2.016
2020-06-16,2.015
2020-06-17,2.015
2020-06-18,2.015
2020-06-19,2.015
2020-06-22,2.014
2020-06-23,2.013
2020-06-24,2.013
2020-06-29,2.014
2020-06-30,2.014
2020-07-01,2.014
2020-07-02,2.015
2020-07-03,2.015
2020-07-06,2.014
2020-07-07,2.012
2020-07-08,2.012
2020-07-09,2.008
2020-07-10,2.007
2020-07-13,2.005
2020-07-14,2.005
2020-07-15,2.005
2020-07-16,2.005
2020-07-17,2.005
2020-07-20,2.006
2020-07-21,2.007
2020-07-22,2.008
2020-07-23,2.008
2020-07-24,2.01
2020-07-27,2.01
2020-07-28,2.01
2020-07-29,2.01
2020-07-30,2.01
2020-07-31,2.009
2020-08-03,2.01
2020-08-04,2.01
2020-08-05,2.01
2020-08-06,2.011
2020-08-07,2.01
2020-08-10,2.011
2020-08-11,2.01
2020-08-12,2.01
2020-08-13,2.011
2020-08-14,2.011
2020-08-17,2.013
2020-08-18,2.013
2020-08-19,2.012
2020-08-20,2.012
2020-08-21,2.012
2020-08-24,2.012
2020-08-25,2.011
2020-08-26,2.01
2020-08-27,2.009
2020-08-28,2.009
2020-08-31,2.009
2020-09-01,2.009
2020-09-02,2.008
2020-09-03,2.008
2020-09-04,2.007
2020-09-07,2.007
2020-09-08,2.006
2020-09-09,2.007
2020-09-10,2.007
2020-09-11,2.007
2020-09-14,2.007
2020-09-15,2.008
2020-09-16,2.008
2020-09-17,2.008
2020-09-18,2.008
2020-09-21,2.009
2020-09-22,2.009
2020-09-23,2.009
2020-09-24,2.01
2020-09-25,2.01
2020-09-28,2.01
2020-09-29,2.01
2020-09-30,2.01
2020-10-09,2.011
2020-10-12,2.011
2020-10-13,2.011
2020-10-14,2.011
2020-10-15,2.011
2020-10-16,2.012
2020-10-19,2.012
2020-10-20,2.013
2020-10-21,2.013
2020-10-22,2.013
2020-10-23,2.013
2020-10-26,2.014
2020-10-27,2.014
2020-10-28,2.013
2020-10-29,2.013
2020-10-30,2.013
2020-11-02,2.014
2020-11-03,2.014
2020-11-04,2.014
2020-11-05,2.014
2020-11-06,2.014
2020-11-09,2.014
2020-11-10,2.012
2020-11-11,2.01
2020-11-12,2.008
2020-11-13,2.007
2020-11-16,2.007
2020-11-17,2.006
2020-11-18,2.005
2020-11-19,2.001
2020-11-20,1.997
2020-11-23,1.986
2020-11-24,1.988
2020-11-25,1.988
2020-11-26,1.988
2020-11-27,1.988
2020-11-30,1.989
2020-12-01,1.989
2020-12-02,1.989
2020-12-03,1.99
2020-12-04,1.99
2020-12-07,1.99
2020-12-08,1.991
2020-12-09,1.992
2020-12-10,1.993
2020-12-11,1.993
2020-12-14,1.993
2020-12-15,1.993
2020-12-16,1.994
2020-12-17,1.994
2020-12-18,1.994
2020-12-21,1.994
2020-12-22,1.995
2020-12-23,1.995
2020-12-24,1.995
2020-12-25,1.995
2020-12-28,1.996
2020-12-29,1.996
2020-12-30,1.996
2020-12-31,1.996
2021-01-04,1.997
2021-01-05,1.997
2021-01-06,1.999
2021-01-07,1.999
2021-01-08,1.999
2021-01-11,1.999
2021-01-12,1.999
2021-01-13,2.0
2021-01-14,2.0
2021-01-15,2.0
2021-01-18,2.0
2021-01-19,2.0
2021-01-20,2.0
2021-01-21,2.0
2021-01-22,2.001
2021-01-25,2.001
2021-01-26,1.999
2021-01-27,1.999
2021-01-28,1.998
2021-01-29,1.998
2021-02-01,1.999
2021-02-02,1.999
2021-02-03,1.999
2021-02-04,1.999
2021-02-05,1.999
2021-02-08,1.999
2021-02-09,1.999
2021-02-10,1.999
2021-02-18,2.0
2021-02-19,2.0
2021-02-22,2.001
2021-02-23,2.001
2021-02-24,2.001
2021-02-25,2.001
2021-02-26,2.001
2021-03-01,2.002
2021-03-02,2.003
2021-03-03,2.003
2021-03-04,2.003
2021-03-05,2.003
2021-03-08,2.004
2021-03-09,2.004
2021-03-10,2.006
2021-03-11,2.005
2021-03-12,2.005
2021-03-15,2.005
2021-03-16,2.005
2021-03-17,2.005
2021-03-18,2.005
2021-03-19,2.005
2021-03-22,2.006
2021-03-23,2.006
2021-03-24,2.006
2021-03-25,2.006
2021-03-26,2.006
2021-03-29,2.006
2021-03-30,2.006
2021-03-31,2.006
2021-04-01,2.006
2021-04-02,2.005
2021-04-06,2.005
2021-04-07,2.005
2021-04-08,2.006
2021-04-09,2.006
2021-04-12,2.006
2021-04-13,2.006
2021-04-14,2.008
2021-04-15,2.007
2021-04-16,2.008
2021-04-19,2.008
2021-04-20,2.008
2021-04-21,2.008
2021-04-22,2.009
2021-04-23,2.009
2021-04-26,2.009
2021-04-27,2.009
2021-04-28,2.009
2021-04-29,2.009
2021-04-30,2.01
2021-05-06,2.012
2021-05-07,2.013
2021-05-10,2.015
2021-05-11,2.016
2021-05-12,2.016
2021-05-13,2.016
2021-05-14,2.016
2021-05-17,2.016
2021-05-18,2.016
2021-05-19,2.017
2021-05-20,2.017
2021-05-21,2.016
2021-05-24,2.017
2021-05-25,2.017
2021-05-26,2.017
2021-05-27,2.018
2021-05-28,2.018
2021-05-31,2.018
2021-06-01,2.018
2021-06-02,2.018
2021-06-03,2.018
2021-06-04,2.018
2021-06-07,2.018
2021-06-08,2.018
2021-06-09,2.018
2021-06-10,2.018
2021-06-11,2.018
2021-06-15,2.018
2021-06-16,2.018
2021-06-17,2.018
2021-06-18,2.019
2021-06-21,2.019
2021-06-22,2.019
2021-06-23,2.019
2021-06-24,2.019
2021-06-25,2.02
2021-06-28,2.02
2021-06-29,2.02
2021-06-30,2.02
2021-07-01,2.021
2021-07-02,2.021
2021-07-05,2.022
2021-07-06,2.023
2021-07-07,2.022
2021-07-08,2.023
2021-07-09,2.023
2021-07-12,2.024
2021-07-13,2.024
2021-07-14,2.025
2021-07-15,2.025
2021-07-16,2.025
2021-07-19,2.026
2021-07-20,2.026
2021-07-21,2.026
2021-07-22,2.027
2021-07-23,2.027
2021-07-26,2.027
2021-07-27,2.027
2021-07-28,2.027
2021-07-29,2.028
2021-07-30,2.028
2021-08-02,2.028
2021-08-03,2.029
2021-08-04,2.029
2021-08-05,2.029
2021-08-06,2.029
2021-08-09,2.03
2021-08-10,2.03
2021-08-11,2.03
2021-08-12,2.03
2021-08-13,2.031
2021-08-16,2.031
2021-08-17,2.031
2021-08-18,2.032
2021-08-19,2.032
2021-08-20,2.032
2021-08-23,2.032
2021-08-24,2.032
2021-08-25,2.033
2021-08-26,2.032
2021-08-27,2.034
2021-08-30,2.034
2021-08-31,2.033
2021-09-01,2.033
2021-09-02,2.033
2021-09-03,2.033
2021-09-06,2.033
2021-09-07,2.033
2021-09-08,2.034
2021-09-09,2.033
2021-09-10,2.033
2021-09-13,2.034
2021-09-14,2.033
2021-09-15,2.034
2021-09-16,2.033
2021-09-17,2.033
2021-09-22,2.034
2021-09-23,2.034
2021-09-24,2.034
2021-09-27,2.034
2021-09-28,2.033
2021-09-29,2.034
2021-09-30,2.034
2021-10-08,2.035
2021-10-11,2.035
2021-10-12,2.035
2021-10-13,2.035
2021-10-14,2.035
2021-10-15,2.035
2021-10-18,2.035
2021-10-19,2.035
2021-10-20,2.036
2021-10-21,2.036
2021-10-22,2.036
2021-10-25,2.037
2021-10-26,2.037
2021-10-27,2.037
2021-10-28,2.037
2021-10-29,2.038
2021-11-01,2.038
2021-11-02,2.039
2021-11-03,2.039
2021-11-04,2.039
2021-11-05,2.039
2021-11-08,2.04
2021-11-09,2.04
2021-11-10,2.04
2021-11-11,2.04
2021-11-12,2.04
2021-11-15,2.041
2021-11-16,2.041
2021-11-17,2.041
2021-11-18,2.042
2021-11-19,2.042
2021-11-22,2.042
2021-11-23,2.043
2021-11-24,2.043
2021-11-25,2.043
2021-11-26,2.043
2021-11-29,2.044
2021-11-30,2.044
2021-12-01,2.044
2021-12-02,2.044
2021-12-03,2.044
2021-12-06,2.045
2021-12-07,2.045
2021-12-08,2.045
2021-12-09,2.045
2021-12-10,2.045
2021-12-13,2.046
2021-12-14,2.046
2021-12-15,2.046
2021-12-16,2.046
2021-12-17,2.046
2021-12-20,2.046
2021-12-21,2.047
2021-12-22,2.047
2021-12-23,2.047
2021-12-24,2.047
2021-12-27,2.047
2021-12-28,2.047
2021-12-29,2.048
2021-12-30,2.048
2021-12-31,2.048
2022-01-04,2.049
2022-01-05,2.049
2022-01-06,2.049
2022-01-07,2.05
2022-01-10,2.05
2022-01-11,2.051
2022-01-12,2.051
2022-01-13,2.051
2022-01-14,2.051
2022-01-17,2.052
2022-01-18,2.052
2022-01-19,2.053
2022-01-20,2.054
2022-01-21,2.055
2022-01-24,2.056
2022-01-25,2.056
2022-01-26,2.056
2022-01-27,2.055
2022-01-28,2.056
2022-02-07,2.057
2022-02-08,2.057
2022-02-09,2.058
2022-02-10,2.058
2022-02-11,2.058
2022-02-14,2.058
2022-02-15,2.058
2022-02-16,2.058
2022-02-17,2.058
2022-02-18,2.058
2022-02-21,2.058
2022-02-22,2.058
2022-02-23,2.058
2022-02-24,2.058
2022-02-25,2.058
2022-02-28,2.058
2022-03-01,2.058
2022-03-02,2.058
2022-03-03,2.058
2022-03-04,2.058
2022-03-07,2.058
2022-03-08,2.058
2022-03-09,2.057
2022-03-10,2.057
2022-03-11,2.057
2022-03-14,2.058
2022-03-15,2.057
2022-03-16,2.057
2022-03-17,2.057
2022-03-18,2.057
2022-03-21,2.057
2022-03-22,2.057
2022-03-23,2.057
2022-03-24,2.057
2022-03-25,2.057
2022-03-28,2.058
2022-03-29,2.058
2022-03-30,2.058
2022-03-31,2.059
2022-04-01,2.059
2022-04-06,2.06
2022-04-07,2.061
2022-04-08,2.061
2022-04-11,2.062
2022-04-12,2.062
2022-04-13,2.062
2022-04-14,2.063
2022-04-15,2.063
2022-04-18,2.063
2022-04-19,2.064
2022-04-20,2.064
2022-04-21,2.064
2022-04-22,2.064
2022-04-25,2.065
2022-04-26,2.065
2022-04-27,2.065
2022-04-28,2.065
2022-04-29,2.066
2022-05-05,2.066
2022-05-06,2.066
2022-05-09,2.067
2022-05-10,2.067
2022-05-11,2.067
2022-05-12,2.068
2022-05-13,2.068
2022-05-16,2.069
2022-05-17,2.069
2022-05-18,2.069
2022-05-19,2.07
2022-05-20,2.07
2022-05-23,2.07
2022-05-24,2.07
2022-05-25,2.07
2022-05-26,2.071
2022-05-27,2.071
2022-05-30,2.071
2022-05-31,2.071
2022-06-01,2.071
2022-06-02,2.07
2022-06-06,2.07
2022-06-07,2.069
2022-06-08,2.069
2022-06-09,2.069
2022-06-10,2.07
2022-06-13,2.07
2022-06-14,2.07
2022-06-15,2.07
2022-06-16,2.071
2022-06-17,2.071
2022-06-20,2.071
2022-06-21,2.071
2022-06-22,2.071
2022-06-23,2.072
2022-06-24,2.072
2022-06-27,2.072
2022-06-28,2.072
2022-06-29,2.072
2022-06-30,2.072
2022-07-01,2.072
2022-07-04,2.072
2022-07-05,2.072
2022-07-06,2.072
2022-07-07,2.072
2022-07-08,2.073
2022-07-11,2.073
2022-07-12,2.073
2022-07-13,2.073
2022-07-14,2.074
2022-07-15,2.074
2022-07-18,2.074
2022-07-19,2.075
2022-07-20,2.075
2022-07-21,2.075
2022-07-22,2.076
2022-07-25,2.076
2022-07-26,2.076
2022-07-27,2.076
2022-07-28,2.0764
2022-07-29,2.0768
2022-08-01,2.0774
2022-08-02,2.0779
2022-08-03,2.0782
2022-08-04,2.0786
2022-08-05,2.0788
2022-08-08,2.0791
2022-08-09,2.079
2022-08-10,2.079
2022-08-11,2.079
2022-08-12,2.0789
2022-08-15,2.0794
2022-08-16,2.0802
2022-08-17,2.0804
2022-08-18,2.0805
2022-08-19,2.0804
2022-08-22,2.0807
2022-08-23,2.0807
2022-08-24,2.0806
2022-08-25,2.0805
2022-08-26,2.0803
2022-08-29,2.0804
2022-08-30,2.0805
2022-08-31,2.0805
2022-09-01,2.0806
2022-09-02,2.0808
2022-09-05,2.081
2022-09-06,2.0812
2022-09-07,2.0812
2022-09-08,2.0813
2022-09-09,2.0814
2022-09-13,2.0816
2022-09-14,2.0816
2022-09-15,2.0817
2022-09-16,2.0817
2022-09-19,2.0817
2022-09-20,2.0818
2022-09-21,2.082
2022-09-22,2.082
2022-09-23,2.0818
2022-09-26,2.0818
2022-09-27,2.0816
2022-09-28,2.0815
2022-09-29,2.0815
2022-09-30,2.0815
2022-10-10,2.0822
2022-10-11,2.0823
2022-10-12,2.0824
2022-10-13,2.0825
2022-10-14,2.0826
2022-10-17,2.0838
2022-10-18,2.084
2022-10-19,2.0841
2022-10-20,2.0842
2022-10-21,2.0842
2022-10-24,2.0843
2022-10-25,2.0842
2022-10-26,2.0846
2022-10-27,2.0859
2022-10-28,2.0863
2022-10-31,2.0865
2022-11-01,2.0872
2022-11-02,2.0873
2022-11-03,2.0873
2022-11-04,2.0875
2022-11-07,2.0876
2022-11-08,2.0874
2022-11-09,2.0876
2022-11-10,2.0878
2022-11-11,2.0872
2022-11-14,2.086
2022-11-15,2.0853
2022-11-16,2.0844
2022-11-17,2.0842
2022-11-18,2.0847
2022-11-21,2.0859
2022-11-22,2.086
2022-11-23,2.0861
2022-11-24,2.0871
2022-11-25,2.0872
2022-11-28,2.0872
2022-11-29,2.086
2022-11-30,2.0856
2022-12-01,2.0855
2022-12-02,2.0855
2022-12-05,2.0855
2022-12-06,2.0847
2022-12-07,2.0838
2022-12-08,2.0838
2022-12-09,2.0835
2022-12-12,2.0832
2022-12-13,2.0824
2022-12-14,2.0824
2022-12-15,2.0825
2022-12-16,2.0824
2022-12-19,2.0827
2022-12-20,2.0826
2022-12-21,2.0828
2022-12-22,2.0833
2022-12-23,2.084
2022-12-26,2.0845
2022-12-27,2.0844
2022-12-28,2.0845
2022-12-29,2.0849
2022-12-30,2.0855
2022-12-31,2.0856
2023-01-03,2.0862
2023-01-04,2.0869
2023-01-05,2.0874
2023-01-06,2.0871
2023-01-09,2.0875
2023-01-10,2.0874
2023-01-11,2.0872
2023-01-12,2.0879
2023-01-13,2.0882
2023-01-16,2.0881
2023-01-17,2.0886
2023-01-18,2.0887
2023-01-19,2.0888
2023-01-20,2.089
2023-01-30,2.0904
2023-01-31,2.0906
2023-02-01,2.0909
2023-02-02,2.0914
2023-02-03,2.0922
2023-02-06,2.0927
2023-02-07,2.0929
2023-02-08,2.0931
2023-02-09,2.0934
2023-02-10,2.0938
2023-02-13,2.0944
2023-02-14,2.0948
2023-02-15,2.0953
2023-02-16,2.0959
2023-02-17,2.0962
2023-02-20,2.0958
2023-02-21,2.0953
2023-02-22,2.0957
2023-02-23,2.0959
2023-02-24,2.0962
2023-02-27,2.0966
2023-02-28,2.0968
2023-03-01,2.0971
2023-03-02,2.0973
2023-03-03,2.0975
2023-03-06,2.0983
2023-03-07,2.0986
2023-03-08,2.099
2023-03-09,2.0992
2023-03-10,2.0997
2023-03-13,2.0999
2023-03-14,2.1001
2023-03-15,2.1003
2023-03-16,2.1005
2023-03-17,2.1006
2023-03-20,2.1011
2023-03-21,2.1013
2023-03-22,2.1015
2023-03-23,2.1018
2023-03-24,2.1016
2023-03-27,2.102
2023-03-28,2.1021
2023-03-29,2.1021
2023-03-30,2.1022
2023-03-31,2.1025
2023-04-03,2.1029
2023-04-04,2.1031
2023-04-06,2.1032
2023-04-07,2.1034
2023-04-10,2.1037
2023-04-11,2.1038
2023-04-12,2.104
2023-04-13,2.1041
2023-04-14,2.1043
2023-04-17,2.1045
2023-04-18,2.1046
2023-04-19,2.1047
2023-04-20,2.1047
2023-04-21,2.1049
2023-04-24,2.1053
2023-04-25,2.1054
2023-04-26,2.1056
2023-04-27,2.1058
2023-04-28,2.1059
2023-05-04,2.1066
2023-05-05,2.107
2023-05-08,2.1075
2023-05-09,2.1077
2023-05-10,2.108
2023-05-11,2.1083
2023-05-12,2.1085
2023-05-15,2.1088
2023-05-16,2.1089
2023-05-17,2.109
2023-05-18,2.109
2023-05-19,2.1092
2023-05-22,2.1096
2023-05-23,2.1099
2023-05-24,2.11
2023-05-25,2.11
2023-05-26,2.11
2023-05-29,2.1103
2023-05-30,2.1105
2023-05-31,2.1106
2023-06-01,2.1108
2023-06-02,2.1108
2023-06-05,2.1112
2023-06-06,2.1113
2023-06-07,2.1115
2023-06-08,2.1115
2023-06-09,2.1117
2023-06-12,2.1121
2023-06-13,2.1123
2023-06-14,2.1125
2023-06-15,2.1125
2023-06-16,2.1123
2023-06-19,2.1122
2023-06-20,2.1122
2023-06-21,2.1123
2023-06-26,2.1127
2023-06-27,2.1126
2023-06-28,2.1127
2023-06-29,2.1128
2023-06-30,2.1133
2023-07-03,2.1136
2023-07-04,2.1138
2023-07-05,2.114
2023-07-06,2.1143
2023-07-07,2.1146
2023-07-10,2.1149
2023-07-11,2.1152
2023-07-12,2.1153
2023-07-13,2.1154
2023-07-14,2.1155
2023-07-17,2.1159
2023-07-18,2.116
2023-07-19,2.1162
2023-07-20,2.1164
2023-07-21,2.1165
2023-07-24,2.1169
2023-07-25,2.1164
2023-07-26,2.1165
2023-07-27,2.1168
2023-07-28,2.1168
2023-07-31,2.1169
2023-08-01,2.1171
2023-08-02,2.1173
2023-08-03,2.1177
2023-08-04,2.1179
2023-08-07,2.1183
2023-08-08,2.1185
2023-08-09,2.1187
2023-08-10,2.1189
2023-08-11,2.1192
2023-08-14,2.1196
2023-08-15,2.1201
2023-08-16,2.1204
2023-08-17,2.1205
2023-08-18,2.1206
2023-08-21,2.1209
2023-08-22,2.121
2023-08-23,2.1211
2023-08-24,2.1211
2023-08-25,2.1211
2023-08-28,2.121
2023-08-29,2.1208
2023-08-30,2.1209
2023-08-31,2.1211
2023-09-01,2.121
2023-09-04,2.1206
2023-09-05,2.1206
2023-09-06,2.1203
2023-09-07,2.1199
2023-09-08,2.1194
2023-09-11,2.119
2023-09-12,2.1189
2023-09-13,2.1196
2023-09-14,2.1199
2023-09-15,2.1201
2023-09-18,2.1202
2023-09-19,2.1203
2023-09-20,2.1204
2023-09-21,2.1206
2023-09-22,2.1206
2023-09-25,2.1207
2023-09-26,2.1205
2023-09-27,2.1205
2023-09-28,2.121
2023-10-09,2.1221
2023-10-10,2.1221
2023-10-11,2.122
2023-10-12,2.1219
2023-10-13,2.122
2023-10-16,2.1224
2023-10-17,2.1222
2023-10-18,2.1223
2023-10-19,2.1219
2023-10-20,2.1219
2023-10-23,2.1221
2023-10-24,2.122
2023-10-25,2.1221
2023-10-26,2.1222
2023-10-27,2.1223
2023-10-30,2.1227
2023-10-31,2.1228
2023-11-01,2.1229
2023-11-02,2.1231
2023-11-03,2.1232
2023-11-06,2.1234
2023-11-07,2.1234
2023-11-08,2.1234
2023-11-09,2.1236
2023-11-10,2.1237
2023-11-13,2.1241
2023-11-14,2.1241
2023-11-15,2.1243
2023-11-16,2.1245
2023-11-17,2.1246
2023-11-20,2.1248
2023-11-21,2.1247
2023-11-22,2.1245
2023-11-23,2.1242
2023-11-24,2.1242
2023-11-27,2.1242
2023-11-28,2.1241
2023-11-29,2.1241
2023-11-30,2.1242
2023-12-01,2.1243
2023-12-04,2.1246
2023-12-05,2.1246
2023-12-06,2.1245
2023-12-07,2.1246
2023-12-08,2.1246
2023-12-11,2.1248
2023-12-12,2.1248
2023-12-13,2.125
2023-12-14,2.1252
2023-12-15,2.1255
2023-12-18,2.1259
2023-12-19,2.126
2023-12-20,2.126
2023-12-21,2.126
2023-12-22,2.126
2023-12-25,2.1263
2023-12-26,2.1267
2023-12-27,2.1272
2023-12-28,2.1277
2023-12-29,2.1281
2023-12-31,2.1282
2024-01-02,2.1283
2024-01-03,2.1283
2024-01-04,2.1284
2024-01-05,2.1287
2024-01-08,2.129
2024-01-09,2.1293
2024-01-10,2.1293
2024-01-11,2.1294
2024-01-12,2.1293
2024-01-15,2.1297
2024-01-16,2.1296
2024-01-17,2.1297
2024-01-18,2.13
2024-01-19,2.1303
2024-01-22,2.1307
2024-01-23,2.1308
2024-01-24,2.1309
2024-01-25,2.1311
2024-01-26,2.1312
2024-01-29,2.1315
2024-01-30,2.132
2024-01-31,2.1322
2024-02-01,2.1323
2024-02-02,2.1325
2024-02-05,2.133
2024-02-06,2.1329
2024-02-07,2.1331
2024-02-08,2.1334
2024-02-19,2.1344
2024-02-20,2.1348
2024-02-21,2.1351
2024-02-22,2.1354
2024-02-23,2.1357
2024-02-26,2.1359
2024-02-27,2.136
2024-02-28,2.1361
2024-02-29,2.1362
2024-03-01,2.1361
2024-03-04,2.1363
2024-03-05,2.1364
2024-03-06,2.1365
2024-03-07,2.1366
2024-03-08,2.1367
2024-03-11,2.1367
2024-03-12,2.1365
2024-03-13,2.1363
2024-03-14,2.1364
2024-03-15,2.1365
2024-03-18,2.1367
2024-03-19,2.1369
2024-03-20,2.137
2024-03-21,2.1371
2024-03-22,2.1372
2024-03-25,2.1373
2024-03-26,2.1374
2024-03-27,2.1376
2024-03-28,2.1377
2024-03-29,2.1378
2024-04-01,2.138
2024-04-02,2.1382
2024-04-03,2.1384
2024-04-08,2.1397
2024-04-09,2.1399
2024-04-10,2.1401
2024-04-11,2.1404
2024-04-12,2.141
2024-04-15,2.1413
2024-04-16,2.1412
2024-04-17,2.1415
2024-04-18,2.1418
2024-04-19,2.1422
2024-04-22,2.1427
2024-04-23,2.1432
2024-04-24,2.1425
2024-04-25,2.1424
2024-04-26,2.1418
2024-04-29,2.1414
2024-04-30,2.1418
2024-05-06,2.1424
2024-05-07,2.1427
2024-05-08,2.1428
2024-05-09,2.1427
2024-05-10,2.1428
2024-05-13,2.1433
2024-05-14,2.1435
2024-05-15,2.1435
2024-05-16,2.1434
2024-05-17,2.1437
2024-05-20,2.1437
2024-05-21,2.1436
2024-05-22,2.1438
2024-05-23,2.1438
2024-05-24,2.144
2024-05-27,2.1442
2024-05-28,2.1443
2024-05-29,2.1443
2024-05-30,2.1445
2024-05-31,2.1445
2024-06-03,2.1447
2024-06-04,2.1448
2024-06-05,2.1449
2024-06-06,2.145
2024-06-07,2.1452
2024-06-11,2.1455
2024-06-12,2.1456
2024-06-13,2.1456
2024-06-14,2.1457
2024-06-17,2.1458
2024-06-18,2.1458
2024-06-19,2.1459
2024-06-20,2.1462
2024-06-21,2.1461
2024-06-24,2.1463
2024-06-25,2.1468
2024-06-26,2.1469
2024-06-27,2.1472
2024-06-28,2.148
2024-06-30,2.1482
2024-07-01,2.1477
2024-07-02,2.1481
2024-07-03,2.1483
2024-07-04,2.1484
2024-07-05,2.1478
2024-07-08,2.1472
2024-07-09,2.1472
2024-07-10,2.1473
2024-07-11,2.1474
2024-07-12,2.1477
2024-07-15,2.148
2024-07-16,2.148
2024-07-17,2.1481
2024-07-18,2.1481
2024-07-19,2.1482
2024-07-22,2.1486
2024-07-23,2.1488
2024-07-24,2.1489
2024-07-25,2.149
2024-07-26,2.1491
2024-07-29,2.1493
2024-07-30,2.1499
2024-07-31,2.15
2024-08-01,2.1504
2024-08-02,2.1509
2024-08-05,2.1513
2024-08-06,2.151
2024-08-07,2.1512
2024-08-08,2.1509
2024-08-09,2.1507
2024-08-12,2.1501
2024-08-13,2.1501
2024-08-14,2.1503
2024-08-15,2.1503
2024-08-16,2.1504
2024-08-19,2.1505
2024-08-20,2.1506
2024-08-21,2.1504
2024-08-22,2.1505
2024-08-23,2.1504
2024-08-26,2.1505
2024-08-27,2.1503
2024-08-28,2.1503
2024-08-29,2.1504
2024-08-30,2.1505
2024-09-02,2.1508
2024-09-03,2.1509
2024-09-04,2.151
2024-09-05,2.1511
2024-09-06,2.1511
2024-09-09,2.1512
2024-09-10,2.1513
2024-09-11,2.1514
2024-09-12,2.1514
2024-09-13,2.1515
2024-09-18,2.1567
2024-09-19,2.1585
2024-09-20,2.1602
2024-09-23,2.1607
2024-09-24,2.1608
2024-09-25,2.161
2024-09-26,2.1611
2024-09-27,2.1608
2024-09-30,2.1604
2024-10-08,2.1613
2024-10-09,2.1609
2024-10-10,2.1616
2024-10-11,2.1626
2024-10-14,2.1634
2024-10-15,2.1636
2024-10-16,2.1636
2024-10-17,2.1642
2024-10-18,2.1644
2024-10-21,2.1649
2024-10-22,2.1649
2024-10-23,2.1648
2024-10-24,2.1649
2024-10-25,2.1649
2024-10-28,2.1651
2024-10-29,2.1654
2024-10-30,2.1653
2024-10-31,2.1658
2024-11-01,2.1668
2024-11-04,2.1667
2024-11-05,2.1667
2024-11-06,2.1668
2024-11-07,2.167
2024-11-08,2.1671
2024-11-11,2.1673
2024-11-12,2.1673
2024-11-13,2.1672
2024-11-14,2.1672
2024-11-15,2.1674
2024-11-18,2.1675
2024-11-19,2.1676
2024-11-20,2.1677
2024-11-21,2.1677
2024-11-22,2.1679
2024-11-25,2.168
2024-11-26,2.1681
2024-11-27,2.1682
2024-11-28,2.1682
2024-11-29,2.1684
2024-12-02,2.1689
2024-12-03,2.169
2024-12-04,2.1691
2024-12-05,2.1691
2024-12-06,2.1691
2024-12-09,2.1692
2024-12-10,2.1694
2024-12-11,2.1694
2024-12-12,2.1695
2024-12-13,2.1698
2024-12-16,2.1699
2024-12-17,2.1699
2024-12-18,2.17
2024-12-19,2.1701
2024-12-20,2.1704
2024-12-23,2.1707
2024-12-24,2.1709
2024-12-25,2.1707
2024-12-26,2.1707
2024-12-27,2.1711
2024-12-30,2.1713
2024-12-31,2.1714
2025-01-02,2.1712
2025-01-03,2.1712
2025-01-06,2.1713
2025-01-07,2.1712
2025-01-08,2.1711
2025-01-09,2.171
2025-01-10,2.1722
2025-01-13,2.1708
2025-01-14,2.172
2025-01-15,2.172
2025-01-16,2.1717
2025-01-17,2.1717
2025-01-20,2.1717
2025-01-21,2.1718
2025-01-22,2.172
2025-01-23,2.1717
2025-01-24,2.1717
2025-01-27,2.1723
2025-02-05,2.1728
2025-02-06,2.1731
2025-02-07,2.1732
2025-02-10,2.173
2025-02-11,2.1729
2025-02-12,2.1729
2025-02-13,2.1728
2025-02-14,2.1725
2025-02-17,2.1724
2025-02-18,2.1721
2025-02-19,2.1723
2025-02-20,2.1722
2025-02-21,2.1721
2025-02-24,2.1722
2025-02-25,2.1722
2025-02-26,2.1723
2025-02-27,2.1723
2025-02-28,2.1724
2025-03-03,2.1728
2025-03-04,2.1728
2025-03-05,2.173
2025-03-06,2.173
2025-03-07,2.173
2025-03-10,2.1732
2025-03-11,2.1732
2025-03-12,2.1733
2025-03-13,2.1735
2025-03-14,2.1736
2025-03-17,2.1737
2025-03-18,2.1738
2025-03-19,2.1735
2025-03-20,2.1736
2025-03-21,2.1737
2025-03-24,2.1739
2025-03-25,2.1739
2025-03-26,2.174
2025-03-27,2.174
2025-03-28,2.1741
2025-03-31,2.1743
2025-04-01,2.1744
2025-04-02,2.1744
2025-04-03,2.1745
2025-04-07,2.1747
2025-04-08,2.1747
2025-04-09,2.1748
2025-04-10,2.1749
2025-04-11,2.1749
2025-04-14,2.1751
2025-04-15,2.1751
2025-04-16,2.1751
2025-04-17,2.1752
2025-04-18,2.1752
2025-04-21,2.1753
2025-04-22,2.1754
2025-04-23,2.1754
2025-04-24,2.1755
2025-04-25,2.1755
2025-04-28,2.1756
2025-04-29,2.1757
2025-04-30,2.1758
2025-05-06,2.1763
2025-05-07,2.1763
2025-05-08,2.1764
2025-05-09,2.1765
2025-05-12,2.1766
2025-05-13,2.1768
2025-05-14,2.1768
2025-05-15,2.1769
2025-05-16,2.1769
2025-05-19,2.177
2025-05-20,2.1771
2025-05-21,2.1771
2025-05-22,2.1772
2025-05-23,2.1772
2025-05-26,2.1773
2025-05-27,2.1773
2025-05-28,2.1773
2025-05-29,2.1773
2025-05-30,2.1775
2025-06-03,2.1778
2025-06-04,2.178
2025-06-05,2.1779
2025-06-06,2.1783
2025-06-09,2.1784
2025-06-10,2.1785
2025-06-11,2.1786
2025-06-12,2.1786
2025-06-13,2.1787
2025-06-16,2.179
2025-06-17,2.1791
2025-06-18,2.1792
2025-06-19,2.1792
2025-06-20,2.1793
2025-06-23,2.1794
2025-06-24,2.1795
2025-06-25,2.1795
2025-06-26,2.1796
2025-06-27,2.1803
2025-06-30,2.1804
2025-07-01,2.1806
2025-07-02,2.1807
2025-07-03,2.1809
2025-07-04,2.181
2025-07-07,2.1812
2025-07-08,2.1812
2025-07-09,2.1813
2025-07-10,2.1813
2025-07-11,2.1813
2025-07-14,2.1814
2025-07-15,2.1815
2025-07-16,2.1815
2025-07-17,2.1816
2025-07-18,2.1817
2025-07-21,2.1817
2025-07-22,2.1817
2025-07-23,2.1815
2025-07-24,2.1813
2025-07-25,2.1815
2025-07-28,2.182
2025-07-29,2.182
2025-07-30,2.1821
2025-07-31,2.1822
2025-08-01,2.1823
2025-08-04,2.1823
2025-08-05,2.1824
2025-08-06,2.1825
2025-08-07,2.1826
2025-08-08,2.1826
2025-08-11,2.1827
2025-08-12,2.1827
2025-08-13,2.1827
2025-08-14,2.1827
2025-08-15,2.1828
2025-08-18,2.1828
2025-08-19,2.1829
2025-08-20,2.1829
2025-08-21,2.1829
2025-08-22,2.183
2025-08-25,2.1831
2025-08-26,2.1831
2025-08-27,2.1832
2025-08-28,2.1832
2025-08-29,2.1833
2025-09-01,2.1834
2025-09-02,2.1834
2025-09-03,2.1835
2025-09-04,2.1836
2025-09-05,2.1836
2025-09-08,2.1837
2025-09-09,2.1837
2025-09-10,2.1837
2025-09-11,2.1837
2025-09-12,2.1838
2025-09-15,2.1839
2025-09-16,2.1839
2025-09-17,2.1841
2025-09-18,2.184
2025-09-19,2.1841
2025-09-22,2.1842
2025-09-23,2.1842
2025-09-24,2.1842
2025-09-25,2.1843
2025-09-26,2.1843
2025-09-29,2.1845
2025-09-30,2.1846
2025-10-09,2.185
2025-10-10,2.1851
2025-10-13,2.1852
2025-10-14,2.1853
2025-10-15,2.1853
2025-10-16,2.1854
2025-10-17,2.1855
2025-10-20,2.1856
2025-10-21,2.1856
2025-10-22,2.1856
2025-10-23,2.1857
2025-10-24,2.1857
2025-10-27,2.186
2025-10-28,2.1861
2025-10-29,2.1863
2025-10-30,2.1863
2025-10-31,2.1866
2025-11-03,2.1868
2025-11-04,2.1868
2025-11-05,2.1869
2025-11-06,2.1868
2025-11-07,2.1869
2025-11-10,2.187
2025-11-11,2.1871
2025-11-12,2.1872
2025-11-13,2.1873
2025-11-14,2.1873
2025-11-17,2.1874
2025-11-18,2.1875
2025-11-19,2.1875
2025-11-20,2.1876
2025-11-21,2.1876
2025-11-24,2.1878
2025-11-25,2.1879
2025-11-26,2.1879
2025-11-27,2.1879
2025-11-28,2.188
2025-12-01,2.1881
2025-12-02,2.1881
2025-12-03,2.1881
2025-12-04,2.1882
2025-12-05,2.1884
2025-12-08,2.1885
2025-12-09,2.1886
2025-12-10,2.1886
2025-12-11,2.1887
2025-12-12,2.1887
2025-12-15,2.1889
2025-12-16,2.1889
2025-12-17,2.1889
2025-12-18,2.189
2025-12-19,2.189
2025-12-22,2.189
2025-12-23,2.189
2025-12-24,2.1891
2025-12-25,2.1892
2025-12-26,2.1892
2025-12-29,2.1892
2025-12-30,2.1893
2025-12-31,2.1894
2026-01-05,2.1894
2026-01-06,2.1894
2026-01-07,2.1894
2026-01-08,2.1894
2026-01-09,2.1897
2026-01-12,2.19
2026-01-13,2.1901
2026-01-14,2.1902
2026-01-15,2.1902
2026-01-16,2.1902
2026-01-19,2.1904
2026-01-20,2.1905
2026-01-21,2.1909
2026-01-22,2.1911
2026-01-23,2.1911
2026-01-26,2.1917
2026-01-27,2.1916
2026-01-28,2.1917
2026-01-29,2.1917
2026-01-30,2.1918
2026-02-02,2.1919
2026-02-03,2.1919
2026-02-04,2.192
2026-02-05,2.1921
2026-02-06,2.1922
2026-02-09,2.1924
2026-02-10,2.1925
2026-02-11,2.1925
2026-02-12,2.1926
2026-02-13,2.1926
2026-02-24,2.1931
2026-02-25,2.1931
2026-02-26,2.1931
2026-02-27,2.1932
2026-03-02,2.1933
2026-03-03,2.1934
2026-03-04,2.1934
2026-03-05,2.1935
2026-03-06,2.1936
2026-03-09,2.1937
2026-03-10,2.1937
2026-03-11,2.1938
2026-03-12,2.1939
2026-03-13,2.1939
2026-03-16,2.194
2026-03-17,2.194
2026-03-18,2.1941
2026-03-19,2.1942
2026-03-20,2.1943
2026-03-23,2.1944
2026-03-24,2.1945
2026-03-25,2.1946
2026-03-26,2.1946
2026-03-27,2.1947
2026-03-30,2.1949
2026-03-31,2.195
2026-04-01,2.195
2026-04-02,2.1952
2026-04-03,2.1955
2026-04-07,2.1957
2026-04-08,2.1958
2026-04-09,2.1959
2026-04-10,2.1962
2026-04-13,2.1965
2026-04-14,2.1969
2026-04-15,2.1969
2026-04-16,2.197
2026-04-17,2.1973
2026-04-20,2.1974
2026-04-21,2.1976
2026-04-22,2.1977
2026-04-23,2.1977
2026-04-24,2.1978
2026-04-27,2.1979
2026-04-28,2.1981
2026-04-29,2.1985
2026-04-30,2.1984
2026-05-06,2.1986
2026-05-07,2.1988
2026-05-08,2.1988
2026-05-11,2.199
2026-05-12,2.1991
2026-05-13,2.1994
2026-05-14,2.1995
2026-05-15,2.1995
2026-05-18,2.1997
2026-05-19,2.1998
2026-05-20,2.2002
2026-05-21,2.2002
2026-05-22,2.2003
2026-05-25,2.2004
2026-05-26,2.2006
2026-05-27,2.2009
2026-05-28,2.2011
2026-05-29,2.2014
2026-06-01,2.2017
2026-06-02,2.2018
2026-06-03,2.2018
2026-06-04,2.2018
2026-06-05,2.2018
2026-06-08,2.2019
2026-06-09,2.2019
2026-06-10,2.2019
2026-06-11,2.2018
2026-06-12,2.2018
2026-06-15,2.202
2026-06-16,2.2021
2026-06-17,2.2026
2026-06-18,2.2026
2026-06-22,2.2027
2026-06-23,2.2027
2026-06-24,2.2028
2026-06-25,2.203
2026-06-26,2.2031
2026-06-29,2.2034
2026-06-30,2.2035
2026-07-01,2.2034
2026-07-02,2.2034
2026-07-03,2.2035
2026-07-06,2.2036
2026-07-07,2.2037
2026-07-08,2.2037
2026-07-09,2.2038
2026-07-10,2.2038
2026-07-13,2.2039
2026-07-14,2.2039
2026-07-15,2.204
2026-07-16,2.204
2026-07-17,2.204
2026-07-20,2.2041
2026-07-21,2.2042
2026-07-22,2.2042
2026-07-23,2.2042
2026-07-24,2.2043
2026-07-27,2.2044
2026-07-28,2.2044
2026-07-29,2.2045
2026-07-30,2.2045
2026-07-31,2.2046
2026-08-03,2.2047
2026-08-04,2.2047
2026-08-05,2.2048
2026-08-06,2.2049
2026-08-07,2.2049
2026-08-10,2.205
2026-08-11,2.2051
2026-08-12,2.2051
2026-08-13,2.2052
2026-08-14,2.2053
2026-08-17,2.2054
2026-08-18,2.2055
2026-08-19,2.2055
2026-08-20,2.2055
2026-08-21,2.2056
2026-08-24,2.2057
2026-08-25,2.2057
2026-08-26,2.2058
2026-08-27,2.2058
2026-08-28,2.2059
