净值日期,累计净值
2003-06-12,1.0
2003-06-13,1.0006
2003-06-16,1.0006
2003-06-17,1.0006
2003-06-18,1.0007
2003-06-19,1.0007
2003-06-20,1.0007
2003-06-23,1.0009
2003-06-24,1.0009
2003-06-25,1.001
2003-06-26,1.001
2003-06-27,1.0011
2003-06-30,1.0012
2003-07-01,1.0013
2003-07-02,1.0015
2003-07-03,1.0016
2003-07-04,1.0015
2003-07-07,1.0016
2003-07-08,1.0018
2003-07-09,1.0017
2003-07-10,1.0019
2003-07-11,1.002
2003-07-14,1.0021
2003-07-15,1.0023
2003-07-16,1.0024
2003-07-17,1.0024
2003-07-18,1.0018
2003-07-21,1.0017
2003-07-22,1.0014
2003-07-23,1.0016
2003-07-24,1.0015
2003-07-25,1.0016
2003-07-28,1.0014
2003-07-29,1.0014
2003-07-30,1.0015
2003-07-31,1.0015
2003-08-01,1.0022
2003-08-04,1.0028
2003-08-05,1.0029
2003-08-06,1.0028
2003-08-07,1.0029
2003-08-08,1.0025
2003-08-11,1.0027
2003-08-12,1.0028
2003-08-13,1.0025
2003-08-14,1.0025
2003-08-15,1.0023
2003-08-18,1.0024
2003-08-19,1.0026
2003-08-20,1.0025
2003-08-21,1.0022
2003-08-22,1.0013
2003-08-25,1.0003
2003-08-26,0.9995
2003-08-27,0.9999
2003-08-28,1.0001
2003-08-29,1.0003
2003-09-01,1.0002
2003-09-02,1.0001
2003-09-03,0.9993
2003-09-04,0.9985
2003-09-05,0.9978
2003-09-08,0.9973
2003-09-09,0.9965
2003-09-10,0.9969
2003-09-11,0.9971
2003-09-12,0.9982
2003-09-15,0.9975
2003-09-16,0.9966
2003-09-17,0.9958
2003-09-18,0.9962
2003-09-19,0.996
2003-09-22,0.9961
2003-09-23,0.9937
2003-09-24,0.9915
2003-09-25,0.9912
2003-09-26,0.9897
2003-09-29,0.9905
2003-09-30,0.9932
2003-10-08,0.9921
2003-10-09,0.9918
2003-10-10,0.9906
2003-10-13,0.9895
2003-10-14,0.9893
2003-10-15,0.9894
2003-10-16,0.9918
2003-10-17,0.9921
2003-10-20,0.9921
2003-10-21,0.9926
2003-10-22,0.9923
2003-10-23,0.9913
2003-10-24,0.991
2003-10-27,0.9907
2003-10-28,0.9899
2003-10-29,0.9904
2003-10-30,0.9919
2003-10-31,0.9916
2003-11-03,0.9917
2003-11-04,0.9939
2003-11-05,0.9925
2003-11-06,0.9926
2003-11-07,0.9922
2003-11-10,0.993
2003-11-11,0.9924
2003-11-12,0.9916
2003-11-13,0.9925
2003-11-14,0.989
2003-11-17,0.9883
2003-11-18,0.9902
2003-11-19,0.9904
2003-11-20,0.9907
2003-11-21,0.9908
2003-11-24,0.9928
2003-11-25,0.9942
2003-11-26,0.9944
2003-11-27,0.9942
2003-11-28,0.9952
2003-12-01,0.9981
2003-12-02,0.9997
2003-12-03,1.0012
2003-12-04,1.0011
2003-12-05,1.0034
2003-12-08,1.0033
2003-12-09,1.0043
2003-12-10,1.007
2003-12-11,1.0082
2003-12-12,1.0074
2003-12-15,1.0079
2003-12-16,1.0101
2003-12-17,1.0074
2003-12-18,1.01
2003-12-19,1.0165
2003-12-22,1.0252
2003-12-23,1.0309
2003-12-24,1.0362
2003-12-25,1.0376
2003-12-26,1.0345
2003-12-29,1.0288
2003-12-30,1.0318
2003-12-31,1.0295
2004-01-02,1.032
2004-01-05,1.0431
2004-01-06,1.043
2004-01-07,1.0454
2004-01-08,1.0466
2004-01-09,1.0432
2004-01-12,1.0478
2004-01-13,1.0459
2004-01-14,1.043
2004-01-15,1.0414
2004-01-16,1.0443
2004-01-29,1.046
2004-01-30,1.0464
2004-02-02,1.0541
2004-02-03,1.0546
2004-02-04,1.0612
2004-02-05,1.0599
2004-02-06,1.057
2004-02-09,1.0593
2004-02-10,1.0579
2004-02-11,1.0575
2004-02-12,1.0541
2004-02-13,1.0553
2004-02-16,1.0593
2004-02-17,1.0633
2004-02-18,1.0649
2004-02-19,1.0667
2004-02-20,1.0671
2004-02-23,1.059
2004-02-24,1.0574
2004-02-25,1.0529
2004-02-26,1.0542
2004-02-27,1.0613
2004-03-01,1.0642
2004-03-02,1.0658
2004-03-03,1.0624
2004-03-04,1.0632
2004-03-05,1.0633
2004-03-08,1.0615
2004-03-09,1.0611
2004-03-10,1.068
2004-03-11,1.0737
2004-03-12,1.076
2004-03-15,1.0818
2004-03-16,1.0832
2004-03-17,1.0864
2004-03-18,1.0811
2004-03-19,1.086
2004-03-22,1.0864
2004-03-23,1.0822
2004-03-24,1.0833
2004-03-25,1.0844
2004-03-26,1.0859
2004-03-29,1.0847
2004-03-30,1.0825
2004-03-31,1.0873
2004-04-01,1.0922
2004-04-02,1.1015
2004-04-05,1.1054
2004-04-06,1.1101
2004-04-07,1.1122
2004-04-08,1.1164
2004-04-09,1.106
2004-04-12,1.1028
2004-04-13,1.1025
2004-04-14,1.094
2004-04-15,1.0914
2004-04-16,1.0943
2004-04-19,1.091
2004-04-20,1.0902
2004-04-21,1.0861
2004-04-22,1.0837
2004-04-23,1.0809
2004-04-26,1.0831
2004-04-27,1.0838
2004-04-28,1.0788
2004-04-29,1.0626
2004-04-30,1.0691
2004-05-10,1.0641
2004-05-11,1.0639
2004-05-12,1.0701
2004-05-13,1.0698
2004-05-14,1.0667
2004-05-17,1.0641
2004-05-18,1.0625
2004-05-19,1.0654
2004-05-20,1.0644
2004-05-21,1.067
2004-05-24,1.0659
2004-05-25,1.0645
2004-05-26,1.0665
2004-05-27,1.0726
2004-05-28,1.0727
2004-05-31,1.0725
2004-06-01,1.0776
2004-06-02,1.0756
2004-06-03,1.0717
2004-06-04,1.0707
2004-06-07,1.0653
2004-06-08,1.0611
2004-06-09,1.0575
2004-06-10,1.0588
2004-06-11,1.0577
2004-06-14,1.0545
2004-06-15,1.0554
2004-06-16,1.0572
2004-06-17,1.0552
2004-06-18,1.0499
2004-06-21,1.0477
2004-06-22,1.051
2004-06-23,1.0503
2004-06-24,1.0498
2004-06-25,1.047
2004-06-28,1.0463
2004-06-29,1.0485
2004-06-30,1.0501
2004-07-01,1.0556
2004-07-02,1.0573
2004-07-05,1.0575
2004-07-06,1.0607
2004-07-07,1.0591
2004-07-08,1.059
2004-07-09,1.0587
2004-07-12,1.0564
2004-07-13,1.0567
2004-07-14,1.0597
2004-07-15,1.0636
2004-07-16,1.0704
2004-07-19,1.0724
2004-07-20,1.0694
2004-07-21,1.0683
2004-07-22,1.0628
2004-07-23,1.0638
2004-07-26,1.0628
2004-07-27,1.0602
2004-07-28,1.0612
2004-07-29,1.0637
2004-07-30,1.0651
2004-08-02,1.0646
2004-08-03,1.0617
2004-08-04,1.0651
2004-08-05,1.0623
2004-08-06,1.0608
2004-08-09,1.0613
2004-08-10,1.0626
2004-08-11,1.0602
2004-08-12,1.0589
2004-08-13,1.0618
2004-08-16,1.0605
2004-08-17,1.0617
2004-08-18,1.0631
2004-08-19,1.0621
2004-08-20,1.0627
2004-08-23,1.0603
2004-08-24,1.06
2004-08-25,1.0594
2004-08-26,1.0605
2004-08-27,1.0594
2004-08-30,1.058
2004-08-31,1.0589
2004-09-01,1.057
2004-09-02,1.0567
2004-09-03,1.056
2004-09-06,1.056
2004-09-07,1.0553
2004-09-08,1.0545
2004-09-09,1.0536
2004-09-10,1.0547
2004-09-13,1.0525
2004-09-14,1.0549
2004-09-15,1.06
2004-09-16,1.0611
2004-09-17,1.0672
2004-09-20,1.0758
2004-09-21,1.0728
2004-09-22,1.0692
2004-09-23,1.0737
2004-09-24,1.0801
2004-09-27,1.079
2004-09-28,1.0811
2004-09-29,1.0787
2004-09-30,1.0787
2004-10-08,1.0792
2004-10-11,1.0795
2004-10-12,1.0748
2004-10-13,1.0743
2004-10-14,1.069
2004-10-15,1.0693
2004-10-18,1.0707
2004-10-19,1.0721
2004-10-20,1.072
2004-10-21,1.0745
2004-10-22,1.0798
2004-10-25,1.0786
2004-10-26,1.0784
2004-10-27,1.0762
2004-10-28,1.0761
2004-10-29,1.0731
2004-11-01,1.0721
2004-11-02,1.0712
2004-11-03,1.0725
2004-11-04,1.0682
2004-11-05,1.0653
2004-11-08,1.0662
2004-11-09,1.0677
2004-11-10,1.0718
2004-11-11,1.0712
2004-11-12,1.0694
2004-11-15,1.0691
2004-11-16,1.0705
2004-11-17,1.0686
2004-11-18,1.0722
2004-11-19,1.0755
2004-11-22,1.0772
2004-11-23,1.0762
2004-11-24,1.0752
2004-11-25,1.0748
2004-11-26,1.0753
2004-11-29,1.0743
2004-11-30,1.0736
2004-12-01,1.0731
2004-12-02,1.0694
2004-12-03,1.0666
2004-12-06,1.0663
2004-12-07,1.0647
2004-12-08,1.0654
2004-12-09,1.0666
2004-12-10,1.0659
2004-12-13,1.0649
2004-12-14,1.064
2004-12-15,1.0605
2004-12-16,1.0582
2004-12-17,1.0563
2004-12-20,1.0519
2004-12-21,1.0493
2004-12-22,1.0485
2004-12-23,1.0455
2004-12-24,1.044
2004-12-27,1.0438
2004-12-28,1.0466
2004-12-29,1.0469
2004-12-30,1.0483
2004-12-31,1.0493
2005-01-04,1.0445
2005-01-05,1.049
2005-01-06,1.0489
2005-01-07,1.0494
2005-01-10,1.0525
2005-01-11,1.053
2005-01-12,1.0526
2005-01-13,1.0534
2005-01-14,1.0525
2005-01-17,1.0487
2005-01-18,1.0466
2005-01-19,1.0454
2005-01-20,1.0452
2005-01-21,1.0481
2005-01-24,1.0531
2005-01-25,1.0541
2005-01-26,1.054
2005-01-27,1.0535
2005-01-28,1.055
2005-01-31,1.0566
2005-02-01,1.0575
2005-02-02,1.066
2005-02-03,1.0647
2005-02-04,1.071
2005-02-16,1.0746
2005-02-17,1.0718
2005-02-18,1.0688
2005-02-21,1.0722
2005-02-22,1.0766
2005-02-23,1.0785
2005-02-24,1.0762
2005-02-25,1.0865
2005-02-28,1.0845
2005-03-01,1.0865
2005-03-02,1.0853
2005-03-03,1.0854
2005-03-04,1.0858
2005-03-07,1.0869
2005-03-08,1.091
2005-03-09,1.0943
2005-03-10,1.0929
2005-03-11,1.095
2005-03-14,1.0982
2005-03-15,1.0995
2005-03-16,1.0957
2005-03-17,1.0957
2005-03-18,1.0933
2005-03-21,1.092
2005-03-22,1.0912
2005-03-23,1.0899
2005-03-24,1.0889
2005-03-25,1.0913
2005-03-28,1.0919
2005-03-29,1.092
2005-03-30,1.0904
2005-03-31,1.0903
2005-04-01,1.0943
2005-04-04,1.0966
2005-04-05,1.0989
2005-04-06,1.1043
2005-04-07,1.1072
2005-04-08,1.1079
2005-04-11,1.108
2005-04-12,1.1074
2005-04-13,1.1085
2005-04-14,1.1068
2005-04-15,1.1048
2005-04-18,1.1049
2005-04-19,1.1044
2005-04-20,1.1013
2005-04-21,1.1051
2005-04-22,1.104
2005-04-25,1.1057
2005-04-26,1.1067
2005-04-27,1.1084
2005-04-28,1.1103
2005-04-29,1.1133
2005-05-09,1.1106
2005-05-10,1.1122
2005-05-11,1.1099
2005-05-12,1.106
2005-05-13,1.101
2005-05-16,1.0951
2005-05-17,1.097
2005-05-18,1.0943
2005-05-19,1.0955
2005-05-20,1.0959
2005-05-23,1.0946
2005-05-24,1.096
2005-05-25,1.0979
2005-05-26,1.0927
2005-05-27,1.0869
2005-05-30,1.0875
2005-05-31,1.0871
2005-06-01,1.0812
2005-06-02,1.0735
2005-06-03,1.0737
2005-06-06,1.0758
2005-06-07,1.076
2005-06-08,1.0937
2005-06-09,1.0966
2005-06-10,1.0901
2005-06-13,1.0903
2005-06-14,1.0906
2005-06-15,1.0891
2005-06-16,1.0927
2005-06-17,1.0967
2005-06-20,1.104
2005-06-21,1.1026
2005-06-22,1.1078
2005-06-23,1.1081
2005-06-24,1.109
2005-06-27,1.1118
2005-06-28,1.1087
2005-06-29,1.1062
2005-06-30,1.1041
2005-07-01,1.1007
2005-07-04,1.1002
2005-07-05,1.0998
2005-07-06,1.0982
2005-07-07,1.097
2005-07-08,1.096
2005-07-11,1.0982
2005-07-12,1.1004
2005-07-13,1.1005
2005-07-14,1.0985
2005-07-15,1.0997
2005-07-18,1.0983
2005-07-19,1.096
2005-07-20,1.0992
2005-07-21,1.0995
2005-07-22,1.1048
2005-07-25,1.1047
2005-07-26,1.1093
2005-07-27,1.1117
2005-07-28,1.1127
2005-07-29,1.1134
2005-08-01,1.1145
2005-08-02,1.1186
2005-08-03,1.1209
2005-08-04,1.1212
2005-08-05,1.1285
2005-08-08,1.1305
2005-08-09,1.132
2005-08-10,1.1355
2005-08-11,1.1427
2005-08-12,1.1329
2005-08-15,1.1331
2005-08-16,1.1311
2005-08-17,1.1319
2005-08-18,1.1249
2005-08-19,1.1251
2005-08-22,1.1279
2005-08-23,1.1286
2005-08-24,1.1289
2005-08-25,1.1295
2005-08-26,1.1272
2005-08-29,1.1244
2005-08-30,1.1232
2005-08-31,1.1288
2005-09-01,1.1341
2005-09-02,1.1333
2005-09-05,1.133
2005-09-06,1.1335
2005-09-07,1.1362
2005-09-08,1.1385
2005-09-09,1.1379
2005-09-12,1.1392
2005-09-13,1.1415
2005-09-14,1.1434
2005-09-15,1.1438
2005-09-16,1.1433
2005-09-19,1.1453
2005-09-20,1.1432
2005-09-21,1.1391
2005-09-22,1.1319
2005-09-23,1.1312
2005-09-26,1.1311
2005-09-27,1.1284
2005-09-28,1.1278
2005-09-29,1.1283
2005-09-30,1.1302
2005-10-10,1.1292
2005-10-11,1.1282
2005-10-12,1.1286
2005-10-13,1.1269
2005-10-14,1.1254
2005-10-17,1.1237
2005-10-18,1.1237
2005-10-19,1.1256
2005-10-20,1.125
2005-10-21,1.1261
2005-10-24,1.1255
2005-10-25,1.1232
2005-10-26,1.1232
2005-10-27,1.1237
2005-10-28,1.1214
2005-10-31,1.1204
2005-11-01,1.1195
2005-11-02,1.1208
2005-11-03,1.1194
2005-11-04,1.123
2005-11-07,1.1224
2005-11-08,1.1216
2005-11-09,1.1221
2005-11-10,1.1221
2005-11-11,1.1225
2005-11-14,1.1207
2005-11-15,1.1196
2005-11-16,1.1193
2005-11-17,1.1202
2005-11-18,1.1215
2005-11-21,1.121
2005-11-22,1.1203
2005-11-23,1.12
2005-11-24,1.1195
2005-11-25,1.1202
2005-11-28,1.1228
2005-11-29,1.1244
2005-11-30,1.1259
2005-12-01,1.1268
2005-12-02,1.1277
2005-12-05,1.1298
2005-12-06,1.134
2005-12-07,1.136
2005-12-08,1.1358
2005-12-09,1.1382
2005-12-12,1.1406
2005-12-13,1.1401
2005-12-14,1.1438
2005-12-15,1.1449
2005-12-16,1.1459
2005-12-19,1.1467
2005-12-20,1.1475
2005-12-21,1.1475
2005-12-22,1.1477
2005-12-23,1.1496
2005-12-26,1.1507
2005-12-27,1.151
2005-12-28,1.1514
2005-12-29,1.1543
2005-12-30,1.1581
2005-12-31,1.1581
2006-01-04,1.1686
2006-01-05,1.1729
2006-01-06,1.1771
2006-01-09,1.1752
2006-01-10,1.1778
2006-01-11,1.1765
2006-01-12,1.177
2006-01-13,1.1768
2006-01-16,1.1763
2006-01-17,1.1766
2006-01-18,1.1769
2006-01-19,1.1775
2006-01-20,1.1773
2006-01-23,1.177
2006-01-24,1.177
2006-01-25,1.1789
2006-02-06,1.1796
2006-02-07,1.1778
2006-02-08,1.1786
2006-02-09,1.178
2006-02-10,1.1785
2006-02-13,1.178
2006-02-14,1.1782
2006-02-15,1.1782
2006-02-16,1.1776
2006-02-17,1.177
2006-02-20,1.1776
2006-02-21,1.178
2006-02-22,1.1786
2006-02-23,1.178
2006-02-24,1.1772
2006-02-27,1.1788
2006-02-28,1.1792
2006-03-01,1.1793
2006-03-02,1.1769
2006-03-03,1.1769
2006-03-06,1.177
2006-03-07,1.1768
2006-03-08,1.177
2006-03-09,1.1773
2006-03-10,1.1775
2006-03-13,1.1778
2006-03-14,1.178
2006-03-15,1.1779
2006-03-16,1.1777
2006-03-17,1.1778
2006-03-20,1.1789
2006-03-21,1.1788
2006-03-22,1.1787
2006-03-23,1.1788
2006-03-24,1.1788
2006-03-27,1.179
2006-03-28,1.179
2006-03-29,1.1791
2006-03-30,1.1803
2006-03-31,1.1811
2006-04-03,1.1808
2006-04-04,1.1809
2006-04-05,1.181
2006-04-06,1.1812
2006-04-07,1.1813
2006-04-10,1.1813
2006-04-11,1.1814
2006-04-12,1.1814
2006-04-13,1.1813
2006-04-14,1.1813
2006-04-17,1.182
2006-04-18,1.1821
2006-04-19,1.1832
2006-04-20,1.1832
2006-04-21,1.1832
2006-04-24,1.1843
2006-04-25,1.1843
2006-04-26,1.1843
2006-04-27,1.1844
2006-04-28,1.1848
2006-05-08,1.1854
2006-05-09,1.1859
2006-05-10,1.1861
2006-05-11,1.1859
2006-05-12,1.1871
2006-05-15,1.1874
2006-05-16,1.1865
2006-05-17,1.1877
2006-05-18,1.1867
2006-05-19,1.1871
2006-05-22,1.1875
2006-05-23,1.1864
2006-05-24,1.186
2006-05-25,1.1857
2006-05-26,1.1864
2006-05-29,1.1871
2006-05-30,1.1864
2006-05-31,1.1867
2006-06-01,1.1873
2006-06-02,1.187
2006-06-05,1.1868
2006-06-06,1.1865
2006-06-07,1.1873
2006-06-08,1.1868
2006-06-09,1.1868
2006-06-12,1.1872
2006-06-13,1.1864
2006-06-14,1.1867
2006-06-15,1.1869
2006-06-16,1.187
2006-06-19,1.1872
2006-06-20,1.1872
2006-06-21,1.1872
2006-06-22,1.1868
2006-06-23,1.1873
2006-06-26,1.1872
2006-06-27,1.1882
2006-06-28,1.1885
2006-06-29,1.1888
2006-06-30,1.189
2006-07-03,1.1889
2006-07-04,1.1878
2006-07-05,1.1885
2006-07-06,1.1885
2006-07-07,1.1887
2006-07-10,1.1888
2006-07-11,1.189
2006-07-12,1.1892
2006-07-13,1.1885
2006-07-14,1.1883
2006-07-17,1.1883
2006-07-18,1.1884
2006-07-19,1.1882
2006-07-20,1.1887
2006-07-21,1.1892
2006-07-24,1.1891
2006-07-25,1.1915
2006-07-26,1.191
2006-07-27,1.1915
2006-07-28,1.1911
2006-07-31,1.1893
2006-08-01,1.1888
2006-08-02,1.1887
2006-08-03,1.1881
2006-08-04,1.1877
2006-08-07,1.1871
2006-08-08,1.1879
2006-08-09,1.1875
2006-08-10,1.1883
2006-08-11,1.1892
2006-08-14,1.1892
2006-08-15,1.1897
2006-08-16,1.1906
2006-08-17,1.1901
2006-08-18,1.19
2006-08-21,1.1902
2006-08-22,1.1903
2006-08-23,1.1909
2006-08-24,1.1917
2006-08-25,1.1922
2006-08-28,1.1945
2006-08-29,1.1935
2006-08-30,1.1935
2006-08-31,1.1934
2006-09-01,1.1931
2006-09-04,1.1936
2006-09-05,1.1936
2006-09-06,1.1943
2006-09-07,1.1943
2006-09-08,1.1942
2006-09-11,1.1945
2006-09-12,1.1947
2006-09-13,1.1941
2006-09-14,1.1941
2006-09-15,1.195
2006-09-18,1.1955
2006-09-19,1.1954
2006-09-20,1.1956
2006-09-21,1.1955
2006-09-22,1.196
2006-09-25,1.1957
2006-09-26,1.1944
2006-09-27,1.1945
2006-09-28,1.1958
2006-09-29,1.1968
2006-09-30,1.1968
2006-10-09,1.1972
2006-10-10,1.195
2006-10-11,1.1952
2006-10-12,1.1951
2006-10-13,1.1952
2006-10-16,1.1964
2006-10-17,1.196
2006-10-18,1.1967
2006-10-19,1.197
2006-10-20,1.1966
2006-10-23,1.1956
2006-10-24,1.1967
2006-10-25,1.1972
2006-10-26,1.1972
2006-10-27,1.1959
2006-10-30,1.1969
2006-10-31,1.1974
2006-11-01,1.198
2006-11-02,1.1983
2006-11-03,1.1991
2006-11-06,1.1996
2006-11-07,1.1997
2006-11-08,1.1989
2006-11-09,1.2001
2006-11-10,1.1996
2006-11-13,1.1984
2006-11-14,1.1995
2006-11-15,1.2011
2006-11-16,1.2017
2006-11-17,1.202
2006-11-20,1.2037
2006-11-21,1.2052
2006-11-22,1.205
2006-11-23,1.2144
2006-11-24,1.2141
2006-11-27,1.2124
2006-11-28,1.2121
2006-11-29,1.204
2006-11-30,1.2068
2006-12-01,1.206
2006-12-04,1.2068
2006-12-05,1.2075
2006-12-06,1.2088
2006-12-07,1.2087
2006-12-08,1.2058
2006-12-11,1.2076
2006-12-12,1.208
2006-12-13,1.2087
2006-12-14,1.2082
2006-12-15,1.2098
2006-12-18,1.2099
2006-12-19,1.2115
2006-12-20,1.2123
2006-12-21,1.2111
2006-12-22,1.2142
2006-12-25,1.2105
2006-12-26,1.2117
2006-12-27,1.2154
2006-12-28,1.2153
2006-12-29,1.2201
2006-12-31,1.2202
2007-01-04,1.2184
2007-01-05,1.2125
2007-01-08,1.2155
2007-01-09,1.2167
2007-01-10,1.2179
2007-01-11,1.2166
2007-01-12,1.2157
2007-01-15,1.2195
2007-01-16,1.2191
2007-01-17,1.2177
2007-01-18,1.2165
2007-01-19,1.2184
2007-01-22,1.2209
2007-01-23,1.2205
2007-01-24,1.2207
2007-01-25,1.2181
2007-01-26,1.2179
2007-01-29,1.2186
2007-01-30,1.2178
2007-01-31,1.2159
2007-02-01,1.2153
2007-02-02,1.2135
2007-02-05,1.2141
2007-02-06,1.2139
2007-02-07,1.2141
2007-02-08,1.2139
2007-02-09,1.2144
2007-02-12,1.2146
2007-02-13,1.2147
2007-02-14,1.2152
2007-02-15,1.2158
2007-02-16,1.2159
2007-02-26,1.216
2007-02-27,1.2153
2007-02-28,1.2178
2007-03-01,1.2233
2007-03-02,1.2235
2007-03-05,1.2226
2007-03-06,1.2231
2007-03-07,1.2237
2007-03-08,1.2235
2007-03-09,1.2234
2007-03-12,1.2232
2007-03-13,1.2232
2007-03-14,1.2231
2007-03-15,1.2233
2007-03-16,1.2235
2007-03-19,1.224
2007-03-20,1.2241
2007-03-21,1.2238
2007-03-22,1.2239
2007-03-23,1.2236
2007-03-26,1.2242
2007-03-27,1.2242
2007-03-28,1.2254
2007-03-29,1.226
2007-03-30,1.2261
2007-03-31,1.2261
2007-04-02,1.2267
2007-04-03,1.2267
2007-04-04,1.2271
2007-04-05,1.2271
2007-04-06,1.2273
2007-04-09,1.2291
2007-04-10,1.2297
2007-04-11,1.2303
2007-04-12,1.2302
2007-04-13,1.2307
2007-04-16,1.2317
2007-04-17,1.2328
2007-04-18,1.2336
2007-04-19,1.2323
2007-04-20,1.2342
2007-04-23,1.235
2007-04-24,1.2359
2007-04-25,1.2358
2007-04-26,1.2373
2007-04-27,1.2427
2007-04-30,1.2433
2007-05-08,1.2439
2007-05-09,1.2441
2007-05-10,1.244
2007-05-11,1.2431
2007-05-14,1.2437
2007-05-15,1.2471
2007-05-16,1.2477
2007-05-17,1.2479
2007-05-18,1.2478
2007-05-21,1.2484
2007-05-22,1.2486
2007-05-23,1.249
2007-05-24,1.2481
2007-05-25,1.2483
2007-05-28,1.2496
2007-05-29,1.2499
2007-05-30,1.2465
2007-05-31,1.2473
2007-06-01,1.247
2007-06-04,1.2454
2007-06-05,1.2458
2007-06-06,1.2462
2007-06-07,1.2464
2007-06-08,1.247
2007-06-11,1.2485
2007-06-12,1.2495
2007-06-13,1.2498
2007-06-14,1.2497
2007-06-15,1.25
2007-06-18,1.2526
2007-06-19,1.2522
2007-06-20,1.2522
2007-06-21,1.2531
2007-06-22,1.2532
2007-06-25,1.2531
2007-06-26,1.2569
2007-06-27,1.2596
2007-06-28,1.2589
2007-06-29,1.2582
2007-06-30,1.2583
2007-07-02,1.2573
2007-07-03,1.2604
2007-07-04,1.2602
2007-07-05,1.2601
2007-07-06,1.2606
2007-07-09,1.2617
2007-07-10,1.262
2007-07-11,1.2623
2007-07-12,1.2638
2007-07-13,1.2637
2007-07-16,1.264
2007-07-17,1.2643
2007-07-18,1.2642
2007-07-19,1.2643
2007-07-20,1.2658
2007-07-23,1.266
2007-07-24,1.2658
2007-07-25,1.266
2007-07-26,1.2663
2007-07-27,1.2662
2007-07-30,1.2665
2007-07-31,1.267
2007-08-01,1.266
2007-08-02,1.2666
2007-08-03,1.269
2007-08-06,1.2694
2007-08-07,1.2689
2007-08-08,1.2694
2007-08-09,1.2709
2007-08-10,1.271
2007-08-13,1.2708
2007-08-14,1.2714
2007-08-15,1.2715
2007-08-16,1.2738
2007-08-17,1.2734
2007-08-20,1.274
2007-08-21,1.2748
2007-08-22,1.2743
2007-08-23,1.275
2007-08-24,1.2759
2007-08-27,1.2762
2007-08-28,1.2769
2007-08-29,1.2762
2007-08-30,1.2767
2007-08-31,1.2771
2007-09-03,1.28
2007-09-04,1.2777
2007-09-05,1.2775
2007-09-06,1.2779
2007-09-07,1.2773
2007-09-10,1.2776
2007-09-11,1.2772
2007-09-12,1.2776
2007-09-13,1.2781
2007-09-14,1.2767
2007-09-17,1.2771
2007-09-18,1.2769
2007-09-19,1.2807
2007-09-20,1.2811
2007-09-21,1.2813
2007-09-24,1.2816
2007-09-25,1.2826
2007-09-26,1.2813
2007-09-27,1.2833
2007-09-28,1.2882
2007-09-30,1.2883
2007-10-08,1.2898
2007-10-09,1.29
2007-10-10,1.2889
2007-10-11,1.2895
2007-10-12,1.2888
2007-10-15,1.2885
2007-10-16,1.2883
2007-10-17,1.2873
2007-10-18,1.2871
2007-10-19,1.2861
2007-10-22,1.2886
2007-10-23,1.2914
2007-10-24,1.2931
2007-10-25,1.2916
2007-10-26,1.2909
2007-10-29,1.2908
2007-10-30,1.2913
2007-10-31,1.2909
2007-11-01,1.2898
2007-11-02,1.2882
2007-11-05,1.2984
2007-11-06,1.2978
2007-11-07,1.2944
2007-11-08,1.2923
2007-11-09,1.2929
2007-11-12,1.2905
2007-11-13,1.2901
2007-11-14,1.2934
2007-11-15,1.2931
2007-11-16,1.2923
2007-11-19,1.291
2007-11-20,1.2909
2007-11-21,1.2905
2007-11-22,1.2873
2007-11-23,1.2881
2007-11-26,1.2874
2007-11-27,1.2858
2007-11-28,1.2899
2007-11-29,1.289
2007-11-30,1.2891
2007-12-03,1.2937
2007-12-04,1.295
2007-12-05,1.2962
2007-12-06,1.2961
2007-12-07,1.2959
2007-12-10,1.2953
2007-12-11,1.2948
2007-12-12,1.2937
2007-12-13,1.2919
2007-12-14,1.2923
2007-12-17,1.2898
2007-12-18,1.2902
2007-12-19,1.3047
2007-12-20,1.3053
2007-12-21,1.3062
2007-12-24,1.3073
2007-12-25,1.3083
2007-12-26,1.3076
2007-12-27,1.3088
2007-12-28,1.308
2007-12-29,1.3082
2007-12-31,1.3083
2008-01-02,1.3083
2008-01-03,1.3084
2008-01-04,1.3086
2008-01-07,1.3088
2008-01-08,1.3092
2008-01-09,1.3093
2008-01-10,1.3095
2008-01-11,1.3094
2008-01-14,1.3092
2008-01-15,1.3096
2008-01-16,1.3097
2008-01-17,1.3099
2008-01-18,1.31
2008-01-21,1.312
2008-01-22,1.312
2008-01-23,1.3109
2008-01-24,1.3126
2008-01-25,1.312
2008-01-28,1.3115
2008-01-29,1.311
2008-01-30,1.3112
2008-01-31,1.3113
2008-02-01,1.3126
2008-02-04,1.3133
2008-02-05,1.3131
2008-02-13,1.3135
2008-02-14,1.3127
2008-02-15,1.3126
2008-02-18,1.3142
2008-02-19,1.3136
2008-02-20,1.314
2008-02-21,1.3146
2008-02-22,1.3158
2008-02-25,1.3151
2008-02-26,1.3159
2008-02-27,1.3168
2008-02-28,1.3165
2008-02-29,1.3154
2008-03-03,1.3159
2008-03-04,1.3167
2008-03-05,1.3169
2008-03-06,1.3171
2008-03-07,1.3175
2008-03-10,1.3189
2008-03-11,1.3192
2008-03-12,1.3194
2008-03-13,1.3195
2008-03-14,1.3196
2008-03-17,1.3199
2008-03-18,1.3203
2008-03-19,1.3206
2008-03-20,1.3209
2008-03-21,1.3211
2008-03-24,1.3214
2008-03-25,1.3218
2008-03-26,1.3221
2008-03-27,1.3222
2008-03-28,1.3223
2008-03-31,1.3226
2008-04-01,1.3226
2008-04-02,1.3224
2008-04-03,1.3225
2008-04-07,1.3229
2008-04-08,1.3231
2008-04-09,1.3232
2008-04-10,1.3239
2008-04-11,1.3239
2008-04-14,1.3238
2008-04-15,1.3238
2008-04-16,1.3234
2008-04-17,1.3244
2008-04-18,1.3249
2008-04-21,1.3245
2008-04-22,1.3258
2008-04-23,1.325
2008-04-24,1.325
2008-04-25,1.326
2008-04-28,1.3261
2008-04-29,1.3261
2008-04-30,1.3261
2008-05-05,1.3263
2008-05-06,1.3262
2008-05-07,1.3256
2008-05-08,1.3258
2008-05-09,1.3261
2008-05-12,1.3262
2008-05-13,1.3261
2008-05-14,1.3262
2008-05-15,1.3264
2008-05-16,1.3265
2008-05-19,1.3262
2008-05-20,1.3259
2008-05-21,1.326
2008-05-22,1.3263
2008-05-23,1.3265
2008-05-26,1.327
2008-05-27,1.3272
2008-05-28,1.3277
2008-05-29,1.3281
2008-05-30,1.3283
2008-06-02,1.3286
2008-06-03,1.3287
2008-06-04,1.3288
2008-06-05,1.3289
2008-06-06,1.329
2008-06-10,1.3288
2008-06-11,1.3285
2008-06-12,1.3285
2008-06-13,1.3281
2008-06-16,1.3283
2008-06-17,1.3284
2008-06-18,1.3278
2008-06-19,1.328
2008-06-20,1.3277
2008-06-23,1.3282
2008-06-24,1.3284
2008-06-25,1.3285
2008-06-26,1.3288
2008-06-27,1.3288
2008-06-30,1.3294
2008-07-01,1.3295
2008-07-02,1.3294
2008-07-03,1.3287
2008-07-04,1.3283
2008-07-07,1.3282
2008-07-08,1.3281
2008-07-09,1.3285
2008-07-10,1.3284
2008-07-11,1.3283
2008-07-14,1.3284
2008-07-15,1.3287
2008-07-16,1.3289
2008-07-17,1.329
2008-07-18,1.3293
2008-07-21,1.3299
2008-07-22,1.33
2008-07-23,1.3299
2008-07-24,1.33
2008-07-25,1.33
2008-07-28,1.33
2008-07-29,1.3301
2008-07-30,1.3301
2008-07-31,1.3297
2008-08-01,1.3296
2008-08-04,1.3298
2008-08-05,1.33
2008-08-06,1.3298
2008-08-07,1.3294
2008-08-08,1.3298
2008-08-11,1.33
2008-08-12,1.3302
2008-08-13,1.3306
2008-08-14,1.3306
2008-08-15,1.3315
2008-08-18,1.3326
2008-08-19,1.3333
2008-08-20,1.3333
2008-08-21,1.3337
2008-08-22,1.3344
2008-08-25,1.3347
2008-08-26,1.335
2008-08-27,1.3381
2008-08-28,1.3388
2008-08-29,1.3401
2008-09-01,1.3408
2008-09-02,1.3414
2008-09-03,1.3418
2008-09-04,1.3421
2008-09-05,1.3421
2008-09-08,1.3424
2008-09-09,1.3433
2008-09-10,1.3446
2008-09-11,1.3454
2008-09-12,1.3474
2008-09-16,1.3519
2008-09-17,1.3553
2008-09-18,1.3554
2008-09-19,1.3548
2008-09-22,1.3557
2008-09-23,1.3597
2008-09-24,1.3611
2008-09-25,1.3632
2008-09-26,1.3623
2008-09-30,1.361
2008-10-06,1.3636
2008-10-07,1.3714
2008-10-08,1.3798
2008-10-09,1.3879
2008-10-10,1.3897
2008-10-13,1.3879
2008-10-14,1.3877
2008-10-15,1.3893
2008-10-16,1.3892
2008-10-17,1.3883
2008-10-20,1.388
2008-10-21,1.3884
2008-10-22,1.3886
2008-10-23,1.3873
2008-10-24,1.3875
2008-10-27,1.3875
2008-10-28,1.389
2008-10-29,1.3934
2008-10-30,1.3966
2008-10-31,1.3971
2008-11-03,1.3966
2008-11-04,1.3993
2008-11-05,1.3993
2008-11-06,1.4012
2008-11-07,1.4022
2008-11-10,1.4073
2008-11-11,1.408
2008-11-12,1.4106
2008-11-13,1.4152
2008-11-14,1.4099
2008-11-17,1.4078
2008-11-18,1.4067
2008-11-19,1.4024
2008-11-20,1.4023
2008-11-21,1.4034
2008-11-24,1.4017
2008-11-25,1.3984
2008-11-26,1.4003
2008-11-27,1.4075
2008-11-28,1.4043
2008-12-01,1.4032
2008-12-02,1.4038
2008-12-03,1.4061
2008-12-04,1.4083
2008-12-05,1.4112
2008-12-08,1.4117
2008-12-09,1.4071
2008-12-10,1.4091
2008-12-11,1.4107
2008-12-12,1.4119
2008-12-15,1.4125
2008-12-16,1.4141
2008-12-17,1.4188
2008-12-18,1.4225
2008-12-19,1.425
2008-12-22,1.4228
2008-12-23,1.4242
2008-12-24,1.4231
2008-12-25,1.4212
2008-12-26,1.4206
2008-12-29,1.4212
2008-12-30,1.4209
2008-12-31,1.4212
2009-01-05,1.4242
2009-01-06,1.4259
2009-01-07,1.4267
2009-01-08,1.4274
2009-01-09,1.4281
2009-01-12,1.4281
2009-01-13,1.4256
2009-01-14,1.4222
2009-01-15,1.4179
2009-01-16,1.4158
2009-01-19,1.4142
2009-01-20,1.4117
2009-01-21,1.4104
2009-01-22,1.4124
2009-01-23,1.4133
2009-02-02,1.4122
2009-02-03,1.4096
2009-02-04,1.4062
2009-02-05,1.4025
2009-02-06,1.4047
2009-02-09,1.4055
2009-02-10,1.4051
2009-02-11,1.4063
2009-02-12,1.4105
2009-02-13,1.4104
2009-02-16,1.411
2009-02-17,1.4082
2009-02-18,1.4091
2009-02-19,1.4108
2009-02-20,1.4108
2009-02-23,1.4108
2009-02-24,1.4117
2009-02-25,1.412
2009-02-26,1.4125
2009-02-27,1.412
2009-03-02,1.4106
2009-03-03,1.4104
2009-03-04,1.4104
2009-03-05,1.4086
2009-03-06,1.4099
2009-03-09,1.4107
2009-03-10,1.4114
2009-03-11,1.4121
2009-03-12,1.4125
2009-03-13,1.4128
2009-03-16,1.4143
2009-03-17,1.4149
2009-03-18,1.4147
2009-03-19,1.4148
2009-03-20,1.4138
2009-03-23,1.4134
2009-03-24,1.412
2009-03-25,1.4116
2009-03-26,1.4106
2009-03-27,1.4095
2009-03-30,1.4096
2009-03-31,1.4094
2009-04-01,1.4095
2009-04-02,1.409
2009-04-03,1.4066
2009-04-07,1.407
2009-04-08,1.4046
2009-04-09,1.4041
2009-04-10,1.403
2009-04-13,1.4006
2009-04-14,1.4007
2009-04-15,1.4013
2009-04-16,1.4026
2009-04-17,1.4045
2009-04-20,1.4051
2009-04-21,1.4056
2009-04-22,1.4053
2009-04-23,1.4048
2009-04-24,1.4038
2009-04-27,1.4042
2009-04-28,1.4034
2009-04-29,1.4054
2009-04-30,1.4052
2009-05-04,1.4056
2009-05-05,1.4067
2009-05-06,1.4061
2009-05-07,1.4068
2009-05-08,1.4076
2009-05-11,1.4076
2009-05-12,1.4104
2009-05-13,1.4108
2009-05-14,1.4113
2009-05-15,1.4117
2009-05-18,1.4123
2009-05-19,1.4131
2009-05-20,1.4144
2009-05-21,1.4142
2009-05-22,1.4141
2009-05-25,1.4142
2009-05-26,1.4144
2009-05-27,1.4145
2009-06-01,1.4147
2009-06-02,1.4148
2009-06-03,1.4148
2009-06-04,1.4145
2009-06-05,1.4144
2009-06-08,1.4147
2009-06-09,1.4144
2009-06-10,1.4142
2009-06-11,1.4136
2009-06-12,1.4136
2009-06-15,1.4137
2009-06-16,1.4138
2009-06-17,1.4145
2009-06-18,1.4146
2009-06-19,1.4146
2009-06-22,1.4145
2009-06-23,1.4145
2009-06-24,1.4142
2009-06-25,1.4141
2009-06-26,1.4136
2009-06-29,1.414
2009-06-30,1.414
2009-07-01,1.4137
2009-07-02,1.4137
2009-07-03,1.4136
2009-07-06,1.413
2009-07-07,1.4124
2009-07-08,1.4125
2009-07-09,1.4114
2009-07-10,1.4101
2009-07-13,1.4096
2009-07-14,1.4093
2009-07-15,1.4059
2009-07-16,1.4038
2009-07-17,1.4037
2009-07-20,1.4036
2009-07-21,1.405
2009-07-22,1.4055
2009-07-23,1.4062
2009-07-24,1.4047
2009-07-27,1.4073
2009-07-28,1.4065
2009-07-29,1.4137
2009-07-30,1.414
2009-07-31,1.4135
2009-08-03,1.4125
2009-08-04,1.412
2009-08-05,1.4127
2009-08-06,1.4127
2009-08-07,1.413
2009-08-10,1.4126
2009-08-11,1.4149
2009-08-12,1.4136
2009-08-13,1.4134
2009-08-14,1.4123
2009-08-17,1.4119
2009-08-18,1.4121
2009-08-19,1.4108
2009-08-20,1.412
2009-08-21,1.4135
2009-08-24,1.4134
2009-08-25,1.4129
2009-08-26,1.4129
2009-08-27,1.413
2009-08-28,1.4139
2009-08-31,1.4135
2009-09-01,1.4132
2009-09-02,1.413
2009-09-03,1.4133
2009-09-04,1.4136
2009-09-07,1.4136
2009-09-08,1.4139
2009-09-09,1.4148
2009-09-10,1.4165
2009-09-11,1.4175
2009-09-14,1.419
2009-09-15,1.4184
2009-09-16,1.4185
2009-09-17,1.419
2009-09-18,1.4184
2009-09-21,1.4203
2009-09-22,1.4188
2009-09-23,1.4188
2009-09-24,1.4175
2009-09-25,1.4172
2009-09-28,1.4144
2009-09-29,1.4151
2009-09-30,1.4153
2009-10-09,1.4157
2009-10-12,1.4134
2009-10-13,1.4147
2009-10-14,1.4158
2009-10-15,1.416
2009-10-16,1.4158
2009-10-19,1.4173
2009-10-20,1.4191
2009-10-21,1.4192
2009-10-22,1.4205
2009-10-23,1.4205
2009-10-26,1.4203
2009-10-27,1.4186
2009-10-28,1.4199
2009-10-29,1.4176
2009-10-30,1.4238
2009-11-02,1.4231
2009-11-03,1.4256
2009-11-04,1.4257
2009-11-05,1.4267
2009-11-06,1.4279
2009-11-09,1.429
2009-11-10,1.4284
2009-11-11,1.4286
2009-11-12,1.4293
2009-11-13,1.431
2009-11-16,1.4319
2009-11-17,1.4319
2009-11-18,1.4321
2009-11-19,1.4349
2009-11-20,1.436
2009-11-23,1.4388
2009-11-24,1.4356
2009-11-25,1.4395
2009-11-26,1.4373
2009-11-27,1.438
2009-11-30,1.441
2009-12-01,1.4419
2009-12-02,1.4429
2009-12-03,1.4474
2009-12-04,1.4429
2009-12-07,1.4443
2009-12-08,1.443
2009-12-09,1.4435
2009-12-10,1.4444
2009-12-11,1.4437
2009-12-14,1.4432
2009-12-15,1.4428
2009-12-16,1.4409
2009-12-17,1.4387
2009-12-18,1.4381
2009-12-21,1.4393
2009-12-22,1.4376
2009-12-23,1.4385
2009-12-24,1.441
2009-12-25,1.4431
2009-12-28,1.4449
2009-12-29,1.4461
2009-12-30,1.4466
2009-12-31,1.4488
2010-01-04,1.4485
2010-01-05,1.4492
2010-01-06,1.4491
2010-01-07,1.448
2010-01-08,1.45
2010-01-11,1.4507
2010-01-12,1.4553
2010-01-13,1.4551
2010-01-14,1.4575
2010-01-15,1.4573
2010-01-18,1.4563
2010-01-19,1.456
2010-01-20,1.454
2010-01-21,1.4544
2010-01-22,1.4519
2010-01-25,1.452
2010-01-26,1.4524
2010-01-27,1.453
2010-01-28,1.4527
2010-01-29,1.4537
2010-02-01,1.4522
2010-02-02,1.4513
2010-02-03,1.4505
2010-02-04,1.4504
2010-02-05,1.4494
2010-02-08,1.4511
2010-02-09,1.4508
2010-02-10,1.4523
2010-02-11,1.4533
2010-02-12,1.4542
2010-02-22,1.4539
2010-02-23,1.4542
2010-02-24,1.4573
2010-02-25,1.4597
2010-02-26,1.4603
2010-03-01,1.4623
2010-03-02,1.4627
2010-03-03,1.4635
2010-03-04,1.4612
2010-03-05,1.4619
2010-03-08,1.4634
2010-03-09,1.4637
2010-03-10,1.4635
2010-03-11,1.4651
2010-03-12,1.4645
2010-03-15,1.4646
2010-03-16,1.4642
2010-03-17,1.466
2010-03-18,1.4664
2010-03-19,1.4667
2010-03-22,1.4674
2010-03-23,1.4673
2010-03-24,1.4687
2010-03-25,1.47
2010-03-26,1.469
2010-03-29,1.4684
2010-03-30,1.4697
2010-03-31,1.4709
2010-04-01,1.4723
2010-04-02,1.4726
2010-04-06,1.4733
2010-04-07,1.4731
2010-04-08,1.4723
2010-04-09,1.4732
2010-04-12,1.4743
2010-04-13,1.4724
2010-04-14,1.4721
2010-04-15,1.4706
2010-04-16,1.4719
2010-04-19,1.472
2010-04-20,1.4719
2010-04-21,1.4736
2010-04-22,1.4744
2010-04-23,1.4748
2010-04-26,1.4745
2010-04-27,1.4731
2010-04-28,1.4728
2010-04-29,1.4726
2010-04-30,1.4766
2010-05-04,1.4769
2010-05-05,1.4779
2010-05-06,1.479
2010-05-07,1.4799
2010-05-10,1.4785
2010-05-11,1.4776
2010-05-12,1.4762
2010-05-13,1.4761
2010-05-14,1.4764
2010-05-17,1.4774
2010-05-18,1.4773
2010-05-19,1.4796
2010-05-20,1.4797
2010-05-21,1.4801
2010-05-24,1.4799
2010-05-25,1.4802
2010-05-26,1.4802
2010-05-27,1.4813
2010-05-28,1.4814
2010-05-31,1.4804
2010-06-01,1.4789
2010-06-02,1.479
2010-06-03,1.4785
2010-06-04,1.4792
2010-06-07,1.4813
2010-06-08,1.4811
2010-06-09,1.4809
2010-06-10,1.4809
2010-06-11,1.4809
2010-06-17,1.4807
2010-06-18,1.4778
2010-06-21,1.4783
2010-06-22,1.4787
2010-06-23,1.479
2010-06-24,1.4789
2010-06-25,1.4776
2010-06-28,1.4776
2010-06-29,1.4767
2010-06-30,1.4778
2010-07-01,1.4776
2010-07-02,1.4781
2010-07-05,1.479
2010-07-06,1.48
2010-07-07,1.4815
2010-07-08,1.4817
2010-07-09,1.4823
2010-07-12,1.4826
2010-07-13,1.4837
2010-07-14,1.4841
2010-07-15,1.4844
2010-07-16,1.4859
2010-07-19,1.4862
2010-07-20,1.4867
2010-07-21,1.4865
2010-07-22,1.4863
2010-07-23,1.4867
2010-07-26,1.4865
2010-07-27,1.4869
2010-07-28,1.4872
2010-07-29,1.4871
2010-07-30,1.4862
2010-08-02,1.4869
2010-08-03,1.4865
2010-08-04,1.4866
2010-08-05,1.4871
2010-08-06,1.4882
2010-08-09,1.4885
2010-08-10,1.4879
2010-08-11,1.4884
2010-08-12,1.4889
2010-08-13,1.4896
2010-08-16,1.4896
2010-08-17,1.4898
2010-08-18,1.4897
2010-08-19,1.49
2010-08-20,1.4927
2010-08-23,1.4928
2010-08-24,1.4931
2010-08-25,1.4924
2010-08-26,1.4925
2010-08-27,1.4966
2010-08-30,1.4984
2010-08-31,1.5003
2010-09-01,1.4993
2010-09-02,1.5055
2010-09-03,1.5076
2010-09-06,1.5063
2010-09-07,1.5076
2010-09-08,1.5084
2010-09-09,1.5072
2010-09-10,1.5062
2010-09-13,1.5051
2010-09-14,1.5053
2010-09-15,1.5029
2010-09-16,1.5012
2010-09-17,1.5019
2010-09-20,1.4996
2010-09-21,1.4978
2010-09-27,1.499
2010-09-28,1.4997
2010-09-29,1.4993
2010-09-30,1.5029
2010-10-08,1.5078
2010-10-11,1.5104
2010-10-12,1.5104
2010-10-13,1.511
2010-10-14,1.5141
2010-10-15,1.516
2010-10-18,1.5173
2010-10-19,1.5189
2010-10-20,1.5129
2010-10-21,1.509
2010-10-22,1.5114
2010-10-25,1.516
2010-10-26,1.5158
2010-10-27,1.5153
2010-10-28,1.517
2010-10-29,1.5187
2010-11-01,1.5233
2010-11-02,1.524
2010-11-03,1.5204
2010-11-04,1.5239
2010-11-05,1.5275
2010-11-08,1.5308
2010-11-09,1.5307
2010-11-10,1.5296
2010-11-11,1.5286
2010-11-12,1.5188
2010-11-15,1.5229
2010-11-16,1.5201
2010-11-17,1.516
2010-11-18,1.5184
2010-11-19,1.5227
2010-11-22,1.5221
2010-11-23,1.521
2010-11-24,1.5196
2010-11-25,1.5219
2010-11-26,1.5224
2010-11-29,1.5208
2010-11-30,1.5153
2010-12-01,1.5174
2010-12-02,1.5201
2010-12-03,1.5196
2010-12-06,1.5174
2010-12-07,1.5204
2010-12-08,1.5165
2010-12-09,1.5153
2010-12-10,1.5172
2010-12-13,1.5236
2010-12-14,1.5248
2010-12-15,1.5237
2010-12-16,1.5239
2010-12-17,1.5256
2010-12-20,1.5247
2010-12-21,1.5258
2010-12-22,1.5241
2010-12-23,1.5219
2010-12-24,1.5171
2010-12-27,1.5127
2010-12-28,1.5116
2010-12-29,1.5136
2010-12-30,1.515
2010-12-31,1.5158
2011-01-04,1.5209
2011-01-05,1.5221
2011-01-06,1.5219
2011-01-07,1.5224
2011-01-10,1.5213
2011-01-11,1.5215
2011-01-12,1.5225
2011-01-13,1.5214
2011-01-14,1.5177
2011-01-17,1.512
2011-01-18,1.5105
2011-01-19,1.5119
2011-01-20,1.5098
2011-01-21,1.5098
2011-01-24,1.507
2011-01-25,1.506
2011-01-26,1.5062
2011-01-27,1.5065
2011-01-28,1.5073
2011-01-31,1.5079
2011-02-01,1.5086
2011-02-09,1.5051
2011-02-10,1.5058
2011-02-11,1.5059
2011-02-14,1.5082
2011-02-15,1.5079
2011-02-16,1.5086
2011-02-17,1.5092
2011-02-18,1.5092
2011-02-21,1.5091
2011-02-22,1.5069
2011-02-23,1.5086
2011-02-24,1.5087
2011-02-25,1.5085
2011-02-28,1.5103
2011-03-01,1.51
2011-03-02,1.5112
2011-03-03,1.5117
2011-03-04,1.5129
2011-03-07,1.515
2011-03-08,1.5156
2011-03-09,1.5166
2011-03-10,1.516
2011-03-11,1.5154
2011-03-14,1.5161
2011-03-15,1.5155
2011-03-16,1.5168
2011-03-17,1.5169
2011-03-18,1.5177
2011-03-21,1.5177
2011-03-22,1.5182
2011-03-23,1.5188
2011-03-24,1.5193
2011-03-25,1.5206
2011-03-28,1.5209
2011-03-29,1.5203
2011-03-30,1.5195
2011-03-31,1.519
2011-04-01,1.5198
2011-04-06,1.5205
2011-04-07,1.5213
2011-04-08,1.5224
2011-04-11,1.5239
2011-04-12,1.5249
2011-04-13,1.5262
2011-04-14,1.5272
2011-04-15,1.5275
2011-04-18,1.5289
2011-04-19,1.5261
2011-04-20,1.5259
2011-04-21,1.527
2011-04-22,1.5263
2011-04-25,1.5247
2011-04-26,1.5252
2011-04-27,1.5254
2011-04-28,1.5261
2011-04-29,1.5263
2011-05-03,1.5271
2011-05-04,1.5266
2011-05-05,1.527
2011-05-06,1.5275
2011-05-09,1.5284
2011-05-10,1.5292
2011-05-11,1.5298
2011-05-12,1.5297
2011-05-13,1.5291
2011-05-16,1.5297
2011-05-17,1.5295
2011-05-18,1.5297
2011-05-19,1.5297
2011-05-20,1.5297
2011-05-23,1.5282
2011-05-24,1.5279
2011-05-25,1.5277
2011-05-26,1.5275
2011-05-27,1.5275
2011-05-30,1.5276
2011-05-31,1.5283
2011-06-01,1.529
2011-06-02,1.5272
2011-06-03,1.5274
2011-06-07,1.5275
2011-06-08,1.5267
2011-06-09,1.5254
2011-06-10,1.5251
2011-06-13,1.5248
2011-06-14,1.5246
2011-06-15,1.5223
2011-06-16,1.5199
2011-06-17,1.5197
2011-06-20,1.5198
2011-06-21,1.5205
2011-06-22,1.5204
2011-06-23,1.5207
2011-06-24,1.5223
2011-06-27,1.5227
2011-06-28,1.5217
2011-06-29,1.5199
2011-06-30,1.5205
2011-07-01,1.5205
2011-07-04,1.5217
2011-07-05,1.5217
2011-07-06,1.5208
2011-07-07,1.5197
2011-07-08,1.52
2011-07-11,1.5201
2011-07-12,1.5193
2011-07-13,1.5189
2011-07-14,1.5188
2011-07-15,1.5187
2011-07-18,1.5178
2011-07-19,1.5151
2011-07-20,1.5128
2011-07-21,1.5109
2011-07-22,1.5112
2011-07-25,1.5101
2011-07-26,1.5099
2011-07-27,1.5096
2011-07-28,1.5083
2011-07-29,1.5085
2011-08-01,1.5081
2011-08-02,1.5073
2011-08-03,1.5063
2011-08-04,1.5075
2011-08-05,1.5083
2011-08-08,1.5088
2011-08-09,1.5096
2011-08-10,1.5097
2011-08-11,1.5122
2011-08-12,1.5122
2011-08-15,1.513
2011-08-16,1.5122
2011-08-17,1.5114
2011-08-18,1.5096
2011-08-19,1.5084
2011-08-22,1.5091
2011-08-23,1.5091
2011-08-24,1.5077
2011-08-25,1.5077
2011-08-26,1.5077
2011-08-29,1.501
2011-08-30,1.4983
2011-08-31,1.4987
2011-09-01,1.499
2011-09-02,1.4972
2011-09-05,1.4959
2011-09-06,1.495
2011-09-07,1.4961
2011-09-08,1.4955
2011-09-09,1.4955
2011-09-13,1.4953
2011-09-14,1.4952
2011-09-15,1.4957
2011-09-16,1.4933
2011-09-19,1.4944
2011-09-20,1.494
2011-09-21,1.4944
2011-09-22,1.4934
2011-09-23,1.4907
2011-09-26,1.4905
2011-09-27,1.4912
2011-09-28,1.4914
2011-09-29,1.4914
2011-09-30,1.4922
2011-10-10,1.4942
2011-10-11,1.4941
2011-10-12,1.4953
2011-10-13,1.4964
2011-10-14,1.4975
2011-10-17,1.4999
2011-10-18,1.5006
2011-10-19,1.5022
2011-10-20,1.5038
2011-10-21,1.5067
2011-10-24,1.507
2011-10-25,1.5072
2011-10-26,1.5093
2011-10-27,1.5072
2011-10-28,1.5078
2011-10-31,1.5098
2011-11-01,1.5123
2011-11-02,1.5155
2011-11-03,1.517
2011-11-04,1.5184
2011-11-07,1.5188
2011-11-08,1.52
2011-11-09,1.5218
2011-11-10,1.5229
2011-11-11,1.5228
2011-11-14,1.5243
2011-11-15,1.5245
2011-11-16,1.5216
2011-11-17,1.5198
2011-11-18,1.5178
2011-11-21,1.5174
2011-11-22,1.5182
2011-11-23,1.5191
2011-11-24,1.5201
2011-11-25,1.5201
2011-11-28,1.5199
2011-11-29,1.5198
2011-11-30,1.5169
2011-12-01,1.5246
2011-12-02,1.5251
2011-12-05,1.5252
2011-12-06,1.5236
2011-12-07,1.5235
2011-12-08,1.5236
2011-12-09,1.5226
2011-12-12,1.5219
2011-12-13,1.5206
2011-12-14,1.5201
2011-12-15,1.5196
2011-12-16,1.5217
2011-12-19,1.5217
2011-12-20,1.5226
2011-12-21,1.5215
2011-12-22,1.5213
2011-12-23,1.522
2011-12-26,1.5226
2011-12-27,1.5226
2011-12-28,1.5231
2011-12-29,1.5237
2011-12-30,1.5252
2011-12-31,1.5253
2012-01-04,1.5241
2012-01-05,1.5243
2012-01-06,1.5258
2012-01-09,1.5286
2012-01-10,1.5315
2012-01-11,1.5296
2012-01-12,1.5314
2012-01-13,1.5303
2012-01-16,1.5291
2012-01-17,1.5311
2012-01-18,1.5294
2012-01-19,1.5321
2012-01-20,1.533
2012-01-30,1.5329
2012-01-31,1.5329
2012-02-01,1.5324
2012-02-02,1.5339
2012-02-03,1.5348
2012-02-06,1.5344
2012-02-07,1.5321
2012-02-08,1.5325
2012-02-09,1.5316
2012-02-10,1.5309
2012-02-13,1.5306
2012-02-14,1.5305
2012-02-15,1.5304
2012-02-16,1.5296
2012-02-17,1.5289
2012-02-20,1.5307
2012-02-21,1.5301
2012-02-22,1.5302
2012-02-23,1.5302
2012-02-24,1.5306
2012-02-27,1.5297
2012-02-28,1.5297
2012-02-29,1.529
2012-03-01,1.5288
2012-03-02,1.5306
2012-03-05,1.5296
2012-03-06,1.5297
2012-03-07,1.5298
2012-03-08,1.531
2012-03-09,1.531
2012-03-12,1.531
2012-03-13,1.5318
2012-03-14,1.5305
2012-03-15,1.5306
2012-03-16,1.5317
2012-03-19,1.5326
2012-03-20,1.5318
2012-03-21,1.5314
2012-03-22,1.5321
2012-03-23,1.5327
2012-03-26,1.5328
2012-03-27,1.5325
2012-03-28,1.5322
2012-03-29,1.5318
2012-03-30,1.5327
2012-03-31,1.5327
2012-04-05,1.5332
2012-04-06,1.5333
2012-04-09,1.5332
2012-04-10,1.5335
2012-04-11,1.5338
2012-04-12,1.5339
2012-04-13,1.5345
2012-04-16,1.5348
2012-04-17,1.5355
2012-04-18,1.5366
2012-04-19,1.5367
2012-04-20,1.5377
2012-04-23,1.5382
2012-04-24,1.5386
2012-04-25,1.5385
2012-04-26,1.5393
2012-04-27,1.5397
2012-05-02,1.5413
2012-05-03,1.5411
2012-05-04,1.5415
2012-05-07,1.5418
2012-05-08,1.5421
2012-05-09,1.5428
2012-05-10,1.5436
2012-05-11,1.5445
2012-05-14,1.5465
2012-05-15,1.5482
2012-05-16,1.549
2012-05-17,1.5495
2012-05-18,1.5507
2012-05-21,1.5514
2012-05-22,1.5522
2012-05-23,1.5527
2012-05-24,1.554
2012-05-25,1.5555
2012-05-28,1.5563
2012-05-29,1.5561
2012-05-30,1.5566
2012-05-31,1.5578
2012-06-01,1.558
2012-06-04,1.5583
2012-06-05,1.5588
2012-06-06,1.5593
2012-06-07,1.5594
2012-06-08,1.5615
2012-06-11,1.5614
2012-06-12,1.5617
2012-06-13,1.5611
2012-06-14,1.5606
2012-06-15,1.5607
2012-06-18,1.5603
2012-06-19,1.5598
2012-06-20,1.5595
2012-06-21,1.5596
2012-06-25,1.5599
2012-06-26,1.5602
2012-06-27,1.5606
2012-06-28,1.5607
2012-06-29,1.5609
2012-06-30,1.5609
2012-07-02,1.5609
2012-07-03,1.561
2012-07-04,1.5613
2012-07-05,1.5616
2012-07-06,1.5629
2012-07-09,1.5631
2012-07-10,1.5635
2012-07-11,1.564
2012-07-12,1.5644
2012-07-13,1.5643
2012-07-16,1.5642
2012-07-17,1.5641
2012-07-18,1.5638
2012-07-19,1.5638
2012-07-20,1.5638
2012-07-23,1.5638
2012-07-24,1.5635
2012-07-25,1.5634
2012-07-26,1.5633
2012-07-27,1.5633
2012-07-30,1.5634
2012-07-31,1.5626
2012-08-01,1.5623
2012-08-02,1.5619
2012-08-03,1.5617
2012-08-06,1.5609
2012-08-07,1.5601
2012-08-08,1.56
2012-08-09,1.5603
2012-08-10,1.5605
2012-08-13,1.5605
2012-08-14,1.5607
2012-08-15,1.5602
2012-08-16,1.5601
2012-08-17,1.5599
2012-08-20,1.559
2012-08-21,1.5585
2012-08-22,1.5575
2012-08-23,1.5571
2012-08-24,1.5573
2012-08-27,1.5568
2012-08-28,1.557
2012-08-29,1.5573
2012-08-30,1.5573
2012-08-31,1.5574
2012-09-03,1.5577
2012-09-04,1.558
2012-09-05,1.5579
2012-09-06,1.5578
2012-09-07,1.5578
2012-09-10,1.5574
2012-09-11,1.5571
2012-09-12,1.5566
2012-09-13,1.5561
2012-09-14,1.5551
2012-09-17,1.5549
2012-09-18,1.5552
2012-09-19,1.5551
2012-09-20,1.5549
2012-09-21,1.5553
2012-09-24,1.5557
2012-09-25,1.556
2012-09-26,1.5573
2012-09-27,1.5575
2012-09-28,1.5578
2012-09-30,1.5582
2012-10-08,1.5585
2012-10-09,1.5585
2012-10-10,1.5593
2012-10-11,1.5598
2012-10-12,1.5604
2012-10-15,1.5611
2012-10-16,1.5611
2012-10-17,1.5612
2012-10-18,1.5611
2012-10-19,1.5611
2012-10-22,1.5615
2012-10-23,1.5614
2012-10-24,1.5611
2012-10-25,1.5608
2012-10-26,1.5604
2012-10-29,1.5604
2012-10-30,1.5611
2012-10-31,1.5613
2012-11-01,1.5614
2012-11-02,1.5614
2012-11-05,1.5617
2012-11-06,1.5621
2012-11-07,1.5622
2012-11-08,1.562
2012-11-09,1.5621
2012-11-12,1.5629
2012-11-13,1.5631
2012-11-14,1.5636
2012-11-15,1.5639
2012-11-16,1.5644
2012-11-19,1.5645
2012-11-20,1.5648
2012-11-21,1.5645
2012-11-22,1.5648
2012-11-23,1.5649
2012-11-26,1.565
2012-11-27,1.5652
2012-11-28,1.5656
2012-11-29,1.5654
2012-11-30,1.5657
2012-12-03,1.5657
2012-12-04,1.5659
2012-12-05,1.5657
2012-12-06,1.5659
2012-12-07,1.5662
2012-12-10,1.5664
2012-12-11,1.5664
2012-12-12,1.567
2012-12-13,1.5669
2012-12-14,1.5693
2012-12-17,1.5702
2012-12-18,1.5706
2012-12-19,1.5704
2012-12-20,1.57
2012-12-21,1.5695
2012-12-24,1.5679
2012-12-25,1.5716
2012-12-26,1.5718
2012-12-27,1.5727
2012-12-28,1.5728
2012-12-31,1.5742
2013-01-04,1.5779
2013-01-07,1.5799
2013-01-08,1.5799
2013-01-09,1.5814
2013-01-10,1.5853
2013-01-11,1.5844
2013-01-14,1.5915
2013-01-15,1.5955
2013-01-16,1.5969
2013-01-17,1.5964
2013-01-18,1.6006
2013-01-21,1.6032
2013-01-22,1.6004
2013-01-23,1.6005
2013-01-24,1.5992
2013-01-25,1.5954
2013-01-28,1.6022
2013-01-29,1.6024
2013-01-30,1.6052
2013-01-31,1.6089
2013-02-01,1.6126
2013-02-04,1.6122
2013-02-05,1.6104
2013-02-06,1.6108
2013-02-07,1.6112
2013-02-08,1.6124
2013-02-18,1.6133
2013-02-19,1.6117
2013-02-20,1.6126
2013-02-21,1.6096
2013-02-22,1.6087
2013-02-25,1.6093
2013-02-26,1.608
2013-02-27,1.6072
2013-02-28,1.6093
2013-03-01,1.6093
2013-03-04,1.6071
2013-03-05,1.6078
2013-03-06,1.6083
2013-03-07,1.6081
2013-03-08,1.6082
2013-03-11,1.6081
2013-03-12,1.6099
2013-03-13,1.6097
2013-03-14,1.6093
2013-03-15,1.6094
2013-03-18,1.6097
2013-03-19,1.6083
2013-03-20,1.6095
2013-03-21,1.6101
2013-03-22,1.6114
2013-03-25,1.6125
2013-03-26,1.6109
2013-03-27,1.6107
2013-03-28,1.6081
2013-03-29,1.6091
2013-04-01,1.6101
2013-04-02,1.612
2013-04-03,1.6132
2013-04-08,1.6142
2013-04-09,1.615
2013-04-10,1.6161
2013-04-11,1.6165
2013-04-12,1.6167
2013-04-15,1.6164
2013-04-16,1.6171
2013-04-17,1.6168
2013-04-18,1.6149
2013-04-19,1.6151
2013-04-22,1.6126
2013-04-23,1.6105
2013-04-24,1.6118
2013-04-25,1.6126
2013-04-26,1.6134
2013-05-02,1.6142
2013-05-03,1.6155
2013-05-06,1.6189
2013-05-07,1.6195
2013-05-08,1.6203
2013-05-09,1.6203
2013-05-10,1.6217
2013-05-13,1.6217
2013-05-14,1.6216
2013-05-15,1.6221
2013-05-16,1.6219
2013-05-17,1.624
2013-05-20,1.6279
2013-05-21,1.6273
2013-05-22,1.625
2013-05-23,1.6244
2013-05-24,1.6249
2013-05-27,1.6254
2013-05-28,1.6278
2013-05-29,1.6285
2013-05-30,1.6275
2013-05-31,1.6275
2013-06-03,1.6278
2013-06-04,1.6273
2013-06-05,1.6266
2013-06-06,1.6241
2013-06-07,1.6225
2013-06-13,1.6194
2013-06-14,1.6176
2013-06-17,1.6174
2013-06-18,1.6172
2013-06-19,1.6101
2013-06-20,1.6091
2013-06-21,1.6092
2013-06-24,1.6068
2013-06-25,1.6077
2013-06-26,1.6102
2013-06-27,1.6125
2013-06-28,1.6167
2013-06-30,1.6169
2013-07-01,1.6223
2013-07-02,1.6245
2013-07-03,1.6229
2013-07-04,1.6246
2013-07-05,1.626
2013-07-08,1.6237
2013-07-09,1.623
2013-07-10,1.6243
2013-07-11,1.625
2013-07-12,1.623
2013-07-15,1.6233
2013-07-16,1.6223
2013-07-17,1.6202
2013-07-18,1.6169
2013-07-19,1.6146
2013-07-22,1.613
2013-07-23,1.6135
2013-07-24,1.6124
2013-07-25,1.6122
2013-07-26,1.613
2013-07-29,1.6108
2013-07-30,1.61
2013-07-31,1.6118
2013-08-01,1.6148
2013-08-02,1.6159
2013-08-05,1.6157
2013-08-06,1.6175
2013-08-07,1.6165
2013-08-08,1.6156
2013-08-09,1.6147
2013-08-12,1.6166
2013-08-13,1.6164
2013-08-14,1.6133
2013-08-15,1.6113
2013-08-16,1.6103
2013-08-19,1.6123
2013-08-20,1.6106
2013-08-21,1.6089
2013-08-22,1.6089
2013-08-23,1.6098
2013-08-26,1.6122
2013-08-27,1.6135
2013-08-28,1.6131
2013-08-29,1.6131
2013-08-30,1.6136
2013-09-02,1.6132
2013-09-03,1.6145
2013-09-04,1.6144
2013-09-05,1.6139
2013-09-06,1.6142
2013-09-09,1.6191
2013-09-10,1.6216
2013-09-11,1.6202
2013-09-12,1.6208
2013-09-13,1.6182
2013-09-16,1.6182
2013-09-17,1.6167
2013-09-18,1.6173
2013-09-23,1.6187
2013-09-24,1.616
2013-09-25,1.6167
2013-09-26,1.6142
2013-09-27,1.6137
2013-09-30,1.6136
2013-10-08,1.6153
2013-10-09,1.616
2013-10-10,1.6161
2013-10-11,1.6168
2013-10-14,1.617
2013-10-15,1.6169
2013-10-16,1.6154
2013-10-17,1.6141
2013-10-18,1.6142
2013-10-21,1.615
2013-10-22,1.6148
2013-10-23,1.6148
2013-10-24,1.6124
2013-10-25,1.6102
2013-10-28,1.6095
2013-10-29,1.6101
2013-10-30,1.6131
2013-10-31,1.611
2013-11-01,1.6115
2013-11-04,1.6124
2013-11-05,1.6119
2013-11-06,1.6114
2013-11-07,1.6101
2013-11-08,1.608
2013-11-11,1.6068
2013-11-12,1.6062
2013-11-13,1.6017
2013-11-14,1.6022
2013-11-15,1.6024
2013-11-18,1.604
2013-11-19,1.6018
2013-11-20,1.6014
2013-11-21,1.603
2013-11-22,1.6003
2013-11-25,1.6
2013-11-26,1.5987
2013-11-27,1.5983
2013-11-28,1.6002
2013-11-29,1.6017
2013-12-02,1.5999
2013-12-03,1.601
2013-12-04,1.604
2013-12-05,1.6022
2013-12-06,1.6019
2013-12-09,1.6028
2013-12-10,1.6007
2013-12-11,1.5987
2013-12-12,1.5988
2013-12-13,1.6005
2013-12-16,1.5985
2013-12-17,1.5971
2013-12-18,1.5961
2013-12-19,1.5938
2013-12-20,1.5919
2013-12-23,1.5893
2013-12-24,1.589
2013-12-25,1.5901
2013-12-26,1.5873
2013-12-27,1.5831
2013-12-30,1.5834
2013-12-31,1.5845
2014-01-02,1.5826
2014-01-03,1.5811
2014-01-06,1.5778
2014-01-07,1.5768
2014-01-08,1.5749
2014-01-09,1.5682
2014-01-10,1.5667
2014-01-13,1.5687
2014-01-14,1.5681
2014-01-15,1.5697
2014-01-16,1.5703
2014-01-17,1.5683
2014-01-20,1.5674
2014-01-21,1.5694
2014-01-22,1.5704
2014-01-23,1.5719
2014-01-24,1.5732
2014-01-27,1.5744
2014-01-28,1.5749
2014-01-29,1.578
2014-01-30,1.5782
2014-02-07,1.5801
2014-02-10,1.5844
2014-02-11,1.584
2014-02-12,1.5851
2014-02-13,1.5857
2014-02-14,1.589
2014-02-17,1.5913
2014-02-18,1.5905
2014-02-19,1.5912
2014-02-20,1.5932
2014-02-21,1.5905
2014-02-24,1.5902
2014-02-25,1.593
2014-02-26,1.5941
2014-02-27,1.5989
2014-02-28,1.5958
2014-03-03,1.5976
2014-03-04,1.5956
2014-03-05,1.5917
2014-03-06,1.5921
2014-03-07,1.5939
2014-03-10,1.5931
2014-03-11,1.5932
2014-03-12,1.5917
2014-03-13,1.5933
2014-03-14,1.5937
2014-03-17,1.5943
2014-03-18,1.5926
2014-03-19,1.5905
2014-03-20,1.5906
2014-03-21,1.5919
2014-03-24,1.5908
2014-03-25,1.591
2014-03-26,1.5917
2014-03-27,1.5916
2014-03-28,1.5909
2014-03-31,1.5922
2014-04-01,1.5919
2014-04-02,1.5924
2014-04-03,1.5908
2014-04-04,1.592
2014-04-08,1.5939
2014-04-09,1.5935
2014-04-10,1.5944
2014-04-11,1.5959
2014-04-14,1.5984
2014-04-15,1.5987
2014-04-16,1.6012
2014-04-17,1.6059
2014-04-18,1.6068
2014-04-21,1.6066
2014-04-22,1.6086
2014-04-23,1.6086
2014-04-24,1.6084
2014-04-25,1.6075
2014-04-28,1.6076
2014-04-29,1.608
2014-04-30,1.6112
2014-05-05,1.6143
2014-05-06,1.6164
2014-05-07,1.6183
2014-05-08,1.6224
2014-05-09,1.6277
2014-05-12,1.629
2014-05-13,1.6288
2014-05-14,1.6268
2014-05-15,1.625
2014-05-16,1.6251
2014-05-19,1.624
2014-05-20,1.6237
2014-05-21,1.6254
2014-05-22,1.6261
2014-05-23,1.6285
2014-05-26,1.6293
2014-05-27,1.6308
2014-05-28,1.6324
2014-05-29,1.6335
2014-05-30,1.6362
2014-06-03,1.6414
2014-06-04,1.6428
2014-06-05,1.6429
2014-06-06,1.6428
2014-06-09,1.6441
2014-06-10,1.6473
2014-06-11,1.6475
2014-06-12,1.648
2014-06-13,1.6497
2014-06-16,1.6522
2014-06-17,1.6491
2014-06-18,1.6472
2014-06-19,1.6459
2014-06-20,1.6479
2014-06-23,1.6489
2014-06-24,1.6506
2014-06-25,1.6504
2014-06-26,1.6526
2014-06-27,1.6535
2014-06-30,1.6537
2014-07-01,1.6509
2014-07-02,1.6506
2014-07-03,1.652
2014-07-04,1.6508
2014-07-07,1.6517
2014-07-08,1.6515
2014-07-09,1.6496
2014-07-10,1.65
2014-07-11,1.6511
2014-07-14,1.6536
2014-07-15,1.6544
2014-07-16,1.6535
2014-07-17,1.6504
2014-07-18,1.6501
2014-07-21,1.6495
2014-07-22,1.6514
2014-07-23,1.653
2014-07-24,1.6555
2014-07-25,1.6562
2014-07-28,1.661
2014-07-29,1.6611
2014-07-30,1.6607
2014-07-31,1.6641
2014-08-01,1.6654
2014-08-04,1.67
2014-08-05,1.6693
2014-08-06,1.6693
2014-08-07,1.6664
2014-08-08,1.6668
2014-08-11,1.6705
2014-08-12,1.6713
2014-08-13,1.6711
2014-08-14,1.671
2014-08-15,1.6742
2014-08-18,1.6761
2014-08-19,1.6763
2014-08-20,1.6758
2014-08-21,1.6742
2014-08-22,1.6747
2014-08-25,1.6753
2014-08-26,1.6741
2014-08-27,1.6765
2014-08-28,1.6784
2014-08-29,1.6802
2014-09-01,1.6839
2014-09-02,1.6873
2014-09-03,1.6918
2014-09-04,1.6941
2014-09-05,1.697
2014-09-09,1.6954
2014-09-10,1.6946
2014-09-11,1.6946
2014-09-12,1.6984
2014-09-15,1.6976
2014-09-16,1.6897
2014-09-17,1.6904
2014-09-18,1.6936
2014-09-19,1.6983
2014-09-22,1.6935
2014-09-23,1.696
2014-09-24,1.6994
2014-09-25,1.7005
2014-09-26,1.7001
2014-09-29,1.7022
2014-09-30,1.7055
2014-10-08,1.7065
2014-10-09,1.7077
2014-10-10,1.7059
2014-10-13,1.7065
2014-10-14,1.7074
2014-10-15,1.7119
2014-10-16,1.7137
2014-10-17,1.7154
2014-10-20,1.7214
2014-10-21,1.7244
2014-10-22,1.7247
2014-10-23,1.7253
2014-10-24,1.7251
2014-10-27,1.7235
2014-10-28,1.7287
2014-10-29,1.7351
2014-10-30,1.7394
2014-10-31,1.748
2014-11-03,1.7503
2014-11-04,1.7559
2014-11-05,1.7585
2014-11-06,1.7621
2014-11-07,1.7686
2014-11-10,1.784
2014-11-11,1.7816
2014-11-12,1.7874
2014-11-13,1.786
2014-11-14,1.7795
2014-11-17,1.7702
2014-11-18,1.761
2014-11-19,1.761
2014-11-20,1.7653
2014-11-21,1.7717
2014-11-24,1.7877
2014-11-25,1.7916
2014-11-26,1.7949
2014-11-27,1.7968
2014-11-28,1.7983
2014-12-01,1.7941
2014-12-02,1.8088
2014-12-03,1.8092
2014-12-04,1.8326
2014-12-05,1.8352
2014-12-08,1.8578
2014-12-09,1.7996
2014-12-10,1.8064
2014-12-11,1.7888
2014-12-12,1.7932
2014-12-15,1.7974
2014-12-16,1.8223
2014-12-17,1.8298
2014-12-18,1.8357
2014-12-19,1.8401
2014-12-22,1.8518
2014-12-23,1.8368
2014-12-24,1.8198
2014-12-25,1.8398
2014-12-26,1.8673
2014-12-29,1.8774
2014-12-30,1.8792
2014-12-31,1.8965
2015-01-05,1.9174
2015-01-06,1.9143
2015-01-07,1.9353
2015-01-08,1.917
2015-01-09,1.9191
2015-01-12,1.9071
2015-01-13,1.9085
2015-01-14,1.9115
2015-01-15,1.9291
2015-01-16,1.9395
2015-01-19,1.8965
2015-01-20,1.9045
2015-01-21,1.9303
2015-01-22,1.9402
2015-01-23,1.9439
2015-01-26,1.9367
2015-01-27,1.9342
2015-01-28,1.9186
2015-01-29,1.9108
2015-01-30,1.8996
2015-02-02,1.8731
2015-02-03,1.8804
2015-02-04,1.8803
2015-02-05,1.8766
2015-02-06,1.8699
2015-02-09,1.8736
2015-02-10,1.8807
2015-02-11,1.8834
2015-02-12,1.8853
2015-02-13,1.8936
2015-02-16,1.8974
2015-02-17,1.8983
2015-02-25,1.8946
2015-02-26,1.9045
2015-02-27,1.9029
2015-03-02,1.9058
2015-03-03,1.901
2015-03-04,1.8999
2015-03-05,1.8966
2015-03-06,1.895
2015-03-09,1.8955
2015-03-10,1.8982
2015-03-11,1.8985
2015-03-12,1.9026
2015-03-13,1.9043
2015-03-16,1.9208
2015-03-17,1.9305
2015-03-18,1.9349
2015-03-19,1.9347
2015-03-20,1.9381
2015-03-23,1.9453
2015-03-24,1.9386
2015-03-25,1.9316
2015-03-26,1.922
2015-03-27,1.9219
2015-03-30,1.9275
2015-03-31,1.9188
2015-04-01,1.9249
2015-04-02,1.9337
2015-04-03,1.9391
2015-04-07,1.941
2015-04-08,1.9305
2015-04-09,1.9128
2015-04-10,1.9194
2015-04-13,1.9266
2015-04-14,1.9221
2015-04-15,1.9128
2015-04-16,1.926
2015-04-17,1.947
2015-04-20,1.9411
2015-04-21,1.9532
2015-04-22,1.978
2015-04-23,1.9831
2015-04-24,1.983
2015-04-27,1.9904
2015-04-28,1.9703
2015-04-29,1.9792
2015-04-30,1.9784
2015-05-04,1.9779
2015-05-05,1.953
2015-05-06,1.9445
2015-05-07,1.9416
2015-05-08,1.9506
2015-05-11,1.9692
2015-05-12,1.9838
2015-05-13,1.9794
2015-05-14,1.9851
2015-05-15,1.9807
2015-05-18,1.9808
2015-05-19,1.9899
2015-05-20,2.0032
2015-05-21,2.0223
2015-05-22,2.0331
2015-05-25,2.0621
2015-05-26,2.0894
2015-05-27,2.0916
2015-05-28,2.0486
2015-05-29,2.0584
2015-06-01,2.104
2015-06-02,2.1127
2015-06-03,2.1032
2015-06-04,2.1005
2015-06-05,2.1049
2015-06-08,2.1003
2015-06-09,2.1078
2015-06-10,2.0972
2015-06-11,2.0909
2015-06-12,2.0969
2015-06-15,2.1083
2015-06-16,2.085
2015-06-17,2.0855
2015-06-18,2.0644
2015-06-19,2.0343
2015-06-23,2.0252
2015-06-24,2.0361
2015-06-25,2.0154
2015-06-26,1.9832
2015-06-29,1.9688
2015-06-30,1.981
2015-07-01,1.9685
2015-07-02,1.9485
2015-07-03,1.951
2015-07-06,1.9599
2015-07-07,1.9406
2015-07-08,1.9254
2015-07-09,1.939
2015-07-10,1.9584
2015-07-13,1.9699
2015-07-14,1.9803
2015-07-15,1.964
2015-07-16,1.9721
2015-07-17,1.9869
2015-07-20,1.9932
2015-07-21,2.0051
2015-07-22,2.0042
2015-07-23,2.0156
2015-07-24,2.0125
2015-07-27,1.9891
2015-07-28,1.9917
2015-07-29,2.0032
2015-07-30,1.9918
2015-07-31,1.9891
2015-08-03,1.9769
2015-08-04,1.9922
2015-08-05,1.9879
2015-08-06,1.9861
2015-08-07,1.9973
2015-08-10,2.0144
2015-08-11,2.0085
2015-08-12,2.0018
2015-08-13,2.0142
2015-08-14,2.0128
2015-08-17,2.0137
2015-08-18,1.9918
2015-08-19,1.9947
2015-08-20,1.9895
2015-08-21,1.9818
2015-08-24,1.962
2015-08-25,1.9525
2015-08-26,1.9512
2015-08-27,1.9537
2015-08-28,1.9574
2015-08-31,1.9557
2015-09-01,1.9543
2015-09-02,1.9543
2015-09-07,1.9549
2015-09-08,1.9591
2015-09-09,1.9615
2015-09-10,1.958
2015-09-11,1.9595
2015-09-14,1.955
2015-09-15,1.9516
2015-09-16,1.9586
2015-09-17,1.9574
2015-09-18,1.9595
2015-09-21,1.9642
2015-09-22,1.9651
2015-09-23,1.9632
2015-09-24,1.9647
2015-09-25,1.9615
2015-09-28,1.9628
2015-09-29,1.9609
2015-09-30,1.962
2015-10-08,1.9651
2015-10-09,1.9675
2015-10-12,1.9748
2015-10-13,1.9778
2015-10-14,1.9789
2015-10-15,1.9834
2015-10-16,1.9863
2015-10-19,1.9845
2015-10-20,1.9894
2015-10-21,1.981
2015-10-22,1.9864
2015-10-23,1.9929
2015-10-26,1.9959
2015-10-27,1.9998
2015-10-28,1.9962
2015-10-29,1.9955
2015-10-30,1.998
2015-11-02,1.99
2015-11-03,1.9912
2015-11-04,2.0041
2015-11-05,2.007
2015-11-06,2.0165
2015-11-09,2.0078
2015-11-10,2.0079
2015-11-11,2.0084
2015-11-12,2.008
2015-11-13,2.0069
2015-11-16,2.0062
2015-11-17,2.0041
2015-11-18,2.0008
2015-11-19,2.0039
2015-11-20,2.0067
2015-11-23,2.0083
2015-11-24,2.0078
2015-11-25,2.01
2015-11-26,2.0098
2015-11-27,2.0055
2015-11-30,2.0061
2015-12-01,2.0068
2015-12-02,2.0087
2015-12-03,2.0106
2015-12-04,2.0111
2015-12-07,2.0201
2015-12-08,2.0192
2015-12-09,2.0185
2015-12-10,2.0188
2015-12-11,2.0191
2015-12-14,2.0207
2015-12-15,2.0202
2015-12-16,2.0206
2015-12-17,2.0216
2015-12-18,2.0217
2015-12-21,2.0242
2015-12-22,2.0259
2015-12-23,2.0268
2015-12-24,2.028
2015-12-25,2.0288
2015-12-28,2.0286
2015-12-29,2.029
2015-12-30,2.0291
2015-12-31,2.0294
2016-01-04,2.0248
2016-01-05,2.0238
2016-01-06,2.0261
2016-01-07,2.0233
2016-01-08,2.0253
2016-01-11,2.0235
2016-01-12,2.0264
2016-01-13,2.027
2016-01-14,2.0283
2016-01-15,2.0271
2016-01-18,2.027
2016-01-19,2.026
2016-01-20,2.0251
2016-01-21,2.0241
2016-01-22,2.026
2016-01-25,2.0255
2016-01-26,2.0231
2016-01-27,2.0207
2016-01-28,2.0193
2016-01-29,2.0204
2016-02-01,2.0202
2016-02-02,2.02
2016-02-03,2.0198
2016-02-04,2.0205
2016-02-05,2.0208
2016-02-15,2.0229
2016-02-16,2.0234
2016-02-17,2.0239
2016-02-18,2.0247
2016-02-19,2.0256
2016-02-22,2.0263
2016-02-23,2.0267
2016-02-24,2.0265
2016-02-25,2.0254
2016-02-26,2.0254
2016-02-29,2.0251
2016-03-01,2.0262
2016-03-02,2.028
2016-03-03,2.0288
2016-03-04,2.0286
2016-03-07,2.0298
2016-03-08,2.0304
2016-03-09,2.0307
2016-03-10,2.0311
2016-03-11,2.033
2016-03-14,2.0337
2016-03-15,2.0344
2016-03-16,2.0347
2016-03-17,2.0358
2016-03-18,2.0377
2016-03-21,2.038
2016-03-22,2.0378
2016-03-23,2.0383
2016-03-24,2.0381
2016-03-25,2.0384
2016-03-28,2.0376
2016-03-29,2.0368
2016-03-30,2.0372
2016-03-31,2.0376
2016-04-01,2.0378
2016-04-05,2.0389
2016-04-06,2.0389
2016-04-07,2.0385
2016-04-08,2.0376
2016-04-11,2.0381
2016-04-12,2.0366
2016-04-13,2.0362
2016-04-14,2.0337
2016-04-15,2.0327
2016-04-18,2.0322
2016-04-19,2.0315
2016-04-20,2.0294
2016-04-21,2.0277
2016-04-22,2.0254
2016-04-25,2.0226
2016-04-26,2.0208
2016-04-27,2.022
2016-04-28,2.0224
2016-04-29,2.0229
2016-05-03,2.025
2016-05-04,2.0254
2016-05-05,2.0265
2016-05-06,2.0262
2016-05-09,2.0264
2016-05-10,2.0272
2016-05-11,2.0275
2016-05-12,2.0281
2016-05-13,2.0288
2016-05-16,2.0295
2016-05-17,2.0295
2016-05-18,2.0291
2016-05-19,2.0289
2016-05-20,2.0286
2016-05-23,2.029
2016-05-24,2.0291
2016-05-25,2.0292
2016-05-26,2.0295
2016-05-27,2.0297
2016-05-30,2.0301
2016-05-31,2.0305
2016-06-01,2.0312
2016-06-02,2.0314
2016-06-03,2.0317
2016-06-06,2.0322
2016-06-07,2.0319
2016-06-08,2.032
2016-06-13,2.0325
2016-06-14,2.0333
2016-06-15,2.0348
2016-06-16,2.0351
2016-06-17,2.0352
2016-06-20,2.0357
2016-06-21,2.0352
2016-06-22,2.0359
2016-06-23,2.0366
2016-06-24,2.0367
2016-06-27,2.0377
2016-06-28,2.0382
2016-06-29,2.0385
2016-06-30,2.039
2016-07-01,2.0395
2016-07-04,2.0414
2016-07-05,2.0417
2016-07-06,2.0428
2016-07-07,2.0446
2016-07-08,2.0449
2016-07-11,2.0453
2016-07-12,2.0454
2016-07-13,2.0464
2016-07-14,2.047
2016-07-15,2.0468
2016-07-18,2.047
2016-07-19,2.0472
2016-07-20,2.0483
2016-07-21,2.0487
2016-07-22,2.0484
2016-07-25,2.0479
2016-07-26,2.0484
2016-07-27,2.048
2016-07-28,2.0484
2016-07-29,2.0485
2016-08-01,2.0489
2016-08-02,2.0496
2016-08-03,2.0504
2016-08-04,2.0511
2016-08-05,2.0517
2016-08-08,2.0524
2016-08-09,2.053
2016-08-10,2.0541
2016-08-11,2.0537
2016-08-12,2.0544
2016-08-15,2.0564
2016-08-16,2.0569
2016-08-17,2.057
2016-08-18,2.0575
2016-08-19,2.0576
2016-08-22,2.0572
2016-08-23,2.0565
2016-08-24,2.0558
2016-08-25,2.0554
2016-08-26,2.0553
2016-08-29,2.0551
2016-08-30,2.0543
2016-08-31,2.0545
2016-09-01,2.0542
2016-09-02,2.0542
2016-09-05,2.0548
2016-09-06,2.0558
2016-09-07,2.0562
2016-09-08,2.0569
2016-09-09,2.0572
2016-09-12,2.0562
2016-09-13,2.0566
2016-09-14,2.0569
2016-09-19,2.0571
2016-09-20,2.0572
2016-09-21,2.0572
2016-09-22,2.058
2016-09-23,2.0582
2016-09-26,2.0576
2016-09-27,2.0575
2016-09-28,2.0575
2016-09-29,2.0581
2016-09-30,2.0585
2016-10-10,2.0606
2016-10-11,2.061
2016-10-12,2.0609
2016-10-13,2.0616
2016-10-14,2.0621
2016-10-17,2.0624
2016-10-18,2.0637
2016-10-19,2.0643
2016-10-20,2.0654
2016-10-21,2.0655
2016-10-24,2.0651
2016-10-25,2.0648
2016-10-26,2.0632
2016-10-27,2.0626
2016-10-28,2.0641
2016-10-31,2.0629
2016-11-01,2.063
2016-11-02,2.063
2016-11-03,2.0637
2016-11-04,2.0642
2016-11-07,2.0645
2016-11-08,2.0646
2016-11-09,2.0644
2016-11-10,2.0641
2016-11-11,2.0638
2016-11-14,2.0628
2016-11-15,2.0615
2016-11-16,2.0609
2016-11-17,2.0596
2016-11-18,2.0591
2016-11-21,2.0594
2016-11-22,2.0597
2016-11-23,2.0596
2016-11-24,2.0595
2016-11-25,2.0597
2016-11-28,2.06
2016-11-29,2.0583
2016-11-30,2.0554
2016-12-01,2.0526
2016-12-02,2.0496
2016-12-05,2.0452
2016-12-06,2.0414
2016-12-07,2.0416
2016-12-08,2.0419
2016-12-09,2.0422
2016-12-12,2.039
2016-12-13,2.0363
2016-12-14,2.0347
2016-12-15,2.0309
2016-12-16,2.0303
2016-12-19,2.0289
2016-12-20,2.0275
2016-12-21,2.0289
2016-12-22,2.0304
2016-12-23,2.032
2016-12-26,2.0327
2016-12-27,2.0333
2016-12-28,2.0334
2016-12-29,2.0342
2016-12-30,2.0352
2016-12-31,2.0354
2017-01-03,2.0359
2017-01-04,2.0358
2017-01-05,2.0354
2017-01-06,2.0355
2017-01-09,2.0359
2017-01-10,2.0366
2017-01-11,2.0381
2017-01-12,2.0387
2017-01-13,2.0387
2017-01-16,2.0381
2017-01-17,2.0367
2017-01-18,2.0351
2017-01-19,2.0343
2017-01-20,2.0352
2017-01-23,2.036
2017-01-24,2.0356
2017-01-25,2.0346
2017-01-26,2.0346
2017-02-03,2.0339
2017-02-06,2.0327
2017-02-07,2.0312
2017-02-08,2.0306
2017-02-09,2.0309
2017-02-10,2.0312
2017-02-13,2.0318
2017-02-14,2.0318
2017-02-15,2.0317
2017-02-16,2.0316
2017-02-17,2.0319
2017-02-20,2.0333
2017-02-21,2.0332
2017-02-22,2.0335
2017-02-23,2.0334
2017-02-24,2.0337
2017-02-27,2.0339
2017-02-28,2.0339
2017-03-01,2.0338
2017-03-02,2.0335
2017-03-03,2.0335
2017-03-06,2.0337
2017-03-07,2.0337
2017-03-08,2.0333
2017-03-09,2.0327
2017-03-10,2.0321
2017-03-13,2.0319
2017-03-14,2.0317
2017-03-15,2.032
2017-03-16,2.0327
2017-03-17,2.0322
2017-03-20,2.0329
2017-03-21,2.0325
2017-03-22,2.0327
2017-03-23,2.0326
2017-03-24,2.0339
2017-03-27,2.0347
2017-03-28,2.0356
2017-03-29,2.0356
2017-03-30,2.0352
2017-03-31,2.0354
2017-04-05,2.036
2017-04-06,2.0359
2017-04-07,2.0361
2017-04-10,2.0365
2017-04-11,2.0365
2017-04-12,2.0367
2017-04-13,2.0373
2017-04-14,2.0367
2017-04-17,2.0353
2017-04-18,2.0345
2017-04-19,2.0338
2017-04-20,2.0334
2017-04-21,2.0326
2017-04-24,2.033
2017-04-25,2.0325
2017-04-26,2.0328
2017-04-27,2.0329
2017-04-28,2.0334
2017-05-02,2.0337
2017-05-03,2.0341
2017-05-04,2.0334
2017-05-05,2.0327
2017-05-08,2.0298
2017-05-09,2.0288
2017-05-10,2.0267
2017-05-11,2.0256
2017-05-12,2.0254
2017-05-15,2.0254
2017-05-16,2.0249
2017-05-17,2.0249
2017-05-18,2.025
2017-05-19,2.0249
2017-05-22,2.0243
2017-05-23,2.0237
2017-05-24,2.0238
2017-05-25,2.0244
2017-05-26,2.0244
2017-05-31,2.025
2017-06-01,2.025
2017-06-02,2.0251
2017-06-05,2.0263
2017-06-06,2.0277
2017-06-07,2.0295
2017-06-08,2.0296
2017-06-09,2.031
2017-06-12,2.0326
2017-06-13,2.0335
2017-06-14,2.0342
2017-06-15,2.0353
2017-06-16,2.0357
2017-06-19,2.0395
2017-06-20,2.0418
2017-06-21,2.0432
2017-06-22,2.0436
2017-06-23,2.0442
2017-06-26,2.0465
2017-06-27,2.0468
2017-06-28,2.0458
2017-06-29,2.047
2017-06-30,2.0469
2017-07-03,2.0477
2017-07-04,2.0481
2017-07-05,2.0496
2017-07-06,2.05
2017-07-07,2.051
2017-07-10,2.0513
2017-07-11,2.0511
2017-07-12,2.0515
2017-07-13,2.0525
2017-07-14,2.0539
2017-07-17,2.0521
2017-07-18,2.0513
2017-07-19,2.0533
2017-07-20,2.0559
2017-07-21,2.0553
2017-07-24,2.0559
2017-07-25,2.0549
2017-07-26,2.0531
2017-07-27,2.0546
2017-07-28,2.0546
2017-07-31,2.0554
2017-08-01,2.0564
2017-08-02,2.0571
2017-08-03,2.0552
2017-08-04,2.0547
2017-08-07,2.0538
2017-08-08,2.0542
2017-08-09,2.052
2017-08-10,2.0527
2017-08-11,2.051
2017-08-14,2.0553
2017-08-15,2.0567
2017-08-16,2.0568
2017-08-17,2.0575
2017-08-18,2.0572
2017-08-21,2.0574
2017-08-22,2.0572
2017-08-23,2.0559
2017-08-24,2.0543
2017-08-25,2.0537
2017-08-28,2.0574
2017-08-29,2.0595
2017-08-30,2.0585
2017-08-31,2.0569
2017-09-01,2.0571
2017-09-04,2.0582
2017-09-05,2.0587
2017-09-06,2.0568
2017-09-07,2.0565
2017-09-08,2.0579
2017-09-11,2.0585
2017-09-12,2.0577
2017-09-13,2.0569
2017-09-14,2.0568
2017-09-15,2.0565
2017-09-18,2.0578
2017-09-19,2.0563
2017-09-20,2.0568
2017-09-21,2.0582
2017-09-22,2.0573
2017-09-25,2.0555
2017-09-26,2.0563
2017-09-27,2.0574
2017-09-28,2.0565
2017-09-29,2.0576
2017-10-09,2.0582
2017-10-10,2.0584
2017-10-11,2.0583
2017-10-12,2.0604
2017-10-13,2.0606
2017-10-16,2.0594
2017-10-17,2.06
2017-10-18,2.0603
2017-10-19,2.0606
2017-10-20,2.0601
2017-10-23,2.0606
2017-10-24,2.0612
2017-10-25,2.0628
2017-10-26,2.0641
2017-10-27,2.0646
2017-10-30,2.0651
2017-10-31,2.0649
2017-11-01,2.0638
2017-11-02,2.0619
2017-11-03,2.0609
2017-11-06,2.0612
2017-11-07,2.0623
2017-11-08,2.0616
2017-11-09,2.0628
2017-11-10,2.066
2017-11-13,2.0674
2017-11-14,2.0664
2017-11-15,2.0625
2017-11-16,2.0636
2017-11-17,2.0625
2017-11-20,2.0621
2017-11-21,2.062
2017-11-22,2.0599
2017-11-23,2.0532
2017-11-24,2.0522
2017-11-27,2.0495
2017-11-28,2.0492
2017-11-29,2.0495
2017-11-30,2.0479
2017-12-01,2.0477
2017-12-04,2.049
2017-12-05,2.0485
2017-12-06,2.0481
2017-12-07,2.0472
2017-12-08,2.0487
2017-12-11,2.0507
2017-12-12,2.0495
2017-12-13,2.0496
2017-12-14,2.0497
2017-12-15,2.05
2017-12-18,2.0504
2017-12-19,2.0523
2017-12-20,2.0516
2017-12-21,2.0521
2017-12-22,2.0517
2017-12-25,2.0508
2017-12-26,2.0535
2017-12-27,2.0507
2017-12-28,2.0521
2017-12-29,2.0538
2017-12-31,2.0538
2018-01-02,2.0565
2018-01-03,2.0571
2018-01-04,2.0574
2018-01-05,2.0574
2018-01-08,2.059
2018-01-09,2.0594
2018-01-10,2.0583
2018-01-11,2.058
2018-01-12,2.0587
2018-01-15,2.0591
2018-01-16,2.0598
2018-01-17,2.059
2018-01-18,2.0591
2018-01-19,2.0591
2018-01-22,2.0598
2018-01-23,2.0609
2018-01-24,2.0626
2018-01-25,2.0624
2018-01-26,2.0631
2018-01-29,2.0603
2018-01-30,2.0596
2018-01-31,2.0602
2018-02-01,2.0585
2018-02-02,2.0598
2018-02-05,2.0608
2018-02-06,2.0585
2018-02-07,2.0582
2018-02-08,2.0571
2018-02-09,2.0553
2018-02-12,2.0568
2018-02-13,2.0575
2018-02-14,2.0576
2018-02-22,2.0605
2018-02-23,2.0606
2018-02-26,2.0625
2018-02-27,2.0627
2018-02-28,2.0637
2018-03-01,2.0642
2018-03-02,2.0635
2018-03-05,2.0634
2018-03-06,2.064
2018-03-07,2.064
2018-03-08,2.0641
2018-03-09,2.0649
2018-03-12,2.0659
2018-03-13,2.0656
2018-03-14,2.0654
2018-03-15,2.0656
2018-03-16,2.0659
2018-03-19,2.0664
2018-03-20,2.0668
2018-03-21,2.0669
2018-03-22,2.0676
2018-03-23,2.0695
2018-03-26,2.0701
2018-03-27,2.0701
2018-03-28,2.0719
2018-03-29,2.0722
2018-03-30,2.0734
2018-04-02,2.0768
2018-04-03,2.0779
2018-04-04,2.0787
2018-04-09,2.0809
2018-04-10,2.0807
2018-04-11,2.0823
2018-04-12,2.0833
2018-04-13,2.0834
2018-04-16,2.0842
2018-04-17,2.0844
2018-04-18,2.0915
2018-04-19,2.0973
2018-04-20,2.0973
2018-04-23,2.1014
2018-04-24,2.1044
2018-04-25,2.1036
2018-04-26,2.1028
2018-04-27,2.1027
2018-05-02,2.1026
2018-05-03,2.1029
2018-05-04,2.1033
2018-05-07,2.1038
2018-05-08,2.1043
2018-05-09,2.1048
2018-05-10,2.1049
2018-05-11,2.1044
2018-05-14,2.104
2018-05-15,2.1043
2018-05-16,2.1037
2018-05-17,2.1033
2018-05-18,2.1034
2018-05-21,2.105
2018-05-22,2.1059
2018-05-23,2.1064
2018-05-24,2.1065
2018-05-25,2.1068
2018-05-28,2.1078
2018-05-29,2.1075
2018-05-30,2.1084
2018-05-31,2.1073
2018-06-01,2.1075
2018-06-04,2.1068
2018-06-05,2.107
2018-06-06,2.1071
2018-06-07,2.1069
2018-06-08,2.1067
2018-06-11,2.1072
2018-06-12,2.1072
2018-06-13,2.1078
2018-06-14,2.1086
2018-06-15,2.1086
2018-06-19,2.1114
2018-06-20,2.1108
2018-06-21,2.1123
2018-06-22,2.1131
2018-06-25,2.1139
2018-06-26,2.1141
2018-06-27,2.115
2018-06-28,2.1158
2018-06-29,2.1182
2018-06-30,2.1183
2018-07-02,2.12
2018-07-03,2.1202
2018-07-04,2.124
2018-07-05,2.1254
2018-07-06,2.1245
2018-07-09,2.124
2018-07-10,2.1235
2018-07-11,2.1242
2018-07-12,2.1253
2018-07-13,2.1259
2018-07-16,2.1277
2018-07-17,2.1279
2018-07-18,2.1287
2018-07-19,2.1306
2018-07-20,2.1304
2018-07-23,2.1312
2018-07-24,2.1303
2018-07-25,2.1304
2018-07-26,2.1305
2018-07-27,2.1309
2018-07-30,2.1316
2018-07-31,2.1336
2018-08-01,2.1348
2018-08-02,2.1351
2018-08-03,2.1361
2018-08-06,2.1379
2018-08-07,2.14
2018-08-08,2.1391
2018-08-09,2.1384
2018-08-10,2.138
2018-08-13,2.1367
2018-08-14,2.1369
2018-08-15,2.1361
2018-08-16,2.1352
2018-08-17,2.1338
2018-08-20,2.134
2018-08-21,2.1342
2018-08-22,2.1342
2018-08-23,2.1352
2018-08-24,2.1354
2018-08-27,2.1359
2018-08-28,2.1365
2018-08-29,2.1362
2018-08-30,2.136
2018-08-31,2.1363
2018-09-03,2.1364
2018-09-04,2.1367
2018-09-05,2.1366
2018-09-06,2.1365
2018-09-07,2.1366
2018-09-10,2.1362
2018-09-11,2.136
2018-09-12,2.1359
2018-09-13,2.1361
2018-09-14,2.1359
2018-09-17,2.1361
2018-09-18,2.1364
2018-09-19,2.1371
2018-09-20,2.1372
2018-09-21,2.1379
2018-09-25,2.138
2018-09-26,2.1384
2018-09-27,2.1382
2018-09-28,2.139
2018-10-08,2.1388
2018-10-09,2.1384
2018-10-10,2.1388
2018-10-11,2.1381
2018-10-12,2.1392
2018-10-15,2.1394
2018-10-16,2.139
2018-10-17,2.1393
2018-10-18,2.1392
2018-10-19,2.1402
2018-10-22,2.1413
2018-10-23,2.1411
2018-10-24,2.1414
2018-10-25,2.1417
2018-10-26,2.1417
2018-10-29,2.1417
2018-10-30,2.1423
2018-10-31,2.1425
2018-11-01,2.143
2018-11-02,2.1441
2018-11-05,2.144
2018-11-06,2.1439
2018-11-07,2.144
2018-11-08,2.144
2018-11-09,2.1437
2018-11-12,2.1445
2018-11-13,2.1452
2018-11-14,2.147
2018-11-15,2.1479
2018-11-16,2.1494
2018-11-19,2.1503
2018-11-20,2.15
2018-11-21,2.1506
2018-11-22,2.1496
2018-11-23,2.1488
2018-11-26,2.1494
2018-11-27,2.1495
2018-11-28,2.1504
2018-11-29,2.1502
2018-11-30,2.1504
2018-12-03,2.1521
2018-12-04,2.1531
2018-12-05,2.1537
2018-12-06,2.1538
2018-12-07,2.1538
2018-12-10,2.1546
2018-12-11,2.155
2018-12-12,2.1553
2018-12-13,2.154
2018-12-14,2.1532
2018-12-17,2.1523
2018-12-18,2.1522
2018-12-19,2.1524
2018-12-20,2.1526
2018-12-21,2.1522
2018-12-24,2.1524
2018-12-25,2.1526
2018-12-26,2.1525
2018-12-27,2.1533
2018-12-28,2.1545
2018-12-31,2.1548
2019-01-02,2.1558
2019-01-03,2.1573
2019-01-04,2.1578
2019-01-07,2.1587
2019-01-08,2.1597
2019-01-09,2.1598
2019-01-10,2.1597
2019-01-11,2.1597
2019-01-14,2.1594
2019-01-15,2.1593
2019-01-16,2.1601
2019-01-17,2.1603
2019-01-18,2.1605
2019-01-21,2.1602
2019-01-22,2.1601
2019-01-23,2.16
2019-01-24,2.1605
2019-01-25,2.1603
2019-01-28,2.1601
2019-01-29,2.1602
2019-01-30,2.161
2019-01-31,2.1617
2019-02-01,2.1629
2019-02-11,2.1649
2019-02-12,2.1654
2019-02-13,2.1662
2019-02-14,2.1664
2019-02-15,2.1656
2019-02-18,2.1674
2019-02-19,2.1669
2019-02-20,2.1671
2019-02-21,2.1678
2019-02-22,2.1711
2019-02-25,2.1767
2019-02-26,2.1757
2019-02-27,2.1737
2019-02-28,2.1742
2019-03-01,2.1771
2019-03-04,2.18
2019-03-05,2.1816
2019-03-06,2.1827
2019-03-07,2.1815
2019-03-08,2.1749
2019-03-11,2.1787
2019-03-12,2.1813
2019-03-13,2.1778
2019-03-14,2.1761
2019-03-15,2.1776
2019-03-18,2.1817
2019-03-19,2.1814
2019-03-20,2.1821
2019-03-21,2.1834
2019-03-22,2.1833
2019-03-25,2.1793
2019-03-26,2.1759
2019-03-27,2.1764
2019-03-28,2.1753
2019-03-29,2.1803
2019-04-01,2.1848
2019-04-02,2.1845
2019-04-03,2.1858
2019-04-04,2.1872
2019-04-08,2.1866
2019-04-09,2.1849
2019-04-10,2.1842
2019-04-11,2.1812
2019-04-12,2.1803
2019-04-15,2.1784
2019-04-16,2.1808
2019-04-17,2.1795
2019-04-18,2.1795
2019-04-19,2.1802
2019-04-22,2.1762
2019-04-23,2.1748
2019-04-24,2.1747
2019-04-25,2.1709
2019-04-26,2.1697
2019-04-29,2.1682
2019-04-30,2.1696
2019-05-06,2.163
2019-05-07,2.1655
2019-05-08,2.1655
2019-05-09,2.1653
2019-05-10,2.17
2019-05-13,2.1687
2019-05-14,2.1686
2019-05-15,2.1714
2019-05-16,2.1717
2019-05-17,2.1689
2019-05-20,2.1683
2019-05-21,2.1697
2019-05-22,2.1702
2019-05-23,2.1682
2019-05-24,2.168
2019-05-27,2.1688
2019-05-28,2.1691
2019-05-29,2.1693
2019-05-30,2.1678
2019-05-31,2.1676
2019-06-03,2.1664
2019-06-04,2.165
2019-06-05,2.1648
2019-06-06,2.1636
2019-06-10,2.1648
2019-06-11,2.1671
2019-06-12,2.1664
2019-06-13,2.1662
2019-06-14,2.1653
2019-06-17,2.1655
2019-06-18,2.166
2019-06-19,2.167
2019-06-20,2.1697
2019-06-21,2.1707
2019-06-24,2.1708
2019-06-25,2.1703
2019-06-26,2.1707
2019-06-27,2.1712
2019-06-28,2.1709
2019-06-30,2.1711
2019-07-01,2.1732
2019-07-02,2.1743
2019-07-03,2.1742
2019-07-04,2.174
2019-07-05,2.174
2019-07-08,2.1727
2019-07-09,2.1728
2019-07-10,2.1728
2019-07-11,2.1725
2019-07-12,2.1735
2019-07-15,2.1742
2019-07-16,2.1741
2019-07-17,2.1745
2019-07-18,2.1743
2019-07-19,2.1748
2019-07-22,2.1748
2019-07-23,2.1751
2019-07-24,2.1757
2019-07-25,2.1768
2019-07-26,2.1779
2019-07-29,2.1782
2019-07-30,2.1791
2019-07-31,2.1792
2019-08-01,2.179
2019-08-02,2.1791
2019-08-05,2.1787
2019-08-06,2.1785
2019-08-07,2.1792
2019-08-08,2.1803
2019-08-09,2.1804
2019-08-12,2.1819
2019-08-13,2.1819
2019-08-14,2.182
2019-08-15,2.1825
2019-08-16,2.1829
2019-08-19,2.1847
2019-08-20,2.1848
2019-08-21,2.1838
2019-08-22,2.1837
2019-08-23,2.1848
2019-08-26,2.1848
2019-08-27,2.1854
2019-08-28,2.1856
2019-08-29,2.1849
2019-08-30,2.1844
2019-09-02,2.1854
2019-09-03,2.1859
2019-09-04,2.1863
2019-09-05,2.1882
2019-09-06,2.1888
2019-09-09,2.1901
2019-09-10,2.1894
2019-09-11,2.1887
2019-09-12,2.1885
2019-09-16,2.1882
2019-09-17,2.1862
2019-09-18,2.1863
2019-09-19,2.1875
2019-09-20,2.1885
2019-09-23,2.188
2019-09-24,2.1877
2019-09-25,2.1878
2019-09-26,2.1869
2019-09-27,2.1877
2019-09-30,2.1871
2019-10-08,2.1884
2019-10-09,2.1885
2019-10-10,2.1896
2019-10-11,2.1907
2019-10-14,2.192
2019-10-15,2.1914
2019-10-16,2.1906
2019-10-17,2.1905
2019-10-18,2.1896
2019-10-21,2.1891
2019-10-22,2.1891
2019-10-23,2.1889
2019-10-24,2.1889
2019-10-25,2.1896
2019-10-28,2.1893
2019-10-29,2.1892
2019-10-30,2.1872
2019-10-31,2.1864
2019-11-01,2.1879
2019-11-04,2.1883
2019-11-05,2.1899
2019-11-06,2.1896
2019-11-07,2.1898
2019-11-08,2.1897
2019-11-11,2.189
2019-11-12,2.1888
2019-11-13,2.189
2019-11-14,2.1896
2019-11-15,2.1892
2019-11-18,2.1908
2019-11-19,2.1927
2019-11-20,2.1921
2019-11-21,2.1919
2019-11-22,2.1909
2019-11-25,2.1911
2019-11-26,2.1915
2019-11-27,2.1912
2019-11-28,2.191
2019-11-29,2.1908
2019-12-02,2.1908
2019-12-03,2.1915
2019-12-04,2.1917
2019-12-05,2.1926
2019-12-06,2.1932
2019-12-09,2.1934
2019-12-10,2.1939
2019-12-11,2.1948
2019-12-12,2.195
2019-12-13,2.1967
2019-12-16,2.1986
2019-12-17,2.1994
2019-12-18,2.1996
2019-12-19,2.1994
2019-12-20,2.1995
2019-12-23,2.1988
2019-12-24,2.2004
2019-12-25,2.2006
2019-12-26,2.2027
2019-12-27,2.2026
2019-12-30,2.2039
2019-12-31,2.2053
2020-01-02,2.2076
2020-01-03,2.208
2020-01-06,2.21
2020-01-07,2.211
2020-01-08,2.2108
2020-01-09,2.2123
2020-01-10,2.2128
2020-01-13,2.2155
2020-01-14,2.2157
2020-01-15,2.2136
2020-01-16,2.213
2020-01-17,2.2136
2020-01-20,2.2163
2020-01-21,2.2153
2020-01-22,2.2171
2020-01-23,2.2138
2020-02-03,2.2092
2020-02-04,2.2139
2020-02-05,2.217
2020-02-06,2.2197
2020-02-07,2.2205
2020-02-10,2.2231
2020-02-11,2.2222
2020-02-12,2.227
2020-02-13,2.2263
2020-02-14,2.2257
2020-02-17,2.2302
2020-02-18,2.2321
2020-02-19,2.2315
2020-02-20,2.2344
2020-02-21,2.2366
2020-02-24,2.2396
2020-02-25,2.2403
2020-02-26,2.235
2020-02-27,2.2343
2020-02-28,2.2289
2020-03-02,2.2305
2020-03-03,2.2315
2020-03-04,2.2314
2020-03-05,2.2337
2020-03-06,2.2345
2020-03-09,2.2301
2020-03-10,2.2313
2020-03-11,2.2306
2020-03-12,2.2283
2020-03-13,2.2266
2020-03-16,2.2211
2020-03-17,2.2179
2020-03-18,2.2182
2020-03-19,2.2184
2020-03-20,2.2213
2020-03-23,2.2181
2020-03-24,2.2192
2020-03-25,2.2224
2020-03-26,2.2225
2020-03-27,2.2221
2020-03-30,2.221
2020-03-31,2.2217
2020-04-01,2.2226
2020-04-02,2.2237
2020-04-03,2.2229
2020-04-07,2.2283
2020-04-08,2.2304
2020-04-09,2.2311
2020-04-10,2.229
2020-04-13,2.2277
2020-04-14,2.2291
2020-04-15,2.2293
2020-04-16,2.2309
2020-04-17,2.2315
2020-04-20,2.232
2020-04-21,2.232
2020-04-22,2.2331
2020-04-23,2.2339
2020-04-24,2.2337
2020-04-27,2.2344
2020-04-28,2.2346
2020-04-29,2.2343
2020-04-30,2.2358
2020-05-06,2.2362
2020-05-07,2.234
2020-05-08,2.2341
2020-05-11,2.2321
2020-05-12,2.2313
2020-05-13,2.2309
2020-05-14,2.2291
2020-05-15,2.2295
2020-05-18,2.2276
2020-05-19,2.2277
2020-05-20,2.2265
2020-05-21,2.2255
2020-05-22,2.225
2020-05-25,2.223
2020-05-26,2.2237
2020-05-27,2.2228
2020-05-28,2.2225
2020-05-29,2.2241
2020-06-01,2.2269
2020-06-02,2.2259
2020-06-03,2.2243
2020-06-04,2.2232
2020-06-05,2.2207
2020-06-08,2.2202
2020-06-09,2.2208
2020-06-10,2.2213
2020-06-11,2.2209
2020-06-12,2.2215
2020-06-15,2.2216
2020-06-16,2.2236
2020-06-17,2.2233
2020-06-18,2.224
2020-06-19,2.225
2020-06-22,2.2239
2020-06-23,2.2226
2020-06-24,2.2233
2020-06-29,2.2228
2020-06-30,2.2245
2020-07-01,2.2264
2020-07-02,2.2302
2020-07-03,2.2331
2020-07-06,2.2385
2020-07-07,2.2394
2020-07-08,2.2409
2020-07-09,2.2431
2020-07-10,2.2408
2020-07-13,2.2473
2020-07-14,2.2424
2020-07-15,2.2391
2020-07-16,2.2298
2020-07-17,2.2312
2020-07-20,2.2376
2020-07-21,2.2397
2020-07-22,2.2422
2020-07-23,2.2433
2020-07-24,2.2353
2020-07-27,2.2349
2020-07-28,2.2374
2020-07-29,2.2423
2020-07-30,2.2431
2020-07-31,2.2462
2020-08-03,2.2509
2020-08-04,2.2495
2020-08-05,2.2522
2020-08-06,2.2507
2020-08-07,2.2483
2020-08-10,2.2479
2020-08-11,2.2442
2020-08-12,2.2399
2020-08-13,2.2404
2020-08-14,2.2424
2020-08-17,2.2465
2020-08-18,2.2491
2020-08-19,2.2466
2020-08-20,2.2429
2020-08-21,2.2441
2020-08-24,2.2461
2020-08-25,2.2459
2020-08-26,2.2417
2020-08-27,2.2423
2020-08-28,2.2462
2020-08-31,2.248
2020-09-01,2.2496
2020-09-02,2.2503
2020-09-03,2.2473
2020-09-04,2.2456
2020-09-07,2.2389
2020-09-08,2.2357
2020-09-09,2.2295
2020-09-10,2.2278
2020-09-11,2.2315
2020-09-14,2.2328
2020-09-15,2.2341
2020-09-16,2.2324
2020-09-17,2.2327
2020-09-18,2.2345
2020-09-21,2.2344
2020-09-22,2.2326
2020-09-23,2.2326
2020-09-24,2.2283
2020-09-25,2.2277
2020-09-28,2.2273
2020-09-29,2.2304
2020-09-30,2.2319
2020-10-09,2.2379
2020-10-12,2.243
2020-10-13,2.2455
2020-10-14,2.2457
2020-10-15,2.2436
2020-10-16,2.2421
2020-10-19,2.2382
2020-10-20,2.2407
2020-10-21,2.2372
2020-10-22,2.2366
2020-10-23,2.2327
2020-10-26,2.2344
2020-10-27,2.2374
2020-10-28,2.2382
2020-10-29,2.2391
2020-10-30,2.2341
2020-11-02,2.2349
2020-11-03,2.2368
2020-11-04,2.2374
2020-11-05,2.2415
2020-11-06,2.2394
2020-11-09,2.2431
2020-11-10,2.2422
2020-11-11,2.2403
2020-11-12,2.2403
2020-11-13,2.2385
2020-11-16,2.2393
2020-11-17,2.236
2020-11-18,2.2341
2020-11-19,2.2355
2020-11-20,2.2361
2020-11-23,2.2394
2020-11-24,2.2385
2020-11-25,2.2357
2020-11-26,2.2341
2020-11-27,2.235
2020-11-30,2.2361
2020-12-01,2.2393
2020-12-02,2.2391
2020-12-03,2.2377
2020-12-04,2.2381
2020-12-07,2.2378
2020-12-08,2.2373
2020-12-09,2.2348
2020-12-10,2.2349
2020-12-11,2.2321
2020-12-14,2.2335
2020-12-15,2.2329
2020-12-16,2.2325
2020-12-17,2.2339
2020-12-18,2.2341
2020-12-21,2.238
2020-12-22,2.2355
2020-12-23,2.2366
2020-12-24,2.2341
2020-12-25,2.2374
2020-12-28,2.2371
2020-12-29,2.2364
2020-12-30,2.2398
2020-12-31,2.2439
2021-01-04,2.2495
2021-01-05,2.2539
2021-01-06,2.2536
2021-01-07,2.2546
2021-01-08,2.2519
2021-01-11,2.2515
2021-01-12,2.2573
2021-01-13,2.2553
2021-01-14,2.2534
2021-01-15,2.2536
2021-01-18,2.2582
2021-01-19,2.2559
2021-01-20,2.2577
2021-01-21,2.2623
2021-01-22,2.2636
2021-01-25,2.2645
2021-01-26,2.2608
2021-01-27,2.2593
2021-01-28,2.2507
2021-01-29,2.2466
2021-02-01,2.2511
2021-02-02,2.254
2021-02-03,2.2524
2021-02-04,2.2498
2021-02-05,2.2462
2021-02-08,2.2507
2021-02-09,2.2584
2021-02-10,2.2626
2021-02-18,2.2637
2021-02-19,2.2649
2021-02-22,2.2636
2021-02-23,2.2603
2021-02-24,2.2534
2021-02-25,2.2524
2021-02-26,2.2478
2021-03-01,2.2517
2021-03-02,2.2511
2021-03-03,2.2547
2021-03-04,2.2495
2021-03-05,2.2484
2021-03-08,2.2432
2021-03-09,2.2408
2021-03-10,2.2421
2021-03-11,2.2464
2021-03-12,2.2463
2021-03-15,2.2447
2021-03-16,2.2453
2021-03-17,2.2461
2021-03-18,2.2486
2021-03-19,2.2461
2021-03-22,2.2479
2021-03-23,2.2442
2021-03-24,2.2385
2021-03-25,2.2394
2021-03-26,2.2422
2021-03-29,2.2436
2021-03-30,2.2443
2021-03-31,2.2423
2021-04-01,2.2438
2021-04-02,2.2452
2021-04-06,2.2448
2021-04-07,2.245
2021-04-08,2.246
2021-04-09,2.2442
2021-04-12,2.2406
2021-04-13,2.2407
2021-04-14,2.2422
2021-04-15,2.2428
2021-04-16,2.2439
2021-04-19,2.2483
2021-04-20,2.2496
2021-04-21,2.2492
2021-04-22,2.2499
2021-04-23,2.251
2021-04-26,2.2509
2021-04-27,2.2511
2021-04-28,2.2524
2021-04-29,2.2533
2021-04-30,2.2533
2021-05-06,2.2545
2021-05-07,2.2535
2021-05-10,2.255
2021-05-11,2.2523
2021-05-12,2.2532
2021-05-13,2.2503
2021-05-14,2.252
2021-05-17,2.254
2021-05-18,2.2549
2021-05-19,2.255
2021-05-20,2.2542
2021-05-21,2.2545
2021-05-24,2.2554
2021-05-25,2.2574
2021-05-26,2.258
2021-05-27,2.2605
2021-05-28,2.26
2021-05-31,2.2633
2021-06-01,2.2647
2021-06-02,2.2629
2021-06-03,2.2635
2021-06-04,2.2636
2021-06-07,2.2633
2021-06-08,2.2608
2021-06-09,2.2606
2021-06-10,2.2632
2021-06-11,2.262
2021-06-15,2.2595
2021-06-16,2.2543
2021-06-17,2.2556
2021-06-18,2.2577
2021-06-21,2.2609
2021-06-22,2.2626
2021-06-23,2.2637
2021-06-24,2.2635
2021-06-25,2.2653
2021-06-28,2.266
2021-06-29,2.2642
2021-06-30,2.2646
2021-07-01,2.2624
2021-07-02,2.2606
2021-07-05,2.2619
2021-07-06,2.2632
2021-07-07,2.2676
2021-07-08,2.27
2021-07-09,2.2731
2021-07-12,2.2792
2021-07-13,2.2824
2021-07-14,2.2801
2021-07-15,2.2805
2021-07-16,2.2811
2021-07-19,2.2797
2021-07-20,2.2795
2021-07-21,2.2863
2021-07-22,2.2894
2021-07-23,2.2899
2021-07-26,2.2876
2021-07-27,2.2822
2021-07-28,2.2782
2021-07-29,2.2861
2021-07-30,2.2885
2021-08-02,2.2959
2021-08-03,2.2907
2021-08-04,2.2968
2021-08-05,2.2966
2021-08-06,2.2983
2021-08-09,2.2953
2021-08-10,2.2973
2021-08-11,2.3008
2021-08-12,2.3037
2021-08-13,2.3057
2021-08-16,2.3022
2021-08-17,2.296
2021-08-18,2.293
2021-08-19,2.2935
2021-08-20,2.2932
2021-08-23,2.2982
2021-08-24,2.3029
2021-08-25,2.3059
2021-08-26,2.3054
2021-08-27,2.313
2021-08-30,2.3199
2021-08-31,2.3225
2021-09-01,2.3153
2021-09-02,2.3234
2021-09-03,2.3201
2021-09-06,2.323
2021-09-07,2.3315
2021-09-08,2.3309
2021-09-09,2.3329
2021-09-10,2.3325
2021-09-13,2.3357
2021-09-14,2.3323
2021-09-15,2.3331
2021-09-16,2.3216
2021-09-17,2.3226
2021-09-22,2.3262
2021-09-23,2.3261
2021-09-24,2.3193
2021-09-27,2.31
2021-09-28,2.3116
2021-09-29,2.3043
2021-09-30,2.3103
2021-10-08,2.3082
2021-10-11,2.3073
2021-10-12,2.3011
2021-10-13,2.3017
2021-10-14,2.3044
2021-10-15,2.3068
2021-10-18,2.3111
2021-10-19,2.3146
2021-10-20,2.3142
2021-10-21,2.3142
2021-10-22,2.3105
2021-10-25,2.3128
2021-10-26,2.3143
2021-10-27,2.3147
2021-10-28,2.3119
2021-10-29,2.3143
2021-11-01,2.3182
2021-11-02,2.3162
2021-11-03,2.3161
2021-11-04,2.3226
2021-11-05,2.3185
2021-11-08,2.3199
2021-11-09,2.3214
2021-11-10,2.3206
2021-11-11,2.3224
2021-11-12,2.3261
2021-11-15,2.325
2021-11-16,2.3222
2021-11-17,2.3262
2021-11-18,2.3282
2021-11-19,2.3317
2021-11-22,2.3369
2021-11-23,2.3359
2021-11-24,2.3359
2021-11-25,2.3356
2021-11-26,2.3371
2021-11-29,2.3429
2021-11-30,2.344
2021-12-01,2.3445
2021-12-02,2.3447
2021-12-03,2.3484
2021-12-06,2.3436
2021-12-07,2.3369
2021-12-08,2.3399
2021-12-09,2.3401
2021-12-10,2.3417
2021-12-13,2.3441
2021-12-14,2.3421
2021-12-15,2.3432
2021-12-16,2.344
2021-12-17,2.3435
2021-12-20,2.3385
2021-12-21,2.3416
2021-12-22,2.3434
2021-12-23,2.3467
2021-12-24,2.3429
2021-12-27,2.3418
2021-12-28,2.3424
2021-12-29,2.3422
2021-12-30,2.3431
2021-12-31,2.3451
2022-01-04,2.3434
2022-01-05,2.339
2022-01-06,2.34
2022-01-07,2.3383
2022-01-10,2.3383
2022-01-11,2.3362
2022-01-12,2.3388
2022-01-13,2.3362
2022-01-14,2.3364
2022-01-17,2.3386
2022-01-18,2.3398
2022-01-19,2.3399
2022-01-20,2.3382
2022-01-21,2.3371
2022-01-24,2.3397
2022-01-25,2.3365
2022-01-26,2.3383
2022-01-27,2.3366
2022-01-28,2.3376
2022-02-07,2.341
2022-02-08,2.3405
2022-02-09,2.3434
2022-02-10,2.3433
2022-02-11,2.34
2022-02-14,2.3337
2022-02-15,2.3331
2022-02-16,2.3344
2022-02-17,2.3357
2022-02-18,2.3365
2022-02-21,2.3365
2022-02-22,2.3348
2022-02-23,2.3375
2022-02-24,2.3364
2022-02-25,2.3383
2022-02-28,2.3388
2022-03-01,2.3386
2022-03-02,2.337
2022-03-03,2.3341
2022-03-04,2.3314
2022-03-07,2.3268
2022-03-08,2.3235
2022-03-09,2.3218
2022-03-10,2.3227
2022-03-11,2.3232
2022-03-14,2.3228
2022-03-15,2.32
2022-03-16,2.3219
2022-03-17,2.323
2022-03-18,2.3234
2022-03-21,2.3236
2022-03-22,2.323
2022-03-23,2.323
2022-03-24,2.3219
2022-03-25,2.3208
2022-03-28,2.3206
2022-03-29,2.3205
2022-03-30,2.3225
2022-03-31,2.3219
2022-04-01,2.3231
2022-04-06,2.3233
2022-04-07,2.3229
2022-04-08,2.3235
2022-04-11,2.3219
2022-04-12,2.3221
2022-04-13,2.3217
2022-04-14,2.3226
2022-04-15,2.3224
2022-04-18,2.3226
2022-04-19,2.3228
2022-04-20,2.3217
2022-04-21,2.3207
2022-04-22,2.3211
2022-04-25,2.3195
2022-04-26,2.3196
2022-04-27,2.3214
2022-04-28,2.3216
2022-04-29,2.3237
2022-05-05,2.3246
2022-05-06,2.3238
2022-05-09,2.3243
2022-05-10,2.3259
2022-05-11,2.3269
2022-05-12,2.3272
2022-05-13,2.3277
2022-05-16,2.3277
2022-05-17,2.3286
2022-05-18,2.3289
2022-05-19,2.33
2022-05-20,2.3308
2022-05-23,2.3318
2022-05-24,2.3298
2022-05-25,2.3309
2022-05-26,2.3322
2022-05-27,2.3324
2022-05-30,2.3323
2022-05-31,2.3322
2022-06-01,2.3317
2022-06-02,2.3325
2022-06-06,2.3333
2022-06-07,2.3325
2022-06-08,2.3329
2022-06-09,2.3323
2022-06-10,2.3349
2022-06-13,2.3349
2022-06-14,2.3346
2022-06-15,2.3343
2022-06-16,2.3356
2022-06-17,2.3384
2022-06-20,2.339
2022-06-21,2.3375
2022-06-22,2.3368
2022-06-23,2.3396
2022-06-24,2.3421
2022-06-27,2.3429
2022-06-28,2.3434
2022-06-29,2.3406
2022-06-30,2.3426
2022-07-01,2.343
2022-07-04,2.344
2022-07-05,2.3439
2022-07-06,2.3429
2022-07-07,2.3454
2022-07-08,2.344
2022-07-11,2.3431
2022-07-12,2.3437
2022-07-13,2.3459
2022-07-14,2.3505
2022-07-15,2.3512
2022-07-18,2.3544
2022-07-19,2.3538
2022-07-20,2.3573
2022-07-21,2.3573
2022-07-22,2.3583
2022-07-25,2.3552
2022-07-26,2.3581
2022-07-27,2.3605
2022-07-28,2.3616
2022-07-29,2.3635
2022-08-01,2.3652
2022-08-02,2.3627
2022-08-03,2.3611
2022-08-04,2.3612
2022-08-05,2.3612
2022-08-08,2.3646
2022-08-09,2.3653
2022-08-10,2.3642
2022-08-11,2.3646
2022-08-12,2.3638
2022-08-15,2.3661
2022-08-16,2.3689
2022-08-17,2.3684
2022-08-18,2.368
2022-08-19,2.3627
2022-08-22,2.3636
2022-08-23,2.3634
2022-08-24,2.3553
2022-08-25,2.3534
2022-08-26,2.3518
2022-08-29,2.3524
2022-08-30,2.3509
2022-08-31,2.344
2022-09-01,2.3443
2022-09-02,2.3467
2022-09-05,2.3494
2022-09-06,2.3543
2022-09-07,2.3574
2022-09-08,2.3548
2022-09-09,2.3536
2022-09-13,2.3534
2022-09-14,2.3511
2022-09-15,2.3451
2022-09-16,2.343
2022-09-19,2.3417
2022-09-20,2.3442
2022-09-21,2.3447
2022-09-22,2.3448
2022-09-23,2.3427
2022-09-26,2.3419
2022-09-27,2.3426
2022-09-28,2.3389
2022-09-29,2.339
2022-09-30,2.3373
2022-10-10,2.3361
2022-10-11,2.3381
2022-10-12,2.3416
2022-10-13,2.343
2022-10-14,2.3449
2022-10-17,2.3448
2022-10-18,2.3453
2022-10-19,2.3443
2022-10-20,2.3423
2022-10-21,2.3424
2022-10-24,2.3415
2022-10-25,2.3412
2022-10-26,2.3432
2022-10-27,2.3428
2022-10-28,2.3399
2022-10-31,2.3395
2022-11-01,2.3407
2022-11-02,2.3426
2022-11-03,2.3428
2022-11-04,2.3446
2022-11-07,2.3443
2022-11-08,2.3434
2022-11-09,2.3426
2022-11-10,2.3405
2022-11-11,2.3414
2022-11-14,2.3366
2022-11-15,2.3366
2022-11-16,2.333
2022-11-17,2.3301
2022-11-18,2.3289
2022-11-21,2.3298
2022-11-22,2.3289
2022-11-23,2.3291
2022-11-24,2.3308
2022-11-25,2.3297
2022-11-28,2.3287
2022-11-29,2.3292
2022-11-30,2.329
2022-12-01,2.3306
2022-12-02,2.3305
2022-12-05,2.3312
2022-12-06,2.3301
2022-12-07,2.3284
2022-12-08,2.3268
2022-12-09,2.3267
2022-12-12,2.3251
2022-12-13,2.3211
2022-12-14,2.3202
2022-12-15,2.3207
2022-12-16,2.3183
2022-12-19,2.3167
2022-12-20,2.316
2022-12-21,2.3155
2022-12-22,2.3139
2022-12-23,2.314
2022-12-26,2.3176
2022-12-27,2.3207
2022-12-28,2.3197
2022-12-29,2.3193
2022-12-30,2.32
2022-12-31,2.32
2023-01-03,2.3229
2023-01-04,2.3243
2023-01-05,2.3275
2023-01-06,2.3288
2023-01-09,2.3305
2023-01-10,2.3299
2023-01-11,2.3292
2023-01-12,2.3293
2023-01-13,2.3297
2023-01-16,2.3317
2023-01-17,2.333
2023-01-18,2.3343
2023-01-19,2.3354
2023-01-20,2.3374
2023-01-30,2.3407
2023-01-31,2.3402
2023-02-01,2.3428
2023-02-02,2.3441
2023-02-03,2.3428
2023-02-06,2.3384
2023-02-07,2.3394
2023-02-08,2.339
2023-02-09,2.3424
2023-02-10,2.342
2023-02-13,2.344
2023-02-14,2.3446
2023-02-15,2.3434
2023-02-16,2.34
2023-02-17,2.3368
2023-02-20,2.3412
2023-02-21,2.3422
2023-02-22,2.3417
2023-02-23,2.3415
2023-02-24,2.3408
2023-02-27,2.3396
2023-02-28,2.3404
2023-03-01,2.3428
2023-03-02,2.3415
2023-03-03,2.3418
2023-03-06,2.3427
2023-03-07,2.3393
2023-03-08,2.3388
2023-03-09,2.3388
2023-03-10,2.3359
2023-03-13,2.3375
2023-03-14,2.3369
2023-03-15,2.3388
2023-03-16,2.3356
2023-03-17,2.3363
2023-03-20,2.3365
2023-03-21,2.3398
2023-03-22,2.3416
2023-03-23,2.3416
2023-03-24,2.3404
2023-03-27,2.3402
2023-03-28,2.3396
2023-03-29,2.3391
2023-03-30,2.3397
2023-03-31,2.3422
2023-04-03,2.3443
2023-04-04,2.3432
2023-04-06,2.3449
2023-04-07,2.3479
2023-04-10,2.3469
2023-04-11,2.3451
2023-04-12,2.3457
2023-04-13,2.3438
2023-04-14,2.3466
2023-04-17,2.3482
2023-04-18,2.3482
2023-04-19,2.3472
2023-04-20,2.3445
2023-04-21,2.34
2023-04-24,2.3366
2023-04-25,2.3357
2023-04-26,2.3394
2023-04-27,2.3423
2023-04-28,2.344
2023-05-04,2.3434
2023-05-05,2.3403
2023-05-08,2.3416
2023-05-09,2.3383
2023-05-10,2.3388
2023-05-11,2.3398
2023-05-12,2.3357
2023-05-15,2.338
2023-05-16,2.3383
2023-05-17,2.3397
2023-05-18,2.3403
2023-05-19,2.3408
2023-05-22,2.3414
2023-05-23,2.3406
2023-05-24,2.3396
2023-05-25,2.3389
2023-05-26,2.3405
2023-05-29,2.3401
2023-05-30,2.3397
2023-05-31,2.3393
2023-06-01,2.3397
2023-06-02,2.3426
2023-06-05,2.3415
2023-06-06,2.3395
2023-06-07,2.3388
2023-06-08,2.3388
2023-06-09,2.3405
2023-06-12,2.3424
2023-06-13,2.3427
2023-06-14,2.3433
2023-06-15,2.3459
2023-06-16,2.347
2023-06-19,2.3448
2023-06-20,2.345
2023-06-21,2.343
2023-06-26,2.3409
2023-06-27,2.3427
2023-06-28,2.3426
2023-06-29,2.3432
2023-06-30,2.3447
2023-07-03,2.3467
2023-07-04,2.3469
2023-07-05,2.3462
2023-07-06,2.3461
2023-07-07,2.3457
2023-07-10,2.3452
2023-07-11,2.3468
2023-07-12,2.3452
2023-07-13,2.3469
2023-07-14,2.3463
2023-07-17,2.3459
2023-07-18,2.3465
2023-07-19,2.3462
2023-07-20,2.3449
2023-07-21,2.3443
2023-07-24,2.3435
2023-07-25,2.3467
2023-07-26,2.3458
2023-07-27,2.3454
2023-07-28,2.3477
2023-07-31,2.3488
2023-08-01,2.3471
2023-08-02,2.348
2023-08-03,2.3489
2023-08-04,2.3501
2023-08-07,2.3489
2023-08-08,2.3486
2023-08-09,2.3478
2023-08-10,2.3486
2023-08-11,2.3472
2023-08-14,2.3465
2023-08-15,2.3461
2023-08-16,2.3451
2023-08-17,2.3474
2023-08-18,2.3461
2023-08-21,2.3446
2023-08-22,2.3433
2023-08-23,2.3408
2023-08-24,2.3422
2023-08-25,2.3398
2023-08-28,2.3404
2023-08-29,2.3446
2023-08-30,2.3458
2023-08-31,2.3458
2023-09-01,2.346
2023-09-04,2.3483
2023-09-05,2.3474
2023-09-06,2.3465
2023-09-07,2.3407
2023-09-08,2.3387
2023-09-11,2.3397
2023-09-12,2.34
2023-09-13,2.3378
2023-09-14,2.3367
2023-09-15,2.337
2023-09-18,2.3377
2023-09-19,2.3363
2023-09-20,2.3356
2023-09-21,2.3347
2023-09-22,2.3375
2023-09-25,2.3362
2023-09-26,2.3358
2023-09-27,2.3375
2023-09-28,2.3407
2023-10-09,2.3405
2023-10-10,2.3392
2023-10-11,2.3372
2023-10-12,2.3387
2023-10-13,2.3381
2023-10-16,2.3348
2023-10-17,2.3336
2023-10-18,2.3295
2023-10-19,2.3258
2023-10-20,2.3245
2023-10-23,2.3219
2023-10-24,2.3245
2023-10-25,2.326
2023-10-26,2.3259
2023-10-27,2.3297
2023-10-30,2.3314
2023-10-31,2.3299
2023-11-01,2.3287
2023-11-02,2.3283
2023-11-03,2.3301
2023-11-06,2.3325
2023-11-07,2.3332
2023-11-08,2.3323
2023-11-09,2.3326
2023-11-10,2.3319
2023-11-13,2.3322
2023-11-14,2.3332
2023-11-15,2.336
2023-11-16,2.3331
2023-11-17,2.3331
2023-11-20,2.334
2023-11-21,2.333
2023-11-22,2.3296
2023-11-23,2.3294
2023-11-24,2.3279
2023-11-27,2.3279
2023-11-28,2.3287
2023-11-29,2.3279
2023-11-30,2.3269
2023-12-01,2.3276
2023-12-04,2.3269
2023-12-05,2.3248
2023-12-06,2.3247
2023-12-07,2.3252
2023-12-08,2.3259
2023-12-11,2.3268
2023-12-12,2.3265
2023-12-13,2.3257
2023-12-14,2.3257
2023-12-15,2.3254
2023-12-18,2.3246
2023-12-19,2.324
2023-12-20,2.3236
2023-12-21,2.3243
2023-12-22,2.3249
2023-12-25,2.3248
2023-12-26,2.3247
2023-12-27,2.3256
2023-12-28,2.3274
2023-12-29,2.3291
2023-12-31,2.3291
2024-01-02,2.3292
2024-01-03,2.3282
2024-01-04,2.3281
2024-01-05,2.3281
2024-01-08,2.3275
2024-01-09,2.3281
2024-01-10,2.3283
2024-01-11,2.3289
2024-01-12,2.3291
2024-01-15,2.3285
2024-01-16,2.328
2024-01-17,2.3275
2024-01-18,2.3276
2024-01-19,2.3279
2024-01-22,2.3274
2024-01-23,2.3276
2024-01-24,2.3275
2024-01-25,2.3293
2024-01-26,2.3297
2024-01-29,2.3292
2024-01-30,2.329
2024-01-31,2.3287
2024-02-01,2.3289
2024-02-02,2.3289
2024-02-05,2.3283
2024-02-06,2.3292
2024-02-07,2.3301
2024-02-08,2.3322
2024-02-19,2.3331
2024-02-20,2.3347
2024-02-21,2.3359
2024-02-22,2.3367
2024-02-23,2.3378
2024-02-26,2.3383
2024-02-27,2.3395
2024-02-28,2.3354
2024-02-29,2.3375
2024-03-01,2.3378
2024-03-04,2.3369
2024-03-05,2.3359
2024-03-06,2.3369
2024-03-07,2.3364
2024-03-08,2.3366
2024-03-11,2.3371
2024-03-12,2.3369
2024-03-13,2.337
2024-03-14,2.3363
2024-03-15,2.3367
2024-03-18,2.3382
2024-03-19,2.3386
2024-03-20,2.3393
2024-03-21,2.3396
2024-03-22,2.3387
2024-03-25,2.3379
2024-03-26,2.3374
2024-03-27,2.337
2024-03-28,2.3373
2024-03-29,2.3381
2024-04-01,2.3389
2024-04-02,2.3398
2024-04-03,2.3411
2024-04-08,2.3413
2024-04-09,2.3428
2024-04-10,2.3426
2024-04-11,2.3436
2024-04-12,2.3448
2024-04-15,2.3449
2024-04-16,2.3435
2024-04-17,2.3456
2024-04-18,2.3468
2024-04-19,2.347
2024-04-22,2.3467
2024-04-23,2.3466
2024-04-24,2.3452
2024-04-25,2.3455
2024-04-26,2.3454
2024-04-29,2.3455
2024-04-30,2.3472
2024-05-06,2.3495
2024-05-07,2.3512
2024-05-08,2.3507
2024-05-09,2.3519
2024-05-10,2.3523
2024-05-13,2.3523
2024-05-14,2.3526
2024-05-15,2.3519
2024-05-16,2.3515
2024-05-17,2.3519
2024-05-20,2.3535
2024-05-21,2.3529
2024-05-22,2.3534
2024-05-23,2.3521
2024-05-24,2.352
2024-05-27,2.3526
2024-05-28,2.3527
2024-05-29,2.3536
2024-05-30,2.3537
2024-05-31,2.3535
2024-06-03,2.3524
2024-06-04,2.3534
2024-06-05,2.3528
2024-06-06,2.3522
2024-06-07,2.3522
2024-06-11,2.3526
2024-06-12,2.3536
2024-06-13,2.353
2024-06-14,2.3532
2024-06-17,2.3521
2024-06-18,2.3523
2024-06-19,2.3516
2024-06-20,2.3501
2024-06-21,2.3483
2024-06-24,2.3454
2024-06-25,2.3464
2024-06-26,2.3488
2024-06-27,2.3488
2024-06-28,2.3496
2024-06-30,2.3497
2024-07-01,2.3493
2024-07-02,2.3496
2024-07-03,2.349
2024-07-04,2.3477
2024-07-05,2.3477
2024-07-08,2.3458
2024-07-09,2.3467
2024-07-10,2.3462
2024-07-11,2.3471
2024-07-12,2.3471
2024-07-15,2.3462
2024-07-16,2.3457
2024-07-17,2.3449
2024-07-18,2.345
2024-07-19,2.3454
2024-07-22,2.345
2024-07-23,2.3442
2024-07-24,2.3428
2024-07-25,2.3436
2024-07-26,2.3454
2024-07-29,2.346
2024-07-30,2.3463
2024-07-31,2.3478
2024-08-01,2.3486
2024-08-02,2.3488
2024-08-05,2.348
2024-08-06,2.348
2024-08-07,2.3485
2024-08-08,2.3471
2024-08-09,2.3461
2024-08-12,2.3446
2024-08-13,2.345
2024-08-14,2.3451
2024-08-15,2.3439
2024-08-16,2.343
2024-08-19,2.3437
2024-08-20,2.343
2024-08-21,2.343
2024-08-22,2.3428
2024-08-23,2.3427
2024-08-26,2.343
2024-08-27,2.3423
2024-08-28,2.3424
2024-08-29,2.3427
2024-08-30,2.3435
2024-09-02,2.3442
2024-09-03,2.3445
2024-09-04,2.3447
2024-09-05,2.3451
2024-09-06,2.3452
2024-09-09,2.345
2024-09-10,2.345
2024-09-11,2.3453
2024-09-12,2.3455
2024-09-13,2.3459
2024-09-18,2.3463
2024-09-19,2.3464
2024-09-20,2.3463
2024-09-23,2.3465
2024-09-24,2.3473
2024-09-25,2.3482
2024-09-26,2.3498
2024-09-27,2.3485
2024-09-30,2.3534
2024-10-08,2.3579
2024-10-09,2.3461
2024-10-10,2.3476
2024-10-11,2.345
2024-10-14,2.351
2024-10-15,2.3499
2024-10-16,2.3521
2024-10-17,2.352
2024-10-18,2.3555
2024-10-21,2.3575
2024-10-22,2.357
2024-10-23,2.3576
2024-10-24,2.3543
2024-10-25,2.3568
2024-10-28,2.3579
2024-10-29,2.3552
2024-10-30,2.354
2024-10-31,2.3554
2024-11-01,2.3571
2024-11-04,2.3598
2024-11-05,2.3628
2024-11-06,2.3631
2024-11-07,2.3663
2024-11-08,2.3647
2024-11-11,2.3685
2024-11-12,2.3671
2024-11-13,2.367
2024-11-14,2.3642
2024-11-15,2.3619
2024-11-18,2.3597
2024-11-19,2.362
2024-11-20,2.3642
2024-11-21,2.3649
2024-11-22,2.3624
2024-11-25,2.3626
2024-11-26,2.3623
2024-11-27,2.3652
2024-11-28,2.3667
2024-11-29,2.3702
2024-12-02,2.374
2024-12-03,2.3742
2024-12-04,2.3732
2024-12-05,2.375
2024-12-06,2.3776
2024-12-09,2.3784
2024-12-10,2.3833
2024-12-11,2.3876
2024-12-12,2.3892
2024-12-13,2.3886
2024-12-16,2.3861
2024-12-17,2.3828
2024-12-18,2.3847
2024-12-19,2.3844
2024-12-20,2.3867
2024-12-23,2.3842
2024-12-24,2.3854
2024-12-25,2.3841
2024-12-26,2.3853
2024-12-27,2.3871
2024-12-30,2.3873
2024-12-31,2.3857
2025-01-02,2.3844
2025-01-03,2.384
2025-01-06,2.3837
2025-01-07,2.3857
2025-01-08,2.3855
2025-01-09,2.3853
2025-01-10,2.3847
2025-01-13,2.3838
2025-01-14,2.3876
2025-01-15,2.3881
2025-01-16,2.3879
2025-01-17,2.3886
2025-01-20,2.3901
2025-01-21,2.3919
2025-01-22,2.3909
2025-01-23,2.3907
2025-01-24,2.3925
2025-01-27,2.3923
2025-02-05,2.3936
2025-02-06,2.3972
2025-02-07,2.3991
2025-02-10,2.3996
2025-02-11,2.3986
2025-02-12,2.3997
2025-02-13,2.3994
2025-02-14,2.4007
2025-02-17,2.3994
2025-02-18,2.3974
2025-02-19,2.401
2025-02-20,2.4015
2025-02-21,2.4025
2025-02-24,2.4016
2025-02-25,2.3999
2025-02-26,2.4024
2025-02-27,2.3996
2025-02-28,2.3955
2025-03-03,2.394
2025-03-04,2.3951
2025-03-05,2.3971
2025-03-06,2.3993
2025-03-07,2.3981
2025-03-10,2.3972
2025-03-11,2.3947
2025-03-12,2.3953
2025-03-13,2.3934
2025-03-14,2.3968
2025-03-17,2.3962
2025-03-18,2.3966
2025-03-19,2.395
2025-03-20,2.3953
2025-03-21,2.3914
2025-03-24,2.3899
2025-03-25,2.3913
2025-03-26,2.3932
2025-03-27,2.3932
2025-03-28,2.3917
2025-03-31,2.3898
2025-04-01,2.391
2025-04-02,2.3927
2025-04-03,2.3922
2025-04-07,2.3831
2025-04-08,2.3831
2025-04-09,2.3856
2025-04-10,2.3886
2025-04-11,2.3876
2025-04-14,2.3881
2025-04-15,2.3872
2025-04-16,2.3856
2025-04-17,2.3856
2025-04-18,2.3858
2025-04-21,2.387
2025-04-22,2.3878
2025-04-23,2.3893
2025-04-24,2.3879
2025-04-25,2.3886
2025-04-28,2.3874
2025-04-29,2.389
2025-04-30,2.3902
2025-05-06,2.3922
2025-05-07,2.3919
2025-05-08,2.3938
2025-05-09,2.3932
2025-05-12,2.3941
2025-05-13,2.3947
2025-05-14,2.3942
2025-05-15,2.393
2025-05-16,2.3936
2025-05-19,2.3942
2025-05-20,2.3946
2025-05-21,2.3954
2025-05-22,2.3942
2025-05-23,2.3931
2025-05-26,2.3923
2025-05-27,2.3913
2025-05-28,2.3912
2025-05-29,2.3924
2025-05-30,2.3927
2025-06-03,2.3932
2025-06-04,2.3948
2025-06-05,2.3958
2025-06-06,2.3963
2025-06-09,2.3972
2025-06-10,2.3958
2025-06-11,2.3972
2025-06-12,2.3971
2025-06-13,2.3952
2025-06-16,2.396
2025-06-17,2.3963
2025-06-18,2.3964
2025-06-19,2.3952
2025-06-20,2.3951
2025-06-23,2.3963
2025-06-24,2.3981
2025-06-25,2.3999
2025-06-26,2.3995
2025-06-27,2.3994
2025-06-30,2.4001
2025-07-01,2.402
2025-07-02,2.4015
2025-07-03,2.4036
2025-07-04,2.4036
2025-07-07,2.4023
2025-07-08,2.4043
2025-07-09,2.4031
2025-07-10,2.4037
2025-07-11,2.4035
2025-07-14,2.402
2025-07-15,2.4011
2025-07-16,2.402
2025-07-17,2.4041
2025-07-18,2.4053
2025-07-21,2.4071
2025-07-22,2.4081
2025-07-23,2.4075
2025-07-24,2.4084
2025-07-25,2.4084
2025-07-28,2.4067
2025-07-29,2.4059
2025-07-30,2.4064
2025-07-31,2.4043
2025-08-01,2.4053
2025-08-04,2.4073
2025-08-05,2.4103
2025-08-06,2.4122
2025-08-07,2.4122
2025-08-08,2.4129
2025-08-11,2.4139
2025-08-12,2.4129
2025-08-13,2.4139
2025-08-14,2.4121
2025-08-15,2.4132
2025-08-18,2.4139
2025-08-19,2.415
2025-08-20,2.4162
2025-08-21,2.4175
2025-08-22,2.4201
2025-08-25,2.4208
2025-08-26,2.421
2025-08-27,2.4132
2025-08-28,2.4133
2025-08-29,2.4123
2025-09-01,2.41
2025-09-02,2.4085
2025-09-03,2.4098
2025-09-04,2.4098
2025-09-05,2.4167
2025-09-08,2.4188
2025-09-09,2.4154
2025-09-10,2.4122
2025-09-11,2.4158
2025-09-12,2.4165
2025-09-15,2.4145
2025-09-16,2.4142
2025-09-17,2.416
2025-09-18,2.4132
2025-09-19,2.4114
2025-09-22,2.411
2025-09-23,2.4111
2025-09-24,2.4136
2025-09-25,2.4151
2025-09-26,2.4142
2025-09-29,2.4169
2025-09-30,2.4185
2025-10-09,2.42
2025-10-10,2.419
2025-10-13,2.4178
2025-10-14,2.4146
2025-10-15,2.4161
2025-10-16,2.4141
2025-10-17,2.4118
2025-10-20,2.4125
2025-10-21,2.4156
2025-10-22,2.4151
2025-10-23,2.4154
2025-10-24,2.4175
2025-10-27,2.4202
2025-10-28,2.4197
2025-10-29,2.422
2025-10-30,2.4195
2025-10-31,2.4209
2025-11-03,2.4219
2025-11-04,2.4198
2025-11-05,2.4217
2025-11-06,2.4238
2025-11-07,2.4229
2025-11-10,2.4234
2025-11-11,2.423
2025-11-12,2.4217
2025-11-13,2.4245
2025-11-14,2.4232
2025-11-17,2.4218
2025-11-18,2.4209
2025-11-19,2.4215
2025-11-20,2.4205
2025-11-21,2.4178
2025-11-24,2.4188
2025-11-25,2.4193
2025-11-26,2.4168
2025-11-27,2.415
2025-11-28,2.4166
2025-12-01,2.417
2025-12-02,2.4158
2025-12-03,2.4153
2025-12-04,2.4141
2025-12-05,2.4165
2025-12-08,2.4171
2025-12-09,2.4159
2025-12-10,2.4173
2025-12-11,2.4162
2025-12-12,2.4166
2025-12-15,2.4155
2025-12-16,2.4134
2025-12-17,2.4168
2025-12-18,2.4173
2025-12-19,2.4191
2025-12-22,2.4207
2025-12-23,2.4198
2025-12-24,2.4217
2025-12-25,2.4238
2025-12-26,2.4231
2025-12-29,2.4217
2025-12-30,2.4224
2025-12-31,2.4229
2026-01-05,2.4269
2026-01-06,2.4305
2026-01-07,2.4305
2026-01-08,2.4327
2026-01-09,2.4358
2026-01-12,2.4384
2026-01-13,2.4354
2026-01-14,2.4361
2026-01-15,2.4381
2026-01-16,2.4411
2026-01-19,2.4432
2026-01-20,2.4419
2026-01-21,2.4458
2026-01-22,2.4491
2026-01-23,2.4536
2026-01-26,2.4498
2026-01-27,2.451
2026-01-28,2.4528
2026-01-29,2.4512
2026-01-30,2.4465
2026-02-02,2.44
2026-02-03,2.4475
2026-02-04,2.4478
2026-02-05,2.4451
2026-02-06,2.449
2026-02-09,2.4545
2026-02-10,2.4537
2026-02-11,2.4548
2026-02-12,2.456
2026-02-13,2.4542
2026-02-24,2.4572
2026-02-25,2.459
2026-02-26,2.4544
2026-02-27,2.4537
2026-03-02,2.4518
2026-03-03,2.4463
2026-03-04,2.4466
2026-03-05,2.4457
2026-03-06,2.4472
2026-03-09,2.445
2026-03-10,2.4479
2026-03-11,2.4484
2026-03-12,2.4468
2026-03-13,2.4455
2026-03-16,2.444
2026-03-17,2.4411
2026-03-18,2.4434
2026-03-19,2.4394
2026-03-20,2.4374
2026-03-23,2.436
2026-03-24,2.441
2026-03-25,2.4438
2026-03-26,2.4409
2026-03-27,2.4424
2026-03-30,2.4411
2026-03-31,2.4385
2026-04-01,2.4429
2026-04-02,2.4408
2026-04-03,2.4411
2026-04-07,2.4425
2026-04-08,2.4489
2026-04-09,2.4487
2026-04-10,2.4485
2026-04-13,2.4478
2026-04-14,2.4496
2026-04-15,2.4503
2026-04-16,2.4543
2026-04-17,2.4563
2026-04-20,2.4549
2026-04-21,2.4567
2026-04-22,2.4585
2026-04-23,2.4563
2026-04-24,2.4561
2026-04-27,2.4561
2026-04-28,2.4535
2026-04-29,2.4572
2026-04-30,2.4576
2026-05-06,2.4606
2026-05-07,2.4627
2026-05-08,2.4631
2026-05-11,2.4645
2026-05-12,2.4609
2026-05-13,2.4616
2026-05-14,2.4575
2026-05-15,2.4559
2026-05-18,2.4556
2026-05-19,2.4606
2026-05-20,2.4603
2026-05-21,2.4575
2026-05-22,2.4588
2026-05-25,2.4596
2026-05-26,2.4586
2026-05-27,2.4566
2026-05-28,2.458
2026-05-29,2.4539
2026-06-01,2.4549
2026-06-02,2.4558
2026-06-03,2.4547
2026-06-04,2.4521
2026-06-05,2.452
2026-06-08,2.4515
2026-06-09,2.4529
2026-06-10,2.4503
2026-06-11,2.451
2026-06-12,2.4527
2026-06-15,2.4571
2026-06-16,2.46
2026-06-17,2.457
2026-06-18,2.4553
2026-06-22,2.4519
2026-06-23,2.4509
2026-06-24,2.4515
2026-06-25,2.4491
2026-06-26,2.4477
2026-06-29,2.4486
2026-06-30,2.4514
2026-07-01,2.4529
2026-07-02,2.4544
2026-07-03,2.4559
2026-07-06,2.4555
2026-07-07,2.4531
2026-07-08,2.4513
2026-07-09,2.4527
2026-07-10,2.4514
2026-07-13,2.447
2026-07-14,2.4508
2026-07-15,2.4505
2026-07-16,2.4487
2026-07-17,2.4461
2026-07-20,2.4456
2026-07-21,2.45
2026-07-22,2.4482
2026-07-23,2.4485
2026-07-24,2.4468
2026-07-27,2.4506
2026-07-28,2.4465
2026-07-29,2.4487
2026-07-30,2.4483
2026-07-31,2.4517
2026-08-03,2.4502
2026-08-04,2.4534
2026-08-05,2.4555
2026-08-06,2.455
2026-08-07,2.4544
2026-08-10,2.4546
2026-08-11,2.4532
2026-08-12,2.4521
2026-08-13,2.4503
2026-08-14,2.4506
2026-08-17,2.4526
2026-08-18,2.4517
2026-08-19,2.4491
2026-08-20,2.4483
2026-08-21,2.4484
2026-08-24,2.4489
2026-08-25,2.4512
2026-08-26,2.4524
2026-08-27,2.4527
2026-08-28,2.4518
