date,cn10y,us10y
20020104,3.2096,5.18
20020107,3.2003,5.09
20020108,3.5225,5.1
20020109,3.5896,5.1
20020110,3.5784,5.0
20020111,3.4532,4.92
20020114,3.5114,4.91
20020115,3.5023,4.88
20020116,3.4414,4.88
20020117,3.4511,4.98
20020118,3.2968,4.94
20020122,3.3182,4.96
20020123,3.1897,5.05
20020124,3.2581,5.07
20020125,3.0795,5.1
20020128,3.1584,5.12
20020129,3.81,5.02
20020130,3.2152,5.02
20020131,3.2186,5.07
20020201,3.2016,5.02
20020204,3.218,4.94
20020205,3.1893,4.92
20020206,3.1897,4.92
20020207,3.2491,4.93
20020208,3.2085,4.9
20020211,3.2173,4.91
20020219,3.1679,4.88
20020220,3.1647,4.88
20020221,3.1583,4.88
20020222,3.2237,4.84
20020225,3.1616,4.86
20020226,3.1512,4.93
20020227,3.1481,4.84
20020228,3.1315,4.88
20020301,3.1155,4.98
20020304,3.0828,5.02
20020305,3.085,5.02
20020306,3.0864,5.06
20020307,3.084,5.22
20020308,3.0656,5.33
20020311,3.073,5.33
20020312,3.0044,5.32
20020313,2.9872,5.28
20020314,2.9798,5.4
20020315,3.0188,5.35
20020318,3.0232,5.32
20020319,2.9442,5.33
20020320,3.0009,5.4
20020321,2.9508,5.39
20020322,2.9468,5.4
20020325,2.9166,5.41
20020326,2.9052,5.35
20020327,3.0714,5.35
20020328,3.0536,5.42
20020401,2.7433,5.44
20020402,2.7048,5.36
20020403,2.9179,5.3
20020404,2.7323,5.28
20020405,3.2699,5.22
20020408,2.7346,5.25
20020409,2.7982,5.22
20020410,2.7158,5.24
20020411,2.6737,5.22
20020412,2.6736,5.18
20020415,2.6374,5.15
20020416,2.5653,5.2
20020417,2.6181,5.24
20020418,2.5275,5.23
20020419,2.58,5.21
20020422,2.5865,5.19
20020423,2.5637,5.18
20020424,2.605,5.11
20020425,2.5478,5.1
20020426,1.9775,5.08
20020429,2.5363,5.13
20020430,2.5022,5.11
20020508,2.5363,5.24
20020509,2.5192,5.2
20020510,2.4972,5.15
20020513,2.5072,5.23
20020514,2.5447,5.32
20020515,2.5035,5.28
20020516,2.4959,5.2
20020517,2.5423,5.27
20020520,2.4837,5.21
20020521,2.4961,5.18
20020522,2.5476,5.13
20020523,2.5547,5.16
20020524,2.4983,5.16
20020528,2.4178,5.16
20020529,2.4199,5.11
20020530,2.3924,5.06
20020531,2.381,5.08
20020603,2.3353,5.06
20020604,2.7385,5.04
20020605,2.8028,5.08
20020606,2.4016,5.04
20020607,2.6786,5.1
20020610,2.4376,5.07
20020611,2.4831,5.02
20020612,2.4339,4.98
20020613,2.4341,4.94
20020614,2.4564,4.83
20020617,2.4467,4.89
20020618,2.3741,4.88
20020619,2.4818,4.76
20020620,2.4517,4.85
20020621,2.4606,4.79
20020624,2.4936,4.87
20020625,2.7081,4.88
20020626,2.6982,4.75
20020627,2.5912,4.84
20020628,2.5798,4.86
20020701,2.5719,4.85
20020702,2.5258,4.77
20020703,2.6252,4.78
20020705,2.6093,4.9
20020708,2.5264,4.84
20020709,2.5154,4.78
20020710,2.5941,4.66
20020711,2.5707,4.66
20020712,2.5536,4.63
20020715,2.8396,4.66
20020716,2.7022,4.75
20020717,2.7554,4.71
20020718,2.7564,4.66
20020719,2.9312,4.61
20020722,2.9691,4.51
20020723,2.8758,4.47
20020724,2.9785,4.49
20020725,2.7816,4.43
20020726,2.8931,4.43
20020729,2.7962,4.62
20020730,2.8115,4.65
20020731,2.869,4.51
20020801,2.9805,4.47
20020802,3.0287,4.33
20020805,3.0054,4.29
20020806,2.9415,4.42
20020807,2.99,4.35
20020808,2.8753,4.4
20020809,3.1741,4.27
20020812,3.0804,4.22
20020813,2.9737,4.12
20020814,3.0038,4.06
20020815,2.988,4.17
20020816,3.3451,4.32
20020819,3.3411,4.29
20020820,3.3896,4.17
20020821,3.3991,4.2
20020822,2.8007,4.3
20020826,3.3751,4.22
20020827,3.3321,4.29
20020828,3.3262,4.22
20020829,3.0539,4.16
20020830,3.0595,4.14
20020903,2.8736,3.98
20020904,2.9627,3.96
20020905,3.5311,3.91
20020906,3.4072,4.05
20020909,3.497,4.05
20020910,3.3954,4.0
20020911,2.9574,4.07
20020912,3.0011,3.98
20020913,3.5097,3.92
20020916,3.1667,3.9
20020917,3.2284,3.87
20020918,2.9506,3.86
20020919,3.2036,3.79
20020920,3.2078,3.79
20020923,3.0333,3.7
20020924,3.0304,3.69
20020925,3.2877,3.77
20020926,2.9575,3.79
20020927,3.1266,3.69
20020930,3.1397,3.63
20021008,3.1328,3.65
20021009,3.1919,3.61
20021010,3.0882,3.68
20021011,3.101,3.83
20021015,3.0876,4.07
20021016,3.0828,4.06
20021017,3.0918,4.16
20021018,2.969,4.14
20021021,3.1401,4.24
20021022,3.1594,4.27
20021023,3.0967,4.26
20021024,2.9092,4.16
20021025,3.0202,4.12
20021028,2.8949,4.1
20021029,3.1323,3.97
20021030,3.1979,3.99
20021031,2.9978,3.93
20021101,3.2675,4.01
20021104,3.24,4.07
20021105,3.3014,4.1
20021106,3.3012,4.09
20021107,3.3167,3.88
20021108,3.3773,3.85
20021112,3.2886,3.84
20021113,3.302,3.84
20021114,3.3067,4.03
20021115,3.2957,4.05
20021118,3.2822,4.02
20021119,3.2926,3.99
20021120,3.2619,4.08
20021121,3.296,4.14
20021122,3.249,4.18
20021125,3.2596,4.19
20021126,3.2682,4.08
20021127,3.2826,4.26
20021129,3.5248,4.22
20021202,3.3229,4.22
20021203,3.3357,4.24
20021204,3.3227,4.18
20021205,3.2596,4.13
20021206,3.3433,4.09
20021209,3.3361,4.06
20021210,3.1527,4.06
20021211,3.1962,4.01
20021212,3.3755,4.01
20021213,3.2664,4.07
20021216,3.3202,4.15
20021217,3.3332,4.13
20021218,2.9758,4.06
20021219,3.1929,3.96
20021220,3.1941,3.97
20021223,3.2778,3.98
20021224,2.8596,3.95
20021226,3.232,3.93
20021227,3.5878,3.83
20021230,3.4611,3.82
20021231,3.1776,3.83
20030102,3.0781,4.07
20030103,3.1402,4.05
20030106,3.2379,4.09
20030107,3.1941,4.04
20030108,3.1692,4.0
20030109,3.3369,4.19
20030110,3.1219,4.16
20030113,3.0967,4.15
20030114,3.1497,4.1
20030115,3.1259,4.1
20030116,3.2081,4.1
20030117,3.2389,4.05
20030121,3.2106,4.01
20030122,3.0718,3.95
20030123,3.072,3.98
20030124,3.0137,3.94
20030127,3.0528,3.98
20030128,3.0326,4.0
20030129,3.1265,4.06
20030130,3.0535,4.0
20030131,3.0984,4.0
20030210,3.1675,3.99
20030211,3.0664,3.98
20030212,3.1915,3.93
20030213,3.198,3.89
20030214,3.2047,3.95
20030218,3.2831,3.94
20030219,3.2237,3.88
20030220,3.1959,3.85
20030221,3.1681,3.9
20030224,2.9318,3.86
20030225,3.4377,3.81
20030226,3.2151,3.78
20030227,3.224,3.76
20030228,3.1225,3.71
20030303,2.9806,3.68
20030304,3.1687,3.65
20030305,2.9242,3.63
20030306,3.0171,3.67
20030307,3.2311,3.63
20030310,2.9959,3.59
20030311,2.9064,3.6
20030312,3.201,3.6
20030313,3.4914,3.74
20030314,3.0836,3.72
20030317,3.1414,3.82
20030318,3.0897,3.91
20030319,3.1057,3.98
20030320,3.1698,4.01
20030321,2.876,4.11
20030324,3.1577,3.98
20030325,3.1115,3.97
20030326,2.8754,3.96
20030327,3.2573,3.95
20030328,3.018,3.92
20030331,2.9228,3.83
20030401,2.8838,3.84
20030402,2.9212,3.94
20030403,2.9597,3.93
20030404,2.9595,3.96
20030407,2.9189,4.03
20030408,2.7718,3.95
20030409,2.9295,3.93
20030410,3.3455,3.95
20030411,3.0019,4.0
20030414,3.3415,4.04
20030415,2.8954,3.98
20030416,2.9654,3.96
20030417,3.3637,3.98
20030421,2.8122,4.0
20030422,3.3122,4.01
20030423,2.8198,4.02
20030424,3.4933,3.93
20030425,2.8707,3.91
20030428,2.9733,3.92
20030429,2.834,3.96
20030506,2.7789,3.84
20030507,2.8652,3.72
20030508,2.8743,3.7
20030509,2.7416,3.69
20030512,2.7021,3.64
20030513,2.9153,3.63
20030514,2.8497,3.53
20030515,2.8648,3.53
20030516,2.662,3.46
20030519,2.8939,3.46
20030520,2.834,3.38
20030521,2.885,3.39
20030522,2.9155,3.34
20030523,2.7987,3.34
20030527,2.8527,3.41
20030528,2.8799,3.44
20030529,2.8693,3.34
20030530,2.8717,3.37
20030602,2.8461,3.43
20030603,2.7828,3.34
20030604,2.8751,3.3
20030605,2.8853,3.34
20030606,2.9811,3.37
20030609,2.8948,3.29
20030610,2.8086,3.2
20030611,2.7466,3.21
20030612,2.8471,3.18
20030613,2.9415,3.13
20030616,2.9529,3.18
20030617,2.9917,3.27
20030618,2.8482,3.37
20030620,2.9221,3.4
20030623,3.0084,3.32
20030624,2.9306,3.29
20030625,2.8583,3.38
20030626,2.8538,3.55
20030627,3.0098,3.58
20030630,3.0821,3.54
20030701,2.9856,3.56
20030702,2.9407,3.56
20030703,3.2163,3.67
20030707,2.8642,3.74
20030708,2.9663,3.75
20030709,3.1218,3.73
20030710,3.0194,3.7
20030711,2.9361,3.66
20030714,2.9337,3.74
20030715,2.905,3.94
20030716,2.8744,3.97
20030717,2.9423,3.98
20030718,2.9065,4.0
20030721,2.9592,4.19
20030722,2.8903,4.17
20030723,2.8749,4.12
20030724,2.9626,4.2
20030725,2.9083,4.22
20030728,2.9299,4.31
20030729,2.8954,4.42
20030730,2.935,4.34
20030731,2.9294,4.49
20030801,2.946,4.44
20030804,2.9823,4.35
20030805,2.906,4.47
20030806,2.911,4.32
20030807,2.975,4.3
20030811,2.9402,4.38
20030812,2.9035,4.37
20030813,2.8305,4.58
20030814,2.8604,4.55
20030819,2.8873,4.38
20030820,2.8358,4.45
20030821,2.858,4.53
20030822,2.8825,4.48
20030825,2.8483,4.53
20030826,2.8856,4.5
20030827,2.8531,4.54
20030828,2.9125,4.42
20030829,2.831,4.45
20030902,2.9039,4.61
20030903,2.8351,4.6
20030904,2.9013,4.52
20030905,2.9126,4.35
20030908,3.0028,4.41
20030909,2.9273,4.37
20030910,2.8804,4.28
20030911,2.9241,4.35
20030912,2.9758,4.27
20030915,2.7846,4.28
20030916,2.9086,4.29
20030917,3.024,4.2
20030918,3.018,4.19
20030919,3.0789,4.17
20030922,3.1364,4.26
20030923,3.3278,4.24
20030924,3.128,4.16
20030925,3.2146,4.12
20030926,3.0704,4.04
20030929,3.5568,4.09
20030930,3.2369,3.96
20031008,3.2024,4.27
20031009,3.0988,4.32
20031010,3.1277,4.29
20031014,3.4475,4.37
20031015,3.2226,4.43
20031016,3.3946,4.47
20031017,3.3422,4.41
20031020,3.4005,4.41
20031021,3.1024,4.38
20031022,3.2566,4.29
20031023,3.5915,4.34
20031024,3.9011,4.24
20031027,3.1761,4.3
20031028,3.4101,4.23
20031029,3.441,4.31
20031030,3.4781,4.36
20031031,3.3235,4.33
20031103,3.315,4.4
20031104,3.2792,4.33
20031105,3.2197,4.38
20031106,3.2523,4.45
20031107,3.423,4.48
20031110,3.531,4.49
20031112,3.2513,4.44
20031113,3.627,4.3
20031114,3.6561,4.22
20031117,3.5571,4.18
20031118,3.7474,4.17
20031119,3.7764,4.24
20031120,3.7358,4.16
20031121,3.7608,4.15
20031124,3.7557,4.23
20031125,3.7882,4.19
20031126,3.9439,4.25
20031128,3.933,4.34
20031201,3.8123,4.4
20031202,3.9896,4.38
20031203,3.8603,4.41
20031204,3.948,4.38
20031205,3.5479,4.23
20031208,3.8465,4.29
20031209,3.7795,4.32
20031210,3.8946,4.3
20031211,3.6811,4.27
20031212,3.8544,4.26
20031215,3.8466,4.28
20031216,3.72,4.24
20031217,3.8502,4.19
20031218,3.6396,4.16
20031219,3.796,4.15
20031222,3.739,4.18
20031223,3.6918,4.28
20031224,3.7619,4.2
20031226,3.7904,4.17
20031229,3.8508,4.24
20031230,3.7711,4.29
20031231,3.3602,4.27
20040102,3.1524,4.38
20040105,3.8984,4.41
20040106,4.2513,4.29
20040107,3.7457,4.27
20040108,3.8526,4.27
20040109,3.8937,4.11
20040112,3.7339,4.11
20040113,3.9283,4.05
20040114,3.6318,4.01
20040115,3.7471,3.99
20040116,3.7248,4.04
20040120,3.7857,4.08
20040121,3.7512,4.05
20040129,3.7954,4.22
20040130,3.8706,4.16
20040202,3.8742,4.18
20040203,3.8597,4.13
20040204,3.9247,4.15
20040205,3.8131,4.2
20040206,3.9176,4.12
20040209,3.8086,4.09
20040210,3.8094,4.13
20040211,3.6915,4.05
20040212,3.8403,4.1
20040213,3.8469,4.05
20040217,3.8259,4.05
20040218,3.8753,4.05
20040219,3.8225,4.05
20040220,3.8289,4.1
20040223,3.8481,4.05
20040224,3.7621,4.04
20040225,3.8337,4.02
20040226,3.7724,4.05
20040227,3.8105,3.99
20040301,3.8553,4.0
20040302,3.9244,4.05
20040303,3.9102,4.07
20040304,3.7857,4.04
20040305,3.8959,3.85
20040308,3.7271,3.78
20040309,3.8364,3.73
20040310,3.8651,3.74
20040311,3.8973,3.74
20040312,3.9098,3.78
20040315,3.8422,3.78
20040316,3.7146,3.7
20040317,3.8129,3.71
20040318,3.8639,3.76
20040319,4.084,3.8
20040322,3.8717,3.74
20040323,3.8858,3.73
20040324,3.9508,3.73
20040325,3.9207,3.75
20040326,3.8891,3.85
20040329,3.9486,3.91
20040330,3.918,3.91
20040331,3.9169,3.86
20040401,3.9984,3.91
20040405,3.9144,4.24
20040406,3.921,4.19
20040407,4.0357,4.19
20040408,3.9325,4.21
20040412,4.2585,4.25
20040413,4.0871,4.35
20040414,4.0197,4.4
20040415,4.0298,4.42
20040416,4.1717,4.37
20040419,4.3781,4.39
20040420,4.3421,4.43
20040421,4.4034,4.45
20040422,4.3105,4.4
20040423,4.3191,4.48
20040426,4.2202,4.46
20040427,4.1195,4.43
20040428,4.1827,4.5
20040429,4.7672,4.55
20040430,4.2841,4.53
20040510,4.4457,4.81
20040511,4.4969,4.79
20040512,4.4111,4.83
20040513,4.394,4.85
20040514,4.2026,4.79
20040517,4.0394,4.7
20040518,4.0367,4.74
20040519,4.1587,4.79
20040520,4.5566,4.72
20040521,4.417,4.76
20040524,4.3252,4.75
20040525,4.0558,4.73
20040526,4.2675,4.67
20040527,4.4654,4.6
20040528,4.2909,4.66
20040601,4.212,4.71
20040602,4.1946,4.74
20040603,4.1249,4.71
20040604,4.1287,4.78
20040607,4.2625,4.78
20040608,4.3123,4.78
20040609,4.4238,4.82
20040610,4.4352,4.81
20040614,4.6821,4.89
20040615,4.4172,4.69
20040616,4.5856,4.74
20040617,4.4614,4.71
20040618,4.2855,4.72
20040621,4.2874,4.7
20040622,4.2854,4.72
20040623,4.1158,4.71
20040624,4.1205,4.66
20040625,4.1599,4.66
20040628,4.4138,4.76
20040629,4.2664,4.7
20040630,4.348,4.62
20040701,4.4671,4.57
20040702,4.5468,4.48
20040706,4.4557,4.49
20040707,4.6316,4.5
20040708,4.6531,4.49
20040709,4.4895,4.49
20040712,4.6172,4.46
20040713,4.8227,4.5
20040714,5.0474,4.5
20040715,4.9666,4.5
20040716,4.625,4.38
20040719,4.6158,4.38
20040720,4.6903,4.47
20040721,4.6153,4.5
20040722,4.543,4.48
20040723,4.9046,4.45
20040726,4.7049,4.49
20040727,4.7444,4.62
20040728,4.5839,4.61
20040729,4.5844,4.6
20040730,4.6018,4.5
20040802,4.5823,4.48
20040803,4.6329,4.45
20040804,4.9229,4.45
20040805,4.4481,4.43
20040806,4.48,4.24
20040809,4.6375,4.28
20040810,4.6546,4.32
20040811,4.9325,4.3
20040812,4.7544,4.27
20040813,4.7084,4.22
20040816,4.761,4.26
20040817,4.8876,4.21
20040818,4.9165,4.23
20040819,4.9514,4.22
20040820,4.9654,4.24
20040823,4.8886,4.28
20040824,4.925,4.28
20040825,5.0239,4.26
20040826,5.0648,4.22
20040827,5.1082,4.23
20040830,4.9779,4.19
20040831,5.1676,4.13
20040901,5.0037,4.13
20040902,5.0886,4.2
20040903,5.1487,4.3
20040907,5.1358,4.26
20040908,5.1422,4.18
20040909,5.1501,4.22
20040910,5.3727,4.19
20040913,5.2062,4.16
20040914,5.2588,4.15
20040915,5.2149,4.18
20040916,5.1743,4.08
20040917,5.1718,4.14
20040920,5.2687,4.07
20040921,5.0207,4.05
20040922,5.2731,4.0
20040923,5.1776,4.02
20040924,5.1429,4.04
20040927,5.1556,4.01
20040928,5.1374,4.02
20040929,5.1657,4.1
20040930,5.1266,4.14
20041008,5.3191,4.15
20041012,5.0575,4.12
20041013,4.965,4.09
20041014,4.9812,4.03
20041015,5.0177,4.07
20041018,4.976,4.07
20041019,5.0155,4.07
20041020,4.9828,4.01
20041021,4.9709,4.01
20041022,5.0224,4.0
20041025,4.9166,3.99
20041026,4.9979,4.01
20041027,4.9144,4.11
20041028,5.1274,4.09
20041029,4.8246,4.05
20041101,5.073,4.11
20041102,5.1175,4.1
20041103,5.1649,4.09
20041104,5.1333,4.1
20041105,5.1609,4.21
20041108,5.1915,4.22
20041109,5.1584,4.22
20041110,5.1843,4.25
20041112,5.2956,4.2
20041115,5.2664,4.2
20041116,5.1902,4.21
20041117,5.2479,4.14
20041118,5.2584,4.12
20041119,5.2413,4.2
20041122,5.359,4.18
20041123,5.3341,4.19
20041124,5.274,4.2
20041126,5.4071,4.24
20041129,5.3187,4.34
20041130,5.3419,4.36
20041201,5.2554,4.38
20041202,5.3109,4.4
20041203,5.3427,4.27
20041206,5.4127,4.24
20041207,5.3266,4.23
20041208,5.3685,4.14
20041209,5.2732,4.19
20041210,5.1744,4.16
20041213,5.2915,4.16
20041214,5.2528,4.14
20041215,5.2611,4.09
20041216,5.2419,4.19
20041217,5.2252,4.21
20041220,5.1804,4.21
20041221,5.317,4.18
20041222,5.2851,4.21
20041223,5.3439,4.23
20041227,5.2118,4.3
20041228,4.4611,4.31
20041229,4.7165,4.33
20041230,5.2506,4.27
20041231,4.7332,4.24
20050104,5.2221,4.29
20050105,5.0084,4.29
20050106,5.1707,4.29
20050107,5.1533,4.29
20050110,5.1988,4.29
20050111,5.1536,4.26
20050112,5.1645,4.25
20050113,5.2205,4.2
20050114,4.9943,4.23
20050118,5.0648,4.21
20050119,5.0085,4.2
20050120,4.9256,4.17
20050121,4.9313,4.16
20050124,4.9654,4.14
20050125,5.0338,4.2
20050126,5.0081,4.21
20050127,4.9684,4.22
20050128,4.9038,4.16
20050131,4.8982,4.14
20050201,4.8877,4.15
20050202,4.9248,4.15
20050203,4.9044,4.18
20050204,4.939,4.09
20050207,4.8789,4.07
20050208,4.8308,4.05
20050216,4.7565,4.16
20050217,4.8378,4.19
20050218,4.8342,4.27
20050222,4.6593,4.29
20050223,4.7866,4.27
20050224,4.713,4.29
20050225,4.6127,4.27
20050228,4.8334,4.36
20050301,4.7203,4.38
20050302,4.7212,4.38
20050303,4.6723,4.39
20050304,4.7638,4.32
20050307,4.7254,4.31
20050308,4.7335,4.38
20050309,4.6366,4.52
20050310,4.6433,4.48
20050311,4.6187,4.56
20050314,4.5979,4.52
20050315,4.5642,4.54
20050316,4.5725,4.52
20050317,4.4573,4.47
20050318,4.4315,4.51
20050321,4.4033,4.53
20050322,4.4321,4.63
20050323,4.5281,4.61
20050324,4.4631,4.6
20050328,4.3783,4.64
20050329,4.3433,4.6
20050330,4.1636,4.56
20050331,4.1203,4.5
20050401,4.2679,4.46
20050404,4.1076,4.47
20050405,4.1051,4.48
20050406,4.1641,4.44
20050407,4.0798,4.49
20050408,4.0903,4.5
20050411,4.16,4.45
20050412,4.0229,4.38
20050413,4.0652,4.38
20050414,4.0287,4.37
20050415,4.0379,4.27
20050418,3.9734,4.27
20050419,3.9847,4.21
20050420,4.0468,4.22
20050421,3.9981,4.32
20050422,4.0433,4.26
20050425,3.955,4.26
20050426,4.0442,4.28
20050427,4.0537,4.25
20050428,4.0137,4.19
20050429,4.0665,4.21
20050509,4.0161,4.29
20050510,3.9652,4.23
20050511,3.9218,4.21
20050512,3.9595,4.18
20050513,3.8822,4.12
20050516,3.9832,4.13
20050517,3.935,4.12
20050518,3.8757,4.07
20050519,3.843,4.11
20050520,3.7997,4.13
20050523,3.693,4.07
20050524,3.7293,4.04
20050525,3.681,4.08
20050526,3.7374,4.08
20050527,3.7519,4.08
20050531,3.8469,4.0
20050601,3.8036,3.91
20050602,3.7773,3.89
20050603,3.7774,3.98
20050606,3.715,3.96
20050607,3.7696,3.92
20050608,3.7747,3.95
20050609,3.7642,3.98
20050610,3.7272,4.05
20050613,3.7023,4.09
20050614,3.7634,4.13
20050615,3.5681,4.12
20050616,3.4959,4.09
20050617,3.4813,4.09
20050620,3.5217,4.11
20050621,3.5434,4.06
20050622,3.5291,3.95
20050623,3.421,3.96
20050624,3.5004,3.92
20050627,3.7683,3.9
20050628,3.6306,3.97
20050629,3.5861,3.99
20050630,3.653,3.94
20050701,3.5783,4.06
20050705,3.5329,4.11
20050706,3.536,4.08
20050707,3.3891,4.05
20050708,3.3102,4.11
20050711,3.3298,4.11
20050712,3.2836,4.15
20050713,3.2273,4.17
20050714,3.2041,4.19
20050715,3.2849,4.18
20050718,3.3014,4.22
20050719,3.3426,4.2
20050720,3.3833,4.17
20050721,3.3861,4.28
20050722,3.3633,4.23
20050725,3.4366,4.25
20050726,3.4747,4.24
20050727,3.5569,4.27
20050728,3.3667,4.2
20050729,3.3874,4.28
20050801,3.2113,4.32
20050802,3.2981,4.34
20050803,3.2242,4.3
20050804,3.1522,4.32
20050805,3.1511,4.4
20050808,3.1784,4.42
20050809,3.2738,4.41
20050810,3.2313,4.4
20050811,3.2997,4.32
20050812,3.2928,4.24
20050815,3.3398,4.27
20050816,3.3064,4.23
20050817,3.3434,4.28
20050818,3.2974,4.21
20050819,3.3922,4.21
20050822,3.3074,4.22
20050823,3.2609,4.2
20050824,3.3213,4.19
20050825,3.4579,4.18
20050826,3.4414,4.2
20050829,3.4528,4.2
20050830,3.5014,4.16
20050831,3.5608,4.02
20050901,3.511,4.02
20050902,3.5395,4.03
20050906,3.4421,4.09
20050907,3.4427,4.15
20050908,3.3796,4.15
20050909,3.3622,4.14
20050912,3.3343,4.18
20050913,3.2859,4.14
20050914,3.3046,4.17
20050915,3.3103,4.22
20050916,3.1838,4.26
20050919,3.2322,4.25
20050920,3.3878,4.26
20050921,3.3698,4.19
20050922,3.208,4.19
20050923,3.2703,4.25
20050926,3.3604,4.3
20050927,3.3999,4.3
20050928,3.206,4.26
20050929,3.1869,4.29
20050930,3.2404,4.34
20051011,2.9987,4.39
20051012,3.0104,4.45
20051013,2.9959,4.48
20051014,3.0171,4.48
20051017,2.9694,4.5
20051018,2.9479,4.49
20051019,2.9127,4.47
20051020,2.8718,4.46
20051021,2.8919,4.39
20051024,2.7938,4.45
20051025,2.922,4.54
20051026,2.8096,4.6
20051027,2.8717,4.57
20051028,2.9417,4.58
20051031,3.0613,4.57
20051101,2.98,4.58
20051102,2.979,4.61
20051103,3.0094,4.65
20051104,3.171,4.66
20051107,3.0234,4.65
20051108,3.1039,4.57
20051109,3.1317,4.64
20051110,3.1441,4.55
20051114,3.1996,4.61
20051115,3.192,4.56
20051116,3.5099,4.49
20051117,3.4509,4.46
20051118,3.4946,4.5
20051121,3.4832,4.46
20051122,3.3614,4.43
20051123,3.3553,4.47
20051125,3.4343,4.43
20051128,3.4318,4.41
20051129,3.3613,4.48
20051130,3.3255,4.49
20051201,3.3169,4.52
20051202,3.2544,4.52
20051205,3.3185,4.57
20051206,3.2601,4.49
20051207,3.269,4.52
20051208,3.2844,4.47
20051209,3.3271,4.54
20051212,3.2389,4.56
20051213,3.2956,4.54
20051214,3.2309,4.45
20051215,3.2145,4.47
20051216,3.1767,4.45
20051219,3.1542,4.45
20051220,3.1905,4.47
20051221,3.1296,4.49
20051222,3.2789,4.44
20051223,3.1474,4.38
20051227,3.2485,4.34
20051228,3.1641,4.38
20051229,3.1746,4.37
20051230,3.2236,4.39
20060103,,4.37
20060104,,4.36
20060105,,4.36
20060106,,4.38
20060109,,4.38
20060110,,4.43
20060111,,4.46
20060112,,4.42
20060113,,4.36
20060117,,4.34
20060118,,4.34
20060119,,4.38
20060120,,4.37
20060123,,4.36
20060124,,4.4
20060125,,4.49
20060126,,4.53
20060127,,4.52
20060130,,4.54
20060131,,4.53
20060201,,4.57
20060202,,4.57
20060203,,4.54
20060206,,4.55
20060207,,4.57
20060208,,4.56
20060209,,4.54
20060210,,4.59
20060213,,4.58
20060214,,4.62
20060215,,4.61
20060216,,4.59
20060217,,4.54
20060221,,4.57
20060222,,4.53
20060223,,4.56
20060224,,4.58
20060227,,4.59
20060228,,4.55
20060301,2.9,4.59
20060302,2.9,4.64
20060303,2.87,4.68
20060306,2.93,4.74
20060307,2.9,4.74
20060308,2.88,4.73
20060309,2.88,4.74
20060310,2.89,4.76
20060313,2.9,4.77
20060314,2.9,4.71
20060315,2.91,4.73
20060316,2.91,4.65
20060317,2.92,4.68
20060320,2.93,4.66
20060321,2.92,4.71
20060322,2.93,4.7
20060323,2.912,4.73
20060324,2.9,4.67
20060327,2.92,4.7
20060328,2.92,4.79
20060329,2.94,4.81
20060330,2.94,4.86
20060331,2.94,4.86
20060403,2.92,4.88
20060404,2.92,4.87
20060405,2.91,4.84
20060406,2.94,4.9
20060407,2.9291,4.97
20060410,2.93,4.97
20060411,2.97,4.93
20060412,2.98,4.98
20060413,2.9405,5.05
20060414,2.95,
20060417,2.94,5.01
20060418,3.01,4.99
20060419,3.01,5.04
20060420,3.0,5.04
20060421,3.048,5.01
20060424,3.05,4.99
20060425,3.06,5.07
20060426,3.05,5.12
20060427,3.01,5.09
20060428,3.01,5.07
20060429,3.0,
20060430,3.0,
20060501,,5.14
20060502,,5.12
20060503,,5.15
20060504,,5.16
20060505,,5.12
20060508,3.02,5.12
20060509,3.0,5.13
20060510,3.0,5.13
20060511,3.0,5.14
20060512,3.02,5.19
20060515,3.03,5.15
20060516,3.02,5.1
20060517,3.0,5.16
20060518,3.0,5.08
20060519,2.99,5.05
20060522,3.0,5.04
20060523,3.02,5.07
20060524,3.0,5.03
20060525,3.0,5.07
20060526,3.0,5.06
20060529,3.03,
20060530,3.02,5.09
20060531,3.02,5.12
20060601,3.03,5.11
20060602,3.05,5.0
20060605,3.03,5.02
20060606,3.02,5.01
20060607,3.05,5.02
20060608,3.05,5.0
20060609,3.03,4.98
20060612,3.05,4.99
20060613,3.08,4.97
20060614,3.09,5.05
20060615,3.1,5.1
20060616,3.1,5.13
20060619,3.12,5.14
20060620,3.1,5.15
20060621,3.15,5.16
20060622,3.12,5.2
20060623,3.13,5.23
20060626,3.15,5.25
20060627,3.15,5.21
20060628,3.15,5.25
20060629,3.15,5.22
20060630,3.165,5.15
20060703,3.159,5.15
20060704,3.15,
20060705,3.18,5.23
20060706,3.172,5.19
20060707,3.18,5.14
20060710,3.1729,5.13
20060711,3.1689,5.1
20060712,3.2,5.1
20060713,3.23,5.08
20060714,3.235,5.07
20060717,3.2,5.07
20060718,3.2,5.13
20060719,3.19,5.06
20060720,3.2,5.03
20060721,3.2,5.05
20060724,3.25,5.05
20060725,3.24,5.07
20060726,3.25,5.04
20060727,3.275,5.07
20060728,3.25,5.0
20060731,3.26,4.99
20060801,3.25,4.99
20060802,3.25,4.96
20060803,3.24,4.96
20060804,3.25,4.91
20060807,3.25,4.93
20060808,3.25,4.93
20060809,3.26,4.92
20060810,3.26,4.93
20060811,3.255,4.97
20060814,3.245,5.0
20060815,3.245,4.93
20060816,3.24,4.87
20060817,3.24,4.87
20060818,3.2,4.84
20060821,3.26,4.82
20060822,3.254,4.82
20060823,3.251,4.82
20060824,3.248,4.81
20060825,3.2389,4.79
20060828,3.256,4.8
20060829,3.25,4.79
20060830,3.24,4.76
20060831,3.238,4.74
20060901,3.23,4.73
20060904,3.23,
20060905,3.225,4.78
20060906,3.21,4.8
20060907,3.201,4.8
20060908,3.2,4.78
20060911,3.2,4.8
20060912,3.18,4.78
20060913,3.18,4.77
20060914,3.172,4.79
20060915,3.17,4.8
20060918,3.155,4.81
20060919,3.15,4.74
20060920,3.13,4.73
20060921,3.11,4.65
20060922,3.05,4.6
20060925,3.0,4.56
20060926,3.0,4.59
20060927,3.0,4.6
20060928,3.0,4.63
20060929,3.0,4.64
20060930,2.999,
20061002,,4.62
20061003,,4.62
20061004,,4.57
20061005,,4.61
20061006,,4.7
20061008,3.0,
20061009,3.0,
20061010,2.99,4.75
20061011,2.97,4.78
20061012,2.9552,4.79
20061013,2.9541,4.81
20061016,2.9567,4.79
20061017,2.9533,4.78
20061018,2.9535,4.77
20061019,2.954,4.79
20061020,2.9523,4.79
20061023,2.9492,4.83
20061024,2.9385,4.83
20061025,2.9498,4.78
20061026,2.9374,4.73
20061027,2.9397,4.68
20061030,2.9406,4.68
20061031,2.9512,4.61
20061101,2.9545,4.57
20061102,2.9557,4.6
20061103,2.9561,4.72
20061106,2.9844,4.71
20061107,2.989,4.66
20061108,2.9781,4.64
20061109,2.972,4.62
20061110,2.9595,4.59
20061113,2.9494,4.61
20061114,2.9682,4.57
20061115,2.9688,4.61
20061116,2.9725,4.66
20061117,2.9632,4.61
20061120,2.9806,4.6
20061121,2.9785,4.58
20061122,3.0518,4.57
20061123,3.0609,
20061124,3.0655,4.55
20061127,3.02,4.54
20061128,2.9886,4.51
20061129,2.9811,4.52
20061130,2.9781,4.46
20061201,2.9936,4.43
20061204,2.9895,4.43
20061205,2.9912,4.45
20061206,2.9851,4.48
20061207,2.9947,4.49
20061208,3.0351,4.56
20061211,3.0527,4.52
20061212,3.0393,4.49
20061213,3.0461,4.58
20061214,3.0335,4.6
20061215,3.0402,4.6
20061218,3.0307,4.6
20061219,3.0232,4.6
20061220,3.0267,4.6
20061221,3.0199,4.55
20061222,3.0364,4.63
20061225,3.0408,
20061226,3.0419,4.61
20061227,3.0408,4.66
20061228,3.026,4.7
20061229,3.0202,4.71
20061230,3.0204,
20061231,3.0269,
20070102,,4.68
20070103,,4.67
20070104,3.0239,4.62
20070105,3.0211,4.65
20070108,3.0356,4.66
20070109,3.0231,4.66
20070110,3.0102,4.69
20070111,3.0047,4.74
20070112,3.0202,4.77
20070115,3.0167,
20070116,3.0175,4.75
20070117,3.0176,4.79
20070118,3.0273,4.75
20070119,3.032,4.78
20070122,3.0277,4.76
20070123,3.0373,4.81
20070124,3.0267,4.81
20070125,3.032,4.87
20070126,3.0374,4.88
20070129,3.0427,4.9
20070130,3.0559,4.88
20070131,3.0671,4.83
20070201,3.0676,4.84
20070202,3.0598,4.83
20070205,3.0765,4.81
20070206,3.0705,4.77
20070207,3.0704,4.74
20070208,3.0814,4.73
20070209,3.1171,4.79
20070212,3.1355,4.8
20070213,3.1367,4.82
20070214,3.137,4.74
20070215,3.1365,4.7
20070216,3.1361,4.69
20070217,3.11,
20070220,,4.68
20070221,,4.69
20070222,,4.73
20070223,,4.68
20070225,3.11,
20070226,3.12,4.63
20070227,3.1468,4.5
20070228,3.1466,4.56
20070301,3.1553,4.56
20070302,3.1683,4.52
20070305,3.1726,4.51
20070306,3.179,4.53
20070307,3.19,4.5
20070308,3.2192,4.51
20070309,3.223,4.59
20070312,3.2278,4.56
20070313,3.2051,4.5
20070314,3.2332,4.53
20070315,3.2876,4.54
20070316,3.3042,4.55
20070319,3.337,4.58
20070320,3.36,4.56
20070321,3.4,4.53
20070322,3.395,4.6
20070323,3.4235,4.62
20070326,3.42,4.6
20070327,3.42,4.62
20070328,3.4245,4.62
20070329,3.4386,4.64
20070330,3.4338,4.65
20070402,3.43,4.65
20070403,3.4277,4.67
20070404,3.44,4.66
20070405,3.4441,4.68
20070406,3.4615,4.76
20070409,3.488,4.75
20070410,3.4829,4.73
20070411,3.493,4.74
20070412,3.4936,4.74
20070413,3.5202,4.76
20070416,3.5327,4.74
20070417,3.5391,4.69
20070418,3.56,4.66
20070419,3.57,4.68
20070420,3.58,4.68
20070423,3.59,4.66
20070424,3.6139,4.63
20070425,3.6349,4.66
20070426,3.5931,4.69
20070427,3.5914,4.71
20070428,3.5883,
20070429,3.58,
20070430,3.5916,4.63
20070501,,4.64
20070502,,4.65
20070503,,4.68
20070504,,4.65
20070507,,4.64
20070508,3.5933,4.63
20070509,3.5906,4.67
20070510,3.63,4.65
20070511,3.68,4.67
20070514,3.7,4.69
20070515,3.7992,4.71
20070516,3.83,4.71
20070517,3.83,4.76
20070518,3.83,4.81
20070521,3.966,4.79
20070522,4.05,4.83
20070523,4.064,4.86
20070524,4.03,4.86
20070525,4.05,4.86
20070528,4.07,
20070529,4.08,4.88
20070530,4.07,4.88
20070531,4.06,4.9
20070601,4.08,4.95
20070604,4.1393,4.93
20070605,4.1309,4.98
20070606,4.1442,4.97
20070607,4.1427,5.11
20070608,4.1624,5.12
20070611,4.1376,5.14
20070612,4.2199,5.26
20070613,4.232,5.2
20070614,4.2669,5.23
20070615,4.3483,5.16
20070618,4.3496,5.15
20070619,4.3969,5.09
20070620,4.4408,5.14
20070621,4.47,5.16
20070622,4.44,5.14
20070625,4.42,5.09
20070626,4.4,5.1
20070627,4.3985,5.09
20070628,4.4538,5.12
20070629,4.45,5.03
20070702,4.45,5.0
20070703,4.4726,5.05
20070704,4.4745,
20070705,4.475,5.16
20070706,4.4261,5.19
20070709,4.4172,5.16
20070710,4.4896,5.03
20070711,4.4773,5.09
20070712,4.4777,5.13
20070713,4.4634,5.11
20070716,4.454,5.05
20070717,4.4542,5.08
20070718,4.4547,5.02
20070719,4.455,5.04
20070720,4.4551,4.96
20070723,4.477,4.97
20070724,4.4651,4.94
20070725,4.33,4.92
20070726,4.3086,4.79
20070727,4.3399,4.8
20070730,4.2848,4.82
20070731,4.3401,4.78
20070801,4.2857,4.76
20070802,4.2594,4.77
20070803,4.2855,4.71
20070806,4.3861,4.72
20070807,4.3775,4.77
20070808,4.3166,4.84
20070809,4.3178,4.79
20070810,4.3378,4.81
20070813,4.357,4.78
20070814,4.3568,4.73
20070815,4.3541,4.69
20070816,4.3529,4.6
20070817,4.3038,4.68
20070820,4.2636,4.64
20070821,4.2445,4.6
20070822,4.227,4.63
20070823,4.2064,4.62
20070824,4.2164,4.63
20070827,4.136,4.6
20070828,4.2049,4.53
20070829,4.2766,4.57
20070830,4.2739,4.51
20070831,4.2743,4.54
20070903,4.235,
20070904,4.2328,4.56
20070905,4.244,4.48
20070906,4.2677,4.51
20070907,4.2872,4.38
20070910,4.2946,4.34
20070911,4.3615,4.37
20070912,4.3788,4.41
20070913,4.3892,4.49
20070914,4.4893,4.47
20070917,4.5421,4.48
20070918,4.5436,4.5
20070919,4.5474,4.53
20070920,4.5477,4.69
20070921,4.495,4.64
20070924,4.493,4.63
20070925,4.4859,4.63
20070926,4.445,4.63
20070927,4.42,4.58
20070928,4.39,4.59
20070929,4.396,
20070930,4.3877,
20071001,,4.56
20071002,,4.54
20071003,,4.55
20071004,,4.54
20071005,,4.65
20071008,4.3664,
20071009,4.37,4.67
20071010,4.3737,4.65
20071011,4.3732,4.66
20071012,4.3723,4.7
20071015,4.3746,4.69
20071016,4.3743,4.66
20071017,4.45,4.57
20071018,4.46,4.52
20071019,4.47,4.41
20071022,4.48,4.42
20071023,4.485,4.41
20071024,4.485,4.36
20071025,4.485,4.37
20071026,4.485,4.41
20071029,4.48,4.39
20071030,4.484,4.4
20071031,4.4937,4.48
20071101,4.5,4.36
20071102,4.5,4.31
20071105,4.5263,4.35
20071106,4.5248,4.38
20071107,4.5441,4.34
20071108,4.5441,4.28
20071109,4.5743,4.23
20071112,4.5863,
20071113,4.5861,4.26
20071114,4.5922,4.28
20071115,4.5973,4.17
20071116,4.5974,4.15
20071119,4.5822,4.07
20071120,4.5569,4.06
20071121,4.545,4.0
20071122,4.55,
20071123,4.54,4.01
20071126,4.535,3.83
20071127,4.5247,3.95
20071128,4.5089,4.03
20071129,4.5084,3.94
20071130,4.5086,3.97
20071203,4.5085,3.89
20071204,4.5085,3.89
20071205,4.5096,3.92
20071206,4.5038,4.02
20071207,4.5043,4.12
20071210,4.4996,4.15
20071211,4.5116,3.98
20071212,4.5118,4.05
20071213,4.5067,4.18
20071214,4.4251,4.24
20071217,4.4282,4.2
20071218,4.4279,4.14
20071219,4.428,4.06
20071220,4.4282,4.04
20071221,4.4526,4.18
20071224,4.4517,4.23
20071225,4.4528,
20071226,4.4541,4.3
20071227,4.4005,4.21
20071228,4.4357,4.11
20071229,4.4253,
20071231,,4.04
20080102,4.4363,3.91
20080103,4.4263,3.91
20080104,4.4013,3.88
20080107,4.3948,3.86
20080108,4.4024,3.86
20080109,4.4022,3.82
20080110,4.4067,3.91
20080111,4.3893,3.82
20080114,4.402,3.81
20080115,4.4022,3.72
20080116,4.4028,3.74
20080117,4.3978,3.66
20080118,4.403,3.66
20080121,4.3777,
20080122,4.3679,3.52
20080123,4.2883,3.51
20080124,4.2433,3.68
20080125,4.244,3.61
20080128,4.2226,3.61
20080129,4.2539,3.69
20080130,4.2502,3.78
20080131,4.1937,3.67
20080201,4.1308,3.62
20080202,4.1307,
20080203,4.1309,
20080204,4.1311,3.68
20080205,4.1458,3.61
20080206,,3.61
20080207,,3.74
20080208,,3.64
20080211,,3.62
20080212,,3.66
20080213,4.1559,3.7
20080214,4.1561,3.85
20080215,4.1791,3.76
20080218,4.1924,
20080219,4.2176,3.89
20080220,4.1744,3.93
20080221,4.1818,3.77
20080222,4.16,3.79
20080225,4.1439,3.91
20080226,4.1413,3.88
20080227,4.1436,3.85
20080228,4.1283,3.71
20080229,4.1283,3.53
20080303,4.1285,3.54
20080304,4.1521,3.63
20080305,4.1635,3.7
20080306,4.1768,3.62
20080307,4.176,3.56
20080310,4.1768,3.46
20080311,4.1953,3.6
20080312,4.1954,3.49
20080313,4.17,3.56
20080314,4.15,3.44
20080317,4.1248,3.34
20080318,4.1151,3.48
20080319,4.075,3.38
20080320,4.08,3.34
20080321,4.08,
20080324,4.077,3.56
20080325,4.0511,3.51
20080326,4.0404,3.51
20080327,4.0009,3.56
20080328,4.0116,3.47
20080331,4.046,3.45
20080401,4.0563,3.57
20080402,4.0517,3.6
20080403,4.0444,3.61
20080404,,3.5
20080407,4.045,3.57
20080408,4.0451,3.58
20080409,4.0451,3.49
20080410,4.0405,3.55
20080411,4.0457,3.49
20080414,4.0436,3.53
20080415,4.0244,3.6
20080416,4.0184,3.72
20080417,4.0185,3.75
20080418,4.0085,3.77
20080421,4.0087,3.75
20080422,4.009,3.74
20080423,4.0244,3.77
20080424,4.0601,3.87
20080425,4.0654,3.91
20080428,4.0707,3.86
20080429,4.0736,3.85
20080430,4.0725,3.77
20080501,,3.78
20080502,,3.89
20080504,4.0704,
20080505,4.0631,3.88
20080506,4.0632,3.93
20080507,4.135,3.87
20080508,4.1253,3.79
20080509,4.121,3.77
20080512,4.1517,3.78
20080513,4.1486,3.9
20080514,4.1653,3.92
20080515,4.1691,3.83
20080516,4.1493,3.85
20080519,4.1669,3.83
20080520,4.1676,3.78
20080521,4.1677,3.81
20080522,4.1631,3.92
20080523,4.1632,3.85
20080526,4.1636,
20080527,4.1618,3.93
20080528,4.1676,4.03
20080529,4.1636,4.08
20080530,4.1589,4.06
20080602,4.1626,3.98
20080603,4.1588,3.92
20080604,4.1589,3.98
20080605,4.1591,4.06
20080606,4.1617,3.94
20080609,,4.02
20080610,4.2069,4.11
20080611,4.3193,4.1
20080612,4.3009,4.23
20080613,4.3128,4.27
20080616,4.3179,4.25
20080617,4.3354,4.23
20080618,4.3356,4.16
20080619,4.3358,4.22
20080620,4.4213,4.16
20080623,4.4716,4.19
20080624,4.4626,4.1
20080625,4.4582,4.12
20080626,4.5182,4.07
20080627,4.558,3.99
20080630,4.5285,3.99
20080701,4.5309,4.01
20080702,4.536,3.99
20080703,4.5311,3.99
20080704,4.5313,
20080707,4.5529,3.95
20080708,4.5331,3.91
20080709,4.5059,3.85
20080710,4.4725,3.83
20080711,4.4562,3.96
20080714,4.4328,3.9
20080715,4.4332,3.87
20080716,4.4338,3.97
20080717,4.434,4.07
20080718,4.4236,4.11
20080721,4.419,4.09
20080722,4.4135,4.14
20080723,4.4136,4.16
20080724,4.4137,4.03
20080725,4.4342,4.13
20080728,4.4374,4.06
20080729,4.44,4.09
20080730,4.4351,4.07
20080731,4.4401,3.99
20080801,4.4601,3.97
20080804,4.4612,3.98
20080805,4.4565,4.04
20080806,4.4411,4.06
20080807,4.5238,3.92
20080808,4.4988,3.94
20080811,4.5596,3.99
20080812,4.5139,3.91
20080813,4.5038,3.94
20080814,4.4736,3.89
20080815,4.4133,3.84
20080818,4.4141,3.82
20080819,4.4042,3.83
20080820,4.3944,3.79
20080821,4.3689,3.84
20080822,4.3554,3.87
20080825,4.3431,3.79
20080826,4.3292,3.79
20080827,4.3096,3.77
20080828,4.2753,3.79
20080829,4.2234,3.83
20080901,4.1363,
20080902,4.1714,3.74
20080903,4.1411,3.71
20080904,4.1643,3.64
20080905,4.1703,3.66
20080908,4.1705,3.66
20080909,4.1429,3.62
20080910,4.1015,3.65
20080911,4.0631,3.64
20080912,3.9712,3.74
20080915,,3.47
20080916,3.8,3.48
20080917,3.7119,3.41
20080918,3.712,3.54
20080919,3.69,3.78
20080922,3.7594,3.83
20080923,3.7612,3.85
20080924,3.7601,3.8
20080925,3.7276,3.88
20080926,3.7282,3.85
20080927,3.7143,
20080928,3.7155,
20080929,,3.61
20080930,,3.85
20081001,,3.77
20081002,,3.66
20081003,,3.63
20081006,3.6809,3.48
20081007,3.5309,3.5
20081008,3.3499,3.72
20081009,3.15,3.84
20081010,3.051,3.89
20081013,3.126,
20081014,3.1593,4.08
20081015,3.1062,4.04
20081016,3.1267,3.99
20081017,3.1768,3.98
20081020,3.182,3.91
20081021,3.1826,3.76
20081022,3.1922,3.65
20081023,3.1978,3.63
20081024,3.1931,3.76
20081027,3.1522,3.79
20081028,3.1042,3.89
20081029,3.0694,3.93
20081030,3.0703,4.0
20081031,3.0751,4.01
20081103,3.0549,3.96
20081104,3.0569,3.81
20081105,3.0676,3.73
20081106,3.0424,3.75
20081107,2.9767,3.83
20081110,2.9005,3.82
20081111,2.9221,
20081112,2.8969,3.75
20081113,2.8639,3.84
20081114,2.9482,3.72
20081117,2.9984,3.68
20081118,2.9974,3.53
20081119,3.0885,3.38
20081120,3.0531,3.1
20081121,3.0049,3.2
20081124,3.0638,3.35
20081125,3.1728,3.11
20081126,3.1034,2.99
20081127,2.9064,
20081128,2.9905,2.93
20081201,3.0378,2.72
20081202,3.0306,2.68
20081203,2.9467,2.67
20081204,2.9343,2.55
20081205,2.9061,2.67
20081208,2.9053,2.77
20081209,3.0072,2.67
20081210,3.013,2.69
20081211,3.004,2.64
20081212,2.9237,2.6
20081215,2.9186,2.53
20081216,2.9243,2.37
20081217,2.81,2.2
20081218,2.7043,2.08
20081219,2.7384,2.13
20081222,2.739,2.16
20081223,2.6887,2.18
20081224,2.7045,2.2
20081225,2.7047,
20081226,2.7301,2.16
20081229,2.7559,2.13
20081230,2.7566,2.11
20081231,2.7521,2.25
20090102,,2.46
20090104,2.7102,
20090105,2.73,2.49
20090106,2.6909,2.51
20090107,2.6711,2.52
20090108,2.6716,2.47
20090109,2.6722,2.43
20090112,2.7,2.34
20090113,2.8257,2.33
20090114,2.8818,2.24
20090115,2.9897,2.23
20090116,2.994,2.36
20090119,3.0123,
20090120,3.0995,2.4
20090121,3.1398,2.56
20090122,3.0619,2.62
20090123,3.0367,2.65
20090124,3.0368,
20090126,,2.7
20090127,,2.59
20090128,,2.71
20090129,,2.87
20090130,,2.87
20090201,3.0502,
20090202,3.1433,2.76
20090203,3.1766,2.89
20090204,3.2946,2.95
20090205,3.4013,2.95
20090206,3.2967,3.05
20090209,3.269,3.07
20090210,3.3001,2.9
20090211,3.2323,2.78
20090212,3.1271,2.75
20090213,3.1321,2.89
20090216,3.1547,
20090217,3.1897,2.64
20090218,3.1703,2.74
20090219,3.1385,2.85
20090220,3.1583,2.78
20090223,3.1555,2.78
20090224,3.1508,2.8
20090225,3.1412,2.95
20090226,3.1447,2.98
20090227,3.1508,3.02
20090302,3.1582,2.91
20090303,3.1755,2.93
20090304,3.2075,3.01
20090305,3.231,2.83
20090306,3.2291,2.83
20090309,3.2036,2.89
20090310,3.178,2.99
20090311,3.1331,2.95
20090312,3.1524,2.89
20090313,3.148,2.89
20090316,3.1534,2.97
20090317,3.1249,3.02
20090318,3.1,2.51
20090319,3.0768,2.61
20090320,3.0772,2.65
20090323,3.0831,2.68
20090324,3.1295,2.68
20090325,3.1297,2.81
20090326,3.1606,2.76
20090327,3.1594,2.78
20090330,3.1608,2.73
20090331,3.1612,2.71
20090401,3.1618,2.68
20090402,3.1714,2.77
20090403,3.1805,2.91
20090406,,2.95
20090407,3.1805,2.93
20090408,3.1869,2.86
20090409,3.1949,2.96
20090410,3.1954,
20090413,3.1953,2.88
20090414,3.2044,2.8
20090415,3.2114,2.82
20090416,3.1841,2.86
20090417,3.1634,2.98
20090420,3.1412,2.88
20090421,3.1616,2.94
20090422,3.1609,2.98
20090423,3.1618,2.96
20090424,3.1571,3.03
20090427,3.1579,2.95
20090428,3.1532,3.05
20090429,3.1286,3.12
20090430,3.1072,3.16
20090501,,3.21
20090504,3.1092,3.19
20090505,3.1036,3.2
20090506,3.0795,3.18
20090507,3.0739,3.29
20090508,3.0701,3.29
20090511,3.0698,3.17
20090512,3.0662,3.17
20090513,3.0365,3.11
20090514,3.0318,3.1
20090515,3.0321,3.14
20090518,3.0277,3.22
20090519,3.0384,3.25
20090520,3.0386,3.19
20090521,3.0388,3.35
20090522,3.0434,3.45
20090525,3.0441,
20090526,3.0546,3.5
20090527,3.039,3.71
20090528,,3.67
20090529,,3.47
20090531,3.0409,
20090601,3.0615,3.71
20090602,3.0515,3.65
20090603,3.065,3.56
20090604,3.1349,3.72
20090605,3.1474,3.84
20090608,3.1543,3.91
20090609,3.1481,3.86
20090610,3.166,3.98
20090611,3.17,3.88
20090612,3.1868,3.81
20090615,3.1947,3.76
20090616,3.1476,3.67
20090617,3.1332,3.68
20090618,3.1536,3.86
20090619,3.1543,3.79
20090622,3.1876,3.72
20090623,3.2325,3.65
20090624,3.2397,3.72
20090625,3.2525,3.55
20090626,3.2628,3.52
20090629,3.2456,3.51
20090630,3.2403,3.53
20090701,3.23,3.55
20090702,3.2277,3.51
20090703,3.2534,
20090706,3.2702,3.52
20090707,3.2706,3.47
20090708,3.2709,3.33
20090709,3.3068,3.44
20090710,3.3056,3.32
20090713,3.306,3.38
20090714,3.3322,3.5
20090715,3.3816,3.63
20090716,3.4421,3.59
20090717,3.451,3.67
20090720,3.478,3.61
20090721,3.4697,3.5
20090722,3.4522,3.58
20090723,3.4511,3.72
20090724,3.4588,3.7
20090727,3.5091,3.75
20090728,3.4866,3.72
20090729,3.502,3.69
20090730,3.4905,3.67
20090731,3.503,3.52
20090803,3.5034,3.66
20090804,3.515,3.7
20090805,3.5165,3.8
20090806,3.5167,3.79
20090807,3.5168,3.89
20090810,3.5177,3.8
20090811,3.518,3.71
20090812,3.5209,3.72
20090813,3.5187,3.59
20090814,3.518,3.55
20090817,3.5231,3.48
20090818,3.5242,3.51
20090819,3.5255,3.45
20090820,3.5162,3.42
20090821,3.5276,3.56
20090824,3.4886,3.48
20090825,3.4966,3.45
20090826,3.485,3.44
20090827,3.4847,3.47
20090828,3.48,3.46
20090831,3.4805,3.4
20090901,3.481,3.38
20090902,3.4982,3.29
20090903,3.4862,3.33
20090904,3.4698,3.45
20090907,3.4317,
20090908,3.4268,3.47
20090909,3.4323,3.48
20090910,3.451,3.36
20090911,3.4652,3.34
20090914,3.4631,3.42
20090915,3.4581,3.47
20090916,3.4535,3.48
20090917,3.4636,3.42
20090918,3.4741,3.49
20090921,3.5132,3.49
20090922,3.5212,3.46
20090923,3.5126,3.44
20090924,3.5096,3.4
20090925,3.5101,3.34
20090927,3.5103,
20090928,3.4917,3.31
20090929,3.5,3.31
20090930,3.5132,3.31
20091001,,3.21
20091002,,3.24
20091005,,3.24
20091006,,3.27
20091007,,3.21
20091008,,3.27
20091009,3.5542,3.4
20091010,3.5541,
20091012,3.6043,
20091013,3.6305,3.34
20091014,3.6787,3.45
20091015,3.7,3.49
20091016,3.7058,3.43
20091019,3.6789,3.41
20091020,3.6773,3.35
20091021,3.6933,3.42
20091022,3.6587,3.44
20091023,3.692,3.51
20091026,3.6925,3.59
20091027,3.6905,3.49
20091028,3.6855,3.44
20091029,3.6818,3.53
20091030,3.6886,3.41
20091102,3.692,3.45
20091103,3.6944,3.5
20091104,3.7038,3.57
20091105,3.7247,3.57
20091106,3.7303,3.54
20091109,3.7313,3.52
20091110,3.7281,3.5
20091111,3.6988,
20091112,3.6918,3.45
20091113,3.6921,3.43
20091116,3.6927,3.33
20091117,3.6956,3.33
20091118,3.6885,3.36
20091119,3.6866,3.35
20091120,3.6648,3.36
20091123,3.6703,3.37
20091124,3.6504,3.32
20091125,3.651,3.28
20091126,3.6459,
20091127,3.5759,3.21
20091130,3.5569,3.21
20091201,3.5723,3.28
20091202,3.5725,3.32
20091203,3.5929,3.39
20091204,3.5983,3.48
20091207,3.62,3.44
20091208,3.6292,3.4
20091209,3.6251,3.45
20091210,3.6258,3.49
20091211,3.6257,3.55
20091214,3.6348,3.56
20091215,3.6314,3.6
20091216,3.6339,3.61
20091217,3.6365,3.5
20091218,3.6393,3.55
20091221,3.6508,3.69
20091222,3.6507,3.76
20091223,3.6589,3.77
20091224,3.6565,3.82
20091225,3.6543,
20091228,3.65,3.85
20091229,3.6426,3.82
20091230,3.6429,3.8
20091231,3.6422,3.85
20100104,3.6603,3.85
20100105,3.6606,3.77
20100106,3.6425,3.85
20100107,3.6543,3.85
20100108,3.6614,3.83
20100111,3.6696,3.85
20100112,3.6694,3.74
20100113,3.7053,3.8
20100114,3.6868,3.76
20100115,3.6871,3.7
20100118,3.6852,
20100119,3.6559,3.73
20100120,3.64,3.68
20100121,3.6558,3.62
20100122,3.63,3.62
20100125,3.6,3.66
20100126,3.5838,3.65
20100127,3.5648,3.66
20100128,3.5879,3.68
20100129,3.58,3.63
20100201,3.5406,3.68
20100202,3.4956,3.67
20100203,3.4648,3.73
20100204,3.5006,3.62
20100205,3.4733,3.59
20100208,3.4706,3.62
20100209,3.4743,3.67
20100210,3.4615,3.72
20100211,3.4516,3.73
20100212,3.457,3.69
20100216,,3.66
20100217,,3.74
20100218,,3.79
20100219,,3.78
20100220,3.4889,
20100221,3.4841,
20100222,3.5149,3.8
20100223,3.51,3.69
20100224,3.4646,3.7
20100225,3.4448,3.64
20100226,3.3753,3.61
20100301,3.3613,3.61
20100302,3.3414,3.62
20100303,3.3169,3.63
20100304,3.3518,3.61
20100305,3.3537,3.69
20100308,3.3602,3.72
20100309,3.3817,3.71
20100310,3.403,3.73
20100311,3.4559,3.73
20100312,3.4526,3.71
20100315,3.4484,3.71
20100316,3.4331,3.66
20100317,3.3829,3.65
20100318,3.3639,3.68
20100319,3.3805,3.7
20100322,3.4216,3.67
20100323,3.4062,3.69
20100324,3.3961,3.84
20100325,3.4168,3.91
20100326,3.4582,3.86
20100329,3.4784,3.88
20100330,3.4959,3.88
20100331,3.4818,3.84
20100401,3.4742,3.89
20100402,3.48,3.96
20100405,,4.01
20100406,3.5021,3.98
20100407,3.5182,3.89
20100408,3.5549,3.91
20100409,3.5468,3.9
20100412,3.5343,3.87
20100413,3.5031,3.84
20100414,3.5043,3.88
20100415,3.5071,3.86
20100416,3.4813,3.79
20100419,3.4116,3.83
20100420,3.4086,3.82
20100421,3.4354,3.77
20100422,3.4093,3.8
20100423,3.4106,3.84
20100426,3.3715,3.83
20100427,3.3768,3.71
20100428,3.3456,3.8
20100429,3.3607,3.76
20100430,3.3565,3.69
20100503,,3.72
20100504,3.3826,3.63
20100505,3.3636,3.58
20100506,3.3485,3.41
20100507,3.2721,3.45
20100510,3.3027,3.57
20100511,3.2983,3.56
20100512,3.2781,3.56
20100513,3.2686,3.55
20100514,3.2687,3.44
20100517,3.2257,3.47
20100518,3.2118,3.38
20100519,3.1865,3.36
20100520,3.2078,3.25
20100521,3.1972,3.2
20100524,3.2277,3.23
20100525,3.203,3.18
20100526,3.2272,3.21
20100527,3.2416,3.34
20100528,3.2529,3.31
20100531,3.243,
20100601,3.2726,3.29
20100602,3.2748,3.35
20100603,3.2478,3.39
20100604,3.2512,3.2
20100607,3.226,3.17
20100608,3.2432,3.18
20100609,3.2845,3.2
20100610,3.2891,3.33
20100611,3.332,3.24
20100612,3.3282,
20100613,3.3282,
20100614,,3.28
20100615,,3.32
20100616,,3.27
20100617,3.3296,3.21
20100618,3.3836,3.24
20100621,3.3925,3.26
20100622,3.3807,3.18
20100623,3.4129,3.13
20100624,3.4179,3.14
20100625,3.3822,3.12
20100628,3.3435,3.05
20100629,3.2909,2.97
20100630,3.279,2.97
20100701,3.2848,2.96
20100702,3.2665,3.0
20100705,3.2517,
20100706,3.2168,2.95
20100707,3.2233,3.0
20100708,3.2382,3.04
20100709,3.2347,3.07
20100712,3.2146,3.08
20100713,3.1767,3.15
20100714,3.1744,3.07
20100715,3.1817,3.0
20100716,3.1976,2.96
20100719,3.1901,2.99
20100720,3.2086,2.98
20100721,3.2144,2.9
20100722,3.2161,2.96
20100723,3.2528,3.02
20100726,3.2813,3.03
20100727,3.2816,3.08
20100728,3.2982,3.03
20100729,3.2993,3.03
20100730,3.2996,2.94
20100802,3.3131,2.99
20100803,3.3105,2.94
20100804,3.2971,2.98
20100805,3.2967,2.94
20100806,3.2922,2.86
20100809,3.2975,2.86
20100810,3.2972,2.79
20100811,3.2685,2.72
20100812,3.223,2.74
20100813,3.2374,2.68
20100816,3.2504,2.58
20100817,3.2461,2.64
20100818,3.245,2.64
20100819,3.2501,2.58
20100820,3.2389,2.62
20100823,3.2346,2.6
20100824,3.2229,2.5
20100825,3.2154,2.54
20100826,3.2322,2.5
20100827,3.2379,2.66
20100830,3.2304,2.54
20100831,3.2301,2.47
20100901,3.2358,2.58
20100902,3.2418,2.63
20100903,3.2406,2.72
20100906,3.258,
20100907,3.2739,2.61
20100908,3.2632,2.66
20100909,3.2681,2.77
20100910,3.2989,2.81
20100913,3.3251,2.74
20100914,3.3205,2.68
20100915,3.3443,2.74
20100916,3.3401,2.77
20100917,3.3504,2.75
20100919,3.35,
20100920,3.3388,2.72
20100921,3.3391,2.61
20100922,,2.56
20100923,,2.56
20100924,,2.62
20100925,3.3387,
20100926,3.3428,
20100927,3.3378,2.54
20100928,3.3371,2.48
20100929,3.331,2.52
20100930,3.3183,2.53
20101001,,2.54
20101004,,2.5
20101005,,2.5
20101006,,2.41
20101007,,2.41
20101008,3.3342,2.41
20101009,3.3584,
20101011,3.404,
20101012,3.4179,2.44
20101013,3.4271,2.46
20101014,3.4275,2.52
20101015,3.4247,2.59
20101018,3.4182,2.52
20101019,3.4205,2.5
20101020,3.6201,2.51
20101021,3.637,2.57
20101022,3.6358,2.59
20101025,3.6407,2.59
20101026,3.6944,2.67
20101027,3.6975,2.75
20101028,3.6863,2.69
20101029,3.6821,2.63
20101101,3.6941,2.66
20101102,3.7497,2.63
20101103,3.8113,2.67
20101104,3.8434,2.53
20101105,3.8458,2.58
20101108,3.8392,2.6
20101109,3.8445,2.72
20101110,3.9204,2.65
20101111,3.953,
20101112,3.9534,2.76
20101115,3.945,2.92
20101116,3.9065,2.85
20101117,3.86,2.89
20101118,3.8336,2.9
20101119,3.87,2.88
20101122,3.9161,2.8
20101123,3.9317,2.77
20101124,3.9533,2.93
20101125,3.9674,
20101126,4.0123,2.87
20101129,3.9959,2.84
20101130,3.971,2.81
20101201,3.8919,2.97
20101202,3.8609,3.01
20101203,3.8699,3.03
20101206,3.8696,2.95
20101207,3.8435,3.15
20101208,3.8609,3.26
20101209,3.9023,3.23
20101210,3.8888,3.32
20101213,3.8509,3.29
20101214,3.8521,3.49
20101215,3.815,3.53
20101216,3.8044,3.47
20101217,3.8058,3.33
20101220,3.785,3.36
20101221,3.7956,3.35
20101222,3.8004,3.36
20101223,3.8108,3.41
20101224,3.8136,
20101227,3.8913,3.36
20101228,3.9118,3.5
20101229,3.9019,3.35
20101230,3.88,3.38
20101231,3.8799,3.3
20110103,,3.36
20110104,3.8606,3.36
20110105,3.8132,3.5
20110106,3.8339,3.44
20110107,3.8237,3.34
20110110,3.8449,3.32
20110111,3.8703,3.37
20110112,3.855,3.4
20110113,3.8831,3.34
20110114,3.9156,3.35
20110117,3.9651,
20110118,3.9954,3.39
20110119,3.9752,3.37
20110120,3.9749,3.47
20110121,3.9837,3.44
20110124,3.9918,3.43
20110125,4.0152,3.35
20110126,3.9991,3.45
20110127,4.0058,3.42
20110128,4.0096,3.36
20110130,4.01,
20110131,4.0187,3.42
20110201,4.0186,3.48
20110202,,3.52
20110203,,3.58
20110204,,3.68
20110207,,3.68
20110208,,3.75
20110209,4.1006,3.65
20110210,4.1158,3.7
20110211,4.1062,3.64
20110212,4.1087,
20110214,4.0552,3.62
20110215,4.0454,3.61
20110216,4.045,3.62
20110217,4.0449,3.58
20110218,4.045,3.59
20110221,4.0702,
20110222,4.04,3.46
20110223,3.9946,3.49
20110224,3.9132,3.46
20110225,3.9566,3.42
20110228,3.9314,3.42
20110301,3.9259,3.41
20110302,3.9233,3.46
20110303,3.9279,3.58
20110304,3.9388,3.49
20110307,3.9351,3.51
20110308,3.9078,3.56
20110309,3.8879,3.48
20110310,3.9321,3.37
20110311,3.9328,3.4
20110314,3.9074,3.36
20110315,3.8659,3.33
20110316,3.86,3.22
20110317,3.8326,3.25
20110318,3.8489,3.28
20110321,3.8774,3.34
20110322,3.8987,3.34
20110323,3.9037,3.36
20110324,3.8762,3.42
20110325,3.8714,3.46
20110328,3.8807,3.47
20110329,3.9044,3.5
20110330,3.9069,3.47
20110331,3.912,3.47
20110401,3.9126,3.46
20110402,3.9078,
20110404,,3.45
20110405,,3.5
20110406,3.9203,3.56
20110407,3.9167,3.58
20110408,3.9081,3.59
20110411,3.8928,3.59
20110412,3.87,3.52
20110413,3.8703,3.49
20110414,3.8707,3.51
20110415,3.8709,3.43
20110418,3.896,3.4
20110419,3.8911,3.39
20110420,3.8913,3.43
20110421,3.8912,3.42
20110422,3.8966,
20110425,3.8961,3.39
20110426,3.896,3.34
20110427,3.8812,3.39
20110428,3.87,3.34
20110429,3.8713,3.32
20110502,,3.31
20110503,3.8752,3.28
20110504,3.8772,3.25
20110505,3.8715,3.18
20110506,3.8308,3.19
20110509,3.8378,3.17
20110510,3.8326,3.23
20110511,3.8334,3.19
20110512,3.8211,3.22
20110513,3.8363,3.18
20110516,3.8432,3.15
20110517,3.8318,3.12
20110518,3.8338,3.18
20110519,3.8309,3.17
20110520,3.8429,3.15
20110523,3.84,3.13
20110524,3.8414,3.12
20110525,3.8382,3.13
20110526,3.8352,3.07
20110527,3.8217,3.07
20110530,3.8256,
20110531,3.8311,3.05
20110601,3.8311,2.96
20110602,3.8337,3.04
20110603,3.8337,2.99
20110606,,3.01
20110607,3.8341,3.01
20110608,3.8572,2.98
20110609,3.8726,3.01
20110610,3.894,2.99
20110613,3.9036,3.0
20110614,3.9406,3.11
20110615,3.9986,2.98
20110616,3.9839,2.93
20110617,3.9803,2.94
20110620,3.9413,2.97
20110621,3.9003,2.99
20110622,3.9555,3.01
20110623,3.9691,2.93
20110624,3.8963,2.88
20110627,3.8703,2.95
20110628,3.88,3.05
20110629,3.8833,3.14
20110630,3.8857,3.18
20110701,3.8775,3.22
20110704,3.8842,
20110705,3.8909,3.16
20110706,3.9116,3.12
20110707,3.9021,3.17
20110708,3.8881,3.03
20110711,3.8923,2.94
20110712,3.8899,2.92
20110713,3.8913,2.92
20110714,3.9204,2.98
20110715,3.9278,2.94
20110718,3.9558,2.94
20110719,4.0088,2.91
20110720,4.0715,2.96
20110721,4.0889,3.03
20110722,4.0671,2.99
20110725,4.0663,3.03
20110726,4.0753,2.99
20110727,4.0855,3.01
20110728,4.0627,2.98
20110729,4.0477,2.82
20110801,4.0502,2.77
20110802,4.0615,2.66
20110803,4.1201,2.64
20110804,4.0911,2.47
20110805,4.0423,2.58
20110808,4.0007,2.4
20110809,3.9554,2.2
20110810,3.9639,2.17
20110811,3.9291,2.34
20110812,3.9268,2.24
20110815,3.9231,2.29
20110816,3.9492,2.23
20110817,3.9432,2.17
20110818,3.956,2.08
20110819,3.9331,2.07
20110822,3.9325,2.1
20110823,3.9356,2.15
20110824,3.9501,2.29
20110825,3.975,2.23
20110826,3.9886,2.19
20110829,4.0994,2.28
20110830,4.1303,2.19
20110831,4.105,2.23
20110901,4.0708,2.15
20110902,4.07,2.02
20110905,4.0501,
20110906,4.0107,1.98
20110907,4.05,2.05
20110908,4.065,2.0
20110909,4.0452,1.93
20110912,,1.94
20110913,4.0208,2.0
20110914,4.021,2.03
20110915,4.0495,2.09
20110916,4.0752,2.08
20110919,4.0801,1.97
20110920,4.0801,1.95
20110921,4.0908,1.88
20110922,4.0676,1.72
20110923,3.9662,1.84
20110926,3.8878,1.91
20110927,3.9158,2.0
20110928,3.9203,2.03
20110929,3.884,1.99
20110930,3.8605,1.92
20111003,,1.8
20111004,,1.81
20111005,,1.92
20111006,,2.01
20111007,,2.1
20111008,3.8605,
20111009,3.8056,
20111010,3.7706,
20111011,3.7593,2.18
20111012,3.8005,2.24
20111013,3.8205,2.19
20111014,3.7707,2.26
20111017,3.7906,2.18
20111018,3.7407,2.19
20111019,3.7311,2.18
20111020,3.7266,2.2
20111021,3.7385,2.23
20111024,3.7533,2.25
20111025,3.796,2.14
20111026,3.7918,2.23
20111027,3.8032,2.42
20111028,3.787,2.34
20111031,3.7607,2.17
20111101,3.7395,2.01
20111102,3.7208,2.03
20111103,3.7233,2.09
20111104,3.7158,2.06
20111107,3.7333,2.04
20111108,3.6988,2.1
20111109,3.6436,2.0
20111110,3.5563,2.04
20111111,3.5916,
20111114,3.5807,2.04
20111115,3.6563,2.06
20111116,3.626,2.01
20111117,3.636,1.96
20111118,3.6412,2.01
20111121,3.6598,1.97
20111122,3.6412,1.94
20111123,3.5914,1.89
20111124,3.6103,
20111125,3.6115,1.97
20111128,3.6402,1.97
20111129,3.6315,2.0
20111130,3.6091,2.08
20111201,3.5005,2.11
20111202,3.472,2.05
20111205,3.442,2.04
20111206,3.479,2.08
20111207,3.489,2.02
20111208,3.4953,1.99
20111209,3.4817,2.07
20111212,3.4927,2.03
20111213,3.4982,1.96
20111214,3.4807,1.92
20111215,3.489,1.92
20111216,3.4637,1.86
20111219,3.4702,1.82
20111220,3.4655,1.94
20111221,3.4709,1.98
20111222,3.4752,1.97
20111223,3.4803,2.03
20111226,3.4653,
20111227,3.4603,2.02
20111228,3.4603,1.93
20111229,3.4453,1.91
20111230,3.4303,1.89
20111231,3.4211,
20120103,,1.97
20120104,3.4395,2.0
20120105,3.4304,2.02
20120106,3.397,1.98
20120109,3.3806,1.98
20120110,3.403,2.0
20120111,3.4208,1.93
20120112,3.402,1.94
20120113,3.4108,1.89
20120116,3.4233,
20120117,3.4045,1.87
20120118,3.3957,1.92
20120119,3.3758,2.01
20120120,3.3808,2.05
20120121,3.3811,
20120123,,2.09
20120124,,2.08
20120125,,2.01
20120126,,1.96
20120127,,1.93
20120129,3.3812,
20120130,3.4005,1.87
20120131,3.4064,1.83
20120201,3.4318,1.87
20120202,3.441,1.86
20120203,3.436,1.97
20120206,3.4785,1.93
20120207,3.481,2.0
20120208,3.5098,2.01
20120209,3.5409,2.04
20120210,3.521,1.96
20120213,3.5148,1.99
20120214,3.516,1.92
20120215,3.5335,1.93
20120216,3.5361,1.99
20120217,3.5361,2.01
20120220,3.5116,
20120221,3.5164,2.05
20120222,3.5276,2.01
20120223,3.5254,1.99
20120224,3.5164,1.98
20120227,3.5501,1.92
20120228,3.5464,1.94
20120229,3.534,1.98
20120301,3.55,2.03
20120302,3.5616,1.99
20120305,3.5614,2.0
20120306,3.5465,1.96
20120307,3.5316,1.98
20120308,3.5316,2.03
20120309,3.5367,2.04
20120312,3.5242,2.04
20120313,3.5401,2.14
20120314,3.5451,2.29
20120315,3.5589,2.29
20120316,3.5483,2.31
20120319,3.559,2.39
20120320,3.5601,2.38
20120321,3.5608,2.31
20120322,3.5502,2.29
20120323,3.5267,2.25
20120326,3.5247,2.26
20120327,3.5403,2.2
20120328,3.5223,2.21
20120329,3.5143,2.18
20120330,3.5054,2.23
20120331,3.5004,
20120401,3.5204,
20120402,,2.22
20120403,,2.3
20120404,,2.25
20120405,3.5191,2.19
20120406,3.5203,2.07
20120409,3.5352,2.06
20120410,3.5366,2.01
20120411,3.5308,2.05
20120412,3.5407,2.08
20120413,3.5277,2.02
20120416,3.5318,2.0
20120417,3.5291,2.03
20120418,3.5366,2.0
20120419,3.5518,1.98
20120420,3.5414,1.99
20120423,3.5407,1.96
20120424,3.5302,2.0
20120425,3.5369,2.01
20120426,3.5357,1.98
20120427,3.5389,1.96
20120428,3.5391,
20120430,,1.95
20120501,,1.98
20120502,3.5449,1.96
20120503,3.5454,1.96
20120504,3.5512,1.91
20120507,3.5518,1.92
20120508,3.552,1.88
20120509,3.5414,1.87
20120510,3.5287,1.89
20120511,3.4907,1.84
20120514,3.4461,1.78
20120515,3.405,1.76
20120516,3.3618,1.76
20120517,3.4116,1.7
20120518,3.3614,1.71
20120521,3.3866,1.75
20120522,3.3948,1.79
20120523,3.3825,1.73
20120524,3.3619,1.77
20120525,3.3019,1.75
20120528,3.3418,
20120529,3.3718,1.74
20120530,3.3766,1.63
20120531,3.3443,1.59
20120601,3.3416,1.47
20120604,3.3469,1.53
20120605,3.3568,1.57
20120606,3.36,1.66
20120607,3.3751,1.66
20120608,3.3101,1.65
20120611,3.3491,1.6
20120612,3.3747,1.67
20120613,3.3909,1.61
20120614,3.4009,1.64
20120615,3.3932,1.6
20120618,3.4107,1.59
20120619,3.4093,1.64
20120620,3.4101,1.65
20120621,3.4001,1.63
20120622,,1.69
20120625,3.3677,1.63
20120626,3.3653,1.66
20120627,3.3252,1.65
20120628,3.3253,1.6
20120629,3.3253,1.67
20120702,3.3353,1.61
20120703,3.3204,1.65
20120704,3.3195,
20120705,3.3193,1.62
20120706,3.296,1.57
20120709,3.2709,1.53
20120710,3.2549,1.53
20120711,3.2398,1.54
20120712,3.2502,1.5
20120713,3.2591,1.52
20120716,3.2752,1.5
20120717,3.285,1.53
20120718,3.2858,1.52
20120719,3.286,1.54
20120720,3.281,1.49
20120723,3.276,1.47
20120724,3.2759,1.44
20120725,3.276,1.43
20120726,3.2763,1.45
20120727,3.2764,1.58
20120730,3.2755,1.53
20120731,3.2915,1.51
20120801,3.2921,1.56
20120802,3.2861,1.51
20120803,3.2902,1.6
20120806,3.31,1.59
20120807,3.33,1.66
20120808,3.3545,1.68
20120809,3.3023,1.69
20120810,3.2825,1.65
20120813,3.3029,1.65
20120814,3.3105,1.73
20120815,3.3402,1.8
20120816,3.3467,1.83
20120817,3.3342,1.81
20120820,3.3564,1.82
20120821,3.3578,1.8
20120822,3.3935,1.71
20120823,3.3702,1.68
20120824,3.3364,1.68
20120827,3.3498,1.65
20120828,3.3634,1.64
20120829,3.3943,1.66
20120830,3.3904,1.63
20120831,3.3928,1.57
20120903,3.4001,
20120904,3.3836,1.59
20120905,3.3887,1.6
20120906,3.3963,1.68
20120907,3.4162,1.67
20120910,3.4611,1.68
20120911,3.4714,1.7
20120912,3.4909,1.77
20120913,3.4834,1.75
20120914,3.5485,1.88
20120917,3.5717,1.85
20120918,3.5216,1.82
20120919,3.5166,1.79
20120920,3.5171,1.8
20120921,3.4998,1.77
20120924,3.4956,1.74
20120925,3.4676,1.7
20120926,3.4444,1.64
20120927,3.4525,1.66
20120928,3.4575,1.65
20120929,3.4574,
20121001,,1.64
20121002,,1.64
20121003,,1.64
20121004,,1.7
20121005,,1.75
20121008,3.4814,
20121009,3.4921,1.74
20121010,3.5036,1.72
20121011,3.499,1.7
20121012,3.4807,1.69
20121015,3.473,1.7
20121016,3.4903,1.75
20121017,3.5036,1.83
20121018,3.519,1.86
20121019,3.535,1.79
20121022,3.5293,1.83
20121023,3.5454,1.79
20121024,3.5478,1.8
20121025,3.5672,1.86
20121026,3.5727,1.78
20121029,3.5668,1.74
20121030,3.5648,
20121031,3.5739,1.72
20121101,3.5984,1.75
20121102,3.5852,1.75
20121105,3.5872,1.72
20121106,3.5771,1.78
20121107,3.5644,1.68
20121108,3.5609,1.62
20121109,3.5594,1.61
20121112,3.5585,
20121113,3.547,1.59
20121114,3.5356,1.59
20121115,3.5279,1.58
20121116,3.5133,1.58
20121119,3.501,1.61
20121120,3.5111,1.66
20121121,3.5205,1.69
20121122,3.5357,
20121123,3.5428,1.7
20121126,3.5511,1.66
20121127,3.557,1.64
20121128,3.5535,1.63
20121129,3.5311,1.62
20121130,3.5332,1.62
20121203,3.5397,1.63
20121204,3.5498,1.62
20121205,3.5622,1.6
20121206,3.558,1.59
20121207,3.5689,1.64
20121210,3.5707,1.63
20121211,3.5658,1.66
20121212,3.5666,1.72
20121213,3.5649,1.74
20121214,3.5781,1.72
20121217,3.5814,1.78
20121218,3.5843,1.84
20121219,3.5942,1.82
20121220,3.6086,1.81
20121221,3.606,1.77
20121224,3.6009,1.79
20121225,3.5955,
20121226,3.5925,1.77
20121227,3.5803,1.74
20121228,3.5752,1.73
20121231,3.5738,1.78
20130102,,1.86
20130103,,1.92
20130104,3.6062,1.93
20130105,3.6003,
20130106,3.595,
20130107,3.5965,1.92
20130108,3.5943,1.89
20130109,3.575,1.88
20130110,3.595,1.91
20130111,3.5999,1.89
20130114,3.6023,1.89
20130115,3.6008,1.86
20130116,3.6047,1.84
20130117,3.5986,1.89
20130118,3.5834,1.87
20130121,3.5743,
20130122,3.5705,1.86
20130123,3.5682,1.86
20130124,3.5816,1.88
20130125,3.5837,1.98
20130128,3.6042,2.0
20130129,3.6116,2.03
20130130,3.6053,2.03
20130131,3.6054,2.02
20130201,3.6004,2.04
20130204,3.6016,2.0
20130205,3.591,2.04
20130206,3.5922,2.0
20130207,3.5928,1.99
20130208,3.5859,1.99
20130211,,1.99
20130212,,2.02
20130213,,2.05
20130214,,2.0
20130215,,2.01
20130216,3.5922,
20130217,3.5847,
20130218,3.5929,
20130219,3.5931,2.03
20130220,3.5632,2.02
20130221,3.5623,1.99
20130222,3.5708,1.97
20130225,3.5821,1.88
20130226,3.5948,1.88
20130227,3.5904,1.91
20130228,3.5957,1.89
20130301,3.5878,1.86
20130304,3.5785,1.88
20130305,3.576,1.9
20130306,3.5802,1.95
20130307,3.5813,2.0
20130308,3.5816,2.06
20130311,3.583,2.07
20130312,3.5897,2.03
20130313,3.5898,2.04
20130314,3.5919,2.04
20130315,3.5919,2.01
20130318,3.5971,1.96
20130319,3.5922,1.92
20130320,3.5722,1.96
20130321,3.5819,1.95
20130322,3.5816,1.93
20130325,3.577,1.93
20130326,3.5717,1.92
20130327,3.5611,1.87
20130328,3.5505,1.87
20130329,3.5392,
20130401,3.5303,1.86
20130402,3.5106,1.88
20130403,3.5005,1.83
20130404,,1.78
20130405,,1.72
20130407,3.4907,
20130408,3.4905,1.76
20130409,3.4705,1.78
20130410,3.4624,1.84
20130411,3.4705,1.82
20130412,3.4655,1.75
20130415,3.4405,1.72
20130416,3.4005,1.75
20130417,3.4131,1.73
20130418,3.4431,1.72
20130419,3.4503,1.73
20130422,3.4867,1.72
20130423,3.4629,1.74
20130424,3.4498,1.73
20130425,3.4314,1.74
20130426,3.4313,1.7
20130427,3.4311,
20130428,3.4314,
20130429,,1.7
20130430,,1.7
20130501,,1.66
20130502,3.4119,1.66
20130503,3.4212,1.78
20130506,3.4354,1.8
20130507,3.4261,1.82
20130508,3.4345,1.81
20130509,3.4317,1.81
20130510,3.4212,1.9
20130513,3.4238,1.92
20130514,3.4248,1.96
20130515,3.4218,1.94
20130516,3.4219,1.87
20130517,3.4213,1.95
20130520,3.4253,1.97
20130521,3.4253,1.94
20130522,3.4153,2.03
20130523,3.413,2.02
20130524,3.4181,2.01
20130527,3.4166,
20130528,3.4206,2.15
20130529,3.434,2.13
20130530,3.434,2.13
20130531,3.4399,2.16
20130603,3.4478,2.13
20130604,3.4603,2.14
20130605,3.4615,2.1
20130606,3.4651,2.08
20130607,3.4822,2.17
20130608,3.4822,
20130609,3.4491,
20130610,,2.22
20130611,,2.2
20130612,,2.25
20130613,3.4591,2.19
20130614,3.4689,2.14
20130617,3.4785,2.19
20130618,3.4818,2.2
20130619,3.5516,2.33
20130620,3.7016,2.41
20130621,3.6014,2.52
20130624,3.5999,2.57
20130625,3.5999,2.6
20130626,3.55,2.55
20130627,3.5231,2.49
20130628,3.5125,2.52
20130701,3.5245,2.5
20130702,3.5243,2.48
20130703,3.5302,2.52
20130704,3.5102,
20130705,3.5127,2.73
20130708,3.5177,2.65
20130709,3.5202,2.65
20130710,3.5802,2.7
20130711,3.5902,2.6
20130712,3.6001,2.61
20130715,3.6102,2.57
20130716,3.619,2.55
20130717,3.669,2.52
20130718,3.6903,2.56
20130719,3.7051,2.5
20130722,3.7401,2.5
20130723,3.7602,2.53
20130724,3.7952,2.61
20130725,3.7102,2.61
20130726,3.7152,2.58
20130729,3.7228,2.61
20130730,3.7227,2.63
20130731,3.7214,2.6
20130801,3.7053,2.74
20130802,3.7034,2.63
20130805,3.7104,2.67
20130806,3.7153,2.67
20130807,3.7703,2.61
20130808,3.8455,2.58
20130809,3.8407,2.57
20130812,3.8513,2.61
20130813,3.9252,2.71
20130814,3.9516,2.71
20130815,3.9602,2.77
20130816,3.9401,2.84
20130819,4.0103,2.88
20130820,4.0881,2.82
20130821,4.0382,2.87
20130822,4.0302,2.9
20130823,3.9916,2.82
20130826,3.9555,2.79
20130827,3.9654,2.72
20130828,4.0222,2.78
20130829,4.03,2.75
20130830,4.0354,2.78
20130902,4.0356,
20130903,4.0404,2.86
20130904,4.055,2.9
20130905,4.055,2.98
20130906,4.0455,2.94
20130909,4.055,2.9
20130910,4.065,2.96
20130911,4.1341,2.93
20130912,4.1291,2.92
20130913,4.1406,2.9
20130916,4.1201,2.88
20130917,4.0721,2.86
20130918,4.0502,2.69
20130919,,2.76
20130920,,2.75
20130922,3.9851,
20130923,4.0095,2.72
20130924,4.0201,2.67
20130925,4.0202,2.63
20130926,3.9901,2.66
20130927,4.0002,2.64
20130929,4.0002,
20130930,3.9954,2.64
20131001,,2.66
20131002,,2.63
20131003,,2.62
20131004,,2.66
20131007,,2.65
20131008,3.9903,2.66
20131009,4.0316,2.68
20131010,4.0166,2.71
20131011,4.0265,2.7
20131012,4.0263,
20131014,4.0663,
20131015,4.0791,2.75
20131016,4.0966,2.69
20131017,4.0966,2.61
20131018,4.1055,2.6
20131021,4.1105,2.63
20131022,4.1305,2.54
20131023,4.1491,2.51
20131024,4.194,2.53
20131025,4.214,2.53
20131028,4.204,2.54
20131029,4.2173,2.53
20131030,4.2173,2.55
20131031,4.1806,2.57
20131101,4.1556,2.65
20131104,4.1731,2.63
20131105,4.2106,2.69
20131106,4.2206,2.67
20131107,4.2945,2.63
20131108,4.3186,2.77
20131111,4.4034,
20131112,4.4146,2.8
20131113,4.4628,2.75
20131114,4.5006,2.69
20131115,4.6006,2.71
20131118,4.6619,2.67
20131119,4.6722,2.71
20131120,4.7222,2.8
20131121,4.7009,2.79
20131122,4.6509,2.75
20131125,4.6159,2.74
20131126,4.6059,2.71
20131127,4.5511,2.74
20131128,4.4313,
20131129,4.3612,2.75
20131202,4.4812,2.81
20131203,4.4412,2.79
20131204,4.4262,2.84
20131205,4.4962,2.88
20131206,4.5162,2.88
20131209,4.5413,2.86
20131210,4.6012,2.81
20131211,4.6213,2.86
20131212,4.5913,2.89
20131213,4.5411,2.88
20131216,4.5539,2.89
20131217,4.5639,2.85
20131218,4.5814,2.89
20131219,4.6016,2.94
20131220,4.6016,2.89
20131223,4.6017,2.94
20131224,4.5566,2.99
20131225,4.5666,
20131226,4.5579,3.0
20131227,4.5437,3.02
20131230,4.5437,2.99
20131231,4.5518,3.04
20140102,4.6018,3.0
20140103,4.6415,3.01
20140106,4.6569,2.98
20140107,4.642,2.96
20140108,4.5919,3.01
20140109,4.5969,2.97
20140110,4.6016,2.88
20140113,4.597,2.84
20140114,4.602,2.88
20140115,4.5523,2.9
20140116,4.5871,2.86
20140117,4.5969,2.84
20140120,4.5923,
20140121,4.5423,2.85
20140122,4.5023,2.87
20140123,4.4825,2.79
20140124,4.5123,2.75
20140126,4.4777,
20140127,4.4802,2.78
20140128,4.5027,2.77
20140129,4.5102,2.69
20140130,4.5019,2.72
20140131,,2.67
20140203,,2.61
20140204,,2.64
20140205,,2.7
20140206,,2.73
20140207,4.4781,2.71
20140208,4.468,
20140210,4.4831,2.7
20140211,4.4881,2.75
20140212,4.4783,2.8
20140213,4.4783,2.73
20140214,4.4781,2.75
20140217,4.5135,
20140218,4.5385,2.71
20140219,4.5535,2.73
20140220,4.5336,2.76
20140221,4.5234,2.73
20140224,4.4836,2.75
20140225,4.4336,2.7
20140226,4.4496,2.67
20140227,4.3896,2.65
20140228,4.4276,2.66
20140303,4.4576,2.6
20140304,4.5026,2.7
20140305,4.5176,2.7
20140306,4.5145,2.74
20140307,4.5142,2.8
20140310,4.5043,2.79
20140311,4.5125,2.77
20140312,4.5024,2.73
20140313,4.5024,2.66
20140314,4.4924,2.65
20140317,4.482,2.7
20140318,4.5095,2.68
20140319,4.5095,2.78
20140320,4.5195,2.79
20140321,4.5044,2.75
20140324,4.5148,2.74
20140325,4.5192,2.75
20140326,4.4992,2.71
20140327,4.5109,2.69
20140328,4.5104,2.73
20140331,4.5004,2.73
20140401,4.4954,2.77
20140402,4.4904,2.82
20140403,4.4904,2.8
20140404,4.4904,2.74
20140407,,2.71
20140408,4.4499,2.69
20140409,4.4771,2.71
20140410,4.4571,2.65
20140411,4.4521,2.63
20140414,4.4248,2.65
20140415,4.4001,2.64
20140416,4.3601,2.65
20140417,4.2749,2.73
20140418,4.2997,
20140421,4.2997,2.73
20140422,4.2997,2.73
20140423,4.3297,2.7
20140424,4.3394,2.7
20140425,4.3294,2.68
20140428,4.3301,2.7
20140429,4.3202,2.71
20140430,4.3002,2.67
20140501,,2.63
20140502,,2.6
20140504,4.2902,
20140505,4.3002,2.63
20140506,4.2803,2.61
20140507,4.2803,2.62
20140508,4.2303,2.61
20140509,4.1205,2.62
20140512,4.1205,2.66
20140513,4.1505,2.61
20140514,4.1704,2.54
20140515,4.1915,2.5
20140516,4.1919,2.52
20140519,4.1708,2.54
20140520,4.177,2.52
20140521,4.177,2.54
20140522,4.177,2.56
20140523,4.1574,2.54
20140526,4.1674,
20140527,4.1574,2.52
20140528,4.1457,2.44
20140529,4.1159,2.45
20140530,4.0714,2.48
20140602,,2.54
20140603,4.0214,2.6
20140604,4.0114,2.61
20140605,4.0314,2.59
20140606,4.0614,2.6
20140609,4.0714,2.62
20140610,4.0614,2.64
20140611,4.0614,2.65
20140612,4.064,2.58
20140613,4.084,2.6
20140616,4.064,2.61
20140617,4.054,2.66
20140618,4.054,2.61
20140619,4.0408,2.64
20140620,4.0515,2.63
20140623,4.0515,2.63
20140624,4.0515,2.59
20140625,4.0557,2.57
20140626,4.0472,2.53
20140627,4.0485,2.54
20140630,4.0612,2.53
20140701,4.0812,2.58
20140702,4.1212,2.64
20140703,4.1503,2.65
20140704,4.1747,
20140707,4.1212,2.63
20140708,4.1162,2.58
20140709,4.1276,2.57
20140710,4.1298,2.55
20140711,4.1198,2.53
20140714,4.1298,2.55
20140715,4.1571,2.56
20140716,4.2171,2.55
20140717,4.267,2.47
20140718,4.3019,2.5
20140721,4.3017,2.49
20140722,4.2717,2.48
20140723,4.2967,2.48
20140724,4.2967,2.52
20140725,4.2711,2.48
20140728,4.2713,2.5
20140729,4.2805,2.47
20140730,4.2905,2.57
20140731,4.2655,2.58
20140801,4.2569,2.52
20140804,4.253,2.51
20140805,4.2576,2.49
20140806,4.2463,2.49
20140807,4.2563,2.43
20140808,4.2712,2.44
20140811,4.2815,2.44
20140812,4.2815,2.46
20140813,4.255,2.43
20140814,4.21,2.4
20140815,4.2002,2.34
20140818,4.2153,2.39
20140819,4.2422,2.4
20140820,4.2523,2.43
20140821,4.2512,2.41
20140822,4.256,2.4
20140825,4.2524,2.39
20140826,4.2462,2.39
20140827,4.231,2.37
20140828,4.2254,2.34
20140829,4.2361,2.35
20140901,4.2405,
20140902,4.249,2.42
20140903,4.264,2.41
20140904,4.2814,2.45
20140905,4.2928,2.46
20140908,,2.48
20140909,4.2868,2.5
20140910,4.2934,2.54
20140911,4.2937,2.54
20140912,4.2793,2.62
20140915,4.2597,2.6
20140916,4.2634,2.6
20140917,4.2008,2.62
20140918,4.1438,2.63
20140919,4.031,2.59
20140922,4.011,2.57
20140923,3.9911,2.54
20140924,4.0425,2.57
20140925,4.0025,2.52
20140926,4.0092,2.54
20140928,4.0227,
20140929,3.9925,2.5
20140930,3.9824,2.52
20141001,,2.42
20141002,,2.44
20141003,,2.45
20141006,,2.43
20141007,,2.36
20141008,3.993,2.35
20141009,4.0014,2.34
20141010,4.0131,2.31
20141011,3.9965,
20141013,3.9953,
20141014,3.9015,2.21
20141015,3.8215,2.15
20141016,3.8116,2.17
20141017,3.811,2.22
20141020,3.7441,2.2
20141021,3.7323,2.23
20141022,3.7929,2.25
20141023,3.8108,2.29
20141024,3.8013,2.29
20141027,3.7756,2.27
20141028,3.7424,2.3
20141029,3.7176,2.34
20141030,3.7688,2.32
20141031,3.7559,2.35
20141103,3.7007,2.36
20141104,3.6412,2.35
20141105,3.6117,2.36
20141106,3.6223,2.39
20141107,3.5631,2.32
20141110,3.5132,2.38
20141111,3.4981,
20141112,3.556,2.37
20141113,3.5924,2.35
20141114,3.6466,2.32
20141117,3.6609,2.34
20141118,3.607,2.32
20141119,3.6154,2.36
20141120,3.6521,2.34
20141121,3.6514,2.31
20141124,3.4767,2.3
20141125,3.5216,2.27
20141126,3.5228,2.24
20141127,3.5243,
20141128,3.5249,2.18
20141201,3.5145,2.22
20141202,3.5553,2.28
20141203,3.6238,2.29
20141204,3.6633,2.25
20141205,3.7759,2.31
20141208,3.7918,2.26
20141209,3.7532,2.22
20141210,3.7111,2.18
20141211,3.7282,2.19
20141212,3.7513,2.1
20141215,3.7815,2.12
20141216,3.7522,2.07
20141217,3.7377,2.14
20141218,3.7614,2.22
20141219,3.7106,2.17
20141222,3.703,2.17
20141223,3.6604,2.26
20141224,3.5975,2.27
20141225,3.6305,
20141226,3.6339,2.25
20141229,3.6213,2.22
20141230,3.6213,2.2
20141231,3.6219,2.17
20150102,,2.12
20150104,3.6285,
20150105,3.6251,2.04
20150106,3.6353,1.97
20150107,3.6408,1.96
20150108,3.6415,2.03
20150109,3.6348,1.98
20150112,3.6371,1.92
20150113,3.5836,1.91
20150114,3.5411,1.86
20150115,3.5464,1.77
20150116,3.5017,1.83
20150119,3.475,
20150120,3.4711,1.82
20150121,3.4672,1.87
20150122,3.4521,1.9
20150123,3.452,1.81
20150126,3.4341,1.83
20150127,3.4309,1.83
20150128,3.4767,1.73
20150129,3.4966,1.77
20150130,3.5019,1.68
20150202,3.4729,1.68
20150203,3.4533,1.79
20150204,3.4589,1.81
20150205,3.4018,1.83
20150206,3.4325,1.95
20150209,3.4236,1.96
20150210,3.4299,2.01
20150211,3.3955,2.0
20150212,3.3865,1.99
20150213,3.3552,2.02
20150215,3.3625,
20150216,3.3374,
20150217,3.3373,2.14
20150218,,2.07
20150219,,2.11
20150220,,2.13
20150223,,2.06
20150224,,1.99
20150225,3.349,1.96
20150226,3.3594,2.03
20150227,3.3745,2.0
20150228,3.3602,
20150302,3.3883,2.08
20150303,3.4022,2.12
20150304,3.3869,2.12
20150305,3.4369,2.11
20150306,3.4753,2.24
20150309,3.4922,2.2
20150310,3.5228,2.14
20150311,3.4466,2.11
20150312,3.4412,2.1
20150313,3.4879,2.13
20150316,3.5301,2.1
20150317,3.5428,2.06
20150318,3.5519,1.93
20150319,3.5348,1.98
20150320,3.4958,1.93
20150323,3.4933,1.92
20150324,3.4841,1.88
20150325,3.5037,1.93
20150326,3.544,2.01
20150327,3.5678,1.95
20150330,3.5849,1.96
20150331,3.6483,1.94
20150401,3.5997,1.87
20150402,3.5438,1.92
20150403,3.572,1.85
20150406,,1.92
20150407,3.5987,1.89
20150408,3.6938,1.92
20150409,3.704,1.97
20150410,3.6947,1.96
20150413,3.6685,1.94
20150414,3.6211,1.9
20150415,3.5954,1.91
20150416,3.56,1.9
20150417,3.5627,1.87
20150420,3.4554,1.9
20150421,3.4055,1.92
20150422,3.4052,1.99
20150423,3.4151,1.96
20150424,3.4454,1.93
20150427,3.3952,1.94
20150428,3.3804,2.0
20150429,3.4,2.06
20150430,3.3503,2.05
20150501,,2.12
20150504,3.3804,2.16
20150505,3.4006,2.19
20150506,3.456,2.25
20150507,3.4401,2.18
20150508,3.3703,2.16
20150511,3.3752,2.28
20150512,3.4002,2.28
20150513,3.4002,2.27
20150514,3.3803,2.23
20150515,3.3907,2.14
20150518,3.4109,2.23
20150519,3.4311,2.27
20150520,3.4282,2.26
20150521,3.4257,2.19
20150522,3.416,2.21
20150525,3.431,
20150526,3.5214,2.14
20150527,3.5055,2.14
20150528,3.5652,2.13
20150529,3.5954,2.12
20150601,3.6404,2.19
20150602,3.588,2.27
20150603,3.6111,2.38
20150604,3.5912,2.31
20150605,3.5814,2.41
20150608,3.5613,2.39
20150609,3.5565,2.42
20150610,3.5912,2.5
20150611,3.6197,2.39
20150612,3.6226,2.39
20150615,3.6681,2.36
20150616,3.6099,2.32
20150617,3.6052,2.32
20150618,3.573,2.35
20150619,3.5825,2.26
20150622,,2.37
20150623,3.6054,2.42
20150624,3.6079,2.38
20150625,3.6028,2.4
20150626,3.608,2.49
20150629,3.603,2.33
20150630,3.5976,2.35
20150701,3.6127,2.43
20150702,3.6223,2.4
20150703,3.5719,
20150706,3.4917,2.3
20150707,3.4361,2.27
20150708,3.4307,2.22
20150709,3.4358,2.32
20150710,3.4885,2.42
20150713,3.5014,2.44
20150714,3.5341,2.41
20150715,3.5495,2.36
20150716,3.5208,2.36
20150717,3.5123,2.34
20150720,3.5009,2.38
20150721,3.5214,2.35
20150722,3.5145,2.33
20150723,3.4751,2.28
20150724,3.4602,2.27
20150727,3.4602,2.23
20150728,3.4401,2.26
20150729,3.4302,2.29
20150730,3.4402,2.28
20150731,3.4752,2.2
20150803,3.47,2.16
20150804,3.47,2.23
20150805,3.4701,2.28
20150806,3.46,2.23
20150807,3.4553,2.18
20150810,3.4755,2.24
20150811,3.5256,2.15
20150812,3.5402,2.14
20150813,3.5153,2.19
20150814,3.5052,2.2
20150817,3.5176,2.16
20150818,3.5126,2.2
20150819,3.5201,2.12
20150820,3.5051,2.09
20150821,3.4951,2.05
20150824,3.4701,2.01
20150825,3.4577,2.12
20150826,3.429,2.18
20150827,3.3902,2.18
20150828,3.3803,2.19
20150831,3.3252,2.21
20150901,3.3002,2.17
20150902,3.3002,2.2
20150903,,2.18
20150904,,2.13
20150906,3.3203,
20150907,3.3353,
20150908,3.3603,2.2
20150909,3.3478,2.21
20150910,3.3453,2.23
20150911,3.3404,2.2
20150914,3.3303,2.18
20150915,3.3104,2.28
20150916,3.3103,2.3
20150917,3.3204,2.21
20150918,3.3105,2.13
20150921,3.3204,2.2
20150922,3.3255,2.14
20150923,3.3354,2.16
20150924,3.318,2.13
20150925,3.3101,2.17
20150928,3.2906,2.1
20150929,3.2457,2.05
20150930,3.2362,2.06
20151001,,2.05
20151002,,1.99
20151005,,2.07
20151006,,2.05
20151007,,2.08
20151008,3.2409,2.12
20151009,3.1486,2.12
20151010,3.1612,
20151012,3.1488,
20151013,3.1064,2.06
20151014,3.0414,1.99
20151015,3.0814,2.04
20151016,3.1216,2.04
20151019,3.1214,2.04
20151020,3.0615,2.08
20151021,3.0616,2.04
20151022,3.0516,2.04
20151023,3.04,2.09
20151026,3.02,2.07
20151027,2.98,2.05
20151028,2.987,2.1
20151029,3.05,2.19
20151030,3.06,2.16
20151102,3.0525,2.2
20151103,3.08,2.23
20151104,3.1351,2.25
20151105,3.115,2.26
20151106,3.125,2.34
20151109,3.2099,2.36
20151110,3.2001,2.32
20151111,3.1226,
20151112,3.1351,2.32
20151113,3.1251,2.28
20151116,3.1352,2.27
20151117,3.1252,2.25
20151118,3.1402,2.27
20151119,3.1402,2.24
20151120,3.1251,2.26
20151123,3.1302,2.25
20151124,3.1077,2.24
20151125,3.0853,2.23
20151126,3.0503,
20151127,3.0603,2.22
20151130,3.0404,2.21
20151201,3.0504,2.15
20151202,3.0454,2.18
20151203,3.0304,2.33
20151204,3.0254,2.28
20151207,3.028,2.23
20151208,3.0005,2.24
20151209,2.9968,2.22
20151210,3.0018,2.24
20151211,2.9931,2.13
20151214,3.0306,2.23
20151215,3.0157,2.28
20151216,3.0007,2.3
20151217,2.9857,2.24
20151218,2.9408,2.19
20151221,2.8811,2.2
20151222,2.861,2.24
20151223,2.846,2.27
20151224,2.801,2.25
20151225,2.8061,
20151228,2.7961,2.24
20151229,2.8061,2.32
20151230,2.8261,2.31
20151231,2.8212,2.27
20160104,2.871,2.24
20160105,2.8911,2.25
20160106,2.8861,2.18
20160107,2.8511,2.16
20160108,2.8362,2.13
20160111,2.8187,2.17
20160112,2.7887,2.12
20160113,2.7237,2.08
20160114,2.7513,2.1
20160115,2.7464,2.03
20160118,2.7764,
20160119,2.7964,2.06
20160120,2.8114,2.01
20160121,2.7914,2.02
20160122,2.7741,2.07
20160125,2.859,2.03
20160126,2.8616,2.01
20160127,2.9016,2.02
20160128,2.8866,2.0
20160129,2.8419,1.94
20160201,2.8368,1.97
20160202,2.8818,1.87
20160203,2.8918,1.88
20160204,2.855,1.87
20160205,2.8535,1.86
20160206,2.8535,
20160208,,1.75
20160209,,1.74
20160210,,1.71
20160211,,1.63
20160212,,1.74
20160214,2.8221,
20160215,2.8371,
20160216,2.8376,1.78
20160217,2.8351,1.81
20160218,2.8351,1.75
20160219,2.8251,1.76
20160222,2.8426,1.77
20160223,2.8451,1.74
20160224,2.8676,1.75
20160225,2.8651,1.71
20160226,2.8551,1.76
20160229,2.8502,1.74
20160301,2.8527,1.83
20160302,2.8752,1.84
20160303,2.9002,1.83
20160304,2.8952,1.88
20160307,2.9303,1.91
20160308,2.9352,1.83
20160309,2.8928,1.9
20160310,2.8653,1.93
20160311,2.8453,1.98
20160314,2.8504,1.97
20160315,2.8404,1.97
20160316,2.8054,1.94
20160317,2.8154,1.91
20160318,2.8229,1.88
20160321,2.8305,1.92
20160322,2.8304,1.94
20160323,2.8307,1.88
20160324,2.8309,1.91
20160325,2.8311,
20160328,2.8665,1.89
20160329,2.851,1.81
20160330,2.8362,1.83
20160331,2.8419,1.78
20160401,2.8422,1.79
20160404,,1.78
20160405,2.8637,1.73
20160406,2.8689,1.76
20160407,2.9049,1.7
20160408,2.9158,1.72
20160411,2.9091,1.73
20160412,2.91,1.79
20160413,2.9271,1.77
20160414,2.9352,1.8
20160415,2.9151,1.76
20160418,2.9047,1.78
20160419,2.906,1.79
20160420,2.9258,1.85
20160421,2.9208,1.88
20160422,2.9309,1.89
20160425,2.9362,1.91
20160426,2.9212,1.94
20160427,2.9108,1.87
20160428,2.8863,1.84
20160429,2.8913,1.83
20160502,,1.88
20160503,2.889,1.81
20160504,2.8965,1.79
20160505,2.9017,1.76
20160506,2.9016,1.79
20160509,2.8818,1.77
20160510,2.9,1.77
20160511,2.9075,1.73
20160512,2.8975,1.75
20160513,2.905,1.71
20160516,2.9275,1.75
20160517,2.93,1.76
20160518,2.955,1.87
20160519,2.96,1.85
20160520,2.95,1.85
20160523,2.955,1.84
20160524,2.935,1.86
20160525,2.9401,1.87
20160526,2.9401,1.83
20160527,2.9451,1.85
20160530,2.9776,
20160531,2.9851,1.84
20160601,2.9952,1.85
20160602,3.0127,1.81
20160603,3.0152,1.71
20160606,3.0041,1.73
20160607,3.0071,1.72
20160608,3.0077,1.71
20160609,,1.68
20160610,,1.64
20160612,3.0053,
20160613,2.9979,1.62
20160614,2.9654,1.62
20160615,2.9604,1.6
20160616,2.9455,1.57
20160617,2.9379,1.62
20160620,2.9481,1.67
20160621,2.9405,1.71
20160622,2.9307,1.69
20160623,2.9307,1.74
20160624,2.8808,1.57
20160627,2.831,1.46
20160628,2.861,1.46
20160629,2.8586,1.5
20160630,2.8411,1.49
20160701,2.8038,1.46
20160704,2.8314,
20160705,2.8514,1.37
20160706,2.8365,1.38
20160707,2.8066,1.4
20160708,2.8016,1.37
20160711,2.8268,1.43
20160712,2.8368,1.53
20160713,2.8494,1.48
20160714,2.8395,1.53
20160715,2.8271,1.6
20160718,2.8271,1.59
20160719,2.8197,1.56
20160720,2.7996,1.59
20160721,2.7806,1.57
20160722,2.7907,1.57
20160725,2.8068,1.58
20160726,2.7913,1.57
20160727,2.7967,1.52
20160728,2.7867,1.52
20160729,2.7768,1.46
20160801,2.783,1.51
20160802,2.7792,1.55
20160803,2.7718,1.55
20160804,2.7694,1.51
20160805,2.7534,1.59
20160808,2.7472,1.59
20160809,2.7125,1.55
20160810,2.695,1.5
20160811,2.6875,1.57
20160812,2.6701,1.51
20160815,2.6401,1.55
20160816,2.6651,1.57
20160817,2.6901,1.56
20160818,2.6801,1.53
20160819,2.7001,1.58
20160822,2.6801,1.55
20160823,2.7201,1.55
20160824,2.7301,1.56
20160825,2.7201,1.58
20160826,2.6927,1.62
20160829,2.7064,1.57
20160830,2.7527,1.57
20160831,2.7425,1.58
20160901,2.7452,1.57
20160902,2.7452,1.6
20160905,2.7503,
20160906,2.7628,1.55
20160907,2.7853,1.54
20160908,2.7753,1.61
20160909,2.7678,1.67
20160912,2.7916,1.68
20160913,2.7654,1.73
20160914,2.7579,1.7
20160915,,1.71
20160916,,1.7
20160918,2.7655,
20160919,2.7605,1.7
20160920,2.7431,1.69
20160921,2.7518,1.66
20160922,2.7456,1.63
20160923,2.7318,1.62
20160926,2.7157,1.59
20160927,2.7144,1.56
20160928,2.7244,1.57
20160929,2.7282,1.56
20160930,2.7258,1.6
20161003,,1.63
20161004,,1.69
20161005,,1.72
20161006,,1.75
20161007,,1.73
20161008,2.7047,
20161009,2.676,
20161010,2.6735,
20161011,2.6835,1.77
20161012,2.7098,1.79
20161013,2.701,1.75
20161014,2.6952,1.8
20161017,2.6904,1.77
20161018,2.6965,1.75
20161019,2.6664,1.76
20161020,2.6518,1.76
20161021,2.6451,1.74
20161024,2.6595,1.77
20161025,2.6859,1.77
20161026,2.72,1.79
20161027,2.7068,1.85
20161028,2.7027,1.86
20161031,2.7425,1.84
20161101,2.7375,1.83
20161102,2.7372,1.81
20161103,2.7301,1.82
20161104,2.7339,1.79
20161107,2.7475,1.83
20161108,2.7634,1.88
20161109,2.7651,2.07
20161110,2.7926,2.15
20161111,2.815,
20161114,2.8577,2.23
20161115,2.8501,2.23
20161116,2.8652,2.22
20161117,2.9055,2.29
20161118,2.8901,2.34
20161121,2.8851,2.33
20161122,2.8689,2.31
20161123,2.8451,2.36
20161124,2.8502,
20161125,2.865,2.36
20161128,2.8502,2.32
20161129,2.8906,2.3
20161130,2.9502,2.37
20161201,2.9893,2.45
20161202,2.9895,2.4
20161205,3.0302,2.39
20161206,3.1151,2.39
20161207,3.0877,2.34
20161208,3.0753,2.4
20161209,3.0853,2.47
20161212,3.1458,2.49
20161213,3.1863,2.48
20161214,3.2186,2.54
20161215,3.3315,2.6
20161216,3.2803,2.6
20161219,3.3316,2.54
20161220,3.3739,2.57
20161221,3.2815,2.55
20161222,3.1908,2.55
20161223,3.1769,2.55
20161226,3.1551,
20161227,3.1628,2.57
20161228,3.1223,2.51
20161229,3.0471,2.49
20161230,3.0115,2.45
20161231,3.0115,
20170103,3.1054,2.45
20170104,3.1823,2.46
20170105,3.2086,2.37
20170106,3.1953,2.42
20170109,3.1692,2.38
20170110,3.1792,2.38
20170111,3.2055,2.38
20170112,3.1888,2.36
20170113,3.2022,2.4
20170116,3.2496,
20170117,3.2692,2.33
20170118,3.2682,2.42
20170119,3.2584,2.47
20170120,3.244,2.48
20170122,3.255,
20170123,3.2429,2.41
20170124,3.2837,2.47
20170125,3.3463,2.53
20170126,3.3465,2.51
20170127,,2.49
20170130,,2.49
20170131,,2.45
20170201,,2.48
20170202,,2.48
20170203,3.4214,2.49
20170204,3.4099,
20170206,3.4905,2.42
20170207,3.4866,2.4
20170208,3.4591,2.34
20170209,3.4148,2.4
20170210,3.4368,2.41
20170213,3.4192,2.43
20170214,3.4107,2.47
20170215,3.4058,2.51
20170216,3.3559,2.45
20170217,3.3311,2.42
20170220,3.2812,
20170221,3.3013,2.43
20170222,3.2839,2.42
20170223,3.2714,2.38
20170224,3.2916,2.31
20170227,3.2871,2.36
20170228,3.2921,2.36
20170301,3.3252,2.46
20170302,3.3483,2.49
20170303,3.3573,2.49
20170306,3.3615,2.49
20170307,3.3643,2.52
20170308,3.4088,2.57
20170309,3.4151,2.6
20170310,3.4156,2.58
20170313,3.3851,2.62
20170314,3.3653,2.6
20170315,3.3524,2.51
20170316,3.3097,2.53
20170317,3.3124,2.5
20170320,3.3141,2.47
20170321,3.3141,2.43
20170322,3.3068,2.4
20170323,3.3034,2.41
20170324,3.2529,2.4
20170327,3.2451,2.38
20170328,3.2626,2.42
20170329,3.2695,2.39
20170330,3.289,2.42
20170331,3.2828,2.4
20170401,3.273,
20170403,,2.35
20170404,,2.36
20170405,3.3102,2.34
20170406,3.3109,2.34
20170407,3.2966,2.38
20170410,3.3166,2.37
20170411,3.3209,2.32
20170412,3.3283,2.28
20170413,3.322,2.24
20170414,3.3599,
20170417,3.416,2.26
20170418,3.4064,2.18
20170419,3.4065,2.21
20170420,3.424,2.24
20170421,3.4614,2.24
20170424,3.4991,2.28
20170425,3.4568,2.35
20170426,3.4519,2.32
20170427,3.4494,2.3
20170428,3.4668,2.29
20170501,,2.33
20170502,3.487,2.29
20170503,3.5219,2.33
20170504,3.5517,2.36
20170505,3.5592,2.36
20170508,3.6042,2.39
20170509,3.6325,2.42
20170510,3.69,2.41
20170511,3.64,2.39
20170512,3.6525,2.33
20170515,3.61,2.34
20170516,3.6225,2.33
20170517,3.6275,2.22
20170518,3.6075,2.23
20170519,3.625,2.23
20170522,3.6601,2.25
20170523,3.6725,2.29
20170524,3.6601,2.26
20170525,3.6476,2.25
20170526,3.6501,2.25
20170527,3.6499,
20170530,,2.21
20170531,3.6102,2.21
20170601,3.6152,2.21
20170602,3.6277,2.15
20170605,3.6152,2.18
20170606,3.6328,2.14
20170607,3.6427,2.18
20170608,3.6478,2.19
20170609,3.6303,2.21
20170612,3.5841,2.21
20170613,3.5754,2.21
20170614,3.5354,2.15
20170615,3.5554,2.16
20170616,3.568,2.16
20170619,3.5006,2.19
20170620,3.4881,2.16
20170621,3.5406,2.16
20170622,3.5607,2.15
20170623,3.5457,2.15
20170626,3.5134,2.14
20170627,3.5084,2.21
20170628,3.5333,2.22
20170629,3.5483,2.27
20170630,3.5683,2.31
20170703,3.6033,2.35
20170704,3.6009,
20170705,3.576,2.33
20170706,3.566,2.37
20170707,3.5897,2.39
20170710,3.5911,2.38
20170711,3.5836,2.37
20170712,3.5749,2.33
20170713,3.5643,2.35
20170714,3.5637,2.33
20170717,3.5626,2.31
20170718,3.5851,2.27
20170719,3.5901,2.27
20170720,3.574,2.27
20170721,3.5829,2.24
20170724,3.5769,2.26
20170725,3.592,2.33
20170726,3.617,2.29
20170727,3.6021,2.32
20170728,3.6034,2.3
20170731,3.626,2.3
20170801,3.6373,2.26
20170802,3.6311,2.27
20170803,3.6262,2.24
20170804,3.6262,2.27
20170807,3.6626,2.26
20170808,3.6538,2.29
20170809,3.66,2.24
20170810,3.6375,2.2
20170811,3.6163,2.19
20170814,3.5925,2.22
20170815,3.5801,2.27
20170816,3.5988,2.23
20170817,3.5926,2.19
20170818,3.5951,2.19
20170821,3.6181,2.18
20170822,3.6201,2.22
20170823,3.6152,2.17
20170824,3.6252,2.19
20170825,3.6327,2.17
20170828,3.6502,2.16
20170829,3.6303,2.13
20170830,3.6303,2.15
20170831,3.6265,2.12
20170901,3.6353,2.16
20170904,3.6454,
20170905,3.6641,2.07
20170906,3.6554,2.1
20170907,3.6155,2.05
20170908,3.6005,2.06
20170911,3.6156,2.14
20170912,3.6181,2.17
20170913,3.6356,2.2
20170914,3.5982,2.2
20170915,3.5982,2.2
20170918,3.622,2.23
20170919,3.6158,2.24
20170920,3.6209,2.28
20170921,3.6334,2.27
20170922,3.6209,2.26
20170925,3.5985,2.22
20170926,3.6172,2.24
20170927,3.6235,2.31
20170928,3.6136,2.31
20170929,3.6136,2.33
20170930,3.6136,
20171002,,2.34
20171003,,2.33
20171004,,2.33
20171005,,2.35
20171006,,2.37
20171009,3.6477,
20171010,3.647,2.35
20171011,3.654,2.35
20171012,3.6765,2.33
20171013,3.674,2.28
20171016,3.7054,2.3
20171017,3.7409,2.3
20171018,3.7366,2.34
20171019,3.7167,2.33
20171020,3.7217,2.39
20171023,3.7231,2.38
20171024,3.722,2.42
20171025,3.7768,2.44
20171026,3.7769,2.46
20171027,3.8266,2.42
20171030,3.9115,2.37
20171031,3.8917,2.38
20171101,3.863,2.37
20171102,3.8718,2.35
20171103,3.8816,2.34
20171106,3.8694,2.32
20171107,3.8813,2.32
20171108,3.8725,2.32
20171109,3.8863,2.33
20171110,3.9,2.4
20171113,3.95,2.4
20171114,3.9525,2.38
20171115,3.95,2.33
20171116,3.9225,2.37
20171117,3.92,2.35
20171120,3.94,2.37
20171121,3.95,2.36
20171122,3.985,2.32
20171123,3.9851,
20171124,3.9463,2.34
20171127,3.9501,2.32
20171128,3.9601,2.34
20171129,3.9101,2.37
20171130,3.8901,2.42
20171201,3.8852,2.37
20171204,3.8902,2.37
20171205,3.8752,2.36
20171206,3.8752,2.33
20171207,3.8927,2.37
20171208,3.9102,2.38
20171211,3.9303,2.39
20171212,3.9378,2.4
20171213,3.9303,2.36
20171214,3.9104,2.35
20171215,3.8904,2.35
20171218,3.8904,2.39
20171219,3.9005,2.46
20171220,3.9005,2.49
20171221,3.9005,2.48
20171222,3.878,2.48
20171225,3.8731,
20171226,3.8881,2.47
20171227,3.8956,2.42
20171228,3.8857,2.43
20171229,3.8807,2.4
20171230,3.8807,
20171231,3.8807,
20180102,3.9008,2.46
20180103,3.9162,2.44
20180104,3.9319,2.46
20180105,3.9212,2.47
20180108,3.911,2.49
20180109,3.8909,2.55
20180110,3.9201,2.55
20180111,3.9546,2.54
20180112,3.9337,2.55
20180115,3.965,
20180116,3.9596,2.54
20180117,3.9597,2.57
20180118,3.9797,2.62
20180119,3.9754,2.64
20180122,3.9522,2.66
20180123,3.9414,2.63
20180124,3.9507,2.65
20180125,3.9435,2.63
20180126,3.9365,2.66
20180129,3.9368,2.7
20180130,3.9292,2.73
20180131,3.914,2.72
20180201,3.9066,2.78
20180202,3.9092,2.84
20180205,3.9167,2.77
20180206,3.8825,2.79
20180207,3.87,2.84
20180208,3.8801,2.85
20180209,3.88,2.83
20180211,3.8775,
20180212,3.875,2.86
20180213,3.87,2.83
20180214,3.8702,2.91
20180215,,2.9
20180216,,2.87
20180220,,2.88
20180221,,2.94
20180222,3.8752,2.92
20180223,3.8702,2.88
20180224,3.8652,
20180226,3.8452,2.86
20180227,3.8201,2.9
20180228,3.8202,2.87
20180301,3.8201,2.81
20180302,3.8352,2.86
20180305,3.8453,2.88
20180306,3.8253,2.88
20180307,3.8203,2.89
20180308,3.8203,2.86
20180309,3.8278,2.9
20180312,3.8243,2.87
20180313,3.8362,2.84
20180314,3.8413,2.81
20180315,3.8257,2.82
20180316,3.8154,2.85
20180319,3.8104,2.85
20180320,3.7906,2.89
20180321,3.763,2.89
20180322,3.748,2.83
20180323,3.7005,2.82
20180326,3.7307,2.85
20180327,3.7432,2.78
20180328,3.7406,2.77
20180329,3.7456,2.74
20180330,3.7407,
20180402,3.7357,2.73
20180403,3.7507,2.79
20180404,3.7234,2.79
20180405,,2.83
20180406,,2.77
20180408,3.7008,
20180409,3.6959,2.78
20180410,3.7159,2.8
20180411,3.7109,2.79
20180412,3.7109,2.83
20180413,3.7062,2.82
20180416,3.6561,2.83
20180417,3.6512,2.82
20180418,3.5013,2.87
20180419,3.5064,2.92
20180420,3.5215,2.96
20180423,3.6019,2.98
20180424,3.5855,3.0
20180425,3.6118,3.03
20180426,3.6344,3.0
20180427,3.6364,2.96
20180428,3.6217,
20180430,,2.95
20180501,,2.97
20180502,3.6665,2.97
20180503,3.6467,2.94
20180504,3.6319,2.95
20180507,3.6518,2.95
20180508,3.6922,2.97
20180509,3.7074,3.0
20180510,3.6924,2.97
20180511,3.6882,2.97
20180514,3.6937,3.0
20180515,3.7151,3.08
20180516,3.7076,3.09
20180517,3.712,3.11
20180518,3.7099,3.06
20180521,3.6939,3.06
20180522,3.67,3.06
20180523,3.64,3.01
20180524,3.6501,2.98
20180525,3.6126,2.93
20180528,3.6101,
20180529,3.6001,2.77
20180530,3.5976,2.84
20180531,3.6129,2.83
20180601,3.6202,2.89
20180604,3.6532,2.94
20180605,3.6602,2.92
20180606,3.6602,2.97
20180607,3.6702,2.93
20180608,3.6453,2.93
20180611,3.6502,2.96
20180612,3.6853,2.96
20180613,3.6627,2.98
20180614,3.6227,2.94
20180615,3.6028,2.93
20180618,,2.92
20180619,3.5603,2.89
20180620,3.6054,2.93
20180621,3.5753,2.9
20180622,3.5604,2.9
20180625,3.5803,2.87
20180626,3.5804,2.88
20180627,3.5529,2.83
20180628,3.5304,2.84
20180629,3.4756,2.85
20180702,3.4668,2.87
20180703,3.4955,2.83
20180704,3.5107,
20180705,3.5005,2.84
20180706,3.5259,2.82
20180709,3.5432,2.86
20180710,3.5431,2.87
20180711,3.5107,2.85
20180712,3.5158,2.85
20180713,3.4858,2.83
20180716,3.4808,2.85
20180717,3.4808,2.86
20180718,3.4708,2.88
20180719,3.4409,2.84
20180720,3.5135,2.89
20180723,3.5186,2.96
20180724,3.5615,2.95
20180725,3.5614,2.94
20180726,3.5361,2.98
20180727,3.5212,2.96
20180730,3.5213,2.98
20180731,3.4812,2.96
20180801,3.4638,3.0
20180802,3.4713,2.98
20180803,3.4567,2.95
20180806,3.4568,2.94
20180807,3.4876,2.98
20180808,3.5222,2.96
20180809,3.5476,2.93
20180810,3.5525,2.87
20180813,3.5826,2.88
20180814,3.5519,2.89
20180815,3.5829,2.86
20180816,3.6141,2.87
20180817,3.6524,2.87
20180820,3.6326,2.82
20180821,3.63,2.85
20180822,3.6075,2.82
20180823,3.6101,2.82
20180824,3.6278,2.82
20180827,3.6303,2.85
20180828,3.6101,2.88
20180829,3.6101,2.89
20180830,3.5801,2.86
20180831,3.5751,2.86
20180903,3.5951,
20180904,3.6101,2.9
20180905,3.6101,2.9
20180906,3.6101,2.88
20180907,3.6301,2.94
20180910,3.6551,2.94
20180911,3.6751,2.98
20180912,3.6551,2.97
20180913,3.6526,2.97
20180914,3.6351,2.99
20180917,3.6327,2.99
20180918,3.6452,3.05
20180919,3.6727,3.08
20180920,3.7003,3.07
20180921,3.6752,3.07
20180924,,3.08
20180925,3.6754,3.1
20180926,3.6503,3.06
20180927,3.6253,3.06
20180928,3.6153,3.05
20180929,3.6104,
20180930,3.6103,
20181001,,3.09
20181002,,3.05
20181003,,3.15
20181004,,3.19
20181005,,3.23
20181008,3.6155,
20181009,3.6156,3.21
20181010,3.6156,3.22
20181011,3.5806,3.14
20181012,3.5831,3.15
20181015,3.5857,3.16
20181016,3.5757,3.16
20181017,3.5807,3.19
20181018,3.5508,3.17
20181019,3.5658,3.2
20181022,3.591,3.2
20181023,3.5709,3.17
20181024,3.5409,3.1
20181025,3.5409,3.14
20181026,3.541,3.08
20181029,3.5111,3.08
20181030,3.5161,3.12
20181031,3.5086,3.15
20181101,3.4936,3.14
20181102,3.5461,3.22
20181105,3.5312,3.2
20181106,3.5113,3.22
20181107,3.4813,3.22
20181108,3.4813,3.24
20181109,3.4763,3.19
20181112,3.4865,
20181113,3.474,3.14
20181114,3.4218,3.12
20181115,3.3915,3.11
20181116,3.3515,3.08
20181119,3.3772,3.06
20181120,3.3771,3.06
20181121,3.3716,3.06
20181122,3.3917,
20181123,3.3917,3.05
20181126,3.4151,3.07
20181127,3.4,3.06
20181128,3.37,3.06
20181129,3.36,3.03
20181130,3.355,3.01
20181203,3.35,2.98
20181204,3.305,2.91
20181205,3.275,
20181206,3.2751,2.87
20181207,3.2853,2.85
20181210,3.2678,2.85
20181211,3.2652,2.89
20181212,3.2703,2.91
20181213,3.3311,2.91
20181214,3.3468,2.89
20181217,3.3713,2.86
20181218,3.3714,2.82
20181219,3.3412,2.77
20181220,3.3003,2.79
20181221,3.3168,2.79
20181224,3.3483,2.74
20181225,3.3113,
20181226,3.3011,2.81
20181227,3.2709,2.77
20181228,3.2315,2.72
20181229,3.2265,
20181230,3.2265,
20181231,3.2265,2.69
20190102,3.1734,2.66
20190103,3.141,2.56
20190104,3.1513,2.67
20190107,3.1507,2.7
20190108,3.1211,2.73
20190109,3.1106,2.74
20190110,3.1006,2.74
20190111,3.1058,2.71
20190114,3.1297,2.71
20190115,3.1383,2.72
20190116,3.0745,2.73
20190117,3.076,2.75
20190118,3.091,2.79
20190121,3.1037,
20190122,3.1071,2.74
20190123,3.119,2.76
20190124,3.1338,2.72
20190125,3.1398,2.76
20190128,3.1397,2.75
20190129,3.1246,2.72
20190130,3.1151,2.7
20190131,3.1037,2.63
20190201,3.1032,2.7
20190202,3.0978,
20190203,3.0967,
20190204,,2.73
20190205,,2.71
20190206,,2.7
20190207,,2.65
20190208,,2.63
20190211,3.067,2.65
20190212,3.0748,2.68
20190213,3.0719,2.71
20190214,3.0726,2.66
20190215,3.0794,2.66
20190218,3.1094,
20190219,3.1279,2.65
20190220,3.1196,2.65
20190221,3.1361,2.69
20190222,3.1451,2.65
20190225,3.1787,2.67
20190226,3.1878,2.64
20190227,3.1689,2.69
20190228,3.1731,2.73
20190301,3.187,2.76
20190304,3.2023,2.72
20190305,3.2149,2.72
20190306,3.2021,2.69
20190307,3.1572,2.64
20190308,3.1423,2.62
20190311,3.1374,2.64
20190312,3.1424,2.61
20190313,3.1375,2.61
20190314,3.1475,2.63
20190315,3.1376,2.59
20190318,3.1377,2.6
20190319,3.1377,2.61
20190320,3.1453,2.54
20190321,3.1291,2.54
20190322,3.108,2.44
20190325,3.0831,2.43
20190326,3.0633,2.41
20190327,3.0882,2.39
20190328,3.0634,2.39
20190329,3.0683,2.41
20190401,3.1332,2.49
20190402,3.1681,2.48
20190403,3.2331,2.52
20190404,3.2679,2.51
20190405,,2.5
20190408,3.2482,2.52
20190409,3.2882,2.51
20190410,3.2932,2.48
20190411,3.2784,2.51
20190412,3.3334,2.56
20190415,3.3736,2.55
20190416,3.3937,2.6
20190417,3.3938,2.59
20190418,3.3589,2.57
20190419,3.3741,
20190422,3.4091,2.59
20190423,3.3993,2.57
20190424,3.4343,2.53
20190425,3.4193,2.54
20190426,3.4043,2.51
20190428,3.4043,
20190429,3.4268,2.54
20190430,3.3869,2.51
20190501,,2.52
20190502,,2.55
20190503,,2.54
20190505,3.3849,
20190506,3.355,2.51
20190507,3.3551,2.45
20190508,3.3426,2.49
20190509,3.3116,2.45
20190510,3.3017,2.47
20190513,3.2709,2.4
20190514,3.2859,2.42
20190515,3.2762,2.37
20190516,3.2662,2.4
20190517,3.2665,2.39
20190520,3.2717,2.41
20190521,3.299,2.43
20190522,3.3264,2.39
20190523,3.31,2.31
20190524,3.3125,2.32
20190527,3.35,
20190528,3.31,2.26
20190529,3.2875,2.25
20190530,3.275,2.22
20190531,3.2751,2.14
20190603,3.2401,2.07
20190604,3.2101,2.12
20190605,3.21,2.12
20190606,3.2136,2.12
20190607,,2.09
20190610,3.2251,2.15
20190611,3.2651,2.15
20190612,3.2601,2.13
20190613,3.2451,2.1
20190614,3.2302,2.09
20190617,3.2252,2.09
20190618,3.2302,2.06
20190619,3.2427,2.03
20190620,3.2352,2.01
20190621,3.2303,2.07
20190624,3.2453,2.02
20190625,3.2353,2.0
20190626,3.2453,2.05
20190627,3.2553,2.01
20190628,3.2254,2.0
20190701,3.2254,2.03
20190702,3.1704,1.98
20190703,3.1554,1.96
20190704,3.1479,
20190705,3.1705,2.04
20190708,3.1805,2.05
20190709,3.168,2.07
20190710,3.1706,2.07
20190711,3.168,2.13
20190712,3.1531,2.12
20190715,3.1782,2.09
20190716,3.1732,2.13
20190717,3.1757,2.06
20190718,3.1608,2.04
20190719,3.1559,2.05
20190722,3.1484,2.05
20190723,3.1484,2.08
20190724,3.171,2.05
20190725,3.1635,2.08
20190726,3.1661,2.08
20190729,3.1836,2.06
20190730,3.1761,2.06
20190731,3.1552,2.02
20190801,3.1487,1.9
20190802,3.0914,1.86
20190805,3.0563,1.75
20190806,3.0613,1.73
20190807,3.0514,1.71
20190808,3.0465,1.72
20190809,3.0216,1.74
20190812,3.0391,1.65
20190813,3.0041,1.68
20190814,3.0105,1.59
20190815,3.0115,1.52
20190816,3.0217,1.55
20190819,3.0191,1.6
20190820,3.0317,1.55
20190821,3.0567,1.59
20190822,3.0543,1.62
20190823,3.0644,1.52
20190826,3.0494,1.54
20190827,3.052,1.49
20190828,3.052,1.47
20190829,3.0321,1.5
20190830,3.0573,1.5
20190902,3.0723,
20190903,3.0624,1.47
20190904,3.0473,1.47
20190905,3.0173,1.57
20190906,3.0173,1.55
20190909,3.025,1.63
20190910,3.0425,1.72
20190911,3.0525,1.75
20190912,3.0876,1.79
20190913,,1.9
20190916,3.0926,1.84
20190917,3.1076,1.81
20190918,3.1278,1.8
20190919,3.1053,1.79
20190920,3.098,1.74
20190923,3.1005,1.72
20190924,3.1205,1.64
20190925,3.1157,1.73
20190926,3.1381,1.7
20190927,3.1482,1.69
20190929,3.1434,
20190930,3.1411,1.68
20191001,,1.65
20191002,,1.6
20191003,,1.54
20191004,,1.52
20191007,,1.56
20191008,3.1063,1.54
20191009,3.1089,1.59
20191010,3.1289,1.67
20191011,3.1564,1.76
20191012,3.1716,
20191014,3.1641,
20191015,3.1668,1.77
20191016,3.1693,1.75
20191017,3.1569,1.76
20191018,3.187,1.76
20191021,3.2196,1.8
20191022,3.2196,1.78
20191023,3.2122,1.77
20191024,3.2196,1.77
20191025,3.2372,1.8
20191028,3.2924,1.85
20191029,3.3029,1.84
20191030,3.3125,1.78
20191031,3.288,1.69
20191101,3.2757,1.73
20191104,3.2954,1.79
20191105,3.2454,1.86
20191106,3.2555,1.81
20191107,3.2736,1.92
20191108,3.2765,1.94
20191111,3.2463,
20191112,3.255,1.92
20191113,3.237,1.88
20191114,3.2555,1.82
20191115,3.2355,1.84
20191118,3.1993,1.81
20191119,3.1743,1.79
20191120,3.1747,1.73
20191121,3.1749,1.77
20191122,3.1747,1.77
20191125,3.1875,1.76
20191126,3.1675,1.74
20191127,3.17,1.77
20191128,3.165,
20191129,3.165,1.78
20191202,3.2062,1.83
20191203,3.1746,1.72
20191204,3.1751,1.77
20191205,3.1776,1.8
20191206,3.1751,1.84
20191209,3.1903,1.83
20191210,3.1776,1.85
20191211,3.1702,1.79
20191212,3.1652,1.9
20191213,3.1828,1.82
20191216,3.1854,1.89
20191217,3.2133,1.89
20191218,3.2139,1.92
20191219,3.2139,1.92
20191220,3.1808,1.92
20191223,3.1661,1.93
20191224,3.1535,1.9
20191225,3.1463,
20191226,3.1137,1.9
20191227,3.1292,1.88
20191230,3.1322,1.9
20191231,3.1365,1.92
20200102,3.1485,1.88
20200103,3.1428,1.8
20200106,3.1352,1.81
20200107,3.1379,1.83
20200108,3.1337,1.87
20200109,3.1184,1.85
20200110,3.0819,1.83
20200113,3.084,1.85
20200114,3.0994,1.82
20200115,3.0897,1.79
20200116,3.0918,1.81
20200117,3.0832,1.84
20200119,3.078,
20200120,3.0776,
20200121,3.0337,1.78
20200122,3.0282,1.77
20200123,2.9932,1.74
20200124,,1.7
20200127,,1.61
20200128,,1.65
20200129,,1.6
20200130,,1.57
20200131,,1.51
20200203,2.8231,1.54
20200204,2.8551,1.61
20200205,2.844,1.66
20200206,2.8392,1.65
20200207,2.8024,1.59
20200210,2.7872,1.56
20200211,2.834,1.59
20200212,2.8333,1.62
20200213,2.8201,1.61
20200214,2.8631,1.59
20200217,2.8928,
20200218,2.8664,1.55
20200219,2.8776,1.56
20200220,2.8857,1.52
20200221,2.847,1.46
20200224,2.812,1.38
20200225,2.822,1.33
20200226,2.7973,1.33
20200227,2.7702,1.3
20200228,2.7376,1.13
20200302,2.7428,1.1
20200303,2.7478,1.02
20200304,2.673,1.02
20200305,2.6829,0.92
20200306,2.628,0.74
20200309,2.5205,0.54
20200310,2.613,0.76
20200311,2.6079,0.82
20200312,2.6379,0.88
20200313,2.6759,0.94
20200316,2.6758,0.73
20200317,2.7135,1.02
20200318,2.7136,1.18
20200319,2.7299,1.12
20200320,2.6815,0.92
20200323,2.6315,0.76
20200324,2.6289,0.84
20200325,2.6289,0.88
20200326,2.594,0.83
20200327,2.609,0.72
20200330,2.6142,0.7
20200331,2.5899,0.7
20200401,2.555,0.62
20200402,2.5854,0.63
20200403,2.5965,0.62
20200406,,0.67
20200407,2.5112,0.75
20200408,2.4824,0.77
20200409,2.5226,0.73
20200410,2.5403,
20200413,2.5658,0.76
20200414,2.5591,0.76
20200415,2.5455,0.63
20200416,2.5276,0.61
20200417,2.559,0.65
20200420,2.592,0.63
20200421,2.5791,0.58
20200422,2.5567,0.63
20200423,2.5227,0.61
20200424,2.51,0.6
20200426,2.5205,
20200427,2.5345,0.67
20200428,2.5254,0.62
20200429,2.5009,0.63
20200430,2.538,0.64
20200501,,0.64
20200504,,0.64
20200505,,0.66
20200506,2.5809,0.72
20200507,2.6298,0.63
20200508,2.6207,0.69
20200509,2.64,
20200511,2.6698,0.73
20200512,2.6603,0.69
20200513,2.7076,0.64
20200514,2.6989,0.63
20200515,2.682,0.64
20200518,2.7253,0.73
20200519,2.7272,0.7
20200520,2.69,0.68
20200521,2.685,0.68
20200522,2.6176,0.66
20200525,2.6852,
20200526,2.7402,0.69
20200527,2.7527,0.68
20200528,2.7201,0.7
20200529,2.7053,0.65
20200601,2.7253,0.66
20200602,2.7852,0.68
20200603,2.7901,0.77
20200604,2.8301,0.82
20200605,2.8475,0.91
20200608,2.8101,0.88
20200609,2.8031,0.84
20200610,2.8201,0.75
20200611,2.7701,0.66
20200612,2.7451,0.71
20200615,2.7878,0.71
20200616,2.8402,0.75
20200617,2.8802,0.74
20200618,2.8527,0.71
20200619,2.8752,0.7
20200622,2.9153,0.71
20200623,2.9127,0.72
20200624,2.8614,0.69
20200625,,0.68
20200626,,0.64
20200628,2.8404,
20200629,2.8504,0.64
20200630,2.823,0.66
20200701,2.8456,0.69
20200702,2.8584,0.68
20200703,2.8974,
20200706,2.9959,0.69
20200707,3.0158,0.65
20200708,3.0632,0.67
20200709,3.0809,0.62
20200710,3.0305,0.65
20200713,3.0557,0.64
20200714,3.0057,0.63
20200715,2.9559,0.64
20200716,2.9459,0.62
20200717,2.9507,0.64
20200720,2.9311,0.62
20200721,2.9011,0.61
20200722,2.8861,0.6
20200723,2.9064,0.59
20200724,2.8612,0.59
20200727,2.8791,0.62
20200728,2.9214,0.59
20200729,2.9415,0.58
20200730,2.9364,0.55
20200731,2.9664,0.55
20200803,2.9466,0.56
20200804,2.9365,0.52
20200805,2.9592,0.55
20200806,2.9816,0.55
20200807,2.9918,0.57
20200810,2.9543,0.59
20200811,2.9544,0.64
20200812,2.962,0.69
20200813,2.9555,0.71
20200814,2.9369,0.71
20200817,2.9421,0.69
20200818,2.9771,0.67
20200819,2.9921,0.68
20200820,2.9973,0.65
20200821,2.9823,0.64
20200824,2.9998,0.65
20200825,3.0424,0.69
20200826,3.0511,0.69
20200827,3.0599,0.74
20200828,3.0672,0.74
20200831,3.0177,0.72
20200901,3.0478,0.68
20200902,3.1027,0.66
20200903,3.1051,0.63
20200904,3.1228,0.72
20200907,3.1454,
20200908,3.123,0.69
20200909,3.0805,0.71
20200910,3.0833,0.68
20200911,3.1346,0.67
20200914,3.1532,0.68
20200915,3.1083,0.68
20200916,3.126,0.69
20200917,3.1334,0.69
20200918,3.1162,0.7
20200921,3.0999,0.68
20200922,3.0863,0.68
20200923,3.089,0.68
20200924,3.084,0.67
20200925,3.1295,0.66
20200927,3.1324,
20200928,3.1092,0.67
20200929,3.1292,0.66
20200930,3.1482,0.69
20201001,,0.68
20201002,,0.7
20201005,,0.78
20201006,,0.76
20201007,,0.81
20201008,,0.78
20201009,3.1873,0.79
20201010,3.1898,
20201012,3.1861,
20201013,3.195,0.74
20201014,3.215,0.73
20201015,3.23,0.74
20201016,3.2202,0.76
20201019,3.2005,0.78
20201020,3.1955,0.81
20201021,3.1855,0.83
20201022,3.1707,0.87
20201023,3.1957,0.85
20201026,3.1934,0.81
20201027,3.1609,0.79
20201028,3.181,0.79
20201029,3.186,0.85
20201030,3.181,0.88
20201102,3.1785,0.87
20201103,3.1762,0.9
20201104,3.1687,0.78
20201105,3.1912,0.79
20201106,3.2063,0.83
20201109,3.2363,0.96
20201110,3.2241,0.98
20201111,3.2391,
20201112,3.2614,0.88
20201113,3.2715,0.89
20201116,3.2741,0.91
20201117,3.2866,0.87
20201118,3.324,0.88
20201119,3.3487,0.86
20201120,3.31,0.83
20201123,3.265,0.86
20201124,3.29,0.88
20201125,3.2675,0.88
20201126,3.285,
20201127,3.3,0.84
20201130,3.25,0.84
20201201,3.2725,0.92
20201202,3.2925,0.95
20201203,3.2851,0.92
20201204,3.2651,0.97
20201207,3.2701,0.94
20201208,3.2551,0.92
20201209,3.2726,0.95
20201210,3.2601,0.92
20201211,3.2951,0.9
20201214,3.2851,0.9
20201215,3.2777,0.92
20201216,3.2752,0.92
20201217,3.2802,0.94
20201218,3.2902,0.95
20201221,3.2652,0.95
20201222,3.2278,0.93
20201223,3.2153,0.96
20201224,3.2303,0.94
20201225,3.1878,
20201228,3.1629,0.94
20201229,3.1554,0.94
20201230,3.1204,0.93
20201231,3.1429,0.93
20210104,3.178,0.93
20210105,3.1305,0.96
20210106,3.1256,1.04
20210107,3.1256,1.08
20210108,3.1456,1.13
20210111,3.1632,1.15
20210112,3.1457,1.15
20210113,3.1157,1.1
20210114,3.1059,1.15
20210115,3.1508,1.11
20210118,3.1658,
20210119,3.1609,1.1
20210120,3.161,1.1
20210121,3.1335,1.12
20210122,3.1185,1.1
20210125,3.1323,1.05
20210126,3.1585,1.05
20210127,3.1636,1.04
20210128,3.1961,1.07
20210129,3.1786,1.11
20210201,3.1712,1.09
20210202,3.1862,1.12
20210203,3.2112,1.15
20210204,3.2347,1.15
20210205,3.2164,1.19
20210207,3.2168,
20210208,3.237,1.19
20210209,3.2303,1.18
20210210,3.2449,1.15
20210211,,1.16
20210212,,1.2
20210216,,1.3
20210217,,1.29
20210218,3.2831,1.29
20210219,3.2578,1.34
20210220,3.2605,
20210222,3.2736,1.37
20210223,3.2635,1.37
20210224,3.2627,1.38
20210225,3.2723,1.54
20210226,3.2798,1.44
20210301,3.2475,1.45
20210302,3.2474,1.42
20210303,3.2553,1.47
20210304,3.2655,1.54
20210305,3.2457,1.56
20210308,3.2404,1.59
20210309,3.2478,1.55
20210310,3.2353,1.53
20210311,3.2506,1.54
20210312,3.2613,1.64
20210315,3.274,1.62
20210316,3.2614,1.62
20210317,3.2564,1.63
20210318,3.2592,1.71
20210319,3.2364,1.74
20210322,3.2309,1.69
20210323,3.2105,1.63
20210324,3.193,1.62
20210325,3.1882,1.63
20210326,3.1985,1.67
20210329,3.1962,1.73
20210330,3.206,1.73
20210331,3.1887,1.74
20210401,3.196,1.69
20210402,3.2013,1.72
20210405,,1.73
20210406,3.2087,1.67
20210407,3.2215,1.68
20210408,3.2221,1.64
20210409,3.2121,1.67
20210412,3.1948,1.69
20210413,3.1626,1.64
20210414,3.1651,1.64
20210415,3.1728,1.56
20210416,3.1631,1.59
20210419,3.1559,1.61
20210420,3.1554,1.58
20210421,3.153,1.57
20210422,3.1614,1.57
20210423,3.1719,1.58
20210425,3.1841,
20210426,3.2024,1.58
20210427,3.2078,1.63
20210428,3.1979,1.63
20210429,3.1872,1.65
20210430,3.164,1.65
20210503,,1.63
20210504,,1.61
20210505,,1.59
20210506,3.1507,1.58
20210507,3.1589,1.6
20210508,3.1582,
20210510,3.146,1.63
20210511,3.138,1.64
20210512,3.131,1.69
20210513,3.1366,1.66
20210514,3.1422,1.63
20210517,3.1524,1.64
20210518,3.1457,1.64
20210519,3.1298,1.68
20210520,3.1001,1.63
20210521,3.0876,1.63
20210524,3.085,1.61
20210525,3.085,1.56
20210526,3.06,1.58
20210527,3.0725,1.61
20210528,3.0825,1.58
20210531,3.045,
20210601,3.04,1.62
20210602,3.065,1.59
20210603,3.055,1.63
20210604,3.0925,1.56
20210607,3.11,1.57
20210608,3.11,1.53
20210609,3.1051,1.5
20210610,3.1,1.45
20210611,3.1276,1.47
20210614,,1.51
20210615,3.1176,1.51
20210616,3.1301,1.57
20210617,3.1401,1.52
20210618,3.1202,1.45
20210621,3.0953,1.5
20210622,3.0877,1.48
20210623,3.0853,1.5
20210624,3.0828,1.49
20210625,3.0827,1.54
20210628,3.0903,1.49
20210629,3.0853,1.49
20210630,3.0778,1.45
20210701,3.0878,1.48
20210702,3.0803,1.44
20210705,3.0754,
20210706,3.0854,1.37
20210707,3.0554,1.33
20210708,2.983,1.3
20210709,3.0105,1.37
20210712,2.9431,1.38
20210713,2.9256,1.42
20210714,2.9356,1.37
20210715,2.9557,1.31
20210716,2.9432,1.31
20210719,2.9483,1.19
20210720,2.9258,1.23
20210721,2.9184,1.3
20210722,2.9284,1.27
20210723,2.9134,1.3
20210726,2.8711,1.29
20210727,2.911,1.25
20210728,2.9312,1.26
20210729,2.884,1.28
20210730,2.8363,1.24
20210802,2.8212,1.2
20210803,2.8337,1.19
20210804,2.8338,1.19
20210805,2.7988,1.23
20210806,2.8139,1.31
20210809,2.8615,1.33
20210810,2.8766,1.36
20210811,2.8841,1.35
20210812,2.8566,1.36
20210813,2.8792,1.29
20210816,2.8943,1.26
20210817,2.8819,1.26
20210818,2.8494,1.27
20210819,2.8395,1.24
20210820,2.852,1.26
20210823,2.8672,1.25
20210824,2.8522,1.29
20210825,2.8547,1.35
20210826,2.8848,1.34
20210827,2.8698,1.31
20210830,2.8505,1.29
20210831,2.845,1.3
20210901,2.8226,1.31
20210902,2.8301,1.29
20210903,2.8327,1.33
20210906,2.8354,
20210907,2.8604,1.38
20210908,2.8705,1.35
20210909,2.873,1.3
20210910,2.8656,1.35
20210913,2.8908,1.33
20210914,2.8858,1.28
20210915,2.9009,1.31
20210916,2.8885,1.34
20210917,2.8785,1.37
20210918,2.8717,
20210920,,1.31
20210921,,1.33
20210922,2.8639,1.32
20210923,2.8565,1.41
20210924,2.8719,1.47
20210926,2.8797,
20210927,2.8825,1.48
20210928,2.8769,1.54
20210929,2.8646,1.55
20210930,2.8776,1.52
20211001,,1.48
20211004,,1.49
20211005,,1.54
20211006,,1.53
20211007,,1.58
20211008,2.9131,1.61
20211009,2.9186,
20211011,2.958,
20211012,2.9657,1.59
20211013,2.9578,1.56
20211014,2.9581,1.52
20211015,2.9683,1.59
20211018,3.0426,1.59
20211019,3.0102,1.65
20211020,2.9978,1.65
20211021,2.9702,1.68
20211022,2.9953,1.66
20211025,2.9879,1.64
20211026,2.978,1.63
20211027,2.9781,1.54
20211028,2.9682,1.57
20211029,2.9732,1.55
20211101,2.9435,1.58
20211102,2.9259,1.56
20211103,2.9385,1.6
20211104,2.9261,1.53
20211105,2.8911,1.45
20211108,2.9013,1.51
20211109,2.8988,1.46
20211110,2.9139,1.56
20211111,2.9365,
20211112,2.9391,1.58
20211115,2.9269,1.63
20211116,2.9244,1.63
20211117,2.9295,1.6
20211118,2.9146,1.59
20211119,2.9302,1.54
20211122,2.8876,1.63
20211123,2.8875,1.67
20211124,2.86,1.64
20211125,2.855,
20211126,2.82,1.48
20211129,2.825,1.52
20211130,2.825,1.43
20211201,2.8401,1.43
20211202,2.8601,1.44
20211203,2.8701,1.35
20211206,2.8176,1.43
20211207,2.8451,1.48
20211208,2.8551,1.52
20211209,2.8526,1.49
20211210,2.8426,1.48
20211213,2.8552,1.42
20211214,2.8477,1.44
20211215,2.8502,1.47
20211216,2.8577,1.44
20211217,2.8512,1.41
20211220,2.8533,1.43
20211221,2.8508,1.48
20211222,2.8303,1.46
20211223,2.8143,1.5
20211224,2.8203,
20211227,2.8128,1.48
20211228,2.8004,1.49
20211229,2.7854,1.55
20211230,2.7654,1.52
20211231,2.7754,1.52
20220103,,1.63
20220104,2.7855,1.66
20220105,2.8045,1.71
20220106,2.8205,1.73
20220107,2.8181,1.76
20220110,2.8056,1.78
20220111,2.7957,1.75
20220112,2.7957,1.74
20220113,2.7858,1.7
20220114,2.7935,1.78
20220117,2.786,
20220118,2.7415,1.87
20220119,2.7314,1.83
20220120,2.7271,1.83
20220121,2.71,1.75
20220124,2.6751,1.75
20220125,2.6979,1.78
20220126,2.7146,1.85
20220127,2.7348,1.81
20220128,2.7021,1.78
20220129,2.7013,
20220130,2.6997,
20220131,,1.79
20220201,,1.81
20220202,,1.78
20220203,,1.82
20220204,,1.93
20220207,2.7256,1.92
20220208,2.7227,1.96
20220209,2.7328,1.94
20220210,2.7328,2.03
20220211,2.7891,1.92
20220214,2.8018,1.98
20220215,2.7968,2.05
20220216,2.7892,2.03
20220217,2.7799,1.97
20220218,2.7975,1.92
20220221,2.83,
20220222,2.82,1.94
20220223,2.79,1.99
20220224,2.7875,1.96
20220225,2.775,1.97
20220228,2.775,1.83
20220301,2.8025,1.72
20220302,2.8175,1.86
20220303,2.83,1.86
20220304,2.8125,1.74
20220307,2.8126,1.78
20220308,2.8276,1.86
20220309,2.8426,1.94
20220310,2.8502,1.98
20220311,2.7902,2.0
20220314,2.7677,2.14
20220315,2.8177,2.15
20220316,2.7952,2.19
20220317,2.7876,2.2
20220318,2.7927,2.14
20220321,2.8127,2.32
20220322,2.8302,2.38
20220323,2.8302,2.32
20220324,2.8052,2.34
20220325,2.7972,2.48
20220328,2.7903,2.46
20220329,2.7853,2.41
20220330,2.7703,2.35
20220331,2.7878,2.32
20220401,2.7743,2.39
20220402,2.7714,
20220404,,2.42
20220405,,2.54
20220406,2.7604,2.61
20220407,2.7394,2.66
20220408,2.7529,2.72
20220411,2.768,2.79
20220412,2.7705,2.72
20220413,2.7631,2.7
20220414,2.7656,2.83
20220415,2.7578,
20220418,2.8107,2.85
20220419,2.8208,2.93
20220420,2.833,2.85
20220421,2.8259,2.9
20220422,2.8409,2.9
20220424,2.8335,
20220425,2.816,2.81
20220426,2.826,2.77
20220427,2.8411,2.82
20220428,2.8486,2.85
20220429,2.8386,2.89
20220502,,2.99
20220503,,2.97
20220504,,2.93
20220505,2.8282,3.05
20220506,2.8273,3.12
20220507,2.8263,
20220509,2.8154,3.05
20220510,2.8089,2.99
20220511,2.824,2.91
20220512,2.8055,2.84
20220513,2.814,2.93
20220516,2.8216,2.88
20220517,2.8178,2.98
20220518,2.7801,2.89
20220519,2.7774,2.84
20220520,2.79,2.78
20220523,2.7675,2.86
20220524,2.765,2.76
20220525,2.7575,2.75
20220526,2.71,2.75
20220527,2.6974,2.74
20220530,2.7225,
20220531,2.7426,2.85
20220601,2.7551,2.94
20220602,2.7601,2.92
20220603,,2.96
20220606,2.7776,3.04
20220607,2.7576,2.98
20220608,2.7661,3.03
20220609,2.7576,3.04
20220610,2.7526,3.15
20220613,2.7652,3.43
20220614,2.7702,3.49
20220615,2.7827,3.33
20220616,2.7728,3.28
20220617,2.7752,3.25
20220620,2.7853,
20220621,2.7853,3.31
20220622,2.7773,3.16
20220623,2.7803,3.09
20220624,2.7978,3.13
20220627,2.8329,3.2
20220628,2.8414,3.2
20220629,2.8294,3.1
20220630,2.8205,2.98
20220701,2.8255,2.88
20220704,2.8445,
20220705,2.8333,2.82
20220706,2.8356,2.93
20220707,2.8356,3.01
20220708,2.8384,3.09
20220711,2.8266,2.99
20220712,2.8117,2.96
20220713,2.8067,2.91
20220714,2.7907,2.96
20220715,2.7857,2.93
20220718,2.7837,2.96
20220719,2.7859,3.01
20220720,2.771,3.04
20220721,2.7635,2.91
20220722,2.787,2.77
20220725,2.779,2.81
20220726,2.77,2.81
20220727,2.7701,2.78
20220728,2.785,2.68
20220729,2.756,2.67
20220801,2.7292,2.6
20220802,2.7314,2.75
20220803,2.7218,2.73
20220804,2.7192,2.68
20220805,2.7339,2.83
20220808,2.7409,2.77
20220809,2.74,2.8
20220810,2.7366,2.78
20220811,2.7317,2.87
20220812,2.7347,2.84
20220815,2.6582,2.79
20220816,2.6346,2.82
20220817,2.6124,2.89
20220818,2.58,2.88
20220819,2.5875,2.98
20220822,2.5925,3.03
20220823,2.6075,3.05
20220824,2.61,3.11
20220825,2.639,3.03
20220826,2.643,3.04
20220829,2.6225,3.12
20220830,2.613,3.11
20220831,2.6225,3.15
20220901,2.6125,3.26
20220902,2.6226,3.2
20220905,2.618,
20220906,2.614,3.33
20220907,2.6215,3.27
20220908,2.6256,3.29
20220909,2.635,3.33
20220912,,3.37
20220913,2.6427,3.42
20220914,2.6625,3.41
20220915,2.6625,3.45
20220916,2.673,3.45
20220919,2.675,3.49
20220920,2.664,3.57
20220921,2.6451,3.51
20220922,2.6501,3.7
20220923,2.6802,3.69
20220926,2.7154,3.88
20220927,2.7051,3.97
20220928,2.7401,3.72
20220929,2.7501,3.76
20220930,2.7601,3.83
20221003,,3.67
20221004,,3.62
20221005,,3.76
20221006,,3.83
20221007,,3.89
20221008,2.7626,
20221009,2.7452,
20221010,2.7402,
20221011,2.7426,3.93
20221012,2.7352,3.91
20221013,2.7252,3.97
20221014,2.6977,4.0
20221017,2.7002,4.02
20221018,2.7002,4.01
20221019,2.7052,4.14
20221020,2.7175,4.24
20221021,2.7278,4.21
20221024,2.7153,4.25
20221025,2.7278,4.1
20221026,2.7025,4.04
20221027,2.6953,3.96
20221028,2.6653,4.02
20221031,2.6433,4.1
20221101,2.6629,4.07
20221102,2.6854,4.1
20221103,2.6776,4.14
20221104,2.7023,4.17
20221107,2.7003,4.22
20221108,2.6853,4.14
20221109,2.6953,4.12
20221110,2.7028,3.82
20221111,2.7354,
20221114,2.8354,3.88
20221115,2.8155,3.8
20221116,2.8329,3.67
20221117,2.8026,3.77
20221118,2.825,3.82
20221121,2.818,3.83
20221122,2.8276,3.76
20221123,2.7975,3.71
20221124,2.795,
20221125,2.83,3.68
20221128,2.86,3.69
20221129,2.88,3.75
20221130,2.885,3.68
20221201,2.86,3.53
20221202,2.8676,3.51
20221205,2.8902,3.6
20221206,2.9152,3.51
20221207,2.8702,3.42
20221208,2.8853,3.48
20221209,2.8903,3.57
20221212,2.8902,3.61
20221213,2.8952,3.51
20221214,2.8655,3.49
20221215,2.8829,3.44
20221216,2.8856,3.48
20221219,2.8632,3.57
20221220,2.8732,3.69
20221221,2.8606,3.68
20221222,2.8503,3.67
20221223,2.8251,3.75
20221226,2.8378,
20221227,2.8657,3.84
20221228,2.8503,3.88
20221229,2.8376,3.83
20221230,2.8353,3.88
20221231,2.8353,
20230103,2.8228,3.79
20230104,2.8103,3.69
20230105,2.8304,3.71
20230106,2.8328,3.55
20230109,2.8428,3.53
20230110,2.8602,3.61
20230111,2.8603,3.54
20230112,2.8778,3.43
20230113,2.901,3.49
20230116,2.9167,
20230117,2.9017,3.53
20230118,2.9222,3.37
20230119,2.9145,3.39
20230120,2.9331,3.48
20230123,,3.52
20230124,,3.46
20230125,,3.46
20230126,,3.49
20230127,,3.52
20230128,2.9341,
20230129,2.9219,
20230130,2.9133,3.55
20230131,2.8977,3.52
20230201,2.9101,3.39
20230202,2.897,3.4
20230203,2.8943,3.53
20230206,2.9017,3.63
20230207,2.8964,3.67
20230208,2.8973,3.63
20230209,2.8912,3.67
20230210,2.9003,3.74
20230213,2.8943,3.72
20230214,2.8914,3.77
20230215,2.8918,3.81
20230216,2.8907,3.86
20230217,2.892,3.82
20230220,2.917,
20230221,2.919,3.95
20230222,2.9175,3.93
20230223,2.922,3.88
20230224,2.9126,3.95
20230227,2.9117,3.92
20230228,2.9017,3.92
20230301,2.8977,4.01
20230302,2.9111,4.08
20230303,2.9026,3.97
20230306,2.8826,3.98
20230307,2.8726,3.97
20230308,2.8828,3.98
20230309,2.8752,3.93
20230310,2.8627,3.7
20230313,2.8703,3.55
20230314,2.8652,3.64
20230315,2.8652,3.51
20230316,2.8552,3.56
20230317,2.8602,3.39
20230320,2.8504,3.47
20230321,2.8604,3.59
20230322,2.8577,3.48
20230323,2.8652,3.38
20230324,2.8676,3.38
20230327,2.8551,3.53
20230328,2.8556,3.55
20230329,2.8532,3.57
20230330,2.8603,3.55
20230331,2.8528,3.48
20230403,2.8604,3.43
20230404,2.8584,3.35
20230405,,3.3
20230406,2.8605,3.3
20230407,2.8464,3.39
20230410,2.8455,3.41
20230411,2.8203,3.43
20230412,2.8158,3.41
20230413,2.8277,3.45
20230414,2.8281,3.52
20230417,2.8432,3.6
20230418,2.8319,3.58
20230419,2.8333,3.6
20230420,2.8332,3.54
20230421,2.8258,3.57
20230423,2.822,
20230424,2.8176,3.52
20230425,2.8157,3.4
20230426,2.8058,3.43
20230427,2.7852,3.53
20230428,2.7788,3.44
20230501,,3.59
20230502,,3.44
20230503,,3.38
20230504,2.7613,3.37
20230505,2.7338,3.44
20230506,2.7311,
20230508,2.7484,3.52
20230509,2.7383,3.53
20230510,2.721,3.43
20230511,2.701,3.39
20230512,2.7058,3.46
20230515,2.719,3.5
20230516,2.7129,3.54
20230517,2.721,3.57
20230518,2.7184,3.65
20230519,2.7151,3.7
20230522,2.7132,3.72
20230523,2.6962,3.7
20230524,2.7037,3.73
20230525,2.7065,3.83
20230526,2.7205,3.8
20230529,2.695,
20230530,2.7,3.69
20230531,2.685,3.64
20230601,2.6825,3.61
20230602,2.6951,3.69
20230605,2.6926,3.69
20230606,2.6826,3.7
20230607,2.6827,3.79
20230608,2.6822,3.73
20230609,2.6703,3.75
20230612,2.6704,3.73
20230613,2.6227,3.84
20230614,2.6178,3.83
20230615,2.6482,3.72
20230616,2.6626,3.77
20230619,2.6876,
20230620,2.6751,3.74
20230621,2.6701,3.72
20230622,,3.8
20230623,,3.74
20230625,2.6576,
20230626,2.6677,3.72
20230627,2.6676,3.77
20230628,2.6651,3.71
20230629,2.6526,3.85
20230630,2.6351,3.81
20230703,2.6402,3.86
20230704,2.6477,
20230705,2.6402,3.95
20230706,2.6392,4.05
20230707,2.6403,4.06
20230710,2.6403,4.01
20230711,2.6353,3.99
20230712,2.6378,3.86
20230713,2.6413,3.76
20230714,2.6444,3.83
20230717,2.6364,3.81
20230718,2.6234,3.8
20230719,2.6233,3.75
20230720,2.6214,3.85
20230721,2.6079,3.84
20230724,2.5934,3.86
20230725,2.663,3.91
20230726,2.643,3.86
20230727,2.6395,4.01
20230728,2.6533,3.96
20230731,2.6597,3.97
20230801,2.6607,4.05
20230802,2.6525,4.08
20230803,2.6435,4.2
20230804,2.6469,4.05
20230807,2.6462,4.09
20230808,2.6454,4.02
20230809,2.6461,4.0
20230810,2.6475,4.09
20230811,2.6381,4.16
20230814,2.6212,4.19
20230815,2.5759,4.21
20230816,2.5649,4.28
20230817,2.5678,4.3
20230818,2.5639,4.26
20230821,2.5403,4.34
20230822,2.5564,4.34
20230823,2.5535,4.19
20230824,2.5543,4.23
20230825,2.5702,4.25
20230828,2.5837,4.2
20230829,2.57,4.12
20230830,2.56,4.12
20230831,2.5575,4.09
20230901,2.585,4.18
20230904,2.6124,
20230905,2.615,4.27
20230906,2.6375,4.3
20230907,2.635,4.27
20230908,2.6375,4.26
20230911,2.63,4.29
20230912,2.623,4.27
20230913,2.615,4.25
20230914,2.6075,4.29
20230915,2.64,4.33
20230918,2.65,4.32
20230919,2.6625,4.37
20230920,2.665,4.35
20230921,2.6576,4.49
20230922,2.6776,4.44
20230925,2.6976,4.55
20230926,2.6951,4.56
20230927,2.6877,4.61
20230928,2.6751,4.59
20230929,,4.59
20231002,,4.69
20231003,,4.81
20231004,,4.73
20231005,,4.72
20231006,,4.78
20231007,2.6651,
20231008,2.6626,
20231009,2.6702,
20231010,2.6811,4.66
20231011,2.6976,4.58
20231012,2.6911,4.7
20231013,2.6702,4.63
20231016,2.6777,4.71
20231017,2.6882,4.83
20231018,2.7052,4.91
20231019,2.7177,4.98
20231020,2.7052,4.93
20231023,2.7047,4.86
20231024,2.7177,4.83
20231025,2.7052,4.95
20231026,2.7152,4.86
20231027,2.7133,4.84
20231030,2.7141,4.88
20231031,2.6938,4.88
20231101,2.6853,4.77
20231102,2.6553,4.67
20231103,2.6613,4.57
20231106,2.6554,4.67
20231107,2.6632,4.58
20231108,2.6464,4.49
20231109,2.6494,4.62
20231110,2.6444,4.61
20231113,2.6454,4.63
20231114,2.6573,4.44
20231115,2.6633,4.53
20231116,2.6558,4.45
20231117,2.6524,4.44
20231120,2.6584,4.42
20231121,2.6684,4.41
20231122,2.6823,4.42
20231123,2.7023,
20231124,2.7053,4.47
20231127,2.7108,4.39
20231128,2.6898,4.34
20231129,2.6826,4.27
20231130,2.668,4.37
20231201,2.6625,4.22
20231204,2.6725,4.28
20231205,2.665,4.18
20231206,2.6725,4.12
20231207,2.664,4.14
20231208,2.6636,4.23
20231211,2.644,4.23
20231212,2.6375,4.2
20231213,2.6226,4.04
20231214,2.6376,3.92
20231215,2.6227,3.91
20231218,2.6126,3.95
20231219,2.6191,3.93
20231220,2.6222,3.86
20231221,2.5901,3.89
20231222,2.5877,3.9
20231225,2.5678,
20231226,2.5804,3.89
20231227,2.5577,3.79
20231228,2.5694,3.84
20231229,2.5553,3.88
20231231,2.5553,
20240102,2.5601,3.95
20240103,2.5531,3.91
20240104,2.5368,3.99
20240105,2.5175,4.05
20240108,2.5136,4.01
20240109,2.4862,4.02
20240110,2.4982,4.04
20240111,2.4992,3.98
20240112,2.5172,3.96
20240115,2.5212,
20240116,2.5252,4.07
20240117,2.5077,4.1
20240118,2.5092,4.14
20240119,2.5027,4.15
20240122,2.4922,4.11
20240123,2.5042,4.14
20240124,2.5042,4.18
20240125,2.4984,4.14
20240126,2.4994,4.15
20240129,2.494,4.08
20240130,2.4557,4.06
20240131,2.433,3.99
20240201,2.4354,3.87
20240202,2.4244,4.03
20240204,2.4053,
20240205,2.4002,4.17
20240206,2.4525,4.09
20240207,2.4153,4.09
20240208,2.4379,4.15
20240209,2.4302,4.17
20240212,,4.17
20240213,,4.31
20240214,,4.27
20240215,,4.24
20240216,,4.3
20240218,2.4393,
20240219,2.4344,
20240220,2.4134,4.27
20240221,2.4119,4.32
20240222,2.4033,4.33
20240223,2.4009,4.26
20240226,2.3789,4.28
20240227,2.3809,4.31
20240228,2.3376,4.27
20240229,2.3375,4.25
20240301,2.3675,4.19
20240304,2.3475,4.22
20240305,2.3169,4.13
20240306,2.265,4.11
20240307,2.2776,4.09
20240308,2.2825,4.09
20240311,2.305,4.1
20240312,2.3476,4.16
20240313,2.3326,4.19
20240314,2.3425,4.29
20240315,2.32,4.31
20240318,2.2926,4.34
20240319,2.2801,4.3
20240320,2.2951,4.27
20240321,2.2851,4.27
20240322,2.3051,4.22
20240325,2.3151,4.25
20240326,2.3175,4.24
20240327,2.2876,4.2
20240328,2.3026,4.2
20240329,2.2901,
20240401,2.3082,4.33
20240402,2.2927,4.36
20240403,2.2837,4.36
20240404,,4.31
20240405,,4.39
20240407,2.2937,
20240408,2.2822,4.42
20240409,2.2802,4.36
20240410,2.2972,4.55
20240411,2.2928,4.56
20240412,2.2837,4.5
20240415,2.2798,4.63
20240416,2.2723,4.67
20240417,2.2608,4.59
20240418,2.2537,4.64
20240419,2.254,4.62
20240422,2.2435,4.62
20240423,2.226,4.61
20240424,2.2727,4.65
20240425,2.2612,4.7
20240426,2.3084,4.67
20240428,2.3244,
20240429,2.353,4.63
20240430,2.3028,4.69
20240501,,4.63
20240502,,4.58
20240503,,4.5
20240506,2.3081,4.49
20240507,2.2896,4.47
20240508,2.2955,4.48
20240509,2.3186,4.45
20240510,2.3122,4.5
20240511,2.3361,
20240513,2.29,4.48
20240514,2.2938,4.45
20240515,2.302,4.36
20240516,2.3147,4.38
20240517,2.3077,4.42
20240520,2.3105,4.44
20240521,2.3141,4.41
20240522,2.3123,4.43
20240523,2.3063,4.47
20240524,2.3134,4.46
20240527,2.3084,
20240528,2.2994,4.54
20240529,2.2776,4.61
20240530,2.2826,4.55
20240531,2.2926,4.51
20240603,2.2853,4.41
20240604,2.2854,4.33
20240605,2.2808,4.29
20240606,2.2828,4.28
20240607,2.2833,4.43
20240610,,4.47
20240611,2.2791,4.39
20240612,2.276,4.31
20240613,2.2678,4.24
20240614,2.2558,4.2
20240617,2.2609,4.28
20240618,2.2537,4.22
20240619,2.2429,
20240620,2.2445,4.25
20240621,2.2571,4.25
20240624,2.2451,4.25
20240625,2.235,4.23
20240626,2.2225,4.32
20240627,2.2081,4.29
20240628,2.2058,4.36
20240701,2.2486,4.48
20240702,2.2369,4.43
20240703,2.2426,4.36
20240704,2.2502,
20240705,2.2754,4.28
20240708,2.2904,4.28
20240709,2.2698,4.3
20240710,2.2707,4.28
20240711,2.2648,4.2
20240712,2.2604,4.18
20240715,2.2541,4.23
20240716,2.2613,4.17
20240717,2.2598,4.16
20240718,2.2673,4.2
20240719,2.2614,4.25
20240722,2.2461,4.26
20240723,2.2322,4.25
20240724,2.2381,4.28
20240725,2.2168,4.27
20240726,2.1944,4.2
20240729,2.1574,4.17
20240730,2.148,4.15
20240731,2.1494,4.09
20240801,2.1297,3.99
20240802,2.1277,3.8
20240805,2.1376,3.78
20240806,2.1491,3.9
20240807,2.1414,3.96
20240808,2.181,3.99
20240809,2.1986,3.94
20240812,2.2508,3.9
20240813,2.2255,3.85
20240814,2.1966,3.83
20240815,2.205,3.92
20240816,2.1978,3.89
20240819,2.1816,3.86
20240820,2.171,3.82
20240821,2.167,3.79
20240822,2.1582,3.86
20240823,2.1547,3.81
20240826,2.1628,3.82
20240827,2.1903,3.83
20240828,2.1673,3.84
20240829,2.1703,3.87
20240830,2.1704,3.91
20240902,2.1457,
20240903,2.1432,3.84
20240904,2.1336,3.77
20240905,2.1338,3.73
20240906,2.1388,3.72
20240909,2.1267,3.7
20240910,2.1143,3.65
20240911,2.1044,3.65
20240912,2.0998,3.68
20240913,2.0724,3.66
20240914,2.0425,
20240916,,3.63
20240917,,3.65
20240918,2.0403,3.7
20240919,2.045,3.73
20240920,2.0431,3.73
20240923,2.0381,3.75
20240924,2.0728,3.74
20240925,2.0437,3.79
20240926,2.0787,3.79
20240927,2.1714,3.75
20240929,2.2534,
20240930,2.1518,3.81
20241001,,3.74
20241002,,3.79
20241003,,3.85
20241004,,3.98
20241007,,4.03
20241008,2.1928,4.04
20241009,2.176,4.06
20241010,2.1441,4.09
20241011,2.1392,4.08
20241012,2.1441,
20241014,2.1368,
20241015,2.1254,4.03
20241016,2.1331,4.02
20241017,2.1084,4.09
20241018,2.1209,4.08
20241021,2.1211,4.19
20241022,2.1458,4.2
20241023,2.1559,4.24
20241024,2.1661,4.21
20241025,2.1539,4.25
20241028,2.1617,4.28
20241029,2.1598,4.28
20241030,2.1597,4.29
20241031,2.1476,4.28
20241101,2.1406,4.37
20241104,2.1275,4.31
20241105,2.1106,4.26
20241106,2.1234,4.42
20241107,2.1115,4.31
20241108,2.1067,4.3
20241111,2.092,
20241112,2.0729,4.43
20241113,2.0876,4.44
20241114,2.0808,4.43
20241115,2.0948,4.43
20241118,2.1117,4.42
20241119,2.0947,4.39
20241120,2.1025,4.41
20241121,2.0843,4.43
20241122,2.0832,4.41
20241125,2.0682,4.27
20241126,2.0657,4.3
20241127,2.0553,4.25
20241128,2.0304,
20241129,2.0206,4.18
20241202,1.981,4.19
20241203,1.9886,4.23
20241204,1.9612,4.19
20241205,1.9462,4.17
20241206,1.9539,4.15
20241209,1.9168,4.2
20241210,1.8468,4.22
20241211,1.8218,4.26
20241212,1.8172,4.32
20241213,1.7771,4.4
20241216,1.7215,4.39
20241217,1.7237,4.4
20241218,1.7564,4.5
20241219,1.7417,4.57
20241220,1.7018,4.52
20241223,1.7019,4.59
20241224,1.7166,4.59
20241225,1.7365,
20241226,1.7122,4.58
20241227,1.6929,4.62
20241230,1.7128,4.55
20241231,1.6752,4.58
20250102,1.6077,4.57
20250103,1.6041,4.6
20250106,1.5966,4.62
20250107,1.6093,4.67
20250108,1.6069,4.67
20250109,1.6368,4.68
20250110,1.6338,4.77
20250113,1.6592,4.79
20250114,1.6446,4.78
20250115,1.633,4.66
20250116,1.6394,4.61
20250117,1.6593,4.61
20250120,1.6747,
20250121,1.6496,4.57
20250122,1.6602,4.6
20250123,1.6645,4.65
20250124,1.6565,4.63
20250126,1.6537,
20250127,1.6299,4.53
20250128,,4.55
20250129,,4.55
20250130,,4.52
20250131,,4.58
20250203,,4.54
20250204,,4.52
20250205,1.6207,4.43
20250206,1.5958,4.45
20250207,1.6032,4.49
20250208,1.6057,
20250210,1.6342,4.51
20250211,1.6274,4.54
20250212,1.6336,4.62
20250213,1.6346,4.52
20250214,1.6546,4.47
20250217,1.6934,
20250218,1.7006,4.55
20250219,1.6626,4.53
20250220,1.685,4.5
20250221,1.72,4.42
20250224,1.7625,4.4
20250225,1.7275,4.3
20250226,1.7251,4.25
20250227,1.7576,4.29
20250228,1.7152,4.24
20250303,1.6955,4.16
20250304,1.7079,4.22
20250305,1.7083,4.28
20250306,1.7455,4.29
20250307,1.8002,4.32
20250310,1.8128,4.22
20250311,1.8853,4.28
20250312,1.8334,4.32
20250313,1.8565,4.27
20250314,1.8317,4.31
20250317,1.8957,4.31
20250318,1.8885,4.29
20250319,1.8708,4.25
20250320,1.8309,4.24
20250321,1.8458,4.25
20250324,1.8413,4.34
20250325,1.8183,4.31
20250326,1.7943,4.35
20250327,1.8062,4.38
20250328,1.8126,4.27
20250331,1.8129,4.23
20250401,1.8104,4.17
20250402,1.7887,4.2
20250403,1.718,4.06
20250404,,4.01
20250407,1.6318,4.15
20250408,1.6633,4.26
20250409,1.6508,4.34
20250410,1.6444,4.4
20250411,1.6568,4.48
20250414,1.6584,4.38
20250415,1.6583,4.35
20250416,1.643,4.29
20250417,1.6522,4.34
20250418,1.6493,
20250421,1.6664,4.42
20250422,1.6509,4.41
20250423,1.6611,4.4
20250424,1.664,4.32
20250425,1.6606,4.29
20250427,1.6607,
20250428,1.6483,4.23
20250429,1.6241,4.19
20250430,1.6243,4.17
20250501,,4.25
20250502,,4.33
20250505,,4.36
20250506,1.6298,4.3
20250507,1.6418,4.26
20250508,1.6331,4.37
20250509,1.6351,4.37
20250512,1.688,4.45
20250513,1.6704,4.49
20250514,1.6736,4.53
20250515,1.6798,4.45
20250516,1.6793,4.43
20250519,1.6893,4.46
20250520,1.7004,4.48
20250521,1.71,4.58
20250522,1.7186,4.54
20250523,1.7208,4.51
20250526,1.7201,
20250527,1.7261,4.43
20250528,1.6832,4.47
20250529,1.6877,4.43
20250530,1.6712,4.41
20250602,,4.46
20250603,1.6764,4.46
20250604,1.6704,4.37
20250605,1.6741,4.4
20250606,1.6547,4.51
20250609,1.6559,4.49
20250610,1.6569,4.47
20250611,1.642,4.41
20250612,1.6475,4.36
20250613,1.644,4.41
20250616,1.6432,4.46
20250617,1.6364,4.39
20250618,1.6384,4.38
20250619,1.6425,
20250620,1.6396,4.38
20250623,1.6418,4.34
20250624,1.648,4.3
20250625,1.6544,4.29
20250626,1.6462,4.26
20250627,1.6462,4.29
20250630,1.6469,4.24
20250701,1.6433,4.26
20250702,1.6396,4.3
20250703,1.6407,4.35
20250704,1.6433,
20250707,1.6406,4.4
20250708,1.6444,4.42
20250709,1.6446,4.34
20250710,1.6616,4.35
20250711,1.6653,4.43
20250714,1.6726,4.43
20250715,1.6557,4.5
20250716,1.6617,4.46
20250717,1.663,4.47
20250718,1.6652,4.44
20250721,1.6774,4.38
20250722,1.6907,4.35
20250723,1.7041,4.4
20250724,1.7376,4.43
20250725,1.7324,4.4
20250728,1.7146,4.42
20250729,1.7466,4.34
20250730,1.718,4.38
20250731,1.7044,4.37
20250801,1.7059,4.23
20250804,1.7083,4.22
20250805,1.7061,4.22
20250806,1.6999,4.22
20250807,1.6894,4.23
20250808,1.6891,4.27
20250811,1.7203,4.27
20250812,1.7271,4.29
20250813,1.7262,4.24
20250814,1.7341,4.29
20250815,1.7465,4.33
20250818,1.7872,4.34
20250819,1.7725,4.3
20250820,1.782,4.29
20250821,1.7667,4.33
20250822,1.7818,4.26
20250825,1.7643,4.28
20250826,1.7598,4.26
20250827,1.7988,4.24
20250828,1.8478,4.22
20250829,1.8379,4.23
20250901,1.8257,
20250902,1.8167,4.28
20250903,1.7984,4.22
20250904,1.806,4.17
20250905,1.826,4.1
20250908,1.8514,4.05
20250909,1.8641,4.08
20250910,1.8992,4.04
20250911,1.8743,4.01
20250912,1.867,4.06
20250915,1.8724,4.05
20250916,1.8527,4.04
20250917,1.8349,4.06
20250918,1.8546,4.11
20250919,1.8789,4.14
20250922,1.8647,4.15
20250923,1.877,4.12
20250924,1.9022,4.16
20250925,1.884,4.18
20250926,1.8768,4.2
20250928,1.8781,
20250929,1.887,4.15
20250930,1.8605,4.16
20251001,,4.12
20251002,,4.1
20251003,,4.13
20251006,,4.18
20251007,,4.14
20251008,,4.13
20251009,1.8466,4.14
20251010,1.846,4.05
20251011,1.8206,
20251013,1.8383,
20251014,1.8368,4.03
20251015,1.8449,4.05
20251016,1.8407,3.99
20251017,1.8246,4.02
20251020,1.8498,4.0
20251021,1.8357,3.98
20251022,1.8293,3.97
20251023,1.8391,4.01
20251024,1.8486,4.02
20251027,1.8423,4.01
20251028,1.8179,3.99
20251029,1.8208,4.08
20251030,1.8098,4.11
20251031,1.7954,4.11
20251103,1.7944,4.13
20251104,1.7984,4.1
20251105,1.7964,4.17
20251106,1.81,4.11
20251107,1.8142,4.11
20251110,1.8139,4.13
20251111,1.8119,
20251112,1.8071,4.08
20251113,1.8126,4.11
20251114,1.814,4.14
20251117,1.8109,4.13
20251118,1.8121,4.12
20251119,1.8179,4.13
20251120,1.8135,4.1
20251121,1.8166,4.06
20251124,1.821,4.04
20251125,1.8301,4.01
20251126,1.8462,4.0
20251127,1.8537,
20251128,1.8412,4.02
20251201,1.8366,4.09
20251202,1.8442,4.09
20251203,1.8519,4.06
20251204,1.8718,4.11
20251205,1.848,4.14
20251208,1.8499,4.17
20251209,1.8425,4.18
20251210,1.8447,4.13
20251211,1.8404,4.14
20251212,1.8396,4.19
20251215,1.8488,4.18
20251216,1.8458,4.15
20251217,1.834,4.16
20251218,1.8356,4.12
20251219,1.8308,4.16
20251222,1.8415,4.17
20251223,1.8352,4.18
20251224,1.8356,4.15
20251225,1.8386,
20251226,1.8376,4.14
20251229,1.8584,4.12
20251230,1.8582,4.14
20251231,1.8473,4.18
20260102,,4.19
20260104,1.8427,
20260105,1.8584,4.17
20260106,1.8829,4.18
20260107,1.9019,4.15
20260108,1.8905,4.19
20260109,1.8782,4.18
20260112,1.8585,4.19
20260113,1.8519,4.18
20260114,1.8494,4.15
20260115,1.8544,4.17
20260116,1.8424,4.24
20260119,1.8393,
20260120,1.8326,4.3
20260121,1.8312,4.26
20260122,1.8425,4.26
20260123,1.8298,4.24
20260126,1.8242,4.22
20260127,1.8311,4.24
20260128,1.8164,4.26
20260129,1.8174,4.24
20260130,1.8112,4.26
20260202,1.82,4.29
20260203,1.8172,4.28
20260204,1.8193,4.29
20260205,1.8169,4.21
20260206,1.8102,4.22
20260209,1.8114,4.22
20260210,1.8094,4.16
20260211,1.7994,4.18
20260212,1.7893,4.09
20260213,1.7928,4.04
20260214,1.7899,
20260217,,4.05
20260218,,4.09
20260219,,4.08
20260220,,4.08
20260223,,4.03
20260224,1.8023,4.04
20260225,1.8158,4.05
20260226,1.8288,4.02
20260227,1.7877,3.97
20260228,1.7753,
20260302,1.7761,4.05
20260303,1.7807,4.06
20260304,1.7768,4.09
20260305,1.7779,4.13
20260306,1.781,4.15
20260309,1.8054,4.12
20260310,1.8055,4.15
20260311,1.8075,4.21
20260312,1.8052,4.27
20260313,1.8143,4.28
20260316,1.8312,4.23
20260317,1.8314,4.2
20260318,1.8175,4.26
20260319,1.8252,4.25
20260320,1.8299,4.39
20260323,1.8316,4.34
20260324,1.8272,4.39
20260325,1.8233,4.33
20260326,1.8194,4.42
20260327,1.8172,4.44
20260330,1.8063,4.35
20260331,1.8171,4.3
20260401,1.8244,4.33
20260402,1.8209,4.31
20260403,1.8199,4.35
20260406,,4.34
20260407,1.8171,4.33
20260408,1.8136,4.29
20260409,1.8192,4.29
20260410,1.8128,4.31
20260413,1.7933,4.3
20260414,1.7829,4.26
20260415,1.7809,4.29
20260416,1.7812,4.32
20260417,1.7623,4.26
20260420,1.7627,4.26
20260421,1.751,4.3
20260422,1.7389,4.3
20260423,1.7548,4.34
20260424,1.7601,4.31
20260427,1.7697,4.35
20260428,1.7654,4.36
20260429,1.7444,4.42
20260430,1.7473,4.4
20260501,,4.39
20260504,,4.45
20260505,,4.43
20260506,1.7654,4.36
20260507,1.7631,4.41
20260508,1.7648,4.38
20260509,1.767,
20260511,1.7622,4.42
20260512,1.7592,4.46
20260513,1.7514,4.46
20260514,1.7588,4.47
20260515,1.7658,4.59
20260518,1.7585,4.61
20260519,1.7345,4.67
20260520,1.7382,4.57
20260521,1.7448,4.57
20260522,1.7519,4.56
20260525,1.7484,
20260526,1.7405,4.5
20260527,1.7216,4.48
20260528,1.7193,4.45
20260529,1.709,4.45
20260601,1.7009,4.47
20260602,1.7036,4.46
20260603,1.7128,4.49
20260604,1.7081,4.47
20260605,1.7207,4.55
20260608,1.7275,4.56
20260609,1.7376,4.53
20260610,1.7476,4.55
20260611,1.7475,4.45
20260612,1.7427,4.48
20260615,1.7446,4.47
20260616,1.7324,4.43
20260617,1.727,4.49
20260618,1.7299,4.46
20260622,1.7375,4.51
20260623,1.7437,4.5
20260624,1.7454,4.41
20260625,1.7351,4.4
20260626,1.7314,4.38
20260629,1.717,4.38
20260630,1.733,4.44
20260701,1.7448,4.48
20260702,1.741,4.49
20260703,1.7463,
20260706,1.7379,4.48
20260707,1.7406,4.55
20260708,1.7385,4.56
20260709,1.7376,4.54
20260710,1.7398,4.56
20260713,1.7442,4.62
20260714,1.7402,4.58
20260715,1.7406,4.55
20260716,1.7437,4.57
20260717,1.7404,4.55
20260720,1.7453,4.6
20260721,1.745,4.63
20260722,1.7297,4.67
20260723,1.7325,4.71
20260724,1.7282,4.69
20260727,1.7337,4.65
20260728,1.7351,4.61
20260729,1.7329,4.67
20260730,1.7196,4.68
20260731,1.7141,4.75
20260803,1.7169,4.7
20260804,1.7126,4.63
20260805,1.7137,4.63
20260806,1.7143,4.69
20260807,1.7114,4.65
20260810,1.7074,4.72
20260811,1.7161,4.7
20260812,1.7141,4.68
20260813,1.7032,4.63
20260814,1.6964,4.68
20260817,1.6924,4.72
20260818,1.6864,4.71
20260819,1.6831,4.65
20260820,1.6832,4.69
20260821,1.6839,4.74
20260824,1.6794,4.7
20260825,1.6815,4.64
20260826,1.6887,4.66
20260827,1.6988,4.67
20260828,1.6949,4.73
