date,open,close,low,high
2005-01-04,995.34,984.4,982.59,995.34
2005-01-05,983.51,997.13,983.23,1000.14
2005-01-06,997.62,987.53,984.56,997.62
2005-01-07,986.91,989.61,984.03,1000.4
2005-01-10,989.12,998.97,985.74,998.97
2005-01-11,999.14,1001.78,994.98,1003.4
2005-01-12,998.8,1001.3,993.28,1001.3
2005-01-13,1000.53,1002.7,998.06,1004.49
2005-01-14,1002.49,992.28,992.09,1009.08
2005-01-17,983.12,970.81,968.58,984.26
2005-01-18,970.5,980.54,965.92,980.54
2005-01-19,980.22,974.09,971.87,980.22
2005-01-20,970.52,962.02,957.81,970.52
2005-01-21,960.48,984.27,948.66,984.27
2005-01-24,996.02,1001.43,990.69,1001.74
2005-01-25,998.96,997.72,986.74,998.96
2005-01-26,993.67,988.75,987.81,997.4
2005-01-27,986.57,973.29,972.95,986.57
2005-01-28,973.29,962.25,959.53,973.42
2005-01-31,958.52,941.3,940.52,958.52
2005-02-01,939.16,937.55,936.22,949.9
2005-02-02,937.73,987.94,937.73,987.94
2005-02-03,986.85,972.19,971.65,992.52
2005-02-04,971.32,992.61,969.44,995.41
2005-02-16,998.38,1000.77,995.35,1009.1
2005-02-17,1001.05,1001.13,990.85,1001.13
2005-02-18,1000.78,987.64,987.58,1000.78
2005-02-21,988.05,1006.17,988.05,1006.17
2005-02-22,1007.17,1029.04,1005.43,1029.66
2005-02-23,1029.42,1031.99,1023.13,1036.79
2005-02-24,1030.52,1034.49,1024.35,1034.49
2005-02-25,1035.01,1035.4,1035.01,1046.97
2005-02-28,1034.73,1030.37,1026.45,1036.57
2005-03-01,1029.84,1028.35,1022.14,1032.91
2005-03-02,1028.61,1013.53,1013.18,1035.86
2005-03-03,1011.86,1019.34,1005.9,1019.6
2005-03-04,1019.48,1013.95,1012.58,1021.8
2005-03-07,1014.66,1019.03,1014.12,1020.04
2005-03-08,1021.66,1038.9,1021.66,1038.9
2005-03-09,1041.21,1038.78,1033.08,1044.1
2005-03-10,1038.85,1013.8,1011.09,1038.85
2005-03-11,1012.31,1018.75,1008.62,1019.09
2005-03-14,1018.51,1019.3,1004.78,1028.7
2005-03-15,1019.21,1003.89,1002.46,1019.21
2005-03-16,1002.44,993.93,988.05,1002.44
2005-03-17,992.78,982.48,982.4,994.44
2005-03-18,981.24,965.95,962.95,984.33
2005-03-21,964.44,968.01,959.2,969.14
2005-03-22,967.33,946.22,942.42,967.33
2005-03-23,944.89,942.92,938.14,958.08
2005-03-24,941.49,950.12,933.27,950.12
2005-03-25,949.81,948.21,945.33,952.08
2005-03-28,946.9,943.83,931.47,946.9
2005-03-29,943.41,938.15,937.94,950.58
2005-03-30,935.81,916.09,915.91,935.81
2005-03-31,914.12,922.1,907.66,922.1
2005-04-01,921.4,955.99,915.72,965.15
2005-04-04,947.02,939.43,938.85,949.82
2005-04-05,937.84,932.21,930.96,942.45
2005-04-06,932.21,948.75,924.95,950.44
2005-04-07,950.16,961.07,948.83,974.19
2005-04-08,960.88,978.59,956.29,978.59
2005-04-11,978.82,973.08,970.35,984.02
2005-04-12,971.56,954.88,954.64,971.56
2005-04-13,961.99,977.37,961.99,980.38
2005-04-14,980.42,963.45,962.58,980.42
2005-04-15,959.36,946.92,945.56,959.36
2005-04-18,943.94,935.08,930.07,943.94
2005-04-19,934.04,936.69,928.6,938.04
2005-04-20,935.4,920.52,917.57,935.4
2005-04-21,918.33,909.62,906.19,923.74
2005-04-22,908.25,902.05,897.78,912.18
2005-04-25,892.6,889.92,880.42,894.77
2005-04-26,887.88,900.1,886.1,902.58
2005-04-27,901.95,887.98,887.64,901.95
2005-04-28,885.12,904.97,878.14,906.44
2005-04-29,903.98,894.52,893.14,904.43
2005-05-09,896.18,869.82,869.77,896.18
2005-05-10,866.28,872.16,849.65,872.16
2005-05-11,870.99,863.16,862.32,875.57
2005-05-12,861.4,851.46,848.28,861.4
2005-05-13,849.54,854.9,843.55,862.28
2005-05-16,853.69,845.46,840.17,853.69
2005-05-17,843.62,853.11,840.73,857.41
2005-05-18,852.53,856.27,845.0,860.37
2005-05-19,855.83,856.68,845.73,859.34
2005-05-20,855.93,853.74,852.48,861.08
2005-05-23,850.17,831.27,830.59,850.17
2005-05-24,828.7,840.03,827.26,842.41
2005-05-25,839.57,840.55,835.01,846.71
2005-05-26,839.76,829.98,827.85,844.02
2005-05-27,828.14,822.45,821.84,834.65
2005-05-30,820.39,828.85,816.73,830.3
2005-05-31,829.64,828.61,826.27,834.39
2005-06-01,827.86,811.21,810.23,828.74
2005-06-02,809.39,795.82,791.31,809.39
2005-06-03,793.99,794.36,784.43,799.27
2005-06-06,792.98,811.39,783.14,811.39
2005-06-07,813.38,811.11,809.19,828.75
2005-06-08,816.94,875.89,816.94,878.29
2005-06-09,876.46,882.53,869.39,893.74
2005-06-10,882.22,864.61,861.38,882.22
2005-06-13,863.14,863.21,848.4,867.8
2005-06-14,865.0,850.88,850.68,872.09
2005-06-15,848.31,832.15,830.85,848.31
2005-06-16,831.22,841.9,824.83,841.9
2005-06-17,845.15,841.0,838.15,845.15
2005-06-20,841.31,864.94,831.23,864.94
2005-06-21,864.75,855.84,853.94,864.75
2005-06-22,854.13,858.98,850.38,859.46
2005-06-23,858.07,850.75,850.62,861.87
2005-06-24,848.72,854.61,845.1,854.61
2005-06-27,859.62,873.38,859.62,876.68
2005-06-28,871.77,860.31,858.21,871.77
2005-06-29,861.79,855.78,855.38,862.22
2005-06-30,854.2,835.01,834.3,854.2
2005-07-01,832.2,811.08,810.54,832.2
2005-07-04,806.76,804.44,790.02,806.76
2005-07-05,802.08,798.47,794.7,804.72
2005-07-06,798.92,793.75,790.49,803.47
2005-07-07,793.51,796.39,790.56,797.92
2005-07-08,794.49,777.81,777.05,794.49
2005-07-11,781.69,771.14,770.62,795.3
2005-07-12,768.9,797.22,767.52,797.6
2005-07-13,795.97,791.08,787.97,796.54
2005-07-14,789.88,792.69,788.9,798.03
2005-07-15,792.35,780.15,777.54,796.3
2005-07-18,778.09,767.93,765.23,778.09
2005-07-19,766.51,771.55,764.0,774.51
2005-07-20,771.16,777.3,768.23,779.33
2005-07-21,776.93,776.73,768.73,777.06
2005-07-22,776.62,792.91,776.61,798.96
2005-07-25,791.86,790.8,787.94,793.37
2005-07-26,790.33,809.07,790.33,811.08
2005-07-27,809.35,825.13,807.36,825.13
2005-07-28,825.2,822.62,819.95,831.02
2005-07-29,821.28,819.93,815.11,823.36
2005-08-01,819.56,824.12,818.07,827.5
2005-08-02,824.58,836.39,821.06,836.39
2005-08-03,837.94,842.61,836.81,852.29
2005-08-04,840.74,837.46,835.09,841.81
2005-08-05,838.35,858.69,838.35,858.69
2005-08-08,861.83,865.5,859.96,869.97
2005-08-09,865.7,874.09,858.17,874.09
2005-08-10,874.44,882.31,866.92,882.31
2005-08-11,882.58,894.39,880.83,894.39
2005-08-12,895.32,879.53,875.8,899.58
2005-08-15,881.31,900.27,879.9,900.27
2005-08-16,901.59,894.79,890.38,905.46
2005-08-17,893.58,906.06,880.34,906.06
2005-08-18,909.29,876.17,875.86,914.51
2005-08-19,872.97,877.25,864.11,880.57
2005-08-22,876.88,886.03,874.15,886.03
2005-08-23,885.89,875.71,869.36,885.89
2005-08-24,875.83,884.03,875.83,885.47
2005-08-25,884.43,888.01,876.83,888.01
2005-08-26,888.61,888.4,882.4,889.36
2005-08-29,888.1,878.99,875.15,888.1
2005-08-30,877.83,875.32,874.66,880.01
2005-08-31,875.29,890.21,872.16,890.21
2005-09-01,891.01,907.99,888.97,907.99
2005-09-02,909.33,912.5,905.43,912.62
2005-09-05,913.89,920.53,910.81,920.53
2005-09-06,921.46,902.57,901.07,925.7
2005-09-07,900.73,922.03,900.52,922.03
2005-09-08,923.76,924.09,916.36,927.38
2005-09-09,923.93,916.53,914.15,926.43
2005-09-12,915.87,918.47,912.97,919.46
2005-09-13,918.02,935.0,918.02,935.0
2005-09-14,934.1,943.11,933.51,943.11
2005-09-15,941.31,943.99,938.74,945.41
2005-09-16,943.04,942.49,938.1,944.19
2005-09-19,941.93,949.93,941.01,949.93
2005-09-20,949.37,942.14,935.67,950.18
2005-09-21,937.77,926.03,925.89,939.61
2005-09-22,923.55,900.71,890.49,923.55
2005-09-23,903.02,891.46,891.12,903.02
2005-09-26,890.73,895.3,887.62,895.3
2005-09-27,895.72,879.67,879.39,897.57
2005-09-28,878.55,878.08,875.79,885.39
2005-09-29,878.32,892.88,878.32,892.88
2005-09-30,893.37,892.57,889.91,894.32
2005-10-10,892.44,881.75,881.56,892.44
2005-10-11,880.93,896.94,878.32,896.94
2005-10-12,897.51,902.75,893.85,905.65
2005-10-13,902.89,897.12,896.95,904.86
2005-10-14,896.68,886.96,885.37,896.85
2005-10-17,885.59,883.72,877.52,885.59
2005-10-18,883.5,892.38,883.5,892.38
2005-10-19,892.13,887.39,886.08,897.43
2005-10-20,887.03,887.69,876.14,887.69
2005-10-21,887.71,893.33,886.44,896.47
2005-10-24,893.86,895.32,889.82,896.36
2005-10-25,894.46,880.06,879.93,894.46
2005-10-26,878.13,858.77,857.97,878.13
2005-10-27,856.11,856.1,851.02,861.38
2005-10-28,855.56,841.3,832.36,858.85
2005-10-31,839.46,847.65,839.46,849.32
2005-11-01,847.09,843.35,832.08,847.09
2005-11-02,843.45,856.06,843.45,858.08
2005-11-03,855.64,847.46,845.44,857.96
2005-11-04,846.34,851.94,841.56,851.94
2005-11-07,851.08,853.82,844.84,853.82
2005-11-08,853.29,859.18,847.67,859.18
2005-11-09,859.25,856.53,856.39,861.67
2005-11-10,855.62,837.8,837.5,855.62
2005-11-11,835.84,840.25,832.87,843.21
2005-11-14,838.51,839.96,835.57,839.96
2005-11-15,839.87,834.37,831.27,844.07
2005-11-16,833.62,840.52,824.7,840.52
2005-11-17,840.44,839.91,837.03,842.65
2005-11-18,839.47,858.49,839.44,860.64
2005-11-21,858.63,860.3,856.83,862.27
2005-11-22,860.36,845.45,845.34,860.36
2005-11-23,845.04,851.88,844.84,852.12
2005-11-24,851.49,856.34,851.4,859.4
2005-11-25,856.27,857.82,852.01,857.82
2005-11-28,857.5,854.34,851.74,859.35
2005-11-29,854.42,844.29,844.19,854.42
2005-11-30,844.17,846.44,839.63,846.44
2005-12-01,846.28,845.51,842.83,849.23
2005-12-02,844.52,839.73,837.12,846.89
2005-12-05,839.78,824.99,824.72,839.78
2005-12-06,823.42,829.72,821.93,830.44
2005-12-07,830.04,837.25,829.33,837.25
2005-12-08,837.56,836.92,833.3,840.15
2005-12-09,836.71,850.02,834.68,850.09
2005-12-12,850.28,852.95,848.39,854.45
2005-12-13,852.84,853.52,845.67,853.52
2005-12-14,854.16,861.94,849.31,861.94
2005-12-15,862.29,858.94,858.46,867.26
2005-12-16,858.42,865.39,856.55,865.39
2005-12-19,865.41,866.13,862.84,867.05
2005-12-20,866.06,869.29,862.41,869.29
2005-12-21,869.36,864.49,863.63,871.93
2005-12-22,863.89,869.67,862.1,869.67
2005-12-23,870.07,877.78,869.99,877.78
2005-12-26,880.86,884.62,880.86,886.22
2005-12-27,883.4,883.25,879.39,884.87
2005-12-28,883.15,885.03,879.85,885.03
2005-12-29,887.84,897.71,887.84,897.71
2005-12-30,899.84,890.07,888.66,899.84
2006-01-04,891.93,905.06,891.91,905.06
2006-01-05,905.14,919.83,905.14,919.83
2006-01-06,922.18,929.68,917.09,933.48
2006-01-09,931.09,937.49,928.33,937.94
2006-01-10,938.36,941.24,928.59,941.24
2006-01-11,940.91,936.55,931.97,945.55
2006-01-12,935.92,950.13,935.18,950.13
2006-01-13,951.71,948.98,943.02,955.04
2006-01-16,948.41,933.99,933.88,948.41
2006-01-17,932.09,935.38,930.98,937.22
2006-01-18,935.46,954.06,935.46,954.37
2006-01-19,955.76,962.39,950.24,962.39
2006-01-20,962.86,964.53,958.85,965.36
2006-01-23,965.72,968.56,959.53,968.78
2006-01-24,969.65,969.51,965.64,976.01
2006-01-25,969.12,974.23,964.38,975.52
2006-02-06,977.71,996.81,977.58,996.81
2006-02-07,998.47,995.25,985.3,1002.39
2006-02-08,994.02,998.92,988.53,998.92
2006-02-09,998.94,986.13,984.84,998.94
2006-02-10,987.59,997.92,986.1,997.92
2006-02-13,999.6,996.96,987.56,999.6
2006-02-14,997.5,1004.39,995.89,1004.39
2006-02-15,1006.22,1006.68,1003.45,1011.77
2006-02-16,1007.04,983.83,983.64,1007.04
2006-02-17,985.34,981.37,979.09,989.8
2006-02-20,981.34,979.86,979.66,987.86
2006-02-21,979.17,996.03,971.8,996.03
2006-02-22,996.5,995.47,994.25,1003.23
2006-02-23,995.38,997.36,987.02,997.68
2006-02-24,997.9,1005.37,997.9,1005.37
2006-02-27,1009.66,1003.28,1001.47,1009.98
2006-02-28,1002.11,1006.79,990.7,1006.79
2006-03-01,1008.33,1012.29,1004.92,1012.29
2006-03-02,1011.9,994.64,991.14,1011.9
2006-03-03,993.56,996.56,984.85,998.46
2006-03-06,996.94,994.07,991.98,998.51
2006-03-07,993.1,970.6,969.76,993.1
2006-03-08,967.32,965.89,956.54,969.98
2006-03-09,964.04,961.36,959.98,967.37
2006-03-10,962.0,964.78,960.81,967.37
2006-03-13,964.45,973.85,964.45,973.85
2006-03-14,973.12,973.84,967.88,974.79
2006-03-15,973.01,984.15,973.01,984.15
2006-03-16,982.47,984.26,980.82,985.09
2006-03-17,983.67,981.33,978.26,985.13
2006-03-20,981.74,993.95,977.71,993.95
2006-03-21,994.91,997.24,993.39,1001.73
2006-03-22,997.35,1005.59,993.98,1005.59
2006-03-23,1005.67,1009.36,1003.21,1010.2
2006-03-24,1010.22,1003.33,1003.17,1011.89
2006-03-27,1003.37,1011.65,998.21,1011.65
2006-03-28,1012.1,1017.91,1011.35,1018.14
2006-03-29,1020.15,1024.8,1019.26,1032.37
2006-03-30,1025.27,1015.9,1015.77,1027.01
2006-03-31,1015.07,1022.89,1011.26,1022.89
2006-04-03,1023.88,1042.54,1023.88,1042.54
2006-04-04,1044.48,1053.34,1041.12,1053.34
2006-04-05,1054.84,1063.44,1053.06,1063.61
2006-04-06,1066.18,1067.17,1060.8,1074.13
2006-04-07,1067.9,1072.53,1061.56,1072.53
2006-04-10,1075.01,1090.75,1073.24,1090.75
2006-04-11,1094.11,1095.65,1083.84,1098.01
2006-04-12,1095.89,1092.23,1090.47,1096.72
2006-04-13,1092.3,1066.1,1066.0,1097.69
2006-04-14,1063.21,1089.89,1063.21,1089.89
2006-04-17,1090.58,1096.16,1087.75,1099.85
2006-04-18,1098.52,1101.12,1091.53,1104.67
2006-04-19,1104.13,1106.59,1093.84,1106.59
2006-04-20,1107.99,1101.4,1095.83,1108.73
2006-04-21,1100.64,1113.57,1093.29,1116.88
2006-04-24,1119.03,1105.12,1098.02,1119.03
2006-04-25,1101.79,1106.26,1087.92,1112.45
2006-04-26,1106.73,1120.4,1106.73,1126.62
2006-04-27,1122.26,1122.5,1111.68,1125.45
2006-04-28,1100.21,1138.05,1100.21,1139.65
2006-05-08,1144.51,1181.24,1144.51,1181.24
2006-05-09,1189.37,1216.03,1187.14,1216.03
2006-05-10,1222.29,1233.23,1209.2,1239.09
2006-05-11,1236.24,1226.02,1225.9,1264.81
2006-05-12,1226.51,1268.46,1226.51,1268.46
2006-05-15,1284.18,1324.86,1274.54,1324.86
2006-05-16,1335.41,1294.07,1286.17,1350.55
2006-05-17,1295.22,1304.65,1277.89,1311.23
2006-05-18,1294.82,1306.92,1279.6,1315.31
2006-05-19,1310.35,1342.55,1307.48,1346.53
2006-05-22,1344.25,1354.73,1344.25,1366.63
2006-05-23,1352.89,1298.79,1298.53,1352.89
2006-05-24,1305.96,1286.26,1257.45,1317.42
2006-05-25,1282.91,1292.24,1269.77,1296.6
2006-05-26,1296.99,1317.06,1295.52,1317.06
2006-05-29,1324.99,1350.39,1316.44,1350.39
2006-05-30,1357.45,1367.01,1349.62,1368.53
2006-05-31,1366.04,1357.2,1350.2,1377.62
2006-06-01,1356.84,1400.12,1356.84,1400.12
2006-06-02,1405.0,1393.17,1385.35,1411.83
2006-06-05,1395.17,1411.26,1372.82,1411.26
2006-06-06,1409.73,1404.1,1400.61,1417.47
2006-06-07,1405.03,1319.87,1319.77,1405.03
2006-06-08,1307.95,1323.72,1283.11,1324.77
2006-06-09,1318.62,1292.89,1292.16,1329.18
2006-06-12,1283.83,1297.11,1283.53,1306.2
2006-06-13,1296.96,1300.82,1287.16,1312.52
2006-06-14,1293.71,1288.3,1275.52,1293.71
2006-06-15,1288.27,1290.97,1287.9,1304.32
2006-06-16,1300.63,1322.03,1300.63,1322.03
2006-06-19,1310.88,1338.51,1310.88,1345.13
2006-06-20,1337.41,1346.37,1331.3,1346.7
2006-06-21,1346.34,1342.82,1331.86,1356.18
2006-06-22,1341.1,1341.74,1336.04,1346.74
2006-06-23,1339.37,1353.01,1331.98,1353.01
2006-06-26,1355.51,1377.42,1355.51,1377.42
2006-06-27,1379.96,1380.59,1370.95,1381.08
2006-06-28,1378.89,1379.24,1371.16,1382.93
2006-06-29,1381.61,1408.86,1381.61,1408.86
2006-06-30,1415.79,1407.4,1398.26,1419.75
2006-07-03,1411.65,1432.89,1408.33,1432.89
2006-07-04,1435.54,1424.43,1415.07,1438.39
2006-07-05,1423.84,1409.36,1394.44,1423.84
2006-07-06,1408.75,1440.55,1408.75,1440.55
2006-07-07,1445.83,1436.17,1434.91,1446.22
2006-07-10,1437.0,1441.26,1425.87,1442.31
2006-07-11,1443.12,1450.38,1436.26,1450.38
2006-07-12,1451.71,1450.81,1449.19,1463.44
2006-07-13,1447.49,1367.74,1367.74,1447.49
2006-07-14,1354.37,1379.3,1354.37,1388.76
2006-07-17,1377.22,1398.2,1377.01,1398.2
2006-07-18,1397.15,1403.13,1386.99,1403.13
2006-07-19,1400.09,1368.22,1361.67,1400.09
2006-07-20,1366.73,1377.6,1359.75,1378.89
2006-07-21,1376.6,1386.99,1376.6,1388.33
2006-07-24,1365.96,1389.3,1365.96,1389.35
2006-07-25,1395.06,1407.4,1395.06,1411.37
2006-07-26,1410.67,1408.12,1401.93,1413.27
2006-07-27,1407.54,1392.13,1382.37,1413.5
2006-07-28,1391.3,1378.4,1363.76,1395.67
2006-07-31,1374.56,1325.83,1325.47,1374.56
2006-08-01,1324.19,1311.86,1308.19,1332.26
2006-08-02,1311.66,1304.13,1285.55,1316.05
2006-08-03,1306.02,1301.54,1292.79,1310.97
2006-08-04,1302.01,1266.03,1264.8,1307.49
2006-08-07,1260.47,1242.8,1240.96,1262.28
2006-08-08,1242.93,1275.23,1242.93,1275.23
2006-08-09,1276.6,1275.37,1268.39,1281.66
2006-08-10,1275.31,1296.62,1275.31,1296.62
2006-08-11,1297.69,1301.55,1291.7,1303.59
2006-08-14,1301.46,1267.95,1264.65,1304.21
2006-08-15,1266.26,1290.05,1260.74,1290.05
2006-08-16,1290.74,1309.52,1286.35,1309.52
2006-08-17,1309.14,1298.82,1289.1,1309.14
2006-08-18,1296.83,1293.08,1291.97,1306.24
2006-08-21,1256.67,1297.69,1256.67,1297.69
2006-08-22,1297.1,1312.37,1296.23,1315.97
2006-08-23,1312.54,1310.94,1308.23,1319.99
2006-08-24,1311.08,1319.54,1300.01,1319.54
2006-08-25,1320.62,1322.96,1319.47,1329.35
2006-08-28,1326.46,1354.91,1326.46,1354.91
2006-08-29,1357.72,1358.07,1356.23,1378.36
2006-08-30,1355.74,1365.28,1351.4,1365.77
2006-08-31,1366.41,1371.83,1362.86,1373.2
2006-09-01,1369.11,1348.84,1347.59,1371.55
2006-09-04,1351.65,1371.84,1351.65,1371.84
2006-09-05,1371.83,1375.52,1368.7,1379.47
2006-09-06,1376.69,1381.86,1365.68,1381.86
2006-09-07,1377.2,1362.17,1359.15,1378.45
2006-09-08,1361.31,1365.23,1360.5,1368.68
2006-09-11,1368.62,1372.31,1352.21,1372.31
2006-09-12,1372.37,1379.21,1371.09,1381.15
2006-09-13,1380.43,1366.1,1365.78,1383.38
2006-09-14,1365.6,1366.49,1352.8,1369.78
2006-09-15,1366.45,1387.22,1366.45,1387.22
2006-09-18,1391.68,1403.6,1389.51,1403.6
2006-09-19,1406.45,1407.46,1399.35,1412.12
2006-09-20,1405.44,1409.8,1396.56,1413.06
2006-09-21,1409.58,1417.24,1409.33,1419.25
2006-09-22,1419.15,1404.66,1404.31,1420.19
2006-09-25,1402.9,1404.87,1397.11,1414.23
2006-09-26,1403.75,1394.08,1387.35,1404.08
2006-09-27,1393.41,1407.43,1393.23,1407.43
2006-09-28,1408.18,1421.85,1406.27,1424.93
2006-09-29,1424.0,1437.58,1424.0,1438.54
2006-10-09,1452.38,1468.44,1451.04,1468.44
2006-10-10,1470.17,1472.52,1462.12,1477.12
2006-10-11,1471.95,1473.0,1459.81,1474.27
2006-10-12,1473.31,1459.59,1459.35,1473.48
2006-10-13,1457.63,1464.97,1456.25,1468.85
2006-10-16,1466.35,1454.55,1451.81,1467.75
2006-10-17,1453.29,1451.51,1448.4,1460.55
2006-10-18,1450.94,1473.24,1450.86,1473.24
2006-10-19,1474.21,1477.69,1471.39,1480.7
2006-10-20,1478.44,1474.5,1472.1,1483.37
2006-10-23,1473.57,1436.17,1430.84,1476.53
2006-10-24,1435.42,1469.84,1435.42,1469.84
2006-10-25,1472.51,1470.61,1457.93,1483.53
2006-10-26,1471.28,1472.84,1458.41,1474.92
2006-10-27,1472.27,1452.27,1447.51,1475.32
2006-10-30,1449.68,1455.78,1436.85,1455.78
2006-10-31,1455.9,1472.59,1455.9,1472.59
2006-11-01,1473.42,1484.39,1467.62,1484.39
2006-11-02,1484.96,1483.6,1471.68,1484.96
2006-11-03,1484.68,1491.2,1484.68,1497.47
2006-11-06,1481.11,1500.11,1481.11,1500.11
2006-11-07,1502.99,1499.42,1479.27,1503.14
2006-11-08,1499.23,1486.9,1486.29,1499.23
2006-11-09,1481.85,1509.6,1481.85,1510.69
2006-11-10,1510.36,1481.99,1472.65,1513.24
2006-11-13,1479.23,1444.98,1439.24,1485.5
2006-11-14,1443.7,1461.57,1422.42,1461.57
2006-11-15,1461.52,1496.02,1457.46,1496.02
2006-11-16,1499.89,1486.12,1485.46,1507.2
2006-11-17,1481.72,1509.55,1481.72,1509.55
2006-11-20,1513.09,1525.91,1506.06,1525.91
2006-11-21,1524.56,1542.1,1505.91,1542.1
2006-11-22,1540.95,1557.58,1538.2,1568.08
2006-11-23,1556.88,1567.09,1553.64,1570.71
2006-11-24,1564.36,1576.15,1549.98,1579.35
2006-11-27,1574.11,1598.74,1574.11,1598.74
2006-11-28,1597.72,1596.84,1585.36,1604.72
2006-11-29,1575.3,1617.99,1575.3,1620.29
2006-11-30,1621.43,1657.32,1621.43,1657.32
2006-12-01,1661.62,1670.33,1659.49,1680.8
2006-12-04,1672.86,1713.69,1672.86,1713.69
2006-12-05,1718.04,1727.45,1710.13,1738.68
2006-12-06,1726.92,1708.94,1662.49,1735.72
2006-12-07,1703.81,1699.79,1699.7,1737.9
2006-12-08,1680.14,1637.37,1636.61,1690.44
2006-12-11,1652.84,1704.13,1648.32,1704.13
2006-12-12,1710.97,1712.9,1686.62,1725.71
2006-12-13,1714.78,1716.25,1699.58,1718.21
2006-12-14,1718.6,1746.26,1718.6,1746.26
2006-12-15,1750.48,1775.02,1745.38,1775.02
2006-12-18,1785.48,1816.34,1785.48,1817.71
2006-12-19,1821.75,1821.17,1783.23,1826.84
2006-12-20,1813.1,1842.88,1805.91,1842.88
2006-12-21,1848.29,1819.0,1818.94,1852.17
2006-12-22,1823.16,1807.61,1792.07,1824.31
2006-12-25,1824.64,1838.42,1822.16,1852.16
2006-12-26,1840.88,1830.01,1814.5,1846.19
2006-12-27,1830.74,1861.44,1830.74,1861.44
2006-12-28,1864.1,1845.06,1832.29,1874.1
2006-12-29,1851.16,1888.44,1851.16,1895.63
2007-01-04,1912.85,1904.53,1901.39,1954.34
2007-01-05,1893.12,1921.95,1892.38,1921.95
2007-01-08,1922.36,1984.62,1922.36,1984.62
2007-01-09,1987.82,2042.03,1986.03,2042.94
2007-01-10,2050.1,2093.6,2040.88,2093.6
2007-01-11,2096.21,2082.01,2080.41,2135.43
2007-01-12,2069.04,2023.41,2019.83,2099.6
2007-01-15,2021.84,2129.15,2021.84,2129.15
2007-01-16,2133.98,2192.65,2133.98,2192.65
2007-01-17,2193.78,2159.86,2126.99,2227.17
2007-01-18,2146.6,2180.88,2108.04,2184.33
2007-01-19,2186.58,2255.38,2186.58,2255.38
2007-01-22,2263.62,2348.0,2263.62,2348.0
2007-01-23,2362.58,2362.94,2284.66,2365.52
2007-01-24,2364.4,2388.01,2352.93,2400.71
2007-01-25,2368.6,2301.42,2301.04,2372.94
2007-01-26,2278.42,2344.49,2205.8,2344.92
2007-01-29,2359.66,2409.49,2359.66,2409.49
2007-01-30,2419.06,2391.55,2386.07,2428.1
2007-01-31,2385.07,2248.68,2239.64,2389.14
2007-02-01,2219.02,2261.1,2194.57,2274.27
2007-02-02,2264.07,2186.95,2185.48,2264.07
2007-02-05,2175.61,2177.84,2157.04,2201.14
2007-02-06,2179.58,2222.06,2133.64,2222.06
2007-02-07,2234.97,2269.92,2234.97,2280.06
2007-02-08,2276.5,2311.03,2263.32,2314.12
2007-02-09,2313.46,2303.76,2288.98,2316.22
2007-02-12,2306.01,2379.03,2306.01,2379.03
2007-02-13,2391.16,2418.22,2385.4,2419.69
2007-02-14,2418.22,2477.28,2418.22,2484.47
2007-02-15,2489.3,2554.13,2489.3,2554.13
2007-02-16,2576.05,2570.66,2561.26,2608.88
2007-02-26,2577.84,2624.84,2549.91,2625.25
2007-02-27,2632.32,2387.94,2387.04,2640.01
2007-02-28,2347.22,2479.81,2347.22,2487.08
2007-03-01,2487.2,2417.51,2382.51,2487.2
2007-03-02,2414.67,2455.21,2413.23,2463.77
2007-03-05,2453.98,2437.58,2376.47,2490.81
2007-03-06,2429.22,2467.45,2422.18,2478.05
2007-03-07,2478.66,2533.73,2478.66,2533.77
2007-03-08,2541.83,2577.51,2517.93,2577.51
2007-03-09,2582.21,2569.49,2538.98,2594.8
2007-03-12,2571.61,2593.93,2537.55,2593.93
2007-03-13,2599.2,2620.42,2590.01,2622.17
2007-03-14,2593.54,2587.44,2532.41,2615.91
2007-03-15,2585.1,2636.77,2585.1,2636.77
2007-03-16,2646.58,2592.41,2570.46,2646.58
2007-03-19,2517.69,2641.74,2517.69,2645.62
2007-03-20,2650.44,2671.12,2645.6,2671.12
2007-03-21,2684.1,2708.09,2667.52,2708.09
2007-03-22,2724.28,2716.66,2715.72,2747.09
2007-03-23,2717.15,2732.44,2665.51,2732.44
2007-03-26,2743.84,2792.33,2739.15,2792.33
2007-03-27,2798.24,2822.97,2786.13,2826.84
2007-03-28,2827.26,2820.27,2707.94,2840.16
2007-03-29,2823.52,2772.87,2772.87,2828.74
2007-03-30,2757.76,2782.97,2756.21,2796.28
2007-04-02,2794.21,2850.11,2794.21,2850.11
2007-04-03,2861.94,2891.34,2857.26,2891.34
2007-04-04,2896.75,2918.97,2886.93,2928.11
2007-04-05,2917.15,2959.97,2916.58,2963.83
2007-04-06,2937.42,2993.97,2937.42,2999.28
2007-04-09,3024.48,3053.24,3024.48,3057.21
2007-04-10,3068.38,3090.71,3020.76,3090.71
2007-04-11,3099.52,3129.7,3065.36,3129.7
2007-04-12,3136.57,3191.52,3129.6,3191.52
2007-04-13,3198.54,3179.05,3178.45,3225.24
2007-04-16,3185.51,3268.87,3185.51,3268.87
2007-04-17,3288.09,3322.43,3215.34,3323.04
2007-04-18,3334.32,3368.68,3311.55,3371.3
2007-04-19,3362.38,3201.73,3143.07,3362.38
2007-04-20,3217.89,3350.32,3217.89,3357.38
2007-04-23,3395.79,3498.39,3395.79,3498.65
2007-04-24,3529.69,3522.1,3498.4,3563.77
2007-04-25,3508.82,3520.71,3444.23,3535.59
2007-04-26,3535.24,3564.06,3521.88,3564.06
2007-04-27,3571.1,3543.02,3534.19,3571.1
2007-04-30,3534.29,3604.93,3528.36,3610.22
2007-05-08,3629.4,3752.39,3629.4,3757.01
2007-05-09,3768.29,3766.13,3652.85,3782.29
2007-05-10,3768.85,3794.98,3742.13,3810.65
2007-05-11,3766.78,3777.02,3711.61,3786.98
2007-05-14,3722.27,3804.93,3722.27,3835.03
2007-05-15,3804.94,3676.75,3673.67,3819.93
2007-05-16,3666.49,3776.71,3624.03,3776.71
2007-05-17,3797.19,3864.22,3797.19,3878.25
2007-05-18,3859.87,3870.37,3839.54,3894.78
2007-05-21,3741.25,3947.61,3741.25,3953.76
2007-05-22,3973.98,4005.74,3973.98,4025.85
2007-05-23,4021.17,4092.64,4001.39,4092.64
2007-05-24,4111.95,4077.98,4005.71,4124.97
2007-05-25,4065.55,4146.31,4065.55,4159.09
2007-05-28,4197.03,4235.98,4196.1,4251.91
2007-05-29,4254.9,4327.68,4248.27,4327.68
2007-05-30,4038.93,4017.71,3992.99,4249.91
2007-05-31,3931.08,3973.63,3784.02,4038.34
2007-06-01,3985.1,3788.43,3784.77,4028.74
2007-06-04,3765.1,3487.62,3485.82,3765.1
2007-06-05,3441.94,3575.19,3219.87,3575.19
2007-06-06,3590.77,3626.51,3530.03,3658.2
2007-06-07,3626.42,3773.34,3626.42,3773.34
2007-06-08,3782.3,3819.94,3764.83,3844.61
2007-06-11,3863.59,3910.55,3859.22,3914.0
2007-06-12,3936.0,4015.96,3845.47,4015.96
2007-06-13,4053.31,4122.42,4053.31,4146.53
2007-06-14,4109.98,4074.29,4074.15,4133.81
2007-06-15,4036.62,4088.31,4036.62,4103.06
2007-06-18,4166.21,4208.05,4166.21,4215.28
2007-06-19,4211.51,4254.37,4173.81,4254.37
2007-06-20,4268.62,4152.21,4152.21,4291.6
2007-06-21,4133.68,4167.59,4107.99,4185.46
2007-06-22,4171.98,3985.45,3940.6,4174.51
2007-06-25,3998.33,3779.95,3772.08,3998.33
2007-06-26,3695.31,3836.04,3672.51,3836.04
2007-06-27,3853.17,3939.26,3807.31,3949.5
2007-06-28,3936.4,3737.63,3737.63,3955.57
2007-06-29,3637.35,3620.12,3570.1,3689.67
2007-07-02,3601.77,3631.68,3526.33,3657.14
2007-07-03,3656.28,3698.11,3620.55,3698.11
2007-07-04,3704.85,3614.01,3613.79,3705.1
2007-07-05,3558.66,3404.09,3403.95,3558.66
2007-07-06,3463.14,3580.43,3340.85,3580.43
2007-07-09,3612.44,3689.6,3602.75,3706.18
2007-07-10,3695.4,3628.32,3616.32,3695.85
2007-07-11,3604.6,3650.73,3599.97,3654.81
2007-07-12,3668.92,3674.55,3647.29,3685.69
2007-07-13,3676.78,3672.4,3631.03,3677.1
2007-07-16,3667.91,3554.57,3554.57,3667.91
2007-07-17,3547.03,3638.28,3532.69,3658.25
2007-07-18,3627.48,3653.75,3622.17,3702.45
2007-07-19,3648.02,3658.82,3640.89,3678.09
2007-07-20,3659.61,3811.12,3659.61,3811.35
2007-07-23,3830.31,3993.76,3830.31,3993.76
2007-07-24,4022.24,4000.91,3988.68,4084.0
2007-07-25,4001.54,4098.75,4001.54,4098.75
2007-07-26,4125.02,4157.04,4092.21,4174.14
2007-07-27,4135.31,4185.75,4120.09,4190.56
2007-07-30,4186.78,4280.18,4186.78,4297.35
2007-07-31,4273.47,4330.36,4250.02,4330.36
2007-08-01,4348.58,4145.78,4144.25,4357.32
2007-08-02,4164.29,4294.15,4164.29,4294.15
2007-08-03,4330.1,4422.48,4327.95,4422.48
2007-08-06,4462.26,4520.4,4442.2,4520.4
2007-08-07,4529.95,4526.9,4460.41,4568.19
2007-08-08,4486.16,4466.41,4413.49,4515.93
2007-08-09,4464.14,4551.32,4464.14,4551.32
2007-08-10,4543.54,4488.0,4403.03,4543.54
2007-08-13,4483.8,4476.29,4441.56,4509.82
2007-08-14,4477.28,4559.0,4477.28,4562.58
2007-08-15,4563.65,4554.9,4483.29,4589.14
2007-08-16,4532.63,4510.25,4478.45,4536.62
2007-08-17,4510.25,4434.66,4426.98,4558.82
2007-08-20,4540.37,4660.47,4540.37,4660.47
2007-08-21,4688.97,4733.48,4688.65,4744.61
2007-08-22,4666.72,4803.81,4666.72,4822.15
2007-08-23,4826.04,4874.83,4785.91,4883.84
2007-08-24,4905.51,4933.15,4902.88,4942.9
2007-08-27,4971.21,4944.2,4907.38,4988.76
2007-08-28,4923.86,4952.28,4845.11,4963.06
2007-08-29,4922.93,4890.34,4850.7,4970.31
2007-08-30,4911.31,4979.69,4904.69,4983.53
2007-08-31,4998.14,5032.64,4979.59,5042.78
2007-09-03,5074.04,5148.78,5074.04,5160.18
2007-09-04,5152.17,5097.72,5079.73,5159.59
2007-09-05,5122.94,5109.1,5024.88,5122.94
2007-09-06,5138.04,5159.1,5123.03,5180.15
2007-09-07,5144.01,5043.74,5043.74,5144.01
2007-09-10,4981.29,5129.29,4964.36,5129.29
2007-09-11,5134.45,4863.2,4860.51,5153.96
2007-09-12,4840.73,4930.87,4803.33,4930.87
2007-09-13,4954.01,5056.05,4954.01,5056.05
2007-09-14,5069.33,5109.21,5002.87,5112.83
2007-09-17,5101.06,5209.03,5101.06,5211.21
2007-09-18,5231.74,5207.71,5142.09,5234.31
2007-09-19,5217.7,5148.06,5130.69,5219.79
2007-09-20,5163.88,5213.52,5157.65,5217.01
2007-09-21,5227.89,5181.35,5076.49,5227.89
2007-09-24,5194.07,5217.04,5120.7,5240.07
2007-09-25,5223.16,5163.68,5143.46,5231.67
2007-09-26,5148.01,5079.21,5078.76,5188.45
2007-09-27,5082.5,5135.19,5056.84,5135.19
2007-09-28,5181.26,5270.53,5181.26,5278.07
2007-10-08,5317.43,5317.7,5303.19,5352.03
2007-10-09,5307.63,5347.19,5261.77,5347.71
2007-10-10,5364.38,5346.09,5332.11,5414.18
2007-10-11,5347.25,5368.09,5305.42,5376.03
2007-10-12,5380.19,5317.13,5087.64,5386.76
2007-10-15,5334.59,5373.89,5255.49,5373.89
2007-10-16,5396.23,5427.41,5355.0,5427.41
2007-10-17,5417.18,5390.19,5369.29,5438.6
2007-10-18,5381.55,5217.64,5217.52,5381.55
2007-10-19,5245.92,5213.95,5177.97,5277.33
2007-10-22,5155.6,5082.31,5080.96,5195.31
2007-10-23,5078.12,5126.69,4976.47,5126.69
2007-10-24,5146.18,5133.19,5132.12,5189.07
2007-10-25,5098.98,4862.39,4860.39,5098.98
2007-10-26,4808.59,4893.7,4799.34,4910.45
2007-10-29,4921.78,4988.31,4921.78,4988.31
2007-10-30,5006.91,5074.52,4960.38,5074.52
2007-10-31,5131.0,5187.99,5091.7,5188.62
2007-11-01,5198.84,5097.58,5097.58,5198.84
2007-11-02,5018.91,4979.18,4978.54,5058.75
2007-11-05,4949.17,4913.41,4889.48,5010.63
2007-11-06,4894.66,4895.23,4876.94,4953.68
2007-11-07,4917.71,4913.69,4813.73,4939.35
2007-11-08,4891.18,4687.79,4687.78,4891.18
2007-11-09,4643.77,4637.47,4573.94,4698.56
2007-11-12,4536.13,4580.84,4432.64,4610.92
2007-11-13,4618.39,4559.41,4499.87,4671.03
2007-11-14,4618.96,4740.26,4563.52,4740.26
2007-11-15,4728.45,4683.7,4678.62,4757.4
2007-11-16,4619.04,4634.69,4556.13,4638.34
2007-11-19,4645.25,4656.4,4628.41,4670.42
2007-11-20,4632.99,4727.05,4606.76,4743.81
2007-11-21,4742.06,4661.75,4661.75,4776.3
2007-11-22,4582.76,4452.91,4452.91,4614.46
2007-11-23,4417.66,4535.84,4406.0,4535.84
2007-11-26,4599.58,4487.51,4486.49,4605.07
2007-11-27,4452.82,4414.67,4413.7,4497.52
2007-11-28,4425.76,4362.95,4338.74,4451.23
2007-11-29,4411.01,4526.03,4349.9,4528.97
2007-11-30,4479.55,4440.02,4436.61,4518.49
2007-12-03,4423.17,4479.89,4422.65,4508.42
2007-12-04,4490.2,4526.37,4490.2,4565.63
2007-12-05,4526.47,4642.32,4518.61,4642.32
2007-12-06,4658.89,4653.25,4612.9,4670.2
2007-12-07,4660.85,4723.6,4660.85,4723.6
2007-12-10,4653.15,4823.94,4653.15,4825.5
2007-12-11,4847.22,4843.93,4780.53,4860.59
2007-12-12,4825.64,4808.42,4768.43,4835.58
2007-12-13,4787.54,4635.83,4635.83,4804.12
2007-12-14,4584.83,4729.55,4580.47,4729.55
2007-12-17,4729.74,4651.78,4651.53,4729.74
2007-12-18,4626.3,4621.49,4605.45,4667.04
2007-12-19,4650.36,4729.57,4650.36,4739.12
2007-12-20,4742.04,4808.68,4730.46,4817.42
2007-12-21,4789.74,4873.5,4789.74,4874.2
2007-12-24,4910.44,4967.46,4910.44,4997.97
2007-12-25,4977.08,4989.45,4963.5,5004.11
2007-12-26,5004.04,5050.72,4983.25,5050.72
2007-12-27,5071.14,5136.77,5058.52,5138.07
2007-12-28,5147.8,5115.43,5102.93,5155.5
2008-01-02,5127.64,5195.47,5084.85,5209.48
2008-01-03,5192.33,5251.1,5161.75,5251.1
2008-01-04,5259.64,5296.57,5243.33,5306.86
2008-01-07,5292.67,5372.95,5292.67,5381.46
2008-01-08,5377.01,5314.17,5288.74,5410.22
2008-01-09,5293.24,5415.55,5293.24,5415.55
2008-01-10,5415.55,5462.92,5415.55,5491.51
2008-01-11,5475.03,5478.62,5414.41,5480.22
2008-01-14,5481.23,5521.69,5469.08,5539.61
2008-01-15,5529.56,5510.95,5465.25,5551.83
2008-01-16,5466.67,5360.72,5353.03,5466.67
2008-01-17,5310.32,5227.13,5084.16,5386.82
2008-01-18,5221.15,5273.18,5189.13,5273.96
2008-01-21,5284.05,5026.34,5021.23,5284.05
2008-01-22,4903.33,4633.54,4607.73,4903.33
2008-01-23,4654.86,4854.06,4649.99,4854.06
2008-01-24,4905.13,4936.43,4858.53,4980.74
2008-01-25,4932.85,4973.84,4894.34,5012.98
2008-01-28,4940.5,4634.53,4632.4,4940.5
2008-01-29,4644.98,4679.12,4611.44,4728.92
2008-01-30,4726.98,4647.53,4560.75,4772.21
2008-01-31,4632.46,4533.97,4532.05,4660.96
2008-02-01,4532.81,4441.4,4325.12,4536.51
2008-02-04,4556.27,4803.43,4556.27,4803.43
2008-02-05,4797.77,4787.86,4761.71,4835.44
2008-02-13,4733.94,4708.89,4682.15,4771.57
2008-02-14,4745.0,4780.83,4740.59,4805.33
2008-02-15,4750.24,4728.07,4659.76,4750.24
2008-02-18,4787.02,4838.86,4782.91,4869.3
2008-02-19,4852.87,4940.69,4831.43,4940.69
2008-02-20,4953.61,4854.17,4846.95,4972.1
2008-02-21,4827.05,4849.46,4768.47,4875.35
2008-02-22,4829.01,4696.75,4634.6,4829.01
2008-02-25,4699.72,4523.73,4521.89,4699.72
2008-02-26,4632.65,4520.35,4401.71,4632.65
2008-02-27,4542.54,4637.09,4521.95,4646.68
2008-02-28,4646.77,4628.22,4595.12,4670.48
2008-02-29,4622.52,4682.94,4622.52,4683.17
2008-03-03,4661.75,4812.43,4645.14,4816.46
2008-03-04,4832.99,4723.17,4721.99,4858.01
2008-03-05,4703.89,4702.66,4587.84,4741.16
2008-03-06,4718.27,4744.69,4688.64,4792.1
2008-03-07,4706.75,4673.17,4654.63,4742.19
2008-03-10,4641.63,4496.46,4488.14,4641.63
2008-03-11,4458.24,4521.88,4386.8,4521.88
2008-03-12,4607.94,4393.07,4393.0,4607.94
2008-03-13,4348.34,4261.04,4183.26,4355.77
2008-03-14,4241.01,4223.51,4166.29,4264.35
2008-03-17,4204.39,3987.21,3985.14,4204.39
2008-03-18,3947.28,3757.58,3710.11,4019.61
2008-03-19,3836.68,3896.21,3774.39,3954.02
2008-03-20,3847.92,4021.48,3715.64,4068.49
2008-03-21,4025.84,4061.54,4017.26,4104.17
2008-03-24,4108.92,3911.55,3911.55,4116.24
2008-03-25,3837.11,3959.76,3819.53,3980.3
2008-03-26,3978.97,3962.98,3937.7,4037.92
2008-03-27,3902.88,3783.23,3781.47,3907.8
2008-03-28,3744.92,3932.39,3679.71,3933.94
2008-03-31,3821.99,3787.38,3785.62,3883.08
2008-04-01,3770.67,3546.86,3544.57,3789.12
2008-04-02,3577.07,3462.17,3426.14,3619.15
2008-04-03,3432.96,3556.96,3370.94,3574.36
2008-04-07,3518.32,3758.0,3518.32,3758.0
2008-04-08,3765.65,3814.99,3761.91,3842.13
2008-04-09,3785.52,3614.64,3614.64,3833.43
2008-04-10,3567.75,3691.38,3542.0,3691.38
2008-04-11,3725.87,3727.66,3697.7,3762.8
2008-04-14,3647.15,3485.93,3478.58,3647.15
2008-04-15,3464.33,3550.62,3392.07,3550.62
2008-04-16,3541.87,3464.16,3453.64,3548.43
2008-04-17,3462.72,3354.39,3317.36,3522.55
2008-04-18,3326.36,3225.75,3222.43,3344.35
2008-04-21,3459.75,3216.52,3185.9,3459.75
2008-04-22,3162.36,3221.21,3066.49,3223.95
2008-04-23,3194.32,3371.01,3194.32,3380.86
2008-04-24,3646.83,3679.88,3570.07,3679.97
2008-04-25,3684.26,3708.25,3670.82,3815.1
2008-04-28,3649.52,3651.33,3629.09,3699.93
2008-04-29,3629.99,3693.36,3629.99,3707.87
2008-04-30,3707.82,3859.43,3707.82,3868.31
2008-05-05,3908.61,3963.93,3884.81,3967.83
2008-05-06,3933.41,3931.51,3881.73,3980.59
2008-05-07,3908.03,3751.17,3751.17,3956.24
2008-05-08,3705.88,3860.02,3705.88,3860.02
2008-05-09,3892.79,3830.46,3768.78,3897.47
2008-05-12,3763.75,3874.23,3741.62,3915.14
2008-05-13,3759.19,3844.15,3759.19,3895.29
2008-05-14,3837.86,3953.07,3837.86,3953.07
2008-05-15,3978.52,3923.06,3923.06,4009.16
2008-05-16,3921.09,3898.54,3843.75,3951.29
2008-05-19,3888.0,3884.42,3851.19,3907.42
2008-05-20,3882.95,3671.8,3671.67,3910.72
2008-05-21,3626.22,3748.43,3553.56,3748.43
2008-05-22,3702.49,3688.9,3684.02,3754.73
2008-05-23,3674.01,3650.09,3601.62,3705.81
2008-05-26,3620.2,3538.04,3536.81,3620.2
2008-05-27,3527.02,3554.32,3512.76,3565.15
2008-05-28,3560.19,3652.3,3543.32,3664.73
2008-05-29,3643.48,3560.69,3559.87,3655.28
2008-05-30,3562.24,3585.35,3528.39,3594.89
2008-06-02,3575.23,3605.58,3558.45,3622.44
2008-06-03,3618.22,3593.08,3573.37,3618.22
2008-06-04,3571.6,3528.43,3498.81,3571.6
2008-06-05,3495.38,3491.99,3474.14,3523.54
2008-06-06,3505.13,3468.75,3454.46,3505.13
2008-06-10,3326.73,3182.77,3166.7,3326.73
2008-06-11,3128.93,3113.48,3066.79,3148.98
2008-06-12,3096.88,3065.71,3024.84,3122.81
2008-06-13,3068.96,2949.76,2947.73,3086.49
2008-06-16,2949.56,2912.06,2866.09,2972.31
2008-06-17,2909.18,2784.35,2781.46,2936.18
2008-06-18,2761.46,2931.81,2710.8,2945.04
2008-06-19,2907.48,2709.6,2708.39,2907.48
2008-06-20,2728.4,2779.19,2634.0,2869.22
2008-06-23,2733.38,2722.54,2709.1,2776.36
2008-06-24,2709.38,2790.0,2709.38,2798.66
2008-06-25,2784.41,2917.05,2784.41,2917.05
2008-06-26,2913.02,2936.03,2884.18,2961.19
2008-06-27,2842.42,2763.05,2736.22,2851.86
2008-06-30,2740.24,2750.47,2709.26,2777.96
2008-07-01,2756.81,2671.15,2663.72,2756.81
2008-07-02,2675.08,2685.38,2655.87,2721.48
2008-07-03,2644.59,2763.6,2609.39,2795.05
2008-07-04,2754.42,2749.77,2725.43,2787.46
2008-07-07,2755.25,2891.46,2755.25,2891.46
2008-07-08,2905.85,2918.65,2863.27,2933.54
2008-07-09,2937.73,3020.85,2937.73,3020.85
2008-07-10,2979.6,2972.63,2972.63,3054.48
2008-07-11,2959.59,2952.48,2919.9,2972.89
2008-07-14,2928.54,2986.97,2928.54,2991.34
2008-07-15,2997.52,2876.52,2876.48,3007.6
2008-07-16,2843.58,2758.55,2717.09,2843.58
2008-07-17,2800.72,2731.14,2730.26,2821.43
2008-07-18,2755.71,2825.79,2698.55,2825.79
2008-07-21,2806.52,2926.98,2802.29,2930.13
2008-07-22,2922.79,2925.58,2913.58,2949.52
2008-07-23,2941.3,2903.26,2902.51,2956.12
2008-07-24,2922.33,2990.01,2921.87,2992.32
2008-07-25,2955.15,2956.49,2939.46,2984.85
2008-07-28,2975.13,2984.33,2969.76,3007.25
2008-07-29,2947.2,2927.23,2907.11,2947.2
2008-07-30,2960.23,2908.04,2888.66,2960.23
2008-07-31,2916.26,2821.01,2820.78,2916.26
2008-08-01,2803.35,2858.2,2765.51,2882.44
2008-08-04,2836.24,2790.4,2789.67,2849.93
2008-08-05,2795.06,2716.41,2715.23,2795.06
2008-08-06,2734.71,2729.62,2692.54,2755.43
2008-08-07,2725.76,2733.05,2699.04,2749.44
2008-08-08,2732.44,2585.27,2581.26,2732.44
2008-08-11,2573.16,2431.98,2422.98,2573.16
2008-08-12,2403.14,2413.08,2382.79,2437.26
2008-08-13,2396.65,2413.23,2333.41,2420.74
2008-08-14,2399.17,2416.3,2387.09,2426.95
2008-08-15,2412.64,2417.01,2389.91,2444.23
2008-08-18,2420.85,2272.07,2271.72,2420.85
2008-08-19,2243.11,2306.58,2243.11,2306.58
2008-08-20,2292.68,2489.1,2271.19,2489.1
2008-08-21,2452.83,2401.54,2396.05,2485.34
2008-08-22,2380.42,2361.1,2319.69,2385.99
2008-08-25,2362.69,2356.28,2334.24,2390.5
2008-08-26,2328.44,2272.21,2251.03,2335.13
2008-08-27,2262.14,2265.62,2232.24,2305.54
2008-08-28,2264.1,2272.23,2254.27,2294.98
2008-08-29,2281.28,2330.33,2278.18,2348.22
2008-09-01,2312.81,2253.84,2245.06,2312.81
2008-09-02,2238.59,2240.65,2220.07,2261.08
2008-09-03,2234.56,2207.81,2179.45,2250.67
2008-09-04,2200.25,2214.78,2184.34,2230.77
2008-09-05,2156.98,2137.28,2136.57,2178.17
2008-09-08,2140.89,2067.31,2064.38,2140.89
2008-09-09,2074.17,2080.42,2053.65,2087.01
2008-09-10,2067.0,2087.91,2045.91,2116.84
2008-09-11,2081.16,2027.29,2026.54,2090.1
2008-09-12,2025.91,2031.72,2024.54,2057.37
2008-09-16,2011.82,1966.09,1958.37,2011.82
2008-09-17,1951.44,1906.69,1902.07,1968.58
2008-09-18,1859.35,1866.97,1776.3,1882.88
2008-09-19,2033.72,2043.6,2025.07,2043.6
2008-09-22,2186.49,2163.19,2099.23,2224.97
2008-09-23,2096.79,2064.16,2064.13,2113.54
2008-09-24,2018.57,2087.41,2006.37,2087.41
2008-09-25,2091.38,2160.9,2091.38,2186.27
2008-09-26,2170.51,2175.48,2128.41,2187.97
2008-10-06,2137.95,2073.46,2073.46,2137.95
2008-10-07,1997.82,2052.2,1986.73,2082.02
2008-10-08,1999.19,1982.81,1974.08,2020.59
2008-10-09,2018.3,1956.83,1956.54,2018.3
2008-10-10,1880.78,1857.77,1843.82,1885.67
2008-10-13,1839.37,1922.58,1788.5,1922.58
2008-10-14,1986.69,1870.94,1870.94,1986.69
2008-10-15,1850.01,1853.07,1834.52,1861.43
2008-10-16,1778.87,1758.6,1757.98,1797.23
2008-10-17,1773.74,1773.21,1751.26,1782.43
2008-10-20,1769.5,1833.73,1750.9,1833.73
2008-10-21,1838.55,1822.96,1822.8,1862.24
2008-10-22,1799.57,1780.33,1779.75,1825.31
2008-10-23,1744.84,1786.24,1732.94,1786.24
2008-10-24,1783.26,1742.45,1731.28,1791.47
2008-10-27,1710.35,1616.61,1615.06,1710.35
2008-10-28,1579.64,1663.07,1575.84,1671.69
2008-10-29,1680.54,1612.63,1612.63,1685.09
2008-10-30,1622.81,1643.68,1601.63,1666.29
2008-10-31,1636.71,1611.83,1607.45,1642.61
2008-11-03,1598.87,1598.81,1592.21,1626.39
2008-11-04,1591.93,1574.76,1557.85,1591.93
2008-11-05,1585.51,1633.23,1585.51,1651.06
2008-11-06,1594.05,1596.99,1585.19,1603.88
2008-11-07,1568.98,1623.23,1568.98,1629.72
2008-11-10,1654.94,1742.14,1654.94,1742.14
2008-11-11,1736.54,1723.72,1723.42,1763.78
2008-11-12,1703.7,1749.66,1703.7,1749.66
2008-11-13,1727.66,1822.75,1723.36,1839.68
2008-11-14,1840.76,1895.46,1823.29,1895.46
2008-11-17,1888.75,1951.82,1883.47,1951.82
2008-11-18,1939.82,1808.19,1803.58,1960.0
2008-11-19,1798.45,1923.27,1795.43,1927.63
2008-11-20,1889.82,1909.28,1874.38,1944.14
2008-11-21,1851.43,1893.97,1812.78,1934.63
2008-11-24,1889.17,1815.51,1815.48,1892.07
2008-11-25,1844.87,1808.99,1778.88,1844.87
2008-11-26,1806.74,1817.1,1790.4,1834.01
2008-11-27,1934.83,1843.84,1843.77,1934.83
2008-11-28,1825.35,1810.69,1794.99,1835.73
2008-12-01,1804.71,1857.59,1784.89,1857.59
2008-12-02,1816.55,1871.45,1816.55,1886.58
2008-12-03,1899.01,1952.94,1899.01,1952.94
2008-12-04,1978.51,1974.23,1973.99,2035.68
2008-12-05,1961.65,2012.64,1961.65,2012.64
2008-12-08,2039.33,2096.28,2039.33,2096.28
2008-12-09,2104.17,2042.62,2039.44,2104.37
2008-12-10,2030.36,2100.13,2018.94,2100.13
2008-12-11,2093.85,2046.11,2045.19,2105.24
2008-12-12,2026.96,1958.69,1933.0,2026.96
2008-12-15,1988.5,1980.54,1948.29,2001.41
2008-12-16,1963.92,2004.27,1927.06,2004.27
2008-12-17,2011.45,2017.37,2006.22,2041.99
2008-12-18,2016.86,2058.82,2001.0,2058.82
2008-12-19,2053.56,2070.02,2053.12,2090.51
2008-12-22,2069.0,2047.1,2024.35,2069.63
2008-12-23,2049.38,1938.42,1938.19,2049.38
2008-12-24,1911.14,1903.38,1891.68,1928.84
2008-12-25,1907.99,1891.39,1866.65,1919.76
2008-12-26,1890.15,1880.46,1872.14,1901.55
2008-12-29,1871.33,1875.27,1833.95,1878.56
2008-12-30,1873.38,1857.86,1854.87,1889.51
2008-12-31,1859.47,1838.32,1837.56,1863.93
2009-01-05,1868.01,1907.53,1863.72,1907.53
2009-01-06,1904.88,1968.61,1904.88,1972.4
2009-01-07,1968.45,1963.84,1961.5,1982.78
2009-01-08,1928.24,1919.18,1908.99,1936.15
2009-01-09,1917.61,1957.02,1917.61,1958.12
2009-01-12,1951.69,1966.55,1951.66,1992.31
2009-01-13,1941.02,1918.6,1918.6,1952.86
2009-01-14,1915.47,1997.04,1915.47,1997.04
2009-01-15,1978.45,2002.73,1978.45,2024.57
2009-01-16,2012.81,2030.83,2012.81,2062.33
2009-01-19,2048.6,2045.51,2028.07,2075.9
2009-01-20,2040.34,2060.92,2022.34,2060.92
2009-01-21,2031.44,2057.99,2031.44,2080.42
2009-01-22,2070.9,2084.62,2055.67,2086.2
2009-01-23,2080.26,2071.7,2068.43,2091.98
2009-02-02,2091.11,2108.37,2074.22,2108.37
2009-02-03,2108.33,2162.5,2108.33,2162.5
2009-02-04,2172.2,2216.76,2172.2,2216.76
2009-02-05,2214.86,2195.74,2187.42,2249.07
2009-02-06,2202.21,2286.37,2202.21,2286.37
2009-02-09,2319.81,2351.28,2303.51,2358.87
2009-02-10,2341.69,2392.67,2322.58,2392.67
2009-02-11,2352.74,2396.88,2352.74,2436.98
2009-02-12,2402.12,2401.41,2325.83,2402.12
2009-02-13,2404.97,2484.37,2404.65,2486.68
2009-02-16,2507.51,2542.83,2477.66,2542.83
2009-02-17,2539.05,2457.5,2457.5,2545.49
2009-02-18,2403.04,2351.26,2349.82,2443.83
2009-02-19,2372.85,2382.71,2344.89,2399.62
2009-02-20,2386.12,2439.84,2372.55,2439.84
2009-02-23,2430.45,2512.42,2412.05,2520.37
2009-02-24,2479.65,2403.45,2403.45,2515.05
2009-02-25,2426.83,2411.12,2336.96,2428.09
2009-02-26,2404.55,2275.22,2251.05,2433.83
2009-02-27,2244.65,2196.87,2175.51,2255.4
2009-03-02,2175.74,2231.85,2175.74,2241.05
2009-03-03,2175.7,2222.5,2173.65,2242.5
2009-03-04,2230.4,2365.74,2230.4,2369.35
2009-03-05,2393.81,2385.69,2344.79,2416.86
2009-03-06,2341.05,2367.21,2341.05,2391.25
2009-03-09,2380.35,2274.79,2271.14,2409.03
2009-03-10,2247.27,2319.93,2241.79,2319.93
2009-03-11,2365.96,2302.72,2299.21,2365.96
2009-03-12,2289.93,2302.14,2236.57,2302.14
2009-03-13,2314.16,2287.8,2283.91,2331.48
2009-03-16,2279.75,2323.47,2270.58,2324.82
2009-03-17,2326.27,2407.27,2324.1,2411.76
2009-03-18,2419.51,2423.25,2418.42,2460.77
2009-03-19,2427.47,2475.2,2427.47,2475.2
2009-03-20,2480.94,2469.37,2435.79,2484.33
2009-03-23,2472.85,2527.33,2470.97,2533.54
2009-03-24,2561.34,2541.95,2532.1,2562.91
2009-03-25,2526.56,2485.92,2485.92,2556.7
2009-03-26,2489.58,2559.9,2463.98,2559.9
2009-03-27,2579.42,2580.21,2563.05,2594.61
2009-03-30,2582.46,2572.31,2564.79,2591.48
2009-03-31,2522.74,2597.75,2509.5,2597.75
2009-04-01,2608.98,2639.59,2608.98,2655.75
2009-04-02,2649.74,2661.14,2649.74,2685.28
2009-04-03,2680.74,2649.79,2640.49,2689.16
2009-04-07,2651.65,2665.37,2636.12,2674.01
2009-04-08,2653.62,2568.45,2568.45,2656.19
2009-04-09,2565.24,2610.25,2546.4,2610.25
2009-04-10,2630.55,2691.62,2627.03,2691.62
2009-04-13,2716.17,2746.58,2716.17,2755.67
2009-04-14,2742.29,2775.99,2737.14,2779.36
2009-04-15,2761.85,2796.37,2733.08,2796.37
2009-04-16,2800.68,2799.77,2763.57,2813.19
2009-04-17,2789.25,2761.42,2736.2,2803.07
2009-04-20,2753.6,2824.61,2753.6,2824.61
2009-04-21,2789.35,2800.45,2763.55,2816.89
2009-04-22,2812.5,2685.06,2684.81,2834.35
2009-04-23,2661.86,2702.75,2650.65,2709.37
2009-04-24,2714.2,2682.45,2681.99,2718.2
2009-04-27,2677.06,2606.82,2601.84,2677.16
2009-04-28,2585.52,2621.77,2585.52,2626.78
2009-04-29,2622.56,2703.4,2622.56,2706.99
2009-04-30,2714.2,2727.97,2712.03,2740.35
2009-05-04,2739.41,2821.33,2739.41,2821.33
2009-05-05,2840.14,2839.91,2824.84,2853.67
2009-05-06,2834.82,2880.15,2834.23,2880.99
2009-05-07,2897.39,2875.71,2835.98,2906.89
2009-05-08,2860.32,2893.89,2839.42,2902.67
2009-05-11,2910.53,2814.35,2814.35,2928.85
2009-05-12,2790.19,2880.44,2790.19,2880.44
2009-05-13,2884.19,2904.8,2869.47,2909.71
2009-05-14,2875.38,2893.23,2860.94,2902.71
2009-05-15,2908.91,2902.92,2881.56,2916.48
2009-05-18,2891.85,2919.78,2848.73,2921.77
2009-05-19,2942.95,2948.83,2930.98,2954.9
2009-05-20,2951.58,2924.23,2924.23,2958.05
2009-05-21,2907.13,2863.08,2858.22,2920.25
2009-05-22,2847.77,2857.6,2838.26,2879.59
2009-05-25,2795.34,2869.12,2784.52,2876.45
2009-05-26,2873.1,2849.31,2848.95,2886.3
2009-05-27,2862.93,2877.98,2845.67,2884.25
2009-06-01,2912.25,2962.08,2912.25,2966.64
2009-06-02,2980.12,2972.05,2965.1,2991.67
2009-06-03,2971.92,3031.62,2971.92,3031.62
2009-06-04,3019.1,3039.71,2995.9,3046.79
2009-06-05,3049.8,3025.2,3025.08,3057.83
2009-06-08,3024.31,3030.7,3002.1,3054.67
2009-06-09,3030.36,3044.49,2979.22,3044.49
2009-06-10,3054.44,3075.31,3054.44,3077.11
2009-06-11,3069.24,3049.77,3045.93,3083.94
2009-06-12,3044.04,2990.85,2969.29,3057.03
2009-06-15,2984.15,3046.43,2984.15,3046.43
2009-06-16,3023.64,3040.81,3020.61,3054.5
2009-06-17,3039.78,3089.84,3020.89,3092.72
2009-06-18,3110.92,3130.47,3110.92,3131.49
2009-06-19,3138.42,3147.73,3121.75,3154.93
2009-06-22,3170.55,3141.73,3135.41,3172.71
2009-06-23,3098.2,3139.99,3092.0,3167.79
2009-06-24,3137.5,3176.69,3129.1,3176.69
2009-06-25,3181.08,3174.65,3167.4,3190.73
2009-06-26,3182.03,3187.13,3170.52,3191.74
2009-06-29,3190.6,3229.27,3190.25,3231.35
2009-06-30,3238.87,3212.59,3205.41,3238.87
2009-07-01,3201.42,3274.97,3201.42,3274.97
2009-07-02,3285.73,3316.67,3285.73,3316.67
2009-07-03,3292.58,3359.21,3292.58,3359.21
2009-07-06,3365.44,3394.32,3363.24,3396.71
2009-07-07,3388.61,3371.11,3361.2,3411.07
2009-07-08,3341.5,3391.02,3311.09,3398.14
2009-07-09,3389.07,3441.92,3380.65,3441.92
2009-07-10,3445.1,3447.9,3435.18,3471.78
2009-07-13,3434.3,3430.72,3425.42,3461.15
2009-07-14,3459.95,3514.65,3459.95,3514.65
2009-07-15,3526.6,3551.52,3526.6,3553.36
2009-07-16,3571.32,3552.11,3542.24,3592.43
2009-07-17,3549.73,3571.81,3539.52,3574.55
2009-07-20,3583.9,3640.8,3573.01,3643.13
2009-07-21,3650.62,3577.85,3577.26,3650.62
2009-07-22,3571.01,3643.34,3571.01,3643.34
2009-07-23,3649.36,3685.93,3638.1,3685.93
2009-07-24,3703.78,3690.39,3617.66,3714.04
2009-07-27,3702.25,3762.93,3701.49,3762.93
2009-07-28,3764.97,3785.22,3734.17,3785.22
2009-07-29,3772.44,3575.59,3555.65,3786.0
2009-07-30,3598.54,3640.82,3531.45,3658.85
2009-07-31,3671.99,3744.92,3647.69,3745.07
2009-08-03,3762.82,3805.8,3743.56,3806.28
2009-08-04,3818.29,3817.53,3750.53,3818.29
2009-08-05,3812.99,3787.1,3732.37,3827.12
2009-08-06,3756.05,3716.64,3669.77,3785.13
2009-08-07,3709.33,3607.86,3606.28,3730.76
2009-08-10,3643.13,3610.55,3555.78,3652.89
2009-08-11,3623.97,3625.64,3584.31,3632.66
2009-08-12,3616.05,3461.81,3461.6,3616.05
2009-08-13,3462.97,3494.98,3419.7,3503.93
2009-08-14,3492.96,3378.48,3378.48,3501.82
2009-08-17,3321.33,3164.74,3164.37,3346.34
2009-08-18,3134.78,3204.47,3114.85,3209.5
2009-08-19,3209.34,3044.72,3019.01,3211.51
2009-08-20,3048.88,3171.94,3048.88,3171.94
2009-08-21,3163.63,3241.17,3156.63,3246.12
2009-08-24,3255.76,3281.76,3226.67,3293.77
2009-08-25,3263.7,3182.04,3100.01,3263.7
2009-08-26,3157.51,3256.39,3157.51,3285.35
2009-08-27,3237.34,3255.57,3213.43,3299.99
2009-08-28,3248.74,3149.91,3141.82,3250.59
2009-08-31,3104.74,2927.96,2926.66,3104.74
2009-09-01,2899.87,2930.15,2896.64,2983.79
2009-09-02,2911.81,2968.89,2911.81,2980.72
2009-09-03,2974.5,3126.89,2974.5,3132.91
2009-09-04,3127.74,3161.49,3127.74,3175.12
2009-09-07,3180.69,3193.33,3180.69,3236.75
2009-09-08,3174.25,3257.9,3148.24,3257.9
2009-09-09,3271.21,3280.16,3235.39,3286.54
2009-09-10,3264.63,3248.23,3240.34,3284.64
2009-09-11,3237.41,3319.71,3237.41,3329.76
2009-09-14,3329.93,3384.57,3325.07,3387.73
2009-09-15,3389.45,3402.12,3365.83,3422.2
2009-09-16,3390.8,3373.17,3322.89,3395.9
2009-09-17,3414.21,3441.64,3405.19,3450.35
2009-09-18,3448.02,3321.82,3299.07,3450.06
2009-09-21,3286.44,3344.64,3226.09,3345.12
2009-09-22,3333.15,3264.44,3264.44,3369.9
2009-09-23,3259.76,3182.92,3169.69,3275.37
2009-09-24,3163.75,3190.0,3099.89,3222.92
2009-09-25,3169.72,3165.24,3143.39,3198.14
2009-09-28,3173.14,3075.57,3071.34,3198.18
2009-09-29,3075.82,3055.64,3004.41,3090.55
2009-09-30,3076.6,3087.86,3076.6,3119.55
2009-10-09,3155.34,3249.01,3155.34,3249.01
2009-10-12,3264.33,3245.92,3244.38,3283.26
2009-10-13,3238.54,3296.15,3238.54,3296.15
2009-10-14,3306.37,3326.39,3306.37,3367.97
2009-10-15,3353.45,3338.46,3324.03,3379.85
2009-10-16,3348.02,3343.78,3297.63,3363.54
2009-10-19,3342.33,3430.27,3342.33,3430.27
2009-10-20,3453.82,3480.51,3444.3,3480.51
2009-10-21,3476.89,3467.13,3465.65,3510.45
2009-10-22,3459.62,3455.62,3445.87,3481.3
2009-10-23,3462.1,3516.72,3462.1,3536.23
2009-10-26,3525.16,3520.37,3490.42,3534.11
2009-10-27,3492.24,3421.18,3421.18,3492.68
2009-10-28,3409.53,3441.46,3374.18,3442.49
2009-10-29,3380.02,3363.7,3357.75,3404.85
2009-10-30,3417.65,3401.14,3394.58,3444.33
2009-11-02,3340.99,3516.53,3332.25,3516.53
2009-11-03,3527.15,3572.25,3527.15,3576.87
2009-11-04,3579.09,3594.75,3555.93,3607.72
2009-11-05,3597.92,3613.44,3581.06,3618.33
2009-11-06,3638.1,3631.11,3621.68,3654.63
2009-11-09,3634.86,3648.86,3606.11,3648.86
2009-11-10,3670.9,3656.66,3656.4,3680.37
2009-11-11,3651.98,3655.84,3623.79,3664.69
2009-11-12,3665.15,3663.31,3650.73,3692.64
2009-11-13,3652.3,3690.36,3617.35,3690.36
2009-11-16,3713.8,3793.52,3713.8,3793.52
2009-11-17,3811.39,3802.01,3787.52,3811.39
2009-11-18,3805.54,3809.3,3787.58,3823.8
2009-11-19,3816.05,3837.63,3795.94,3837.63
2009-11-20,3826.27,3837.74,3805.09,3859.37
2009-11-23,3838.25,3885.25,3838.25,3885.25
2009-11-24,3900.07,3733.21,3732.95,3912.39
2009-11-25,3724.15,3835.94,3724.0,3835.94
2009-11-26,3842.05,3682.68,3667.7,3853.58
2009-11-27,3633.13,3578.88,3578.4,3679.38
2009-11-30,3611.14,3722.85,3611.14,3722.85
2009-12-01,3720.44,3791.64,3710.23,3791.64
2009-12-02,3809.97,3836.41,3802.4,3843.58
2009-12-03,3833.57,3840.12,3796.76,3840.12
2009-12-04,3831.3,3845.3,3744.04,3874.01
2009-12-07,3846.4,3884.31,3840.76,3884.31
2009-12-08,3886.29,3850.13,3825.75,3886.29
2009-12-09,3805.81,3780.7,3767.71,3833.2
2009-12-10,3803.57,3806.54,3776.61,3825.29
2009-12-11,3817.77,3804.61,3799.79,3839.21
2009-12-14,3802.43,3826.07,3717.22,3827.1
2009-12-15,3811.71,3809.27,3801.84,3836.41
2009-12-16,3794.79,3787.96,3780.07,3830.7
2009-12-17,3795.15,3692.4,3692.4,3795.82
2009-12-18,3658.49,3585.26,3582.71,3658.49
2009-12-21,3579.35,3603.73,3559.41,3603.73
2009-12-22,3608.69,3506.14,3500.86,3608.69
2009-12-23,3503.26,3548.46,3503.26,3548.46
2009-12-24,3556.83,3658.3,3552.97,3659.03
2009-12-25,3654.19,3655.8,3640.32,3668.98
2009-12-28,3664.4,3713.54,3664.4,3718.03
2009-12-29,3717.21,3734.93,3686.63,3734.93
2009-12-30,3736.14,3772.42,3729.59,3772.7
2009-12-31,3773.56,3795.33,3757.13,3796.69
2010-01-04,3813.75,3772.5,3772.5,3813.75
2010-01-05,3780.46,3806.74,3742.44,3806.98
2010-01-06,3801.95,3788.8,3788.77,3830.13
2010-01-07,3786.88,3713.54,3699.47,3798.87
2010-01-08,3692.47,3735.38,3678.07,3735.54
2010-01-11,3778.21,3745.84,3728.92,3778.21
2010-01-12,3740.65,3809.63,3713.1,3809.63
2010-01-13,3722.06,3716.07,3709.01,3780.1
2010-01-14,3726.89,3784.21,3724.52,3784.21
2010-01-15,3788.52,3804.15,3781.13,3805.78
2010-01-18,3795.3,3839.08,3787.16,3839.08
2010-01-19,3844.86,3843.87,3830.39,3856.47
2010-01-20,3847.26,3715.21,3708.37,3847.26
2010-01-21,3708.45,3730.97,3687.19,3749.85
2010-01-22,3685.0,3665.17,3596.73,3705.22
2010-01-25,3636.49,3617.69,3617.69,3673.82
2010-01-26,3619.66,3510.55,3487.14,3619.66
2010-01-27,3509.4,3471.12,3471.12,3526.59
2010-01-28,3468.07,3494.78,3449.58,3504.85
2010-01-29,3477.73,3504.57,3473.78,3547.57
2010-02-01,3498.1,3454.91,3418.89,3498.1
2010-02-02,3470.62,3443.36,3443.19,3510.09
2010-02-03,3453.54,3521.39,3385.31,3521.39
2010-02-04,3498.62,3526.18,3483.19,3551.95
2010-02-05,3449.85,3453.97,3430.91,3483.61
2010-02-08,3450.39,3452.08,3436.94,3471.96
2010-02-09,3446.67,3465.49,3444.37,3476.4
2010-02-10,3489.35,3512.46,3480.67,3512.46
2010-02-11,3514.56,3513.18,3511.14,3531.74
2010-02-12,3524.14,3551.14,3524.14,3551.86
2010-02-22,3548.39,3541.11,3536.15,3569.25
2010-02-23,3534.24,3529.61,3472.5,3534.24
2010-02-24,3508.61,3589.37,3507.54,3589.37
2010-02-25,3597.16,3644.42,3597.16,3644.82
2010-02-26,3636.91,3638.8,3633.78,3655.86
2010-03-01,3645.23,3685.07,3645.23,3688.04
2010-03-02,3688.07,3676.66,3660.59,3699.13
2010-03-03,3669.8,3711.34,3663.45,3711.34
2010-03-04,3714.86,3603.66,3595.95,3723.59
2010-03-05,3605.94,3614.57,3585.09,3632.96
2010-03-08,3623.88,3647.57,3621.72,3654.22
2010-03-09,3645.94,3662.14,3620.2,3674.53
2010-03-10,3667.1,3627.76,3612.24,3673.27
2010-03-11,3628.33,3617.07,3590.88,3644.99
2010-03-12,3623.96,3566.39,3566.39,3623.96
2010-03-15,3562.94,3520.15,3507.33,3562.94
2010-03-16,3520.11,3547.04,3505.13,3547.04
2010-03-17,3562.93,3630.65,3557.19,3630.65
2010-03-18,3636.14,3630.38,3621.74,3652.45
2010-03-19,3633.01,3658.56,3617.88,3659.69
2010-03-22,3662.85,3673.78,3653.25,3676.36
2010-03-23,3675.76,3646.58,3642.44,3678.89
2010-03-24,3652.16,3653.16,3647.58,3667.17
2010-03-25,3646.08,3601.7,3599.61,3646.08
2010-03-26,3597.35,3652.18,3595.57,3660.12
2010-03-29,3670.77,3720.89,3670.77,3720.89
2010-03-30,3722.19,3733.56,3716.82,3736.99
2010-03-31,3734.89,3722.86,3715.72,3734.89
2010-04-01,3726.16,3776.17,3726.16,3776.17
2010-04-02,3783.19,3791.72,3776.55,3795.09
2010-04-06,3805.8,3793.43,3771.43,3814.4
2010-04-07,3791.1,3783.85,3766.12,3795.75
2010-04-08,3777.74,3755.69,3750.37,3781.96
2010-04-09,3757.31,3799.51,3755.67,3799.51
2010-04-12,3808.73,3792.27,3766.22,3811.58
2010-04-13,3791.77,3801.3,3732.52,3820.79
2010-04-14,3800.81,3827.27,3793.38,3827.27
2010-04-15,3829.1,3804.06,3781.86,3833.51
2010-04-16,3795.26,3773.16,3757.76,3798.71
2010-04-19,3729.93,3586.87,3586.6,3729.93
2010-04-20,3584.15,3602.04,3545.78,3602.04
2010-04-21,3606.54,3687.75,3606.54,3687.75
2010-04-22,3674.26,3666.34,3634.94,3696.32
2010-04-23,3682.13,3646.31,3628.83,3688.8
2010-04-26,3650.98,3633.64,3627.75,3662.38
2010-04-27,3622.96,3552.64,3502.0,3622.96
2010-04-28,3498.33,3536.49,3498.33,3559.32
2010-04-29,3562.6,3468.15,3468.15,3563.09
2010-04-30,3462.01,3435.98,3382.33,3462.01
2010-05-04,3368.51,3400.09,3368.51,3437.58
2010-05-05,3374.8,3449.61,3349.97,3449.61
2010-05-06,3418.65,3311.33,3311.19,3427.25
2010-05-07,3238.62,3248.09,3224.89,3306.75
2010-05-10,3250.35,3240.75,3173.75,3275.42
2010-05-11,3303.91,3165.43,3158.86,3303.91
2010-05-12,3140.49,3149.0,3096.1,3186.72
2010-05-13,3148.85,3228.7,3128.07,3228.7
2010-05-14,3205.53,3222.39,3192.66,3243.69
2010-05-17,3178.77,3038.31,3038.31,3178.77
2010-05-18,3029.52,3091.45,2992.48,3100.67
2010-05-19,3068.25,3085.79,3044.53,3130.02
2010-05-20,3060.06,3038.31,3037.67,3118.09
2010-05-21,2957.25,3090.11,2957.25,3090.11
2010-05-24,3112.28,3215.12,3112.28,3221.08
2010-05-25,3191.93,3165.85,3143.31,3203.74
2010-05-26,3162.18,3169.71,3145.96,3185.89
2010-05-27,3162.41,3223.43,3126.37,3228.2
2010-05-28,3251.12,3221.74,3207.15,3252.37
2010-05-31,3205.76,3130.95,3130.95,3229.12
2010-06-01,3105.94,3087.96,3043.66,3122.56
2010-06-02,3071.91,3114.22,3040.76,3114.22
2010-06-03,3126.76,3091.48,3091.48,3151.19
2010-06-04,3073.0,3106.37,3069.07,3107.23
2010-06-07,3045.55,3067.17,3036.19,3079.91
2010-06-08,3064.13,3081.74,3054.76,3093.4
2010-06-09,3094.26,3169.27,3077.73,3169.27
2010-06-10,3144.93,3148.91,3139.74,3173.29
2010-06-11,3164.28,3148.4,3146.11,3177.63
2010-06-17,3168.67,3123.84,3123.84,3168.67
2010-06-18,3117.85,3042.93,3029.24,3124.55
2010-06-21,3041.28,3133.85,3025.38,3133.85
2010-06-22,3126.87,3145.72,3126.87,3155.27
2010-06-23,3129.35,3122.84,3093.31,3152.03
2010-06-24,3118.38,3122.77,3107.97,3146.37
2010-06-25,3108.74,3088.87,3072.31,3116.12
2010-06-28,3086.0,3055.48,3048.29,3098.09
2010-06-29,3055.54,2903.19,2903.19,3055.54
2010-06-30,2878.7,2862.78,2839.9,2878.7
2010-07-01,2857.06,2821.48,2820.99,2869.69
2010-07-02,2817.37,2819.72,2725.53,2822.38
2010-07-05,2787.68,2798.44,2761.27,2809.67
2010-07-06,2790.69,2863.21,2790.69,2863.21
2010-07-07,2863.56,2890.86,2850.32,2890.86
2010-07-08,2901.24,2882.32,2869.09,2909.95
2010-07-09,2884.33,2963.6,2866.73,2975.9
2010-07-12,2964.25,2996.35,2964.25,3007.63
2010-07-13,2968.99,2951.07,2928.2,2968.99
2010-07-14,2956.91,2974.54,2956.91,3001.25
2010-07-15,2970.07,2916.7,2916.7,2999.61
2010-07-16,2902.58,2928.33,2874.2,2928.33
2010-07-19,2900.83,2999.13,2900.83,3007.01
2010-07-20,3003.09,3072.46,3003.09,3072.46
2010-07-21,3075.04,3078.94,3067.42,3096.04
2010-07-22,3069.17,3119.91,3069.17,3119.91
2010-07-23,3125.1,3128.35,3102.43,3136.33
2010-07-26,3134.02,3157.16,3116.66,3157.16
2010-07-27,3149.79,3146.78,3139.31,3161.94
2010-07-28,3144.99,3220.09,3133.58,3220.09
2010-07-29,3224.64,3238.27,3213.51,3244.22
2010-07-30,3230.79,3231.48,3201.54,3236.22
2010-08-02,3231.59,3289.32,3231.59,3289.32
2010-08-03,3297.22,3233.47,3233.47,3302.83
2010-08-04,3223.45,3255.49,3183.73,3255.49
2010-08-05,3254.07,3244.38,3222.82,3268.3
2010-08-06,3240.51,3301.8,3218.03,3301.8
2010-08-09,3299.9,3333.61,3298.6,3333.61
2010-08-10,3334.92,3226.13,3226.1,3334.92
2010-08-11,3214.4,3253.15,3214.4,3263.28
2010-08-12,3220.1,3214.21,3213.62,3264.2
2010-08-13,3215.42,3265.49,3201.87,3265.49
2010-08-16,3262.31,3340.92,3262.31,3343.3
2010-08-17,3347.78,3366.39,3343.83,3372.04
2010-08-18,3369.83,3362.68,3343.66,3379.83
2010-08-19,3364.74,3376.85,3350.71,3399.03
2010-08-20,3362.86,3308.99,3308.81,3368.76
2010-08-23,3306.49,3318.44,3306.49,3334.1
2010-08-24,3312.5,3345.49,3294.4,3362.04
2010-08-25,3325.31,3271.81,3271.81,3337.78
2010-08-26,3281.22,3285.2,3266.0,3300.29
2010-08-27,3281.7,3299.99,3269.57,3300.6
2010-08-30,3317.06,3374.5,3317.06,3375.87
2010-08-31,3364.18,3378.09,3355.95,3384.53
2010-09-01,3382.71,3347.77,3322.46,3401.18
2010-09-02,3380.36,3401.52,3368.84,3406.72
2010-09-03,3407.29,3411.98,3378.66,3416.79
2010-09-06,3428.64,3446.5,3415.04,3452.05
2010-09-07,3448.56,3460.92,3427.3,3460.92
2010-09-08,3446.27,3471.41,3439.39,3471.51
2010-09-09,3478.46,3415.42,3411.6,3478.46
2010-09-10,3415.52,3434.13,3372.66,3436.08
2010-09-13,3432.55,3479.45,3432.55,3489.37
2010-09-14,3488.06,3486.03,3472.96,3496.64
2010-09-15,3485.46,3426.31,3416.72,3485.46
2010-09-16,3420.65,3353.93,3324.62,3428.65
2010-09-17,3360.2,3355.77,3339.04,3374.46
2010-09-20,3359.43,3331.84,3311.37,3364.14
2010-09-21,3340.31,3333.74,3316.95,3347.99
2010-09-27,3348.31,3402.62,3345.29,3402.62
2010-09-28,3398.8,3380.64,3376.05,3402.69
2010-09-29,3376.33,3358.65,3357.16,3395.62
2010-09-30,3340.42,3420.96,3340.42,3420.96
2010-10-08,3451.98,3528.45,3451.98,3540.18
2010-10-11,3550.95,3595.39,3550.95,3617.58
2010-10-12,3582.96,3629.27,3582.96,3629.27
2010-10-13,3632.08,3667.78,3616.47,3667.78
2010-10-14,3688.9,3628.32,3628.17,3699.72
2010-10-15,3606.98,3700.67,3606.98,3700.67
2010-10-18,3713.76,3667.07,3652.15,3732.87
2010-10-19,3662.51,3758.12,3649.87,3758.12
2010-10-20,3681.04,3778.9,3681.04,3812.2
2010-10-21,3787.28,3774.81,3743.41,3800.48
2010-10-22,3769.4,3791.9,3757.16,3811.91
2010-10-25,3802.47,3899.03,3796.21,3899.03
2010-10-26,3909.56,3900.68,3868.59,3913.56
2010-10-27,3889.92,3844.4,3844.4,3928.04
2010-10-28,3829.91,3842.25,3816.97,3858.04
2010-10-29,3845.3,3846.18,3808.7,3863.34
2010-11-01,3858.6,3953.59,3858.6,3953.59
2010-11-02,3964.73,3940.28,3940.1,3995.07
2010-11-03,3937.2,3889.06,3889.06,3948.69
2010-11-04,3894.5,3966.45,3890.65,3966.45
2010-11-05,4020.39,4018.23,3997.68,4021.83
2010-11-08,4034.38,4071.82,4019.59,4071.82
2010-11-09,4072.24,4064.7,4039.09,4072.24
2010-11-10,4049.97,4054.48,4020.9,4057.94
2010-11-11,4041.95,4048.11,4041.95,4118.08
2010-11-12,4021.91,3797.95,3797.95,4030.08
2010-11-15,3804.2,3856.26,3762.13,3856.26
2010-11-16,3855.12,3704.69,3683.37,3855.12
2010-11-17,3651.22,3600.78,3592.55,3683.45
2010-11-18,3631.27,3652.74,3588.17,3657.56
2010-11-19,3673.89,3718.2,3611.61,3718.2
2010-11-22,3688.17,3736.31,3688.17,3763.15
2010-11-23,3720.07,3668.45,3614.45,3720.07
2010-11-24,3644.81,3759.74,3644.81,3759.74
2010-11-25,3780.8,3805.28,3761.45,3811.82
2010-11-26,3796.46,3778.27,3744.04,3805.52
2010-11-29,3767.07,3780.91,3744.93,3790.45
2010-11-30,3776.38,3701.82,3615.63,3792.71
2010-12-01,3689.06,3702.45,3678.38,3715.04
2010-12-02,3753.78,3722.5,3722.27,3759.77
2010-12-03,3726.58,3713.28,3684.13,3731.12
2010-12-06,3721.48,3696.29,3671.76,3726.64
2010-12-07,3682.75,3741.37,3635.28,3748.42
2010-12-08,3735.68,3718.65,3713.08,3764.02
2010-12-09,3700.62,3654.54,3654.54,3707.42
2010-12-10,3636.42,3701.41,3636.42,3704.68
2010-12-13,3718.35,3812.64,3718.35,3812.64
2010-12-14,3823.71,3837.36,3816.74,3839.0
2010-12-15,3837.82,3818.62,3818.42,3855.29
2010-12-16,3814.05,3804.38,3795.66,3831.3
2010-12-17,3801.57,3802.81,3785.35,3808.02
2010-12-20,3816.61,3750.68,3676.93,3820.78
2010-12-21,3755.2,3816.78,3734.06,3816.78
2010-12-22,3820.29,3780.46,3777.06,3826.4
2010-12-23,3773.52,3731.45,3725.91,3781.83
2010-12-24,3711.71,3688.43,3665.79,3720.53
2010-12-27,3711.71,3602.29,3596.05,3743.2
2010-12-28,3583.46,3531.3,3524.58,3583.46
2010-12-29,3534.87,3567.78,3525.84,3567.78
2010-12-30,3568.12,3575.24,3541.93,3586.72
2010-12-31,3580.05,3652.17,3580.05,3652.17
2011-01-04,3677.99,3715.53,3663.89,3715.53
2011-01-05,3695.93,3709.43,3694.44,3722.18
2011-01-06,3710.29,3691.12,3685.17,3728.81
2011-01-07,3685.65,3687.25,3667.95,3727.1
2011-01-10,3682.01,3605.54,3605.54,3696.59
2011-01-11,3591.7,3607.07,3566.89,3607.07
2011-01-12,3616.1,3628.09,3585.34,3637.11
2011-01-13,3640.72,3626.51,3613.75,3640.72
2011-01-14,3615.67,3562.68,3557.78,3615.67
2011-01-17,3536.64,3421.59,3420.94,3536.64
2011-01-18,3410.01,3429.72,3393.22,3435.16
2011-01-19,3430.61,3509.18,3426.56,3509.18
2011-01-20,3501.82,3391.51,3391.44,3501.82
2011-01-21,3379.9,3427.49,3379.9,3466.03
2011-01-24,3429.31,3375.65,3373.03,3441.7
2011-01-25,3369.26,3343.79,3322.19,3369.47
2011-01-26,3343.72,3394.8,3343.72,3396.35
2011-01-27,3370.26,3450.21,3357.93,3457.69
2011-01-28,3444.22,3471.97,3442.93,3476.45
2011-01-31,3470.08,3518.07,3467.31,3518.07
2011-02-01,3523.21,3522.85,3506.41,3528.63
2011-02-09,3498.25,3492.89,3492.89,3533.14
2011-02-10,3486.82,3574.73,3483.61,3574.73
2011-02-11,3572.4,3601.83,3572.4,3610.9
2011-02-14,3605.19,3693.83,3605.19,3700.82
2011-02-15,3698.0,3693.8,3691.7,3733.46
2011-02-16,3686.73,3740.3,3686.37,3740.3
2011-02-17,3748.32,3748.31,3712.6,3759.19
2011-02-18,3741.06,3712.3,3701.34,3745.73
2011-02-21,3689.86,3773.7,3689.86,3773.7
2011-02-22,3782.55,3669.54,3669.5,3782.67
2011-02-23,3656.44,3696.7,3656.44,3701.46
2011-02-24,3691.71,3719.31,3688.87,3719.31
2011-02-25,3717.12,3725.68,3684.86,3733.03
2011-02-28,3729.22,3774.15,3706.57,3774.15
2011-03-01,3776.69,3792.09,3772.32,3809.71
2011-03-02,3773.19,3780.56,3737.99,3792.39
2011-03-03,3783.35,3738.29,3738.29,3801.42
2011-03-04,3738.36,3789.42,3731.44,3789.42
2011-03-07,3805.74,3852.05,3805.74,3852.05
2011-03-08,3851.92,3862.66,3837.82,3862.66
2011-03-09,3867.55,3868.73,3854.31,3876.73
2011-03-10,3860.84,3818.76,3818.47,3860.84
2011-03-11,3799.78,3794.69,3794.12,3841.22
2011-03-14,3784.05,3820.5,3779.88,3820.5
2011-03-15,3809.07,3762.91,3706.52,3809.07
2011-03-16,3761.13,3813.22,3761.13,3814.91
2011-03-17,3778.04,3749.13,3738.55,3796.05
2011-03-18,3778.64,3770.43,3762.02,3785.7
2011-03-21,3771.53,3754.42,3739.2,3783.36
2011-03-22,3763.51,3765.03,3716.04,3767.56
2011-03-23,3763.56,3813.22,3763.56,3813.22
2011-03-24,3817.1,3808.21,3803.23,3822.74
2011-03-25,3810.0,3848.79,3810.0,3855.46
2011-03-28,3860.54,3841.94,3838.49,3873.71
2011-03-29,3836.51,3793.73,3793.0,3847.31
2011-03-30,3789.75,3779.12,3760.74,3804.25
2011-03-31,3779.11,3737.72,3731.89,3785.98
2011-04-01,3739.86,3790.17,3735.67,3790.17
2011-04-06,3782.34,3814.88,3780.4,3816.81
2011-04-07,3815.7,3833.13,3804.76,3833.13
2011-04-08,3830.35,3870.62,3828.86,3870.62
2011-04-11,3879.45,3846.02,3845.43,3886.72
2011-04-12,3836.6,3841.72,3827.32,3862.95
2011-04-13,3826.47,3887.91,3814.71,3887.91
2011-04-14,3889.01,3873.12,3868.13,3893.28
2011-04-15,3864.89,3878.76,3840.46,3886.22
2011-04-18,3865.84,3886.02,3864.64,3888.84
2011-04-19,3861.24,3826.11,3816.24,3861.24
2011-04-20,3828.38,3837.61,3818.88,3847.64
2011-04-21,3852.73,3863.05,3846.44,3869.13
2011-04-22,3862.03,3842.82,3836.53,3863.87
2011-04-25,3833.96,3775.01,3775.01,3833.96
2011-04-26,3763.09,3734.64,3720.33,3775.09
2011-04-27,3743.51,3702.52,3685.13,3757.47
2011-04-28,3713.95,3620.67,3620.36,3716.22
2011-04-29,3617.87,3665.82,3606.89,3665.82
2011-05-03,3665.96,3704.25,3641.46,3704.25
2011-05-04,3686.14,3617.76,3611.73,3686.14
2011-05-05,3601.56,3621.68,3599.7,3630.41
2011-05-06,3588.47,3627.42,3580.02,3642.25
2011-05-09,3632.5,3645.97,3632.5,3660.33
2011-05-10,3650.7,3672.02,3635.34,3672.02
2011-05-11,3671.57,3669.31,3646.79,3687.23
2011-05-12,3644.5,3618.25,3618.25,3665.9
2011-05-13,3618.9,3647.63,3599.28,3647.63
2011-05-16,3641.71,3627.76,3625.47,3658.13
2011-05-17,3622.53,3629.4,3593.59,3652.47
2011-05-18,3620.26,3655.52,3616.38,3659.03
2011-05-19,3663.16,3635.84,3634.73,3671.44
2011-05-20,3633.7,3631.62,3619.26,3642.93
2011-05-23,3624.35,3508.69,3508.69,3624.35
2011-05-24,3494.68,3510.26,3466.39,3510.26
2011-05-25,3504.5,3469.13,3468.15,3516.95
2011-05-26,3488.33,3447.89,3447.58,3498.88
2011-05-27,3445.96,3392.38,3391.81,3447.53
2011-05-30,3379.71,3362.27,3355.15,3402.86
2011-05-31,3365.16,3423.78,3354.76,3423.78
2011-06-01,3418.31,3440.54,3412.73,3440.74
2011-06-02,3400.77,3388.54,3354.34,3413.06
2011-06-03,3384.5,3432.73,3384.5,3437.25
2011-06-07,3426.41,3458.15,3426.41,3458.15
2011-06-08,3456.52,3468.08,3415.36,3468.08
2011-06-09,3459.06,3397.6,3397.6,3459.33
2011-06-10,3390.01,3407.1,3362.64,3407.1
2011-06-13,3383.6,3397.93,3360.09,3403.75
2011-06-14,3395.27,3448.5,3395.27,3453.6
2011-06-15,3439.68,3415.57,3415.57,3458.16
2011-06-16,3387.94,3353.32,3353.32,3389.95
2011-06-17,3349.76,3315.64,3315.45,3367.4
2011-06-20,3309.67,3285.56,3270.7,3312.14
2011-06-21,3292.84,3326.55,3285.73,3326.55
2011-06-22,3330.5,3323.38,3310.51,3338.69
2011-06-23,3312.67,3381.0,3299.36,3382.41
2011-06-24,3369.66,3460.73,3369.66,3476.86
2011-06-27,3462.26,3485.79,3462.26,3497.95
2011-06-28,3488.61,3492.89,3461.77,3497.93
2011-06-29,3490.1,3446.54,3446.54,3497.07
2011-06-30,3446.86,3496.74,3446.86,3504.44
2011-07-01,3505.62,3507.99,3496.49,3527.94
2011-07-04,3522.1,3591.0,3522.1,3591.0
2011-07-05,3593.14,3602.28,3580.67,3603.4
2011-07-06,3595.1,3601.9,3568.07,3602.45
2011-07-07,3606.26,3593.65,3593.51,3634.73
2011-07-08,3593.89,3596.06,3580.47,3606.39
2011-07-11,3584.99,3612.67,3577.56,3617.11
2011-07-12,3577.58,3552.08,3551.92,3586.25
2011-07-13,3553.29,3614.84,3553.29,3614.9
2011-07-14,3621.17,3635.62,3604.42,3636.06
2011-07-15,3625.33,3655.58,3618.58,3655.58
2011-07-18,3658.85,3652.59,3640.81,3668.33
2011-07-19,3636.08,3616.54,3606.9,3636.08
2011-07-20,3635.34,3616.39,3587.96,3644.05
2011-07-21,3615.53,3573.99,3573.29,3620.01
2011-07-22,3580.82,3586.67,3574.67,3602.59
2011-07-25,3570.48,3458.39,3447.37,3570.48
2011-07-26,3453.59,3471.91,3440.58,3472.0
2011-07-27,3457.58,3511.53,3444.33,3514.39
2011-07-28,3481.12,3491.17,3459.62,3494.75
2011-07-29,3490.23,3470.45,3450.25,3502.83
2011-08-01,3466.26,3481.1,3455.16,3493.14
2011-08-02,3463.56,3457.89,3409.94,3463.56
2011-08-03,3426.67,3462.98,3420.98,3476.43
2011-08-04,3469.79,3473.52,3462.34,3494.59
2011-08-05,3374.55,3400.43,3357.11,3423.34
2011-08-08,3358.38,3257.11,3201.07,3379.72
2011-08-09,3166.64,3256.3,3123.15,3273.86
2011-08-10,3308.8,3294.26,3290.03,3334.33
2011-08-11,3234.28,3348.18,3231.05,3348.46
2011-08-12,3366.34,3370.21,3361.43,3388.4
2011-08-15,3378.01,3419.9,3370.05,3419.9
2011-08-16,3423.58,3395.64,3385.31,3433.89
2011-08-17,3389.34,3384.14,3376.54,3407.65
2011-08-18,3383.38,3323.58,3321.95,3386.13
2011-08-19,3263.71,3292.86,3258.51,3293.25
2011-08-22,3293.28,3263.78,3252.95,3319.69
2011-08-23,3274.34,3316.38,3263.81,3316.45
2011-08-24,3331.53,3307.9,3302.34,3346.73
2011-08-25,3314.87,3397.27,3309.36,3397.27
2011-08-26,3383.27,3400.35,3374.49,3407.09
2011-08-29,3377.47,3356.71,3350.65,3377.47
2011-08-30,3377.48,3336.01,3334.05,3404.7
2011-08-31,3336.62,3331.98,3302.95,3349.1
2011-09-01,3336.38,3313.78,3302.59,3355.39
2011-09-02,3307.08,3276.96,3259.73,3315.11
2011-09-05,3249.61,3203.01,3202.65,3249.61
2011-09-06,3182.41,3179.7,3165.3,3204.31
2011-09-07,3194.13,3249.36,3189.09,3249.36
2011-09-08,3259.94,3219.83,3219.75,3260.43
2011-09-09,3227.91,3208.34,3194.88,3257.14
2011-09-13,3165.2,3165.22,3142.47,3173.0
2011-09-14,3174.31,3189.48,3120.97,3189.81
2011-09-15,3191.41,3188.57,3185.79,3215.31
2011-09-16,3202.56,3192.08,3188.03,3216.43
2011-09-19,3176.89,3129.02,3128.65,3176.89
2011-09-20,3122.69,3143.22,3109.7,3156.1
2011-09-21,3144.04,3236.14,3131.42,3241.66
2011-09-22,3208.58,3139.47,3139.07,3219.64
2011-09-23,3089.2,3117.81,3075.69,3129.34
2011-09-26,3096.71,3057.86,3048.82,3130.33
2011-09-27,3081.32,3080.89,3052.29,3094.38
2011-09-28,3097.83,3039.79,3030.7,3104.09
2011-09-29,3021.2,2981.47,2979.47,3022.44
2011-09-30,2987.43,2972.77,2955.9,3001.1
2011-10-10,2980.45,2950.19,2943.52,2989.34
2011-10-11,3021.65,2943.77,2914.31,3036.51
2011-10-12,2929.72,3049.38,2909.39,3051.17
2011-10-13,3042.17,3079.31,3034.07,3087.72
2011-10-14,3071.53,3067.6,3039.94,3080.77
2011-10-17,3073.49,3080.96,3064.11,3101.34
2011-10-18,3060.25,2992.03,2989.02,3063.02
2011-10-19,2998.21,2979.86,2974.36,3014.29
2011-10-20,2964.47,2901.72,2878.55,2964.47
2011-10-21,2900.42,2871.39,2868.38,2913.11
2011-10-24,2877.94,2938.16,2846.0,2938.29
2011-10-25,2934.43,3003.89,2922.84,3011.32
2011-10-26,2987.82,3033.2,2983.68,3063.09
2011-10-27,3038.97,3038.43,3026.45,3060.83
2011-10-28,3076.42,3100.59,3068.4,3108.15
2011-10-31,3096.79,3100.44,3078.95,3109.23
2011-11-01,3074.06,3102.53,3067.52,3126.69
2011-11-02,3056.82,3155.78,3047.44,3156.17
2011-11-03,3167.06,3164.57,3163.82,3206.0
2011-11-04,3187.36,3187.58,3166.06,3201.64
2011-11-07,3176.46,3164.37,3159.81,3199.63
2011-11-08,3170.2,3142.49,3137.36,3180.7
2011-11-09,3152.3,3180.28,3120.27,3180.28
2011-11-10,3145.43,3127.82,3126.98,3159.96
2011-11-11,3132.15,3124.66,3112.06,3146.53
2011-11-14,3148.97,3193.56,3148.97,3193.56
2011-11-15,3191.02,3199.47,3181.93,3201.97
2011-11-16,3200.33,3115.88,3103.23,3200.45
2011-11-17,3116.23,3109.42,3103.7,3141.01
2011-11-18,3089.15,3033.94,3027.88,3089.15
2011-11-21,3033.24,3037.41,3006.66,3038.93
2011-11-22,3014.99,3035.62,2997.8,3036.59
2011-11-23,3039.52,3013.38,3006.84,3046.46
2011-11-24,2990.48,3014.87,2975.96,3032.37
2011-11-25,3011.01,2993.84,2985.61,3028.52
2011-11-28,3000.39,2997.06,2980.51,3012.46
2011-11-29,3020.8,3041.41,3006.43,3041.75
2011-11-30,3034.02,2929.29,2905.63,3034.02
2011-12-01,3012.22,2995.85,2988.34,3046.8
2011-12-02,2981.09,2951.96,2935.78,2983.01
2011-12-05,2950.95,2887.6,2883.15,2950.95
2011-12-06,2879.33,2884.76,2857.92,2893.65
2011-12-07,2884.3,2896.42,2874.66,2905.21
2011-12-08,2891.77,2894.19,2852.13,2920.22
2011-12-09,2873.18,2868.24,2860.08,2896.35
2011-12-12,2864.01,2836.17,2834.05,2870.26
2011-12-13,2823.22,2757.9,2752.73,2823.72
2011-12-14,2749.52,2720.68,2715.04,2770.77
2011-12-15,2703.75,2654.35,2653.26,2703.75
2011-12-16,2652.77,2718.43,2645.7,2718.62
2011-12-19,2698.99,2717.11,2647.1,2719.5
2011-12-20,2708.39,2708.55,2704.09,2747.47
2011-12-21,2728.92,2656.21,2654.83,2738.73
2011-12-22,2638.16,2641.15,2576.78,2662.43
2011-12-23,2634.44,2662.01,2626.27,2686.6
2011-12-26,2651.46,2639.32,2638.63,2678.1
2011-12-27,2633.84,2589.55,2586.25,2639.01
2011-12-28,2576.15,2584.89,2531.98,2586.25
2011-12-29,2572.66,2587.59,2567.36,2601.37
2011-12-30,2594.05,2629.35,2594.05,2630.16
2012-01-04,2646.83,2571.95,2571.95,2653.25
2012-01-05,2560.07,2513.7,2510.13,2570.84
2012-01-06,2507.86,2527.25,2475.44,2527.25
2012-01-09,2527.41,2619.64,2504.42,2619.87
2012-01-10,2617.54,2713.53,2612.56,2715.43
2012-01-11,2710.66,2707.8,2689.88,2722.65
2012-01-12,2697.49,2706.03,2692.35,2738.79
2012-01-13,2706.77,2638.11,2618.52,2712.64
2012-01-16,2616.32,2570.85,2570.85,2631.45
2012-01-17,2570.44,2701.59,2552.65,2701.59
2012-01-18,2706.01,2650.58,2641.6,2727.99
2012-01-19,2648.82,2690.35,2635.48,2704.24
2012-01-20,2697.0,2728.34,2685.97,2734.47
2012-01-30,2734.57,2694.4,2694.0,2734.79
2012-01-31,2693.11,2697.42,2674.89,2703.6
2012-02-01,2691.44,2667.52,2660.3,2717.95
2012-02-02,2674.57,2725.67,2668.96,2725.67
2012-02-03,2719.64,2757.06,2713.01,2764.25
2012-02-06,2761.89,2766.55,2747.69,2777.79
2012-02-07,2751.89,2717.7,2699.88,2751.89
2012-02-08,2714.83,2792.75,2708.35,2793.2
2012-02-09,2789.99,2802.28,2780.82,2823.01
2012-02-10,2795.62,2811.14,2794.39,2834.0
2012-02-13,2783.27,2822.69,2772.42,2841.19
2012-02-14,2819.78,2817.06,2798.48,2825.23
2012-02-15,2811.33,2853.77,2804.2,2861.41
2012-02-16,2848.85,2845.04,2822.27,2869.03
2012-02-17,2856.73,2841.68,2821.06,2864.9
2012-02-20,2878.52,2847.06,2846.27,2883.18
2012-02-21,2848.07,2875.49,2820.35,2875.74
2012-02-22,2876.47,2922.19,2874.23,2922.35
2012-02-23,2920.59,2931.25,2908.38,2939.06
2012-02-24,2931.22,2974.6,2925.07,2974.6
2012-02-27,2984.26,2982.53,2982.53,3025.4
2012-02-28,2974.36,2977.76,2949.11,2988.74
2012-02-29,2969.84,2943.45,2941.04,2981.92
2012-03-01,2931.07,2950.12,2930.07,2966.61
2012-03-02,2954.52,3004.72,2954.52,3004.72
2012-03-05,3013.14,2996.01,2993.49,3023.26
2012-03-06,2987.57,2957.48,2944.14,2987.65
2012-03-07,2928.39,2938.74,2924.69,2970.44
2012-03-08,2947.71,2978.29,2947.71,2988.3
2012-03-09,2986.73,3015.74,2974.98,3015.74
2012-03-12,3016.67,3017.15,2994.98,3024.56
2012-03-13,3015.83,3047.04,3009.18,3047.2
2012-03-14,3060.04,2939.65,2924.83,3074.56
2012-03-15,2934.95,2912.91,2891.39,2954.37
2012-03-16,2918.1,2969.03,2907.21,2969.11
2012-03-19,2965.21,2990.1,2946.54,2990.64
2012-03-20,2981.89,2932.54,2932.29,2981.89
2012-03-21,2944.19,2938.38,2905.87,2961.75
2012-03-22,2936.14,2931.92,2916.23,2950.37
2012-03-23,2921.63,2887.5,2876.67,2923.76
2012-03-26,2883.51,2886.87,2867.97,2896.62
2012-03-27,2897.48,2877.95,2874.85,2908.05
2012-03-28,2867.48,2776.02,2771.34,2867.48
2012-03-29,2761.52,2733.41,2713.11,2773.4
2012-03-30,2735.23,2737.2,2716.45,2750.67
2012-04-05,2734.04,2811.07,2727.27,2813.89
2012-04-06,2808.54,2824.33,2802.05,2832.04
2012-04-09,2815.16,2794.77,2793.97,2825.92
2012-04-10,2786.25,2823.86,2744.51,2823.93
2012-04-11,2794.44,2829.66,2785.58,2846.63
2012-04-12,2832.07,2886.76,2826.7,2886.76
2012-04-13,2892.89,2903.38,2887.58,2918.27
2012-04-16,2883.93,2902.52,2878.03,2915.19
2012-04-17,2899.88,2864.53,2864.14,2910.53
2012-04-18,2871.85,2929.29,2867.79,2930.99
2012-04-19,2927.52,2924.67,2911.22,2938.27
2012-04-20,2918.93,2954.36,2915.09,2955.95
2012-04-23,2951.43,2922.33,2912.21,2956.01
2012-04-24,2903.92,2911.87,2847.2,2948.0
2012-04-25,2904.06,2943.04,2898.27,2949.47
2012-04-26,2948.42,2940.1,2925.49,2957.28
2012-04-27,2936.48,2926.84,2924.22,2943.54
2012-05-02,2962.32,2979.69,2940.72,2994.24
2012-05-03,2974.39,2990.6,2969.83,2992.1
2012-05-04,2988.37,3015.88,2976.32,3016.0
2012-05-07,2999.44,3026.91,2996.45,3026.91
2012-05-08,3026.11,3021.79,2995.02,3028.95
2012-05-09,2998.45,2967.8,2965.78,2998.45
2012-05-10,2966.24,2972.47,2962.11,2982.89
2012-05-11,2968.27,2952.36,2952.24,2984.76
2012-05-14,2972.67,2936.58,2934.61,2976.67
2012-05-15,2915.43,2934.81,2901.74,2934.91
2012-05-16,2927.41,2893.03,2892.67,2932.12
2012-05-17,2894.01,2936.01,2886.16,2940.45
2012-05-18,2916.79,2890.43,2882.95,2927.52
2012-05-21,2887.47,2896.94,2870.08,2915.47
2012-05-22,2907.68,2940.53,2907.68,2940.53
2012-05-23,2934.44,2931.78,2907.05,2948.68
2012-05-24,2925.96,2908.34,2900.59,2943.21
2012-05-25,2907.69,2879.71,2871.0,2914.27
2012-05-28,2868.64,2922.59,2839.13,2922.61
2012-05-29,2922.33,2965.03,2919.77,2970.49
2012-05-30,2960.53,2962.26,2954.63,2972.9
2012-05-31,2943.43,2957.27,2937.23,2972.81
2012-06-01,2957.74,2955.83,2943.56,2976.26
2012-06-04,2913.79,2867.4,2867.4,2926.68
2012-06-05,2872.09,2866.42,2855.19,2884.22
2012-06-06,2871.25,2861.28,2849.29,2883.22
2012-06-07,2885.97,2845.28,2839.18,2892.96
2012-06-08,2866.16,2828.7,2823.65,2866.85
2012-06-11,2832.23,2871.92,2825.29,2876.3
2012-06-12,2857.18,2854.21,2843.38,2868.92
2012-06-13,2860.33,2902.56,2855.06,2902.81
2012-06-14,2895.65,2882.04,2879.96,2910.9
2012-06-15,2886.48,2887.46,2853.88,2903.15
2012-06-18,2897.04,2908.23,2895.81,2917.95
2012-06-19,2904.37,2886.11,2882.99,2905.81
2012-06-20,2890.9,2877.22,2873.33,2898.64
2012-06-21,2871.2,2835.27,2822.5,2871.2
2012-06-25,2823.65,2769.36,2768.56,2823.65
2012-06-26,2753.9,2766.75,2734.92,2776.42
2012-06-27,2764.01,2758.89,2756.65,2787.79
2012-06-28,2763.7,2729.54,2729.34,2772.42
2012-06-29,2719.9,2767.83,2715.28,2768.5
2012-07-02,2781.76,2783.99,2766.35,2794.69
2012-07-03,2782.97,2789.57,2775.96,2811.78
2012-07-04,2794.17,2781.86,2772.07,2800.5
2012-07-05,2768.58,2733.35,2723.04,2768.58
2012-07-06,2741.47,2783.1,2718.99,2785.96
2012-07-09,2765.16,2717.87,2717.17,2778.86
2012-07-10,2710.31,2699.77,2694.0,2722.14
2012-07-11,2694.28,2722.6,2692.33,2722.67
2012-07-12,2717.02,2753.28,2700.72,2763.73
2012-07-13,2743.17,2747.58,2737.96,2768.58
2012-07-16,2747.45,2669.99,2669.66,2747.46
2012-07-17,2659.89,2687.48,2657.51,2691.82
2012-07-18,2684.03,2695.35,2644.66,2695.82
2012-07-19,2688.09,2715.88,2681.64,2735.55
2012-07-20,2707.71,2692.55,2685.81,2720.33
2012-07-23,2673.77,2660.15,2646.22,2673.77
2012-07-24,2645.64,2675.53,2645.02,2691.93
2012-07-25,2667.24,2656.74,2652.76,2680.5
2012-07-26,2655.57,2638.34,2636.13,2673.93
2012-07-27,2645.45,2632.71,2623.16,2652.29
2012-07-30,2632.6,2600.72,2595.3,2648.21
2012-07-31,2598.9,2580.4,2574.05,2604.1
2012-08-01,2578.22,2615.48,2578.0,2629.35
2012-08-02,2611.04,2593.6,2582.04,2620.05
2012-08-03,2598.94,2628.53,2590.65,2628.8
2012-08-06,2622.73,2675.8,2619.91,2677.66
2012-08-07,2674.0,2689.0,2671.46,2689.59
2012-08-08,2689.11,2686.01,2674.07,2701.71
2012-08-09,2683.66,2716.33,2671.9,2716.69
2012-08-10,2713.93,2706.73,2698.67,2718.18
2012-08-13,2700.62,2651.26,2650.2,2700.62
2012-08-14,2650.11,2664.73,2615.04,2664.73
2012-08-15,2657.9,2636.57,2634.8,2657.9
2012-08-16,2631.23,2620.77,2616.74,2640.0
2012-08-17,2618.49,2617.06,2593.53,2624.2
2012-08-20,2599.81,2612.8,2583.91,2618.1
2012-08-21,2612.39,2637.7,2607.78,2648.09
2012-08-22,2638.9,2617.65,2606.56,2640.6
2012-08-23,2618.19,2629.53,2605.41,2634.78
2012-08-24,2621.81,2589.8,2589.42,2624.65
2012-08-27,2580.1,2533.08,2533.08,2580.1
2012-08-28,2530.32,2546.6,2525.1,2561.05
2012-08-29,2539.9,2525.71,2525.59,2554.87
2012-08-30,2516.68,2504.94,2474.4,2531.49
2012-08-31,2498.58,2504.76,2495.91,2515.83
2012-09-03,2500.54,2539.72,2497.18,2545.46
2012-09-04,2542.37,2514.3,2509.61,2546.03
2012-09-05,2509.11,2518.5,2498.81,2527.75
2012-09-06,2523.03,2542.35,2520.53,2542.93
2012-09-07,2560.07,2644.54,2560.07,2669.53
2012-09-10,2648.41,2661.06,2640.31,2669.54
2012-09-11,2650.69,2647.72,2628.0,2650.69
2012-09-12,2660.14,2661.14,2634.88,2672.17
2012-09-13,2658.32,2630.4,2630.4,2667.16
2012-09-14,2654.92,2642.75,2622.67,2664.21
2012-09-17,2639.24,2572.49,2572.35,2641.13
2012-09-18,2562.01,2553.31,2543.78,2572.28
2012-09-19,2555.44,2570.37,2549.74,2572.51
2012-09-20,2562.55,2503.59,2501.85,2562.55
2012-09-21,2496.85,2497.76,2488.98,2522.11
2012-09-24,2482.93,2515.74,2467.67,2525.85
2012-09-25,2509.58,2504.28,2496.61,2525.51
2012-09-26,2501.38,2461.83,2457.56,2509.68
2012-09-27,2460.99,2528.33,2460.82,2542.66
2012-09-28,2513.53,2574.14,2510.65,2576.39
2012-10-08,2573.54,2556.07,2543.29,2587.42
2012-10-09,2564.45,2617.14,2564.45,2617.15
2012-10-10,2611.47,2631.23,2604.02,2631.77
2012-10-11,2623.62,2600.44,2599.38,2629.09
2012-10-12,2607.92,2599.43,2578.07,2630.61
2012-10-15,2599.4,2586.19,2565.54,2600.2
2012-10-16,2583.84,2592.09,2577.66,2611.01
2012-10-17,2599.36,2596.88,2572.4,2606.66
2012-10-18,2601.28,2638.11,2600.85,2643.35
2012-10-19,2636.88,2632.66,2627.89,2644.83
2012-10-22,2619.38,2643.57,2613.92,2648.28
2012-10-23,2642.87,2612.12,2609.28,2646.57
2012-10-24,2600.62,2607.51,2599.31,2621.5
2012-10-25,2606.93,2585.73,2583.54,2624.73
2012-10-26,2584.1,2535.05,2521.64,2586.32
2012-10-29,2528.65,2525.49,2515.21,2537.58
2012-10-30,2525.24,2529.28,2521.89,2549.19
2012-10-31,2529.63,2542.54,2520.39,2542.54
2012-11-01,2543.84,2589.82,2543.67,2596.15
2012-11-02,2590.23,2601.47,2576.74,2603.83
2012-11-05,2597.09,2593.9,2582.49,2610.97
2012-11-06,2593.36,2579.63,2544.84,2594.75
2012-11-07,2576.35,2575.57,2563.43,2588.5
2012-11-08,2555.74,2521.68,2521.68,2560.12
2012-11-09,2516.78,2515.23,2507.72,2529.88
2012-11-12,2516.86,2529.77,2508.51,2531.18
2012-11-13,2529.14,2482.91,2478.9,2529.14
2012-11-14,2482.31,2491.71,2469.67,2493.72
2012-11-15,2479.37,2454.24,2453.82,2489.95
2012-11-16,2449.63,2437.33,2421.36,2450.69
2012-11-19,2435.26,2439.7,2408.67,2440.09
2012-11-20,2445.01,2430.18,2429.16,2450.58
2012-11-21,2429.53,2460.38,2408.05,2460.38
2012-11-22,2447.2,2436.54,2429.71,2448.57
2012-11-23,2440.3,2449.26,2436.15,2460.69
2012-11-26,2445.04,2425.89,2422.52,2447.83
2012-11-27,2418.26,2372.31,2371.87,2418.26
2012-11-28,2362.85,2336.53,2332.31,2362.85
2012-11-29,2335.8,2318.07,2317.09,2351.07
2012-11-30,2316.4,2346.83,2311.79,2349.42
2012-12-03,2344.2,2303.79,2302.91,2358.97
2012-12-04,2298.03,2330.01,2284.83,2333.6
2012-12-05,2325.71,2414.62,2322.8,2426.74
2012-12-06,2412.55,2411.41,2397.9,2425.86
2012-12-07,2410.75,2461.65,2404.51,2465.31
2012-12-10,2467.85,2494.75,2462.13,2498.77
2012-12-11,2486.7,2479.56,2476.19,2500.37
2012-12-12,2477.67,2485.39,2462.33,2493.4
2012-12-13,2478.68,2455.78,2455.12,2486.81
2012-12-14,2456.09,2569.54,2456.09,2570.11
2012-12-17,2573.55,2583.26,2570.12,2592.83
2012-12-18,2577.88,2581.45,2562.84,2613.6
2012-12-19,2576.52,2587.89,2572.28,2601.81
2012-12-20,2579.29,2600.04,2560.25,2605.26
2012-12-21,2601.49,2591.21,2582.36,2631.31
2012-12-24,2586.6,2604.32,2585.1,2614.72
2012-12-25,2597.64,2672.23,2589.83,2681.8
2012-12-26,2670.27,2693.84,2667.94,2693.84
2012-12-27,2699.8,2675.29,2674.76,2713.8
2012-12-28,2676.04,2710.57,2670.78,2711.24
2012-12-31,2716.07,2749.85,2716.07,2749.85
2013-01-04,2775.42,2745.76,2719.25,2781.73
2013-01-07,2740.2,2766.23,2733.93,2768.49
2013-01-08,2765.71,2773.17,2739.21,2780.8
2013-01-09,2766.68,2775.96,2751.26,2789.25
2013-01-10,2774.93,2786.29,2766.75,2803.9
2013-01-11,2788.71,2729.87,2721.97,2793.6
2013-01-14,2721.79,2829.59,2721.45,2834.11
2013-01-15,2832.21,2862.97,2831.01,2872.71
2013-01-16,2858.79,2849.66,2806.75,2868.32
2013-01-17,2843.59,2820.92,2809.3,2849.03
2013-01-18,2833.0,2867.3,2820.25,2874.73
2013-01-21,2876.39,2886.81,2856.78,2887.05
2013-01-22,2885.42,2857.39,2837.15,2887.75
2013-01-23,2847.82,2866.98,2830.28,2871.28
2013-01-24,2865.97,2824.58,2803.92,2912.85
2013-01-25,2821.3,2815.89,2809.88,2834.96
2013-01-28,2819.16,2896.96,2819.16,2897.07
2013-01-29,2900.2,2923.65,2892.68,2931.92
2013-01-30,2925.87,2935.02,2905.87,2936.27
2013-01-31,2935.11,2926.96,2911.11,2939.11
2013-02-01,2918.23,2971.19,2913.42,2971.6
2013-02-04,2980.29,2965.34,2949.71,2991.46
2013-02-05,2946.31,2992.21,2943.74,2996.06
2013-02-06,2992.56,3002.05,2989.85,3012.52
2013-02-07,2998.35,2996.61,2962.5,3004.8
2013-02-08,2993.06,3021.59,2992.27,3037.1
2013-02-18,3034.94,3008.44,2996.22,3039.38
2013-02-19,3005.95,2954.18,2942.48,3011.08
2013-02-20,2952.98,2989.72,2942.97,2989.78
2013-02-21,2965.54,2906.31,2880.79,2965.54
2013-02-22,2902.08,2894.49,2889.15,2920.86
2013-02-25,2901.96,2913.19,2895.13,2924.71
2013-02-26,2897.19,2872.45,2870.2,2933.75
2013-02-27,2879.19,2890.58,2864.48,2913.5
2013-02-28,2904.12,2965.17,2889.19,2965.45
2013-03-01,2963.92,2978.12,2935.61,2979.71
2013-03-04,2935.86,2857.58,2838.68,2935.86
2013-03-05,2857.66,2934.54,2850.75,2934.81
2013-03-06,2944.77,2972.8,2936.67,2977.68
2013-03-07,2964.52,2938.91,2910.11,2977.88
2013-03-08,2940.63,2918.76,2913.89,2952.48
2013-03-11,2912.86,2909.62,2890.42,2927.38
2013-03-12,2907.78,2854.86,2823.55,2932.22
2013-03-13,2849.11,2826.4,2806.03,2851.92
2013-03-14,2817.63,2835.13,2815.06,2848.48
2013-03-15,2834.74,2840.83,2804.92,2893.92
2013-03-18,2828.47,2802.65,2800.17,2845.26
2013-03-19,2804.69,2819.67,2778.93,2819.99
2013-03-20,2820.52,2904.72,2819.84,2904.72
2013-03-21,2905.59,2921.36,2901.66,2932.02
2013-03-22,2918.05,2927.39,2908.58,2933.78
2013-03-25,2934.28,2923.44,2912.49,2945.91
2013-03-26,2912.27,2890.98,2864.65,2915.74
2013-03-27,2890.61,2899.8,2880.55,2925.7
2013-03-28,2860.96,2810.36,2807.97,2860.96
2013-03-29,2812.28,2807.68,2794.8,2823.34
2013-04-01,2801.66,2814.73,2799.68,2828.45
2013-04-02,2816.11,2793.55,2785.81,2844.44
2013-04-03,2798.46,2780.52,2770.04,2807.79
2013-04-08,2740.23,2778.87,2717.77,2779.33
2013-04-09,2781.68,2800.91,2781.68,2812.09
2013-04-10,2799.07,2794.06,2772.33,2807.1
2013-04-11,2806.92,2785.08,2783.55,2813.81
2013-04-12,2782.26,2765.45,2762.96,2795.87
2013-04-15,2756.38,2733.45,2725.95,2760.22
2013-04-16,2711.81,2759.7,2707.53,2760.43
2013-04-17,2758.21,2770.14,2743.23,2771.64
2013-04-18,2752.99,2777.63,2745.35,2788.55
2013-04-19,2781.02,2845.67,2780.97,2853.12
2013-04-22,2834.97,2851.75,2833.43,2852.05
2013-04-23,2852.07,2766.06,2764.37,2852.07
2013-04-24,2768.0,2820.86,2762.57,2831.52
2013-04-25,2812.21,2783.02,2781.4,2830.14
2013-04-26,2787.67,2747.91,2742.48,2797.19
2013-05-02,2735.54,2756.81,2725.96,2759.76
2013-05-03,2764.31,2807.88,2764.31,2828.66
2013-05-06,2816.73,2850.85,2816.73,2856.83
2013-05-07,2845.34,2856.48,2833.07,2864.7
2013-05-08,2865.45,2876.9,2856.49,2883.51
2013-05-09,2875.66,2869.45,2844.57,2878.04
2013-05-10,2862.12,2885.84,2856.72,2887.73
2013-05-13,2887.15,2885.67,2867.18,2891.98
2013-05-14,2880.99,2847.5,2831.34,2880.99
2013-05-15,2847.64,2873.6,2846.23,2873.6
2013-05-16,2868.51,2913.58,2855.95,2914.9
2013-05-17,2910.59,2956.85,2909.05,2962.21
2013-05-20,2962.76,2987.07,2955.49,2995.43
2013-05-21,2984.27,3007.96,2975.32,3007.96
2013-05-22,3005.03,2996.78,2982.22,3018.96
2013-05-23,2983.05,2965.26,2960.0,3010.66
2013-05-24,2970.63,2994.76,2961.27,2995.76
2013-05-27,2993.16,3009.88,2990.93,3014.51
2013-05-28,3010.07,3035.99,2981.55,3035.99
2013-05-29,3039.16,3044.28,3037.21,3055.54
2013-05-30,3034.42,3042.46,3026.95,3049.2
2013-05-31,3045.75,3017.23,3016.04,3053.48
2013-06-03,3015.32,3004.29,2997.07,3032.37
2013-06-04,3001.18,2953.44,2937.24,3001.18
2013-06-05,2951.43,2956.44,2934.47,2964.27
2013-06-06,2946.99,2913.96,2911.62,2950.81
2013-06-07,2913.46,2865.33,2853.58,2927.17
2013-06-13,2828.31,2777.61,2737.18,2828.31
2013-06-14,2782.11,2813.83,2781.42,2817.35
2013-06-17,2820.27,2810.44,2795.28,2829.94
2013-06-18,2816.54,2823.22,2790.73,2827.85
2013-06-19,2810.82,2805.03,2763.37,2810.82
2013-06-20,2788.95,2713.98,2712.87,2788.95
2013-06-21,2668.17,2704.65,2642.69,2720.26
2013-06-24,2696.26,2537.95,2523.47,2696.26
2013-06-25,2510.5,2530.91,2357.43,2537.07
2013-06-26,2533.92,2558.25,2503.26,2558.42
2013-06-27,2563.34,2534.05,2532.08,2597.32
2013-06-28,2519.03,2557.2,2500.84,2595.43
2013-07-01,2545.8,2590.97,2531.45,2591.28
2013-07-02,2590.36,2617.4,2578.04,2619.08
2013-07-03,2606.27,2607.74,2558.6,2613.69
2013-07-04,2590.7,2626.45,2577.37,2654.39
2013-07-05,2630.09,2620.47,2619.42,2656.89
2013-07-08,2582.61,2535.79,2534.36,2589.28
2013-07-09,2531.17,2543.03,2518.68,2549.38
2013-07-10,2543.02,2615.2,2539.06,2615.2
2013-07-11,2620.61,2710.37,2620.61,2734.5
2013-07-12,2704.57,2671.82,2670.45,2727.22
2013-07-15,2683.04,2719.19,2676.61,2734.08
2013-07-16,2716.1,2739.98,2696.23,2739.98
2013-07-17,2733.31,2700.01,2694.41,2750.49
2013-07-18,2690.0,2675.37,2660.53,2701.7
2013-07-19,2676.55,2613.58,2612.95,2693.04
2013-07-22,2593.09,2645.86,2581.67,2646.52
2013-07-23,2654.72,2716.08,2653.34,2720.03
2013-07-24,2705.57,2715.14,2672.48,2722.86
2013-07-25,2718.36,2681.4,2672.89,2729.66
2013-07-26,2670.06,2672.79,2646.11,2688.31
2013-07-29,2655.27,2619.84,2613.66,2655.27
2013-07-30,2624.74,2623.5,2584.15,2651.75
2013-07-31,2641.48,2632.49,2624.27,2664.63
2013-08-01,2642.39,2701.69,2638.68,2701.69
2013-08-02,2717.8,2707.5,2704.22,2734.38
2013-08-05,2708.81,2747.29,2705.85,2747.29
2013-08-06,2741.49,2770.21,2730.01,2777.73
2013-08-07,2767.73,2747.08,2742.39,2783.03
2013-08-08,2741.9,2749.01,2733.54,2768.56
2013-08-09,2758.05,2757.32,2723.41,2774.68
2013-08-12,2766.62,2815.57,2764.64,2815.57
2013-08-13,2815.78,2828.36,2807.63,2828.4
2013-08-14,2830.87,2819.04,2808.36,2847.08
2013-08-15,2816.83,2786.79,2785.12,2828.97
2013-08-16,2774.73,2747.39,2746.18,2858.74
2013-08-19,2728.23,2789.96,2725.62,2792.73
2013-08-20,2785.3,2778.13,2766.53,2813.45
2013-08-21,2782.11,2784.15,2757.37,2785.71
2013-08-22,2778.41,2785.15,2773.56,2802.75
2013-08-23,2795.04,2773.28,2727.22,2801.34
2013-08-26,2778.92,2831.0,2775.42,2831.39
2013-08-27,2828.98,2845.87,2820.7,2845.87
2013-08-28,2828.3,2825.69,2807.92,2849.27
2013-08-29,2832.24,2819.86,2805.02,2837.69
2013-08-30,2818.15,2799.24,2786.91,2836.61
2013-09-02,2804.23,2812.89,2777.85,2819.63
2013-09-03,2815.95,2855.01,2811.24,2855.34
2013-09-04,2854.14,2855.86,2845.23,2865.52
2013-09-05,2854.02,2855.1,2844.05,2863.19
2013-09-06,2850.4,2876.2,2849.45,2879.85
2013-09-09,2888.89,2939.44,2885.74,2943.42
2013-09-10,2944.08,2971.76,2936.05,2972.02
2013-09-11,2978.15,2961.37,2947.49,2989.4
2013-09-12,2955.41,2979.32,2949.04,2993.05
2013-09-13,2975.48,2972.44,2957.64,2985.2
2013-09-16,2981.21,2972.23,2960.5,2989.85
2013-09-17,2973.26,2917.22,2916.54,2973.7
2013-09-18,2914.6,2933.5,2902.39,2935.36
2013-09-23,2942.03,2987.09,2942.03,2987.4
2013-09-24,2985.68,2972.43,2941.84,2985.68
2013-09-25,2969.22,2956.96,2950.83,2984.52
2013-09-26,2949.27,2902.39,2900.81,2950.01
2013-09-27,2899.76,2913.18,2898.58,2922.56
2013-09-30,2924.14,2942.85,2923.73,2942.9
2013-10-08,2942.38,2987.54,2931.07,2990.09
2013-10-09,2978.95,3013.55,2970.01,3013.75
2013-10-10,3017.34,2987.01,2979.02,3017.56
2013-10-11,2999.45,3033.06,2999.45,3034.03
2013-10-14,3037.31,3051.61,3029.17,3057.67
2013-10-15,3054.81,3048.28,3026.03,3058.7
2013-10-16,3039.0,2976.25,2961.8,3039.0
2013-10-17,2988.88,2969.99,2962.26,3004.81
2013-10-18,2970.22,2986.39,2964.26,2994.59
2013-10-21,2993.38,3051.97,2987.75,3051.98
2013-10-22,3051.11,3019.58,3011.86,3056.11
2013-10-23,3021.24,2965.48,2954.0,3035.64
2013-10-24,2957.47,2944.28,2938.39,2970.28
2013-10-25,2944.94,2897.5,2879.92,2957.87
2013-10-28,2898.83,2893.3,2876.04,2904.35
2013-10-29,2893.37,2860.94,2798.75,2924.17
2013-10-30,2856.82,2905.02,2851.97,2905.32
2013-10-31,2896.2,2865.65,2862.77,2896.2
2013-11-01,2859.45,2866.14,2839.14,2878.94
2013-11-04,2873.45,2871.91,2864.92,2888.31
2013-11-05,2860.14,2893.99,2834.81,2894.1
2013-11-06,2882.93,2862.25,2861.86,2904.21
2013-11-07,2855.37,2835.46,2825.23,2862.4
2013-11-08,2822.26,2795.87,2792.03,2833.36
2013-11-11,2792.54,2808.51,2776.96,2819.07
2013-11-12,2810.12,2836.47,2804.97,2837.56
2013-11-13,2824.71,2779.23,2779.02,2824.75
2013-11-14,2777.59,2809.2,2761.37,2809.81
2013-11-15,2810.87,2865.33,2810.87,2891.69
2013-11-18,2883.55,2946.82,2878.47,2946.85
2013-11-19,2947.67,2941.95,2928.91,2953.07
2013-11-20,2953.4,2962.5,2933.5,2962.57
2013-11-21,2949.95,2949.04,2922.67,2954.77
2013-11-22,2952.49,2935.14,2928.55,2958.19
2013-11-25,2924.61,2929.89,2917.78,2959.33
2013-11-26,2927.94,2933.35,2920.02,2942.75
2013-11-27,2931.55,2968.9,2929.18,2972.06
2013-11-28,2973.78,2995.76,2972.67,3016.51
2013-11-29,2998.02,3008.75,2992.8,3010.73
2013-12-02,2961.82,2918.94,2895.65,2998.76
2013-12-03,2901.39,2960.49,2897.35,2965.26
2013-12-04,2956.3,3000.6,2952.24,3020.09
2013-12-05,3000.21,2991.01,2981.6,3007.59
2013-12-06,2985.06,2977.32,2967.82,2995.36
2013-12-09,2985.32,2991.35,2979.27,2997.05
2013-12-10,2995.94,2993.85,2980.95,3006.98
2013-12-11,2982.43,2955.24,2937.08,2982.43
2013-12-12,2949.29,2962.43,2949.01,2978.41
2013-12-13,2943.57,2964.94,2937.28,2973.76
2013-12-16,2967.16,2920.04,2916.97,2970.49
2013-12-17,2919.67,2903.89,2894.81,2925.59
2013-12-18,2904.23,2902.26,2893.53,2917.35
2013-12-19,2909.61,2874.12,2872.87,2919.64
2013-12-20,2875.09,2823.69,2818.63,2882.97
2013-12-23,2826.35,2823.99,2789.33,2835.85
2013-12-24,2829.13,2838.26,2814.99,2863.14
2013-12-25,2840.54,2868.54,2831.12,2868.54
2013-12-26,2865.36,2819.03,2818.05,2866.51
2013-12-27,2818.9,2866.68,2817.24,2876.71
2013-12-30,2878.29,2871.45,2864.24,2883.69
2013-12-31,2861.11,2893.21,2855.66,2894.54
2014-01-02,2887.01,2900.63,2878.86,2900.91
2014-01-03,2891.71,2874.32,2862.22,2895.09
2014-01-06,2868.36,2803.29,2798.03,2868.36
2014-01-07,2787.42,2814.1,2781.72,2818.93
2014-01-08,2817.66,2825.83,2809.62,2846.58
2014-01-09,2820.81,2793.5,2792.66,2845.43
2014-01-10,2785.34,2758.99,2752.45,2792.84
2014-01-13,2759.69,2748.42,2734.15,2779.85
2014-01-14,2747.78,2788.85,2739.11,2789.06
2014-01-15,2786.32,2797.39,2776.97,2797.83
2014-01-16,2797.93,2798.91,2790.83,2816.67
2014-01-17,2790.53,2764.64,2762.7,2792.6
2014-01-20,2760.02,2746.05,2733.12,2770.57
2014-01-21,2746.91,2781.52,2746.91,2782.69
2014-01-22,2784.64,2849.94,2783.85,2850.18
2014-01-23,2849.11,2854.23,2845.21,2866.71
2014-01-24,2847.58,2882.48,2843.88,2890.31
2014-01-27,2868.39,2860.21,2850.66,2882.47
2014-01-28,2863.21,2859.09,2838.65,2878.57
2014-01-29,2864.02,2879.79,2861.89,2882.22
2014-01-30,2874.51,2856.84,2851.54,2874.51
2014-02-07,2839.61,2890.7,2830.91,2890.7
2014-02-10,2900.65,2965.07,2900.65,2966.33
2014-02-11,2966.37,2977.54,2946.29,2988.62
2014-02-12,2978.63,2999.06,2966.21,2999.4
2014-02-13,2995.92,2964.7,2964.68,3008.95
2014-02-14,2963.32,3002.93,2959.71,3003.12
2014-02-17,3017.28,3044.69,3010.33,3044.7
2014-02-18,3044.53,3024.97,3014.24,3044.53
2014-02-19,3022.79,3042.6,3009.01,3054.89
2014-02-20,3047.39,3005.35,3003.45,3057.48
2014-02-21,3000.58,2984.67,2961.52,3007.95
2014-02-24,2967.91,2955.74,2917.03,2967.91
2014-02-25,2958.19,2860.97,2847.92,2975.54
2014-02-26,2844.91,2873.72,2816.12,2874.03
2014-02-27,2880.35,2846.49,2843.19,2909.02
2014-02-28,2840.05,2877.26,2811.49,2877.7
2014-03-03,2873.64,2915.71,2867.47,2915.71
2014-03-04,2906.11,2912.23,2880.01,2916.35
2014-03-05,2917.48,2895.41,2890.47,2919.91
2014-03-06,2889.76,2901.32,2855.84,2909.18
2014-03-07,2898.71,2893.16,2881.17,2918.94
2014-03-10,2869.88,2792.69,2788.85,2869.88
2014-03-11,2784.55,2797.95,2772.78,2813.75
2014-03-12,2790.5,2799.26,2761.23,2821.66
2014-03-13,2802.21,2834.67,2799.92,2837.17
2014-03-14,2821.99,2819.06,2799.63,2837.63
2014-03-17,2825.93,2863.74,2818.03,2863.76
2014-03-18,2867.03,2869.03,2863.43,2885.71
2014-03-19,2861.31,2856.79,2829.31,2861.31
2014-03-20,2850.77,2795.26,2795.26,2870.69
2014-03-21,2782.65,2866.0,2770.37,2869.68
2014-03-24,2867.7,2884.39,2856.61,2894.89
2014-03-25,2877.44,2883.67,2868.34,2899.64
2014-03-26,2889.54,2887.8,2878.5,2896.92
2014-03-27,2883.67,2851.41,2851.41,2891.99
2014-03-28,2846.43,2815.04,2806.71,2859.43
2014-03-31,2815.63,2801.24,2785.23,2824.22
2014-04-01,2797.68,2834.97,2795.87,2835.21
2014-04-02,2837.22,2841.92,2830.36,2849.02
2014-04-03,2847.05,2831.17,2822.44,2856.01
2014-04-04,2823.87,2860.84,2819.41,2861.2
2014-04-08,2851.27,2906.99,2847.91,2909.31
2014-04-09,2910.19,2922.67,2906.96,2925.36
2014-04-10,2925.99,2951.85,2917.02,2967.53
2014-04-11,2942.68,2943.27,2928.67,2953.0
2014-04-14,2941.17,2952.68,2932.97,2953.54
2014-04-15,2947.62,2918.78,2913.96,2947.62
2014-04-16,2911.32,2921.63,2904.4,2929.56
2014-04-17,2926.87,2916.66,2913.99,2931.87
2014-04-18,2907.74,2922.43,2896.96,2923.01
2014-04-21,2904.24,2876.06,2875.69,2929.07
2014-04-22,2870.86,2871.33,2830.47,2885.2
2014-04-23,2865.76,2864.56,2854.04,2881.34
2014-04-24,2861.4,2848.01,2844.8,2874.13
2014-04-25,2849.61,2803.59,2803.32,2854.54
2014-04-28,2795.92,2737.39,2734.82,2796.01
2014-04-29,2733.64,2770.01,2733.03,2770.08
2014-04-30,2769.1,2782.73,2764.73,2786.59
2014-05-05,2776.95,2795.58,2760.92,2796.73
2014-05-06,2791.27,2805.43,2789.26,2820.47
2014-05-07,2797.58,2768.45,2768.05,2797.58
2014-05-08,2760.92,2768.01,2756.86,2804.92
2014-05-09,2768.53,2752.85,2734.41,2770.67
2014-05-12,2771.02,2814.11,2761.0,2815.31
2014-05-13,2812.89,2809.57,2799.47,2821.24
2014-05-14,2808.51,2807.94,2801.68,2819.05
2014-05-15,2803.7,2763.5,2761.65,2805.64
2014-05-16,2759.84,2760.31,2735.87,2765.8
2014-05-19,2754.18,2734.65,2718.36,2754.18
2014-05-20,2746.57,2740.79,2734.61,2762.4
2014-05-21,2732.22,2765.51,2715.38,2765.51
2014-05-22,2764.91,2763.34,2761.68,2796.39
2014-05-23,2761.89,2789.86,2758.96,2789.86
2014-05-26,2802.06,2812.25,2799.38,2812.6
2014-05-27,2810.57,2801.61,2799.43,2816.16
2014-05-28,2801.49,2833.39,2796.65,2834.58
2014-05-29,2834.34,2807.8,2807.72,2841.78
2014-05-30,2806.91,2812.16,2793.02,2822.21
2014-06-03,2813.42,2805.94,2805.61,2826.14
2014-06-04,2803.99,2781.95,2763.15,2804.05
2014-06-05,2778.76,2814.33,2775.86,2814.58
2014-06-06,2813.54,2800.26,2785.95,2815.24
2014-06-09,2793.05,2791.17,2789.39,2815.69
2014-06-10,2794.71,2826.07,2784.73,2826.11
2014-06-11,2821.62,2834.22,2818.4,2836.26
2014-06-12,2828.89,2827.94,2819.34,2836.93
2014-06-13,2824.61,2858.13,2823.73,2862.49
2014-06-16,2859.41,2877.47,2859.11,2880.38
2014-06-17,2871.64,2850.28,2848.95,2871.64
2014-06-18,2849.1,2834.03,2832.94,2852.73
2014-06-19,2833.11,2773.13,2761.37,2839.21
2014-06-20,2770.32,2793.45,2767.32,2793.51
2014-06-23,2795.44,2806.46,2795.44,2816.07
2014-06-24,2804.61,2823.21,2804.08,2823.37
2014-06-25,2820.02,2809.01,2798.82,2820.02
2014-06-26,2809.97,2839.68,2809.82,2842.01
2014-06-27,2837.99,2851.29,2831.08,2863.27
2014-06-30,2854.28,2875.34,2853.21,2875.74
2014-07-01,2879.44,2884.27,2870.11,2884.48
2014-07-02,2884.04,2897.54,2872.35,2897.98
2014-07-03,2896.05,2914.8,2889.71,2920.45
2014-07-04,2914.74,2911.08,2904.73,2918.48
2014-07-07,2910.99,2909.62,2897.16,2919.85
2014-07-08,2907.46,2923.69,2889.23,2923.97
2014-07-09,2919.83,2880.61,2880.09,2924.84
2014-07-10,2877.93,2876.9,2872.58,2891.24
2014-07-11,2871.54,2892.87,2869.95,2899.32
2014-07-14,2895.3,2927.8,2891.42,2927.8
2014-07-15,2926.02,2925.13,2908.72,2930.87
2014-07-16,2921.75,2907.06,2898.6,2932.47
2014-07-17,2901.95,2890.52,2874.21,2901.95
2014-07-18,2879.72,2897.0,2876.68,2912.35
2014-07-21,2895.91,2894.52,2883.09,2903.37
2014-07-22,2890.09,2931.31,2889.79,2933.68
2014-07-23,2930.59,2919.56,2908.91,2943.63
2014-07-24,2919.04,2938.45,2907.21,2942.09
2014-07-25,2941.49,2967.13,2938.73,2967.13
2014-07-28,2979.45,3035.29,2979.45,3036.49
2014-07-29,3038.42,3057.03,3029.41,3067.96
2014-07-30,3050.47,3058.97,3043.69,3065.87
2014-07-31,3058.21,3089.05,3052.81,3089.15
2014-08-01,3078.89,3058.65,3057.1,3106.62
2014-08-04,3064.62,3111.22,3062.89,3111.22
2014-08-05,3113.2,3118.93,3093.21,3119.19
2014-08-06,3108.27,3122.62,3087.57,3130.33
2014-08-07,3122.25,3086.34,3084.92,3132.69
2014-08-08,3088.35,3100.81,3083.88,3108.38
2014-08-11,3107.74,3146.77,3107.74,3146.91
2014-08-12,3144.51,3150.05,3132.37,3150.26
2014-08-13,3150.39,3151.46,3116.34,3161.17
2014-08-14,3149.1,3129.17,3126.75,3164.71
2014-08-15,3130.38,3162.78,3125.21,3167.03
2014-08-18,3169.73,3196.87,3169.73,3196.87
2014-08-19,3202.43,3203.57,3181.5,3208.56
2014-08-20,3201.38,3197.24,3188.4,3211.62
2014-08-21,3197.98,3192.98,3159.21,3199.9
2014-08-22,3191.13,3212.5,3188.02,3216.08
2014-08-25,3213.65,3186.19,3178.56,3213.98
2014-08-26,3180.44,3143.27,3132.87,3191.68
2014-08-27,3141.41,3153.17,3141.41,3162.27
2014-08-28,3154.1,3128.23,3122.9,3162.48
2014-08-29,3130.38,3163.42,3126.05,3163.47
2014-09-01,3167.33,3204.56,3167.12,3204.65
2014-09-02,3211.78,3249.98,3205.92,3249.98
2014-09-03,3255.11,3277.32,3255.04,3280.85
2014-09-04,3280.39,3304.76,3270.94,3304.76
2014-09-05,3311.38,3326.79,3299.11,3327.33
2014-09-09,3330.76,3336.28,3309.67,3339.33
2014-09-10,3325.23,3337.43,3310.12,3341.44
2014-09-11,3336.05,3330.68,3314.72,3376.96
2014-09-12,3326.12,3361.66,3319.72,3361.66
2014-09-15,3359.11,3379.95,3349.35,3381.74
2014-09-16,3382.96,3289.85,3287.99,3387.26
2014-09-17,3294.43,3311.88,3266.78,3312.28
2014-09-18,3306.82,3329.81,3298.85,3332.27
2014-09-19,3330.95,3358.1,3323.06,3361.33
2014-09-22,3352.29,3308.43,3300.75,3352.29
2014-09-23,3308.47,3345.85,3308.4,3346.37
2014-09-24,3338.23,3396.85,3331.25,3397.44
2014-09-25,3409.0,3394.84,3384.08,3427.73
2014-09-26,3387.68,3403.22,3376.05,3404.14
2014-09-29,3413.26,3428.75,3411.42,3430.21
2014-09-30,3434.79,3444.72,3425.93,3447.76
2014-10-08,3456.95,3489.71,3438.89,3489.71
2014-10-09,3493.71,3499.16,3459.3,3504.71
2014-10-10,3487.59,3482.06,3465.02,3500.81
2014-10-13,3469.41,3474.64,3430.0,3474.91
2014-10-14,3469.85,3464.74,3446.51,3496.13
2014-10-15,3462.88,3483.46,3437.28,3483.75
2014-10-16,3464.32,3442.78,3442.78,3501.61
2014-10-17,3437.22,3419.32,3365.74,3451.96
2014-10-20,3426.85,3454.64,3422.27,3454.64
2014-10-21,3453.29,3425.04,3422.82,3462.51
2014-10-22,3425.15,3393.29,3391.43,3441.74
2014-10-23,3386.28,3348.92,3338.95,3398.39
2014-10-24,3350.26,3350.71,3340.66,3370.65
2014-10-27,3337.39,3351.84,3318.64,3352.83
2014-10-28,3358.67,3429.54,3358.67,3429.62
2014-10-29,3439.4,3477.86,3431.97,3489.18
2014-10-30,3477.16,3489.96,3468.48,3498.93
2014-10-31,3494.7,3510.72,3470.55,3512.22
2014-11-03,3517.9,3533.41,3513.57,3538.25
2014-11-04,3532.14,3523.3,3508.77,3538.93
2014-11-05,3524.35,3515.16,3503.04,3528.56
2014-11-06,3514.95,3531.79,3491.16,3531.94
2014-11-07,3535.47,3511.74,3496.51,3563.74
2014-11-10,3532.91,3566.4,3516.7,3566.4
2014-11-11,3577.07,3499.26,3468.61,3586.47
2014-11-12,3485.2,3552.15,3477.79,3552.15
2014-11-13,3553.32,3519.25,3500.59,3559.14
2014-11-14,3505.29,3514.63,3486.35,3517.21
2014-11-17,3539.46,3528.76,3504.86,3555.65
2014-11-18,3525.6,3519.92,3507.47,3536.61
2014-11-19,3517.77,3529.7,3514.68,3542.67
2014-11-20,3519.4,3526.77,3511.66,3534.41
2014-11-21,3526.68,3575.87,3525.84,3576.23
2014-11-24,3612.7,3641.0,3597.3,3657.75
2014-11-25,3642.82,3694.15,3636.61,3694.15
2014-11-26,3703.17,3730.46,3693.01,3730.73
2014-11-27,3744.36,3765.2,3724.67,3765.2
2014-11-28,3765.01,3801.61,3747.31,3801.68
2014-12-01,3812.67,3789.73,3772.88,3827.84
2014-12-02,3779.1,3879.9,3775.99,3892.88
2014-12-03,3890.63,3928.62,3860.05,3947.54
2014-12-04,3935.34,4051.31,3930.08,4051.75
2014-12-05,4080.58,4018.93,3897.07,4092.41
2014-12-08,4000.43,4115.81,3964.62,4131.52
2014-12-09,4095.75,3935.37,3911.17,4204.73
2014-12-10,3937.74,4074.05,3897.3,4078.06
2014-12-11,4047.66,4078.68,4030.36,4120.01
2014-12-12,4080.39,4105.88,4072.85,4122.59
2014-12-15,4091.0,4153.42,4072.8,4160.42
2014-12-16,4157.18,4210.72,4144.0,4210.72
2014-12-17,4220.91,4225.94,4150.0,4235.5
2014-12-18,4221.19,4212.88,4196.69,4252.65
2014-12-19,4209.51,4217.02,4119.4,4221.76
2014-12-22,4221.0,4136.18,4104.39,4222.86
2014-12-23,4101.31,4055.34,4048.34,4159.29
2014-12-24,4066.31,4027.01,3982.43,4083.65
2014-12-25,4047.34,4125.63,4026.75,4126.02
2014-12-26,4131.61,4210.81,4123.72,4214.86
2014-12-29,4248.4,4186.36,4143.83,4253.18
2014-12-30,4178.88,4152.93,4128.92,4197.2
2014-12-31,4155.73,4219.0,4149.04,4222.19
2015-01-05,4243.09,4310.69,4218.6,4330.56
2015-01-06,4280.13,4338.93,4255.39,4348.27
2015-01-07,4322.46,4341.89,4299.12,4355.4
2015-01-08,4344.2,4277.76,4263.7,4351.56
2015-01-09,4264.04,4257.06,4253.51,4375.97
2015-01-12,4238.44,4209.38,4167.46,4254.43
2015-01-13,4204.24,4236.69,4202.85,4252.94
2015-01-14,4242.15,4220.66,4191.83,4260.34
2015-01-15,4219.93,4304.69,4211.03,4304.69
2015-01-16,4315.2,4349.65,4308.69,4365.77
2015-01-19,4158.21,4102.1,4064.53,4244.65
2015-01-20,4096.62,4196.97,4096.62,4197.63
2015-01-21,4218.97,4342.22,4215.3,4347.11
2015-01-22,4345.71,4385.06,4327.68,4390.16
2015-01-23,4397.3,4368.62,4347.06,4421.36
2015-01-26,4376.61,4435.87,4370.45,4436.85
2015-01-27,4443.05,4425.6,4350.41,4451.14
2015-01-28,4402.65,4383.22,4370.17,4437.59
2015-01-29,4335.37,4342.75,4315.31,4368.13
2015-01-30,4354.43,4287.84,4287.78,4372.58
2015-02-02,4218.59,4227.98,4203.9,4274.21
2015-02-03,4255.15,4317.46,4244.74,4318.58
2015-02-04,4326.77,4290.96,4288.92,4354.01
2015-02-05,4362.56,4261.62,4261.62,4363.66
2015-02-06,4246.73,4184.68,4160.42,4259.06
2015-02-09,4175.8,4192.66,4168.54,4220.65
2015-02-10,4190.52,4257.97,4186.52,4258.28
2015-02-11,4266.48,4300.68,4265.13,4307.68
2015-02-12,4303.29,4323.56,4285.81,4331.15
2015-02-13,4343.35,4376.23,4343.35,4405.3
2015-02-16,4384.13,4436.61,4383.46,4437.58
2015-02-17,4451.68,4468.3,4451.08,4476.74
2015-02-25,4478.62,4436.94,4421.31,4478.62
2015-02-26,4432.06,4512.46,4422.45,4514.12
2015-02-27,4512.46,4540.14,4509.32,4549.66
2015-03-02,4574.93,4607.95,4547.2,4608.11
2015-03-03,4589.02,4537.47,4534.21,4598.5
2015-03-04,4540.6,4589.9,4536.88,4590.23
2015-03-05,4580.06,4575.79,4546.28,4586.35
2015-03-06,4580.14,4535.46,4530.54,4593.33
2015-03-09,4508.98,4605.0,4480.8,4606.42
2015-03-10,4597.77,4624.65,4593.07,4649.96
2015-03-11,4628.55,4625.73,4610.88,4655.94
2015-03-12,4649.26,4661.81,4636.41,4664.26
2015-03-13,4674.08,4710.85,4673.97,4711.14
2015-03-16,4741.94,4841.61,4734.42,4841.61
2015-03-17,4872.13,4908.65,4851.14,4919.02
2015-03-18,4917.84,5012.04,4909.14,5012.06
2015-03-19,5016.05,5027.45,4979.34,5034.69
2015-03-20,5037.04,5089.96,5027.66,5097.51
2015-03-23,5123.68,5208.89,5123.68,5209.12
2015-03-24,5223.73,5231.42,5077.38,5238.99
2015-03-25,5225.61,5241.52,5193.83,5275.58
2015-03-26,5217.51,5212.77,5166.46,5278.03
2015-03-27,5213.55,5256.35,5195.74,5270.22
2015-03-30,5279.64,5350.51,5279.64,5362.05
2015-03-31,5392.41,5335.49,5321.02,5408.91
2015-04-01,5340.98,5448.17,5337.01,5459.5
2015-04-02,5479.64,5509.21,5429.94,5509.47
2015-04-03,5485.5,5590.94,5465.77,5590.95
2015-04-07,5634.75,5711.52,5629.41,5711.9
2015-04-08,5734.9,5706.1,5591.37,5743.28
2015-04-09,5720.62,5660.24,5526.25,5721.47
2015-04-10,5640.91,5787.21,5613.88,5794.29
2015-04-13,5834.96,5901.75,5805.79,5915.08
2015-04-14,5912.49,5915.94,5854.55,5966.35
2015-04-15,5907.72,5764.91,5761.52,5908.62
2015-04-16,5711.43,5885.23,5670.33,5911.27
2015-04-17,5950.61,5958.14,5915.37,5993.94
2015-04-20,5964.04,5852.96,5823.12,6023.32
2015-04-21,5855.95,6023.42,5851.84,6023.45
2015-04-22,6059.88,6188.01,6059.88,6188.91
2015-04-23,6219.51,6224.56,6152.63,6266.53
2015-04-24,6152.29,6205.16,6092.32,6229.89
2015-04-27,6265.77,6300.93,6222.48,6325.65
2015-04-28,6308.11,6167.86,6112.33,6312.67
2015-04-29,6147.27,6257.59,6118.84,6275.12
2015-04-30,6278.27,6258.61,6258.5,6333.42
2015-05-04,6270.57,6307.57,6197.55,6316.5
2015-05-05,6305.52,6086.06,6054.75,6305.84
2015-05-06,6112.61,6028.22,5978.91,6218.8
2015-05-07,5993.22,5912.67,5906.36,6020.87
2015-05-08,5973.49,6094.72,5942.44,6095.28
2015-05-11,6149.59,6324.11,6104.44,6324.47
2015-05-12,6347.78,6440.47,6312.8,6441.02
2015-05-13,6425.06,6450.72,6375.74,6509.21
2015-05-14,6455.59,6453.7,6399.5,6489.57
2015-05-15,6435.81,6384.32,6316.47,6448.34
2015-05-18,6359.58,6435.07,6342.71,6472.34
2015-05-19,6453.78,6623.79,6453.78,6629.01
2015-05-20,6659.26,6715.71,6659.26,6825.42
2015-05-21,6746.53,6903.76,6736.54,6904.41
2015-05-22,6997.62,7026.53,6888.31,7034.45
2015-05-25,6989.3,7202.85,6965.41,7203.36
2015-05-26,7255.98,7409.93,7196.54,7410.27
2015-05-27,7443.12,7451.34,7294.83,7481.77
2015-05-28,7451.54,6993.6,6990.27,7528.69
2015-05-29,6984.65,7047.31,6708.68,7168.1
2015-06-01,7098.98,7402.48,7086.05,7402.93
2015-06-02,7451.6,7624.02,7408.8,7624.8
2015-06-03,7665.33,7643.01,7468.33,7691.43
2015-06-04,7650.89,7655.22,7189.76,7679.39
2015-06-05,7763.04,7748.37,7576.57,7823.48
2015-06-08,7766.5,7755.74,7610.08,7778.89
2015-06-09,7756.0,7731.52,7629.38,7796.61
2015-06-10,7667.53,7813.59,7600.2,7897.11
2015-06-11,7814.78,7891.57,7767.81,7892.24
2015-06-12,7927.39,7984.43,7897.0,8017.38
2015-06-15,8012.07,7830.24,7811.42,8018.94
2015-06-16,7740.05,7549.98,7480.39,7748.18
2015-06-17,7545.87,7686.79,7334.11,7709.65
2015-06-18,7662.7,7411.9,7404.79,7702.75
2015-06-19,7252.27,6943.04,6939.9,7331.23
2015-06-23,6927.05,7048.74,6572.39,7049.03
2015-06-24,7102.39,7195.78,6989.82,7196.05
2015-06-25,7224.9,6932.39,6855.78,7237.39
2015-06-26,6711.65,6377.07,6331.78,6746.02
2015-06-29,6513.03,6044.15,5874.54,6519.88
2015-06-30,5927.89,6374.83,5693.21,6379.31
2015-07-01,6294.82,6038.69,6019.18,6482.67
2015-07-02,6033.6,5725.83,5638.61,6064.56
2015-07-03,5535.23,5390.68,5294.28,5780.63
2015-07-06,5789.07,5353.86,5175.2,5789.07
2015-07-07,5171.22,5145.51,5022.71,5230.36
2015-07-08,4859.06,4900.42,4832.77,4968.29
2015-07-09,4829.34,5144.13,4789.57,5166.03
2015-07-10,5211.38,5386.22,5188.12,5434.99
2015-07-13,5505.61,5598.64,5448.41,5643.35
2015-07-14,5649.47,5610.2,5549.79,5770.79
2015-07-15,5592.37,5375.38,5324.39,5614.12
2015-07-16,5293.44,5437.81,5168.3,5540.95
2015-07-17,5471.02,5691.55,5460.79,5733.79
2015-07-20,5718.52,5768.49,5658.37,5846.09
2015-07-21,5704.65,5830.52,5656.36,5876.19
2015-07-22,5821.59,5869.74,5739.41,5892.75
2015-07-23,5876.39,6026.95,5855.04,6044.36
2015-07-24,6038.91,5940.26,5897.02,6121.44
2015-07-27,5822.25,5478.87,5476.94,5956.15
2015-07-28,5243.97,5375.72,5150.57,5543.41
2015-07-29,5438.96,5590.31,5280.03,5591.85
2015-07-30,5566.2,5433.39,5412.87,5671.85
2015-07-31,5359.03,5380.01,5314.0,5485.03
2015-08-03,5302.48,5270.29,5178.12,5353.51
2015-08-04,5269.3,5507.63,5250.39,5507.72
2015-08-05,5502.36,5433.98,5398.5,5568.0
2015-08-06,5325.87,5400.55,5310.25,5470.49
2015-08-07,5451.42,5547.11,5443.84,5555.91
2015-08-10,5609.37,5811.7,5592.02,5838.96
2015-08-11,5816.04,5822.53,5776.74,5893.69
2015-08-12,5762.85,5748.5,5747.14,5850.97
2015-08-13,5726.11,5871.15,5681.57,5871.54
2015-08-14,5911.72,5898.59,5860.81,5960.02
2015-08-17,5878.68,5963.36,5828.9,5965.4
2015-08-18,5973.56,5561.44,5547.49,5984.87
2015-08-19,5400.27,5674.28,5279.7,5702.88
2015-08-20,5616.97,5490.65,5490.65,5691.62
2015-08-21,5397.41,5215.02,5199.24,5465.01
2015-08-24,4994.26,4788.04,4781.26,5017.41
2015-08-25,4463.34,4442.48,4423.78,4607.51
2015-08-26,4444.94,4334.14,4257.86,4611.55
2015-08-27,4415.82,4530.14,4282.04,4531.39
2015-08-28,4592.71,4764.94,4563.53,4770.0
2015-08-31,4724.86,4684.96,4590.2,4724.86
2015-09-01,4608.46,4529.78,4425.97,4608.46
2015-09-02,4325.37,4466.57,4317.28,4589.5
2015-09-07,4484.15,4421.33,4394.09,4598.49
2015-09-08,4386.45,4575.43,4333.48,4582.81
2015-09-09,4599.05,4701.48,4581.77,4731.52
2015-09-10,4627.71,4637.7,4609.95,4710.37
2015-09-11,4626.67,4657.69,4595.66,4689.82
2015-09-14,4685.4,4450.35,4379.27,4696.7
2015-09-15,4334.63,4245.27,4227.99,4401.95
2015-09-16,4248.88,4490.13,4233.03,4521.19
2015-09-17,4472.7,4407.81,4407.81,4589.46
2015-09-18,4434.21,4449.18,4392.67,4477.2
2015-09-21,4400.64,4570.03,4385.99,4573.52
2015-09-22,4577.65,4604.73,4556.81,4652.1
2015-09-23,4530.51,4533.3,4499.82,4591.79
2015-09-24,4551.96,4581.45,4528.27,4595.91
2015-09-25,4560.82,4463.49,4428.44,4588.7
2015-09-28,4461.4,4521.85,4401.88,4523.71
2015-09-29,4451.05,4440.56,4410.86,4490.43
2015-09-30,4462.0,4460.1,4426.41,4488.28
2015-10-08,4610.88,4615.69,4578.3,4655.81
2015-10-09,4617.3,4681.41,4605.93,4698.9
2015-10-12,4702.2,4852.99,4698.98,4899.9
2015-10-13,4816.52,4886.24,4802.78,4896.84
2015-10-14,4865.36,4829.1,4821.46,4907.03
2015-10-15,4813.27,4962.58,4813.06,4962.72
2015-10-16,4995.11,5036.52,4944.69,5040.12
2015-10-19,5053.71,5036.66,4977.96,5084.63
2015-10-20,5026.78,5114.45,5005.08,5114.45
2015-10-21,5115.55,4875.25,4830.08,5137.62
2015-10-22,4857.92,5009.16,4850.07,5015.59
2015-10-23,5038.22,5118.84,5017.55,5137.15
2015-10-26,5179.94,5151.29,5095.01,5193.79
2015-10-27,5113.87,5174.62,4971.61,5194.16
2015-10-28,5143.39,5065.55,5048.59,5195.34
2015-10-29,5094.3,5096.52,5037.45,5144.2
2015-10-30,5087.12,5090.64,5023.3,5153.8
2015-11-02,4999.05,4989.7,4981.72,5114.81
2015-11-03,5001.46,4978.49,4948.39,5031.9
2015-11-04,4999.04,5221.36,4999.04,5221.36
2015-11-05,5227.66,5274.37,5222.01,5345.91
2015-11-06,5271.78,5401.92,5270.92,5410.4
2015-11-09,5388.92,5481.53,5375.89,5517.94
2015-11-10,5447.24,5498.48,5433.37,5534.16
2015-11-11,5498.06,5551.08,5467.58,5556.44
2015-11-12,5567.67,5533.36,5475.64,5574.82
2015-11-13,5475.37,5445.36,5398.22,5520.33
2015-11-16,5349.13,5526.14,5344.58,5526.62
2015-11-17,5573.91,5497.87,5486.37,5626.6
2015-11-18,5501.22,5419.63,5405.91,5527.93
2015-11-19,5434.81,5542.24,5425.02,5542.65
2015-11-20,5555.43,5592.71,5540.1,5613.65
2015-11-23,5596.92,5555.0,5535.55,5642.68
2015-11-24,5546.48,5587.51,5483.06,5587.88
2015-11-25,5585.43,5668.74,5578.73,5669.07
2015-11-26,5692.13,5636.34,5627.65,5703.26
2015-11-27,5606.26,5306.07,5268.11,5618.21
2015-11-30,5306.74,5330.91,5093.79,5363.23
2015-12-01,5325.23,5345.86,5289.35,5400.39
2015-12-02,5335.14,5402.59,5244.84,5404.53
2015-12-03,5397.42,5496.62,5394.99,5497.22
2015-12-04,5466.67,5439.65,5409.76,5500.76
2015-12-07,5448.92,5488.94,5415.02,5493.1
2015-12-08,5461.22,5385.93,5377.24,5461.22
2015-12-09,5364.56,5384.63,5350.64,5419.57
2015-12-10,5381.19,5371.41,5359.12,5431.96
2015-12-11,5349.12,5335.84,5305.23,5376.28
2015-12-14,5284.55,5456.51,5277.61,5456.95
2015-12-15,5458.0,5484.63,5456.54,5505.55
2015-12-16,5501.34,5503.52,5487.26,5536.47
2015-12-17,5537.95,5635.12,5537.95,5635.26
2015-12-18,5632.99,5633.02,5608.74,5670.17
2015-12-21,5622.84,5722.03,5619.48,5731.73
2015-12-22,5733.23,5760.29,5692.41,5760.52
2015-12-23,5762.75,5711.29,5702.42,5788.64
2015-12-24,5697.33,5685.58,5607.67,5711.29
2015-12-25,5692.0,5716.56,5680.42,5729.41
2015-12-28,5732.99,5576.04,5576.04,5744.1
2015-12-29,5567.89,5631.47,5535.13,5631.84
2015-12-30,5638.66,5670.35,5609.0,5670.52
2015-12-31,5669.19,5592.64,5592.02,5683.65
2016-01-04,5585.08,5156.02,5155.92,5586.9
2016-01-05,4943.77,5101.97,4927.81,5186.41
2016-01-06,5118.37,5219.81,5086.38,5220.12
2016-01-07,5125.78,4809.71,4801.31,5125.78
2016-01-08,4919.26,4874.65,4649.65,4969.67
2016-01-11,4773.98,4571.97,4571.97,4831.73
2016-01-12,4577.6,4583.36,4495.53,4631.53
2016-01-13,4611.39,4446.67,4446.67,4646.61
2016-01-14,4311.83,4578.46,4307.32,4586.47
2016-01-15,4544.46,4420.99,4393.7,4583.62
2016-01-18,4335.53,4478.99,4333.79,4526.78
2016-01-19,4473.89,4634.16,4460.14,4640.15
2016-01-20,4604.96,4583.39,4548.46,4658.88
2016-01-21,4513.89,4414.23,4414.23,4625.18
2016-01-22,4462.95,4474.63,4354.61,4498.51
2016-01-25,4506.0,4514.42,4469.87,4548.31
2016-01-26,4463.5,4204.88,4197.15,4473.55
2016-01-27,4217.0,4169.19,3993.11,4231.82
2016-01-28,4121.17,4013.12,3997.54,4169.69
2016-01-29,4005.65,4154.91,3996.01,4187.46
2016-02-01,4143.35,4097.08,4040.62,4162.61
2016-02-02,4098.84,4218.69,4098.84,4229.46
2016-02-03,4171.31,4224.52,4143.54,4238.75
2016-02-04,4239.91,4299.54,4239.91,4318.15
2016-02-05,4303.76,4261.11,4259.97,4315.64
2016-02-15,4131.59,4252.9,4129.36,4275.75
2016-02-16,4274.07,4412.03,4274.07,4420.94
2016-02-17,4406.93,4465.17,4387.26,4469.99
2016-02-18,4491.84,4453.4,4445.22,4510.86
2016-02-19,4440.52,4466.16,4425.49,4489.52
2016-02-22,4518.58,4561.69,4500.03,4566.98
2016-02-23,4561.78,4528.73,4473.21,4568.82
2016-02-24,4509.37,4550.35,4456.58,4557.52
2016-02-25,4540.58,4227.46,4210.43,4540.61
2016-02-26,4258.15,4241.59,4158.83,4278.61
2016-02-29,4220.94,4056.61,3998.71,4220.99
2016-03-01,4059.91,4140.27,4012.13,4167.45
2016-03-02,4136.88,4330.47,4136.36,4336.52
2016-03-03,4330.51,4340.99,4321.14,4397.29
2016-03-04,4322.01,4280.62,4209.61,4351.11
2016-03-07,4314.12,4343.78,4301.12,4373.22
2016-03-08,4338.12,4361.63,4190.42,4361.7
2016-03-09,4265.54,4283.77,4235.09,4314.58
2016-03-10,4274.46,4207.43,4205.85,4304.38
2016-03-11,4166.65,4203.89,4148.73,4224.13
2016-03-14,4243.53,4317.66,4243.32,4366.07
2016-03-15,4307.05,4303.37,4262.34,4322.79
2016-03-16,4316.66,4287.42,4269.27,4332.68
2016-03-17,4300.75,4392.54,4289.56,4412.9
2016-03-18,4411.65,4514.16,4407.19,4536.89
2016-03-21,4564.14,4631.23,4557.46,4631.83
2016-03-22,4596.69,4610.2,4575.15,4644.95
2016-03-23,4595.53,4643.03,4579.91,4643.45
2016-03-24,4603.39,4570.48,4564.17,4645.23
2016-03-25,4560.22,4600.65,4548.81,4607.36
2016-03-28,4622.25,4568.76,4554.89,4659.56
2016-03-29,4563.94,4496.18,4467.17,4571.94
2016-03-30,4534.3,4641.47,4534.3,4641.47
2016-03-31,4661.1,4650.48,4635.62,4689.75
2016-04-01,4634.78,4639.56,4560.76,4650.1
2016-04-05,4636.62,4738.23,4626.19,4745.4
2016-04-06,4718.46,4749.75,4703.22,4757.59
2016-04-07,4762.48,4677.99,4677.82,4770.34
2016-04-08,4641.5,4640.2,4590.12,4656.76
2016-04-11,4680.42,4725.52,4680.42,4749.32
2016-04-12,4720.71,4698.08,4654.31,4730.74
2016-04-13,4724.97,4763.06,4724.97,4816.35
2016-04-14,4786.99,4802.24,4751.44,4802.44
2016-04-15,4805.43,4799.42,4775.07,4813.77
2016-04-18,4768.42,4732.4,4709.07,4768.42
2016-04-19,4754.16,4748.91,4718.33,4766.63
2016-04-20,4761.03,4585.19,4493.23,4768.38
2016-04-21,4559.77,4541.68,4537.22,4613.95
2016-04-22,4510.83,4573.18,4502.36,4573.46
2016-04-25,4557.71,4552.14,4500.38,4566.05
2016-04-26,4546.95,4595.4,4537.05,4595.62
2016-04-27,4600.23,4579.56,4572.66,4623.84
2016-04-28,4580.44,4568.66,4504.12,4587.85
2016-04-29,4550.84,4564.67,4544.33,4587.61
2016-05-03,4566.71,4677.33,4549.67,4677.57
2016-05-04,4661.31,4676.39,4655.27,4704.64
2016-05-05,4668.44,4696.78,4654.63,4699.84
2016-05-06,4698.31,4537.64,4537.49,4709.04
2016-05-09,4500.47,4391.48,4372.87,4500.47
2016-05-10,4376.96,4387.49,4365.4,4408.82
2016-05-11,4408.77,4377.84,4357.46,4424.68
2016-05-12,4327.43,4378.54,4271.86,4379.58
2016-05-13,4364.52,4363.05,4342.08,4409.32
2016-05-16,4349.2,4420.87,4330.83,4421.17
2016-05-17,4421.92,4411.97,4388.26,4448.5
2016-05-18,4380.25,4325.8,4281.04,4380.28
2016-05-19,4319.21,4337.45,4318.96,4382.69
2016-05-20,4307.44,4374.19,4294.08,4374.43
2016-05-23,4379.84,4418.14,4379.76,4422.09
2016-05-24,4411.07,4377.67,4352.94,4411.13
2016-05-25,4403.59,4366.37,4352.06,4421.66
2016-05-26,4358.41,4381.21,4292.61,4381.42
2016-05-27,4371.65,4378.09,4359.84,4402.92
2016-05-30,4359.69,4368.69,4325.35,4394.4
2016-05-31,4372.31,4532.85,4372.31,4532.85
2016-06-01,4538.42,4545.76,4534.34,4572.75
2016-06-02,4540.29,4574.87,4536.58,4574.87
2016-06-03,4579.55,4597.34,4562.79,4618.55
2016-06-06,4606.84,4599.42,4574.7,4615.65
2016-06-07,4601.56,4601.11,4577.44,4604.99
2016-06-08,4593.24,4587.39,4552.6,4608.98
2016-06-13,4532.46,4401.32,4400.92,4560.17
2016-06-14,4384.06,4416.46,4375.14,4422.3
2016-06-15,4370.48,4526.74,4365.47,4541.25
2016-06-16,4517.84,4512.46,4499.55,4541.12
2016-06-17,4517.41,4538.5,4510.1,4569.34
2016-06-20,4540.01,4548.53,4499.09,4555.53
2016-06-21,4571.01,4515.17,4497.11,4603.05
2016-06-22,4503.93,4575.46,4499.1,4575.61
2016-06-23,4570.35,4554.49,4526.07,4577.42
2016-06-24,4545.27,4505.96,4403.02,4577.24
2016-06-27,4480.04,4595.1,4480.0,4595.23
2016-06-28,4577.2,4632.58,4570.06,4636.11
2016-06-29,4645.28,4648.8,4630.57,4659.28
2016-06-30,4651.68,4650.62,4632.48,4663.23
2016-07-01,4654.96,4644.61,4632.57,4674.46
2016-07-04,4618.99,4725.52,4616.47,4732.0
2016-07-05,4725.96,4740.63,4714.16,4746.4
2016-07-06,4726.14,4759.22,4710.24,4759.45
2016-07-07,4750.6,4759.86,4718.88,4776.14
2016-07-08,4748.7,4741.75,4726.79,4765.37
2016-07-11,4750.97,4738.82,4734.68,4794.8
2016-07-12,4734.47,4808.27,4697.76,4808.51
2016-07-13,4814.35,4835.9,4808.32,4846.44
2016-07-14,4828.77,4836.23,4806.02,4837.56
2016-07-15,4837.5,4824.85,4807.34,4842.91
2016-07-18,4814.46,4803.76,4781.09,4830.36
2016-07-19,4800.0,4808.13,4761.22,4809.12
2016-07-20,4807.11,4801.61,4791.46,4823.78
2016-07-21,4800.31,4816.65,4796.32,4845.6
2016-07-22,4813.74,4775.5,4770.51,4820.12
2016-07-25,4767.47,4781.75,4759.71,4802.83
2016-07-26,4779.83,4840.17,4779.79,4840.39
2016-07-27,4841.47,4683.8,4612.5,4847.59
2016-07-28,4669.37,4682.34,4627.09,4707.19
2016-07-29,4678.23,4652.71,4641.23,4689.56
2016-08-01,4636.93,4595.01,4553.71,4636.93
2016-08-02,4589.48,4627.03,4585.61,4627.1
2016-08-03,4616.48,4641.88,4606.85,4645.97
2016-08-04,4637.91,4665.23,4617.87,4667.27
2016-08-05,4662.63,4653.34,4650.72,4683.03
2016-08-08,4643.38,4702.57,4618.45,4702.74
2016-08-09,4699.64,4743.89,4696.34,4744.04
2016-08-10,4741.23,4727.33,4726.76,4755.92
2016-08-11,4718.25,4680.32,4680.32,4741.59
2016-08-12,4674.78,4745.21,4674.78,4745.25
2016-08-15,4754.63,4866.18,4753.29,4884.96
2016-08-16,4875.04,4875.12,4861.2,4896.36
2016-08-17,4871.93,4881.81,4851.07,4892.97
2016-08-18,4876.6,4876.93,4858.33,4907.57
2016-08-19,4870.34,4882.43,4848.86,4894.55
2016-08-22,4882.17,4831.48,4830.25,4891.89
2016-08-23,4825.23,4839.36,4809.35,4857.34
2016-08-24,4841.07,4839.62,4828.08,4859.8
2016-08-25,4814.4,4808.0,4758.05,4815.36
2016-08-26,4814.67,4817.57,4807.96,4850.74
2016-08-29,4815.16,4824.8,4805.38,4835.27
2016-08-30,4827.5,4827.81,4818.56,4849.98
2016-08-31,4825.67,4840.0,4806.09,4845.22
2016-09-01,4838.35,4803.14,4802.78,4845.48
2016-09-02,4796.02,4799.62,4773.39,4822.37
2016-09-05,4809.93,4817.08,4805.91,4840.21
2016-09-06,4818.45,4873.57,4783.64,4874.08
2016-09-07,4874.65,4873.11,4867.6,4899.15
2016-09-08,4869.02,4883.98,4859.5,4885.65
2016-09-09,4883.64,4852.07,4852.06,4895.07
2016-09-12,4773.24,4735.62,4720.1,4785.76
2016-09-13,4751.32,4753.9,4727.41,4761.79
2016-09-14,4730.36,4726.5,4713.96,4751.17
2016-09-19,4733.58,4772.18,4733.58,4772.41
2016-09-20,4773.77,4768.62,4756.4,4774.82
2016-09-21,4767.55,4779.21,4765.42,4789.12
2016-09-22,4803.37,4810.08,4799.24,4826.55
2016-09-23,4813.41,4790.9,4790.5,4816.33
2016-09-26,4781.15,4699.25,4699.25,4781.19
2016-09-27,4689.28,4730.5,4676.48,4730.5
2016-09-28,4734.22,4720.99,4714.53,4734.22
2016-09-29,4725.27,4738.01,4725.27,4756.01
2016-09-30,4732.28,4757.4,4731.18,4765.14
2016-10-10,4778.4,4837.64,4769.13,4837.68
2016-10-11,4840.06,4864.44,4834.89,4864.83
2016-10-12,4851.45,4862.15,4842.28,4862.72
2016-10-13,4861.51,4868.11,4854.02,4877.65
2016-10-14,4861.39,4865.17,4832.25,4867.13
2016-10-17,4868.3,4822.99,4810.85,4874.12
2016-10-18,4817.03,4892.03,4817.03,4892.08
2016-10-19,4897.07,4886.2,4874.22,4907.77
2016-10-20,4887.16,4895.33,4879.7,4901.13
2016-10-21,4891.38,4887.91,4850.79,4907.08
2016-10-24,4890.81,4935.44,4885.55,4947.63
2016-10-25,4936.91,4947.8,4931.95,4947.8
2016-10-26,4946.24,4928.15,4916.79,4946.31
2016-10-27,4922.49,4920.99,4901.84,4924.78
2016-10-28,4919.46,4890.55,4888.71,4941.75
2016-10-31,4878.57,4887.24,4855.25,4892.73
2016-11-01,4890.58,4931.76,4887.18,4931.77
2016-11-02,4921.13,4897.74,4894.6,4930.45
2016-11-03,4886.57,4934.25,4883.32,4958.58
2016-11-04,4930.71,4919.62,4910.38,4952.51
2016-11-07,4918.21,4923.66,4903.08,4933.99
2016-11-08,4937.74,4949.3,4930.47,4961.07
2016-11-09,4948.51,4918.45,4863.95,4952.79
2016-11-10,4952.04,4980.24,4952.04,4982.32
2016-11-11,4978.61,5012.47,4971.3,5014.52
2016-11-14,5001.38,5030.26,4999.94,5045.32
2016-11-15,5030.21,5044.48,5015.63,5044.59
2016-11-16,5048.6,5047.23,5036.49,5057.71
2016-11-17,5038.41,5044.14,5014.36,5049.94
2016-11-18,5044.41,5022.16,5015.56,5052.44
2016-11-21,5016.97,5044.9,5016.95,5063.95
2016-11-22,5049.12,5086.51,5049.12,5087.21
2016-11-23,5092.24,5074.33,5062.9,5105.82
2016-11-24,5068.22,5069.83,5058.35,5098.38
2016-11-25,5068.23,5096.93,5006.27,5096.93
2016-11-28,5112.68,5107.02,5099.93,5125.25
2016-11-29,5096.08,5094.99,5088.92,5132.64
2016-11-30,5084.1,5068.87,5054.8,5092.63
2016-12-01,5074.86,5100.05,5074.86,5105.47
2016-12-02,5095.76,5030.27,5026.94,5097.59
2016-12-05,4968.76,4977.03,4961.37,5007.75
2016-12-06,4978.8,4977.17,4973.98,4995.35
2016-12-07,4976.65,5018.43,4966.88,5018.51
2016-12-08,5023.8,5000.31,4996.13,5024.73
2016-12-09,4993.2,5006.61,4990.63,5024.98
2016-12-12,5002.65,4818.29,4815.33,5004.46
2016-12-13,4801.09,4829.24,4766.92,4842.95
2016-12-14,4821.41,4798.5,4788.4,4845.92
2016-12-15,4779.42,4799.28,4774.71,4830.76
2016-12-16,4795.96,4827.35,4792.26,4834.83
2016-12-19,4824.13,4815.73,4805.67,4826.9
2016-12-20,4812.34,4799.13,4775.51,4813.14
2016-12-21,4805.65,4838.25,4805.65,4838.81
2016-12-22,4833.83,4834.8,4815.22,4841.02
2016-12-23,4831.09,4786.61,4780.09,4833.46
2016-12-26,4766.99,4806.21,4722.7,4806.31
2016-12-27,4803.21,4806.41,4801.03,4821.56
2016-12-28,4804.38,4788.62,4778.3,4812.11
2016-12-29,4780.77,4777.3,4768.07,4803.23
2016-12-30,4780.41,4786.98,4770.72,4796.09
2017-01-03,4792.78,4831.69,4792.78,4831.9
2017-01-04,4831.48,4879.99,4828.42,4880.37
2017-01-05,4878.94,4881.35,4874.04,4890.73
2017-01-06,4878.19,4850.94,4849.78,4880.02
2017-01-09,4844.95,4875.43,4839.92,4875.72
2017-01-10,4871.88,4861.77,4859.17,4883.09
2017-01-11,4854.64,4818.12,4817.66,4869.48
2017-01-12,4813.67,4782.32,4779.11,4827.3
2017-01-13,4780.83,4741.08,4734.52,4791.44
2017-01-16,4730.12,4645.33,4543.0,4730.21
2017-01-17,4625.93,4675.6,4590.51,4675.78
2017-01-18,4667.46,4675.03,4655.79,4695.66
2017-01-19,4662.6,4656.82,4648.97,4681.3
2017-01-20,4652.02,4711.31,4651.76,4716.99
2017-01-23,4716.9,4741.02,4716.9,4755.42
2017-01-24,4738.66,4732.9,4724.43,4742.2
2017-01-25,4726.57,4746.12,4721.24,4749.87
2017-01-26,4748.98,4770.43,4748.98,4772.91
2017-02-03,4773.95,4748.21,4739.66,4776.4
2017-02-06,4750.02,4780.5,4741.01,4780.85
2017-02-07,4777.15,4778.28,4756.48,4788.13
2017-02-08,4771.64,4806.69,4749.95,4806.99
2017-02-09,4804.46,4835.26,4802.01,4837.25
2017-02-10,4835.19,4842.3,4830.38,4855.59
2017-02-13,4842.92,4872.11,4842.26,4873.29
2017-02-14,4871.73,4870.58,4853.83,4874.81
2017-02-15,4867.24,4836.76,4829.39,4880.93
2017-02-16,4833.79,4867.22,4830.87,4867.64
2017-02-17,4866.7,4831.84,4827.93,4878.93
2017-02-20,4829.96,4888.1,4829.96,4888.74
2017-02-21,4891.21,4918.36,4887.87,4918.6
2017-02-22,4917.78,4935.19,4908.17,4935.31
2017-02-23,4932.24,4923.3,4898.7,4937.85
2017-02-24,4916.76,4930.06,4903.51,4930.34
2017-02-27,4926.89,4891.91,4886.9,4929.16
2017-02-28,4889.72,4906.27,4884.94,4909.15
2017-03-01,4903.09,4917.19,4899.82,4931.7
2017-03-02,4921.99,4885.97,4884.11,4927.32
2017-03-03,4872.18,4888.78,4856.12,4889.95
2017-03-06,4890.29,4929.8,4890.29,4930.11
2017-03-07,4930.57,4940.14,4916.79,4940.29
2017-03-08,4937.87,4926.43,4913.77,4940.0
2017-03-09,4918.46,4892.83,4878.05,4918.6
2017-03-10,4888.99,4894.77,4888.99,4906.69
2017-03-13,4890.89,4933.24,4866.59,4933.24
2017-03-14,4933.01,4927.2,4916.75,4941.71
2017-03-15,4919.79,4928.46,4908.61,4932.01
2017-03-16,4937.94,4966.28,4937.94,4966.41
2017-03-17,4969.77,4923.53,4919.69,4975.76
2017-03-20,4923.97,4934.95,4902.43,4934.95
2017-03-21,4933.44,4950.67,4927.82,4950.99
2017-03-22,4928.78,4927.75,4901.87,4945.2
2017-03-23,4929.45,4936.26,4891.5,4952.0
2017-03-24,4935.99,4962.37,4928.96,4969.78
2017-03-27,4961.58,4946.99,4942.1,4974.37
2017-03-28,4945.49,4934.17,4923.88,4950.64
2017-03-29,4936.12,4915.45,4904.52,4945.52
2017-03-30,4907.27,4844.46,4833.02,4911.26
2017-03-31,4841.94,4863.51,4839.07,4864.98
2017-04-05,4889.74,4949.59,4889.74,4949.59
2017-04-06,4956.18,4965.08,4944.96,4971.83
2017-04-07,4963.98,4970.4,4953.82,4982.47
2017-04-10,4967.4,4942.59,4937.38,4967.5
2017-04-11,4939.33,4972.47,4896.6,4974.27
2017-04-12,4967.91,4944.72,4936.55,4971.52
2017-04-13,4934.47,4958.74,4930.04,4966.64
2017-04-14,4959.17,4901.23,4893.2,4959.77
2017-04-17,4883.25,4858.68,4833.44,4883.25
2017-04-18,4852.83,4824.73,4824.51,4873.97
2017-04-19,4806.73,4780.79,4735.91,4810.93
2017-04-20,4777.03,4780.83,4748.11,4798.0
2017-04-21,4779.51,4768.25,4756.38,4796.39
2017-04-24,4755.39,4671.02,4659.24,4755.39
2017-04-25,4668.97,4686.41,4662.54,4708.67
2017-04-26,4684.55,4696.71,4683.32,4714.16
2017-04-27,4683.77,4709.19,4617.31,4714.88
2017-04-28,4697.51,4718.13,4691.4,4718.13
2017-05-02,4707.49,4713.02,4695.93,4719.24
2017-05-03,4705.78,4698.04,4681.52,4720.1
2017-05-04,4685.68,4684.75,4664.43,4717.77
2017-05-05,4669.99,4637.68,4636.34,4674.53
2017-05-08,4622.64,4573.67,4572.79,4627.68
2017-05-09,4553.5,4585.07,4530.43,4586.96
2017-05-10,4582.91,4528.31,4527.96,4606.05
2017-05-11,4504.33,4526.13,4440.58,4528.16
2017-05-12,4516.6,4540.47,4505.7,4549.85
2017-05-15,4548.99,4557.81,4548.99,4570.29
2017-05-16,4548.48,4626.38,4520.72,4626.59
2017-05-17,4621.03,4622.53,4618.17,4648.0
2017-05-18,4589.65,4597.1,4580.92,4624.79
2017-05-19,4594.57,4599.61,4580.18,4607.84
2017-05-22,4593.63,4562.41,4544.28,4614.91
2017-05-23,4552.96,4505.6,4502.02,4565.9
2017-05-24,4484.37,4517.7,4436.95,4517.7
2017-05-25,4507.11,4574.75,4491.5,4578.99
2017-05-26,4568.13,4569.97,4562.39,4590.65
2017-05-31,4600.12,4572.15,4569.67,4614.27
2017-06-01,4560.76,4519.04,4518.02,4564.91
2017-06-02,4506.96,4536.55,4475.54,4543.1
2017-06-05,4535.32,4545.59,4535.22,4552.36
2017-06-06,4539.39,4570.62,4532.98,4570.67
2017-06-07,4570.46,4644.84,4567.81,4645.41
2017-06-08,4642.18,4662.67,4638.44,4666.11
2017-06-09,4659.52,4674.94,4652.42,4677.37
2017-06-12,4659.76,4641.12,4635.31,4680.51
2017-06-13,4633.75,4679.13,4633.31,4682.4
2017-06-14,4670.13,4649.45,4643.03,4675.77
2017-06-15,4642.67,4672.08,4639.1,4675.46
2017-06-16,4666.95,4661.43,4657.27,4677.05
2017-06-19,4660.5,4698.6,4660.5,4698.86
2017-06-20,4704.67,4697.38,4690.31,4711.51
2017-06-21,4711.97,4725.04,4688.62,4725.15
2017-06-22,4720.18,4685.72,4685.64,4751.87
2017-06-23,4676.05,4708.62,4643.26,4708.71
2017-06-26,4710.44,4768.79,4710.44,4769.29
2017-06-27,4766.7,4776.66,4750.45,4780.0
2017-06-28,4764.79,4743.92,4738.95,4768.58
2017-06-29,4746.38,4768.11,4746.38,4769.58
2017-06-30,4752.78,4772.14,4741.61,4774.48
2017-07-03,4773.5,4781.39,4749.29,4781.39
2017-07-04,4777.13,4755.13,4745.08,4777.13
2017-07-05,4747.69,4798.55,4742.95,4798.72
2017-07-06,4793.71,4802.65,4763.92,4808.66
2017-07-07,4789.08,4808.63,4778.55,4809.03
2017-07-10,4800.46,4794.94,4787.12,4816.1
2017-07-11,4785.99,4774.45,4774.24,4816.98
2017-07-12,4772.37,4765.29,4729.09,4786.95
2017-07-13,4761.49,4784.51,4757.11,4790.81
2017-07-14,4777.17,4781.47,4758.21,4784.76
2017-07-17,4770.07,4637.95,4613.02,4771.45
2017-07-18,4617.42,4662.57,4598.76,4662.6
2017-07-19,4654.42,4738.17,4650.49,4738.99
2017-07-20,4733.0,4762.31,4730.05,4770.93
2017-07-21,4751.85,4754.61,4746.75,4768.9
2017-07-24,4747.63,4778.46,4743.75,4785.53
2017-07-25,4774.55,4758.42,4741.27,4784.51
2017-07-26,4759.89,4749.99,4725.27,4772.23
2017-07-27,4743.13,4780.15,4718.39,4784.18
2017-07-28,4769.82,4790.23,4765.38,4795.59
2017-07-31,4789.61,4823.0,4783.22,4825.74
2017-08-01,4822.73,4843.14,4817.31,4843.28
2017-08-02,4840.48,4818.7,4817.0,4853.01
2017-08-03,4810.08,4807.26,4792.99,4833.8
2017-08-04,4803.94,4782.95,4782.68,4822.23
2017-08-07,4777.27,4817.34,4770.77,4817.52
2017-08-08,4815.87,4826.82,4807.13,4833.85
2017-08-09,4822.61,4836.05,4808.35,4836.46
2017-08-10,4826.2,4806.04,4771.32,4844.33
2017-08-11,4771.7,4720.92,4717.2,4787.57
2017-08-14,4724.21,4798.02,4724.21,4798.02
2017-08-15,4798.85,4814.08,4792.41,4819.54
2017-08-16,4808.73,4819.96,4785.03,4825.53
2017-08-17,4825.15,4852.56,4821.63,4852.95
2017-08-18,4828.32,4845.86,4819.35,4856.09
2017-08-21,4852.25,4875.81,4852.25,4876.05
2017-08-22,4876.33,4869.0,4857.04,4882.12
2017-08-23,4861.32,4854.16,4839.09,4873.47
2017-08-24,4853.28,4824.6,4816.68,4858.15
2017-08-25,4823.85,4887.11,4823.85,4888.52
2017-08-28,4893.95,4944.07,4893.95,4962.09
2017-08-29,4940.79,4934.65,4924.27,4951.59
2017-08-30,4932.93,4946.83,4932.93,4955.9
2017-08-31,4947.07,4947.92,4920.91,4952.97
2017-09-01,4951.63,4972.25,4951.63,4976.32
2017-09-04,4971.56,4996.98,4958.69,4997.26
2017-09-05,4994.98,5005.27,4982.81,5009.09
2017-09-06,4991.16,5014.38,4981.74,5015.49
2017-09-07,5014.81,4989.18,4987.16,5025.5
2017-09-08,4987.7,4993.19,4970.77,5010.27
2017-09-11,4994.4,5018.19,4986.89,5021.8
2017-09-12,5024.81,5020.05,5008.11,5049.52
2017-09-13,5015.42,5035.3,5004.0,5035.89
2017-09-14,5036.01,5023.95,5007.68,5047.46
2017-09-15,5017.64,5010.15,4994.53,5026.19
2017-09-18,5008.26,5036.71,5008.26,5040.93
2017-09-19,5041.19,5018.54,5003.2,5048.0
2017-09-20,5014.49,5046.25,5008.49,5047.99
2017-09-21,5045.18,5014.24,5014.21,5052.15
2017-09-22,4999.69,5001.32,4980.03,5007.23
2017-09-25,4991.82,4953.99,4948.65,4997.23
2017-09-26,4946.87,4962.04,4939.78,4962.08
2017-09-27,4961.07,4983.24,4961.03,4990.9
2017-09-28,4980.99,4973.82,4972.36,4989.91
2017-09-29,4977.92,5002.55,4977.92,5008.25
2017-10-09,5074.96,5060.32,5051.26,5086.27
2017-10-10,5059.87,5082.46,5041.53,5082.88
2017-10-11,5080.11,5080.57,5072.29,5093.79
2017-10-12,5077.31,5081.27,5054.21,5086.1
2017-10-13,5080.09,5100.55,5077.8,5103.96
2017-10-16,5101.8,5049.98,5048.56,5104.47
2017-10-17,5042.38,5047.15,5029.19,5063.5
2017-10-18,5048.34,5044.09,5032.95,5064.3
2017-10-19,5038.46,5010.82,5003.14,5043.77
2017-10-20,4999.85,5036.93,4997.04,5037.26
2017-10-23,5039.22,5054.9,5033.62,5056.04
2017-10-24,5049.17,5061.88,5040.05,5061.91
2017-10-25,5058.69,5089.7,5055.03,5090.44
2017-10-26,5089.2,5109.78,5082.56,5123.07
2017-10-27,5106.41,5109.68,5097.49,5119.51
2017-10-30,5105.48,5045.26,4999.85,5113.54
2017-10-31,5032.69,5062.09,5026.76,5062.76
2017-11-01,5062.48,5055.37,5048.89,5085.43
2017-11-02,5049.77,5026.97,5012.67,5049.84
2017-11-03,5021.5,5003.17,4973.4,5030.07
2017-11-06,5001.19,5047.01,4984.06,5047.51
2017-11-07,5046.94,5081.41,5044.65,5082.26
2017-11-08,5077.08,5083.47,5072.47,5118.01
2017-11-09,5079.65,5116.79,5078.94,5117.08
2017-11-10,5110.45,5145.69,5105.39,5150.06
2017-11-13,5148.71,5159.42,5143.58,5163.51
2017-11-14,5158.52,5122.52,5105.2,5162.95
2017-11-15,5106.57,5082.26,5062.65,5120.44
2017-11-16,5072.27,5100.84,5067.07,5109.92
2017-11-17,5091.22,5026.99,5021.8,5105.06
2017-11-20,4997.35,5055.08,4940.79,5055.51
2017-11-21,5043.17,5102.29,5039.04,5104.02
2017-11-22,5108.67,5105.44,5065.69,5137.2
2017-11-23,5092.54,4970.2,4962.05,5092.54
2017-11-24,4953.44,4973.51,4934.53,4987.4
2017-11-27,4960.59,4912.66,4904.9,4960.67
2017-11-28,4900.33,4952.68,4894.1,4952.68
2017-11-29,4955.53,4957.89,4900.81,4962.37
2017-11-30,4940.94,4913.7,4897.82,4958.11
2017-12-01,4910.29,4929.92,4898.53,4947.48
2017-12-04,4922.15,4921.59,4915.25,4950.38
2017-12-05,4909.58,4874.02,4861.66,4929.15
2017-12-06,4859.42,4878.73,4808.8,4878.91
2017-12-07,4866.15,4845.48,4833.91,4881.79
2017-12-08,4837.39,4889.23,4835.67,4899.46
2017-12-11,4894.12,4956.48,4894.12,4956.64
2017-12-12,4954.52,4902.42,4902.24,4954.98
2017-12-13,4897.19,4939.44,4892.92,4939.78
2017-12-14,4937.96,4927.61,4911.61,4946.29
2017-12-15,4919.76,4889.44,4877.71,4922.71
2017-12-18,4887.51,4876.23,4857.74,4905.62
2017-12-19,4875.5,4922.09,4875.44,4922.36
2017-12-20,4920.1,4896.19,4884.05,4922.6
2017-12-21,4887.88,4926.17,4863.07,4938.6
2017-12-22,4921.98,4915.8,4909.24,4935.15
2017-12-25,4916.04,4878.31,4864.26,4929.82
2017-12-26,4875.24,4899.36,4848.3,4900.52
2017-12-27,4891.86,4848.96,4845.14,4895.91
2017-12-28,4846.12,4873.34,4835.93,4890.18
2017-12-29,4875.07,4898.9,4872.18,4899.29
2018-01-02,4911.06,4959.1,4911.06,4959.42
2018-01-03,4960.95,4995.41,4956.96,5010.41
2018-01-04,4993.91,5013.85,4987.32,5017.46
2018-01-05,5015.1,5020.49,5005.34,5031.6
2018-01-08,5020.1,5038.76,5001.35,5038.98
2018-01-09,5034.85,5054.53,5030.39,5054.99
2018-01-10,5052.21,5049.2,5013.08,5058.43
2018-01-11,5037.24,5058.45,5025.29,5063.03
2018-01-12,5054.94,5057.91,5040.23,5069.29
2018-01-15,5054.87,4996.06,4984.9,5060.91
2018-01-16,4986.03,5030.06,4985.29,5030.76
2018-01-17,5026.0,5016.0,4984.62,5031.65
2018-01-18,5017.36,5035.34,5013.68,5046.51
2018-01-19,5040.22,5036.99,5024.04,5070.86
2018-01-22,5027.36,5091.0,5025.14,5092.17
2018-01-23,5095.16,5121.19,5092.62,5121.69
2018-01-24,5122.33,5139.49,5097.61,5140.03
2018-01-25,5131.2,5120.39,5112.62,5151.54
2018-01-26,5107.01,5126.61,5104.96,5142.88
2018-01-29,5128.31,5048.67,5035.6,5134.04
2018-01-30,5034.78,5017.2,5011.36,5055.5
2018-01-31,4990.07,4974.35,4950.68,5007.04
2018-02-01,4969.13,4864.46,4849.6,4980.33
2018-02-02,4826.25,4874.81,4767.74,4875.16
2018-02-05,4805.65,4868.81,4796.1,4873.18
2018-02-06,4774.25,4680.83,4677.85,4797.9
2018-02-07,4748.55,4627.1,4601.42,4764.22
2018-02-08,4604.27,4629.54,4593.46,4664.87
2018-02-09,4511.39,4457.46,4385.52,4525.85
2018-02-12,4469.06,4540.01,4461.65,4555.27
2018-02-13,4570.74,4574.79,4569.53,4623.52
2018-02-14,4580.77,4600.61,4557.84,4603.24
2018-02-22,4646.82,4692.03,4640.92,4694.24
2018-02-23,4697.57,4709.73,4671.27,4719.26
2018-02-26,4732.58,4787.2,4704.64,4793.57
2018-02-27,4787.89,4752.89,4746.05,4788.41
2018-02-28,4713.5,4739.07,4687.5,4761.31
2018-03-01,4709.21,4782.65,4700.27,4782.91
2018-03-02,4748.11,4751.94,4741.85,4778.42
2018-03-05,4758.3,4761.89,4733.8,4772.15
2018-03-06,4774.85,4816.92,4754.27,4817.58
2018-03-07,4811.68,4781.96,4774.95,4831.29
2018-03-08,4779.32,4822.68,4775.95,4823.07
2018-03-09,4829.11,4876.46,4825.17,4878.08
2018-03-12,4898.1,4923.43,4895.73,4923.57
2018-03-13,4917.89,4889.92,4887.46,4922.89
2018-03-14,4872.89,4854.0,4852.05,4885.1
2018-03-15,4836.84,4860.07,4820.44,4866.13
2018-03-16,4859.84,4828.5,4828.5,4876.2
2018-03-19,4824.5,4843.59,4804.27,4851.95
2018-03-20,4809.71,4851.73,4800.53,4852.66
2018-03-21,4864.88,4825.0,4814.8,4889.06
2018-03-22,4824.49,4796.1,4773.66,4842.26
2018-03-23,4653.47,4604.9,4540.42,4694.48
2018-03-26,4549.31,4627.56,4512.06,4627.63
2018-03-27,4675.12,4703.1,4665.8,4712.35
2018-03-28,4647.52,4643.25,4638.75,4701.05
2018-03-29,4656.08,4693.3,4616.71,4706.69
2018-03-30,4698.7,4731.03,4693.15,4737.59
2018-04-02,4736.32,4732.83,4723.69,4765.69
2018-04-03,4679.67,4695.68,4663.37,4704.49
2018-04-04,4709.01,4676.61,4673.51,4730.81
2018-04-09,4665.42,4677.97,4633.02,4695.23
2018-04-10,4683.53,4728.03,4669.13,4728.3
2018-04-11,4737.84,4747.47,4735.05,4764.15
2018-04-12,4741.35,4711.48,4708.04,4748.63
2018-04-13,4732.33,4688.62,4682.88,4744.41
2018-04-16,4678.18,4643.92,4614.33,4686.69
2018-04-17,4650.2,4558.22,4554.82,4660.38
2018-04-18,4591.42,4598.06,4504.75,4605.01
2018-04-19,4599.9,4634.66,4594.33,4654.77
2018-04-20,4619.6,4556.71,4550.95,4634.6
2018-04-23,4551.84,4537.2,4497.58,4579.96
2018-04-24,4538.01,4632.4,4538.01,4632.4
2018-04-25,4609.94,4630.34,4605.37,4636.41
2018-04-26,4623.21,4543.78,4540.05,4626.63
2018-04-27,4558.86,4548.42,4511.11,4569.21
2018-05-02,4555.73,4546.12,4520.23,4577.47
2018-05-03,4536.4,4584.6,4500.72,4584.81
2018-05-04,4572.46,4571.4,4566.63,4594.16
2018-05-07,4578.34,4647.06,4577.76,4647.11
2018-05-08,4648.02,4685.09,4647.01,4691.16
2018-05-09,4680.16,4679.34,4659.2,4687.72
2018-05-10,4688.23,4701.33,4669.43,4701.83
2018-05-11,4707.51,4666.5,4666.02,4709.14
2018-05-14,4671.01,4675.59,4661.69,4695.3
2018-05-15,4682.65,4707.89,4658.84,4708.22
2018-05-16,4692.19,4681.09,4676.99,4715.06
2018-05-17,4680.42,4653.77,4645.8,4684.14
2018-05-18,4648.99,4685.9,4632.34,4685.96
2018-05-21,4710.63,4726.07,4709.39,4734.62
2018-05-22,4722.18,4727.24,4696.52,4727.42
2018-05-23,4716.22,4670.02,4670.0,4716.22
2018-05-24,4668.2,4646.79,4642.73,4676.61
2018-05-25,4642.09,4614.47,4604.64,4651.08
2018-05-28,4610.66,4609.74,4578.79,4635.34
2018-05-29,4600.57,4572.15,4570.84,4625.35
2018-05-30,4511.75,4454.46,4451.98,4520.34
2018-05-31,4484.3,4533.67,4465.47,4535.13
2018-06-01,4516.11,4488.92,4466.42,4535.97
2018-06-04,4499.97,4505.85,4483.08,4517.85
2018-06-05,4506.95,4564.62,4506.2,4564.67
2018-06-06,4558.81,4562.44,4550.33,4571.26
2018-06-07,4572.58,4542.53,4539.44,4577.75
2018-06-08,4531.53,4486.63,4459.46,4531.65
2018-06-11,4475.16,4468.84,4450.39,4489.16
2018-06-12,4470.91,4515.12,4439.46,4517.34
2018-06-13,4502.64,4457.36,4453.97,4504.12
2018-06-14,4441.53,4439.19,4426.01,4482.22
2018-06-15,4430.91,4380.66,4361.81,4445.97
2018-06-19,4315.01,4161.51,4117.0,4321.57
2018-06-20,4136.56,4192.05,4112.58,4209.28
2018-06-21,4187.48,4120.4,4117.93,4227.93
2018-06-22,4090.5,4157.46,4063.77,4158.53
2018-06-25,4180.89,4118.83,4116.98,4189.49
2018-06-26,4070.08,4117.62,4049.93,4125.61
2018-06-27,4113.86,4059.23,4041.85,4129.59
2018-06-28,4040.18,4016.75,4011.52,4076.97
2018-06-29,4022.38,4127.95,4016.3,4128.29
2018-07-02,4122.27,4039.64,4010.43,4131.75
2018-07-03,4040.21,4064.37,3957.25,4065.27
2018-07-04,4048.38,4002.47,3992.06,4061.74
2018-07-05,3997.66,3936.3,3931.4,4024.5
2018-07-06,3937.45,3956.62,3873.01,3997.75
2018-07-09,3966.82,4054.38,3966.82,4054.6
2018-07-10,4058.78,4073.25,4038.5,4075.14
2018-07-11,4003.59,3994.52,3950.51,4021.04
2018-07-12,3988.86,4089.32,3988.86,4103.0
2018-07-13,4093.36,4105.06,4082.97,4110.81
2018-07-16,4099.87,4092.13,4074.8,4115.75
2018-07-17,4085.71,4081.08,4040.35,4085.71
2018-07-18,4085.6,4058.65,4058.15,4107.12
2018-07-19,4063.49,4036.14,4023.68,4085.24
2018-07-20,4031.38,4096.52,4004.2,4107.89
2018-07-23,4073.59,4130.12,4064.2,4130.17
2018-07-24,4132.44,4196.1,4132.44,4204.38
2018-07-25,4200.69,4196.99,4184.26,4209.59
2018-07-26,4199.38,4164.49,4155.42,4209.65
2018-07-27,4160.92,4144.36,4134.93,4171.5
2018-07-30,4140.6,4112.02,4088.66,4159.47
2018-07-31,4106.23,4114.43,4091.51,4125.77
2018-08-01,4124.93,4041.44,4041.18,4143.2
2018-08-02,4026.77,3950.32,3879.38,4026.77
2018-08-03,3943.0,3892.88,3892.88,3958.34
2018-08-06,3884.85,3828.14,3808.05,3913.32
2018-08-07,3837.12,3933.12,3810.46,3933.12
2018-08-08,3923.83,3871.35,3868.65,3931.72
2018-08-09,3857.04,3963.8,3851.41,3978.56
2018-08-10,3962.09,3979.61,3949.19,3992.16
2018-08-13,3937.57,3978.56,3911.82,3983.17
2018-08-14,3972.22,3962.88,3946.9,3981.42
2018-08-15,3960.98,3876.46,3873.07,3961.61
2018-08-16,3830.54,3846.75,3801.98,3891.72
2018-08-17,3875.78,3785.01,3778.32,3886.77
2018-08-20,3785.58,3814.7,3742.34,3814.7
2018-08-21,3815.91,3870.75,3810.11,3874.96
2018-08-22,3867.35,3838.79,3832.06,3867.35
2018-08-23,3836.88,3856.65,3820.19,3873.2
2018-08-24,3846.14,3854.99,3830.2,3882.41
2018-08-27,3864.92,3942.6,3864.92,3942.6
2018-08-28,3944.3,3941.59,3927.22,3954.52
2018-08-29,3935.76,3922.18,3911.89,3939.4
2018-08-30,3919.73,3871.94,3869.82,3934.29
2018-08-31,3856.05,3842.14,3824.83,3872.49
2018-09-03,3831.05,3836.32,3789.54,3838.38
2018-09-04,3835.9,3881.62,3825.35,3888.0
2018-09-05,3868.72,3814.91,3814.91,3876.25
2018-09-06,3802.59,3786.49,3773.58,3834.37
2018-09-07,3794.2,3798.58,3772.22,3843.72
2018-09-10,3793.78,3736.5,3734.51,3798.05
2018-09-11,3734.92,3734.41,3714.31,3757.29
2018-09-12,3729.19,3719.21,3709.85,3746.0
2018-09-13,3753.54,3752.72,3701.34,3767.79
2018-09-14,3756.94,3737.7,3731.93,3763.5
2018-09-17,3719.82,3688.77,3680.9,3719.82
2018-09-18,3677.03,3757.59,3676.97,3757.65
2018-09-19,3749.45,3803.23,3744.06,3828.56
2018-09-20,3802.69,3797.69,3790.66,3821.35
2018-09-21,3806.84,3880.92,3791.32,3881.51
2018-09-25,3850.0,3858.0,3842.1,3872.64
2018-09-26,3863.72,3888.69,3857.21,3915.69
2018-09-27,3886.67,3854.2,3852.19,3891.87
2018-09-28,3859.25,3890.83,3852.19,3891.02
2018-10-08,3816.4,3743.3,3738.17,3821.16
2018-10-09,3745.68,3742.43,3727.61,3769.85
2018-10-10,3747.39,3739.3,3709.27,3767.77
2018-10-11,3624.6,3519.58,3493.76,3646.44
2018-10-12,3503.74,3536.77,3432.39,3552.1
2018-10-15,3540.89,3485.71,3480.41,3559.65
2018-10-16,3485.52,3434.87,3419.64,3518.15
2018-10-17,3475.83,3457.7,3389.36,3489.29
2018-10-18,3434.91,3365.19,3362.97,3434.91
2018-10-19,3325.44,3454.34,3316.45,3456.57
2018-10-22,3483.54,3612.09,3483.49,3641.64
2018-10-23,3613.4,3534.33,3513.23,3621.94
2018-10-24,3518.8,3536.82,3508.83,3587.63
2018-10-25,3441.98,3531.77,3429.31,3535.99
2018-10-26,3547.32,3523.35,3504.95,3569.36
2018-10-29,3508.46,3441.13,3425.93,3508.46
2018-10-30,3427.28,3476.46,3400.84,3507.26
2018-10-31,3482.17,3527.42,3476.71,3544.83
2018-11-01,3555.64,3550.3,3546.88,3598.17
2018-11-02,3621.73,3666.59,3599.01,3666.59
2018-11-05,3652.02,3659.79,3616.86,3677.29
2018-11-06,3650.48,3647.73,3609.56,3650.48
2018-11-07,3648.29,3629.49,3626.85,3679.74
2018-11-08,3656.26,3617.04,3613.24,3660.53
2018-11-09,3598.72,3584.88,3583.15,3611.18
2018-11-12,3579.08,3654.32,3576.02,3654.5
2018-11-13,3612.58,3706.82,3606.9,3726.12
2018-11-14,3702.55,3685.26,3678.27,3725.28
2018-11-15,3683.04,3737.16,3681.57,3737.16
2018-11-16,3739.4,3763.27,3723.43,3786.67
2018-11-19,3763.52,3790.92,3747.81,3790.92
2018-11-20,3759.3,3695.87,3692.81,3770.12
2018-11-21,3656.85,3712.11,3653.28,3715.23
2018-11-22,3719.99,3705.26,3688.93,3726.36
2018-11-23,3698.58,3589.67,3582.77,3701.34
2018-11-26,3589.4,3584.88,3572.04,3614.75
2018-11-27,3601.53,3593.6,3575.42,3617.01
2018-11-28,3593.79,3638.57,3564.03,3638.57
2018-11-29,3657.2,3574.19,3574.19,3664.52
2018-11-30,3568.42,3606.1,3547.43,3609.49
2018-12-03,3697.6,3713.23,3672.42,3727.44
2018-12-04,3707.41,3730.49,3698.85,3730.49
2018-12-05,3671.97,3709.25,3664.62,3728.66
2018-12-06,3681.28,3634.91,3632.22,3688.43
2018-12-07,3640.87,3634.57,3625.08,3649.77
2018-12-10,3606.38,3592.66,3581.91,3620.47
2018-12-11,3599.55,3615.98,3594.31,3615.98
2018-12-12,3633.71,3622.32,3611.83,3637.36
2018-12-13,3630.43,3667.96,3615.66,3686.3
2018-12-14,3657.82,3592.52,3591.5,3659.94
2018-12-17,3581.4,3587.44,3550.75,3591.58
2018-12-18,3566.38,3558.05,3535.17,3592.98
2018-12-19,3562.59,3513.79,3509.09,3565.61
2018-12-20,3505.85,3507.11,3478.58,3522.15
2018-12-21,3494.73,3472.69,3448.36,3496.83
2018-12-24,3462.52,3493.42,3453.76,3494.57
2018-12-25,3459.01,3462.99,3393.46,3474.92
2018-12-26,3458.53,3449.18,3442.3,3476.9
2018-12-27,3494.26,3418.06,3418.06,3500.53
2018-12-28,3422.33,3432.38,3405.71,3450.08
2019-01-02,3438.94,3399.4,3389.95,3442.34
2019-01-03,3394.15,3387.13,3380.33,3432.91
2019-01-04,3357.51,3470.28,3351.87,3470.33
2019-01-07,3490.86,3515.17,3477.64,3519.93
2019-01-08,3509.56,3508.52,3496.91,3514.88
2019-01-09,3521.06,3531.77,3518.72,3576.25
2019-01-10,3530.63,3524.88,3519.28,3550.37
2019-01-11,3530.34,3551.33,3519.84,3552.67
2019-01-14,3550.41,3526.09,3520.28,3555.47
2019-01-15,3525.29,3581.5,3517.75,3582.62
2019-01-16,3580.26,3578.34,3570.62,3592.71
2019-01-17,3579.21,3552.92,3550.02,3586.96
2019-01-18,3561.47,3598.43,3557.78,3600.47
2019-01-21,3602.14,3618.47,3602.13,3632.82
2019-01-22,3615.31,3573.47,3563.71,3615.31
2019-01-23,3565.24,3575.29,3561.26,3583.88
2019-01-24,3579.86,3594.08,3559.6,3604.43
2019-01-25,3597.97,3598.6,3592.94,3625.68
2019-01-28,3617.83,3587.45,3580.16,3639.38
2019-01-29,3579.04,3565.38,3513.08,3579.04
2019-01-30,3548.76,3527.59,3527.52,3571.74
2019-01-31,3531.15,3523.62,3503.33,3563.02
2019-02-01,3542.63,3596.02,3540.37,3596.02
2019-02-11,3596.56,3676.88,3596.56,3676.88
2019-02-12,3676.78,3712.63,3672.82,3718.81
2019-02-13,3718.68,3782.01,3711.47,3790.17
2019-02-14,3779.23,3793.5,3768.38,3809.17
2019-02-15,3784.74,3752.47,3748.54,3794.9
2019-02-18,3778.94,3877.19,3778.94,3877.19
2019-02-19,3890.66,3880.09,3844.72,3913.22
2019-02-20,3885.63,3890.48,3851.48,3897.43
2019-02-21,3888.06,3880.61,3868.01,3949.19
2019-02-22,3874.78,3968.88,3863.12,3968.88
2019-02-25,4026.32,4190.94,4022.78,4191.03
2019-02-26,4199.66,4163.03,4152.15,4244.17
2019-02-27,4157.42,4153.49,4107.54,4217.29
2019-02-28,4150.64,4153.51,4132.82,4185.02
2019-03-01,4177.82,4215.7,4138.54,4215.7
2019-03-04,4254.32,4283.16,4242.92,4368.64
2019-03-05,4273.77,4355.33,4258.66,4355.42
2019-03-06,4372.3,4418.61,4333.57,4422.6
2019-03-07,4414.02,4429.1,4369.82,4469.65
2019-03-08,4328.86,4249.73,4249.39,4417.53
2019-03-11,4268.71,4378.61,4254.26,4379.01
2019-03-12,4413.24,4439.95,4382.14,4483.92
2019-03-13,4445.16,4371.19,4347.65,4445.16
2019-03-14,4343.18,4293.6,4255.68,4382.35
2019-03-15,4314.96,4351.43,4312.07,4391.09
2019-03-18,4365.87,4466.55,4332.82,4466.55
2019-03-19,4470.22,4465.18,4438.44,4488.41
2019-03-20,4457.5,4463.55,4395.76,4477.98
2019-03-21,4468.55,4491.14,4456.34,4523.52
2019-03-22,4490.71,4499.54,4426.87,4504.42
2019-03-25,4427.16,4424.29,4415.77,4490.08
2019-03-26,4446.48,4338.56,4327.22,4456.98
2019-03-27,4364.95,4379.49,4309.59,4379.49
2019-03-28,4363.16,4340.16,4336.98,4401.84
2019-03-29,4345.43,4487.72,4341.51,4489.28
2019-04-01,4521.34,4630.37,4521.34,4635.62
2019-04-02,4652.0,4640.31,4622.65,4670.11
2019-04-03,4614.2,4693.09,4600.97,4696.07
2019-04-04,4713.69,4727.67,4680.77,4741.79
2019-04-08,4765.28,4715.08,4657.88,4784.0
2019-04-09,4713.2,4732.12,4687.12,4742.77
2019-04-10,4710.2,4735.92,4681.58,4773.59
2019-04-11,4734.21,4639.4,4634.69,4747.06
2019-04-12,4629.82,4632.01,4598.15,4653.41
2019-04-15,4700.32,4603.32,4602.09,4727.95
2019-04-16,4580.33,4713.15,4557.17,4713.15
2019-04-17,4710.85,4733.72,4697.81,4757.07
2019-04-18,4730.63,4711.32,4699.41,4744.48
2019-04-19,4710.09,4756.54,4673.43,4756.56
2019-04-22,4764.71,4674.15,4660.96,4766.02
2019-04-23,4666.36,4630.58,4617.84,4688.38
2019-04-24,4641.18,4661.45,4578.21,4661.51
2019-04-25,4642.19,4518.36,4517.6,4649.81
2019-04-26,4492.7,4460.68,4459.13,4527.11
2019-04-29,4463.57,4393.83,4377.86,4476.16
2019-04-30,4376.27,4422.49,4376.27,4442.68
2019-05-06,4268.64,4127.65,4093.21,4277.38
2019-05-07,4147.09,4175.4,4110.82,4197.05
2019-05-08,4091.47,4135.55,4079.19,4199.27
2019-05-09,4099.89,4076.63,4068.73,4134.37
2019-05-10,4121.85,4226.02,4054.05,4226.87
2019-05-13,4172.68,4173.6,4155.94,4206.01
2019-05-14,4125.61,4144.96,4124.86,4187.27
2019-05-15,4178.45,4238.46,4178.45,4248.53
2019-05-16,4233.73,4261.68,4223.51,4266.51
2019-05-17,4263.19,4134.63,4119.77,4264.85
2019-05-20,4125.56,4108.35,4053.81,4132.43
2019-05-21,4106.1,4173.08,4096.04,4189.64
2019-05-22,4169.71,4152.65,4129.19,4187.97
2019-05-23,4134.24,4068.81,4060.13,4134.72
2019-05-24,4058.08,4056.54,4045.79,4097.54
2019-05-27,4057.91,4136.65,4034.32,4145.47
2019-05-28,4136.01,4159.75,4126.77,4185.77
2019-05-29,4136.76,4159.97,4130.77,4190.74
2019-05-30,4144.12,4133.99,4094.36,4144.12
2019-05-31,4132.54,4123.51,4116.79,4165.45
2019-06-03,4132.7,4097.77,4080.05,4158.0
2019-06-04,4095.0,4048.27,4029.11,4097.02
2019-06-05,4081.79,4046.66,4041.28,4091.51
2019-06-06,4045.95,3980.94,3970.16,4045.95
2019-06-10,3993.74,4029.53,3978.75,4043.39
2019-06-11,4035.89,4163.95,4035.78,4166.38
2019-06-12,4151.97,4137.2,4128.75,4167.85
2019-06-13,4133.62,4144.82,4105.78,4155.48
2019-06-14,4148.61,4086.13,4082.06,4163.86
2019-06-17,4084.7,4086.04,4073.53,4113.17
2019-06-18,4090.29,4091.93,4064.05,4106.38
2019-06-19,4187.32,4146.93,4145.6,4202.68
2019-06-20,4146.13,4246.83,4139.81,4262.0
2019-06-21,4261.79,4282.07,4259.6,4296.57
2019-06-24,4286.57,4286.14,4267.02,4296.97
2019-06-25,4281.63,4242.5,4192.34,4281.63
2019-06-26,4218.29,4235.8,4207.22,4256.64
2019-06-27,4247.78,4275.8,4246.81,4294.29
2019-06-28,4272.15,4244.08,4218.81,4272.15
2019-07-01,4323.35,4367.71,4306.87,4367.71
2019-07-02,4363.81,4366.22,4350.67,4373.22
2019-07-03,4354.91,4320.96,4304.75,4354.99
2019-07-04,4324.3,4300.96,4281.43,4337.23
2019-07-05,4302.17,4319.95,4284.23,4327.93
2019-07-08,4304.31,4198.24,4175.83,4304.38
2019-07-09,4194.13,4198.81,4168.29,4209.03
2019-07-10,4210.05,4180.3,4166.54,4212.88
2019-07-11,4199.97,4178.88,4163.15,4228.91
2019-07-12,4178.66,4198.08,4161.52,4208.55
2019-07-15,4183.55,4228.49,4132.32,4247.34
2019-07-16,4222.62,4222.12,4211.28,4234.46
2019-07-17,4216.51,4221.56,4204.63,4238.2
2019-07-18,4205.93,4165.07,4165.07,4205.93
2019-07-19,4181.37,4199.32,4181.37,4227.39
2019-07-22,4203.72,4133.45,4123.08,4205.67
2019-07-23,4134.84,4159.73,4130.92,4159.73
2019-07-24,4172.57,4199.82,4172.57,4219.8
2019-07-25,4200.88,4224.53,4192.14,4224.57
2019-07-26,4211.08,4231.39,4205.05,4236.08
2019-07-29,4231.23,4228.46,4213.31,4239.42
2019-07-30,4233.43,4247.25,4233.43,4270.6
2019-07-31,4235.8,4214.72,4209.32,4235.8
2019-08-01,4195.38,4186.13,4170.92,4213.03
2019-08-02,4105.1,4124.29,4091.93,4130.12
2019-08-05,4105.08,4059.75,4059.75,4130.21
2019-08-06,3986.28,3988.35,3912.27,4002.69
2019-08-07,4009.24,3972.81,3972.81,4015.79
2019-08-08,3996.15,4013.87,3994.24,4020.31
2019-08-09,4032.6,3971.53,3965.39,4035.79
2019-08-12,3982.33,4042.23,3974.65,4042.23
2019-08-13,4015.15,4012.56,4000.59,4026.91
2019-08-14,4060.35,4033.88,4030.44,4069.69
2019-08-15,3955.48,4049.17,3946.32,4049.17
2019-08-16,4050.36,4068.25,4044.77,4096.11
2019-08-19,4099.4,4174.71,4092.37,4174.71
2019-08-20,4174.55,4175.61,4165.73,4195.8
2019-08-21,4167.37,4174.08,4162.82,4185.55
2019-08-22,4185.63,4187.5,4159.1,4188.62
2019-08-23,4189.9,4201.72,4178.11,4211.37
2019-08-26,4126.46,4156.74,4122.49,4168.49
2019-08-27,4181.09,4221.43,4181.09,4248.87
2019-08-28,4220.65,4210.11,4196.48,4226.13
2019-08-29,4214.6,4204.13,4189.81,4219.63
2019-08-30,4228.8,4184.78,4163.73,4238.84
2019-09-02,4189.1,4261.57,4186.72,4267.07
2019-09-03,4267.62,4278.92,4253.52,4278.92
2019-09-04,4272.46,4314.1,4269.79,4314.1
2019-09-05,4338.16,4355.55,4338.12,4399.07
2019-09-06,4373.77,4376.66,4345.37,4378.64
2019-09-09,4413.66,4436.61,4392.29,4436.61
2019-09-10,4440.7,4429.09,4402.7,4440.7
2019-09-11,4440.93,4398.02,4392.15,4442.52
2019-09-12,4411.36,4433.93,4392.96,4439.19
2019-09-16,4446.98,4433.12,4416.4,4447.5
2019-09-17,4422.34,4346.21,4332.13,4422.34
2019-09-18,4356.21,4358.25,4346.73,4370.94
2019-09-19,4370.12,4388.88,4344.3,4388.88
2019-09-20,4397.5,4398.24,4382.32,4408.49
2019-09-23,4386.07,4354.4,4325.92,4386.07
2019-09-24,4357.89,4366.95,4348.51,4399.23
2019-09-25,4350.13,4311.01,4311.01,4350.13
2019-09-26,4322.62,4237.0,4236.99,4329.2
2019-09-27,4237.89,4259.78,4233.33,4269.92
2019-09-30,4254.64,4214.4,4214.4,4268.79
2019-10-08,4219.45,4229.69,4219.45,4261.89
2019-10-09,4214.61,4250.48,4194.15,4250.48
2019-10-10,4249.79,4296.68,4241.41,4298.45
2019-10-11,4306.31,4322.16,4280.49,4336.19
2019-10-14,4356.73,4376.85,4349.24,4399.78
2019-10-15,4369.79,4340.14,4332.62,4369.79
2019-10-16,4342.63,4321.7,4318.7,4362.14
2019-10-17,4325.64,4320.67,4308.65,4335.55
2019-10-18,4327.66,4261.83,4254.98,4338.41
2019-10-21,4257.75,4260.58,4230.18,4263.33
2019-10-22,4270.66,4292.53,4260.08,4293.24
2019-10-23,4291.28,4263.3,4253.64,4296.71
2019-10-24,4265.03,4259.94,4235.13,4276.19
2019-10-25,4258.77,4289.74,4234.11,4293.98
2019-10-28,4306.24,4346.56,4304.58,4346.58
2019-10-29,4349.28,4309.47,4309.47,4349.28
2019-10-30,4296.95,4275.88,4267.21,4299.46
2019-10-31,4284.94,4253.92,4248.56,4291.15
2019-11-01,4246.98,4311.05,4239.09,4314.48
2019-11-04,4322.15,4336.19,4322.15,4350.19
2019-11-05,4340.47,4358.0,4321.35,4379.2
2019-11-06,4359.07,4328.75,4315.49,4359.07
2019-11-07,4327.17,4346.05,4320.84,4356.11
2019-11-08,4370.65,4329.01,4327.34,4376.85
2019-11-11,4304.03,4239.61,4233.67,4304.03
2019-11-12,4241.21,4244.05,4203.67,4250.15
2019-11-13,4243.23,4237.78,4221.52,4248.09
2019-11-14,4241.01,4254.66,4234.82,4265.13
2019-11-15,4254.36,4216.29,4216.29,4263.78
2019-11-18,4212.45,4246.92,4206.53,4251.0
2019-11-19,4245.27,4304.12,4242.97,4304.12
2019-11-20,4299.34,4269.6,4263.97,4304.83
2019-11-21,4255.13,4257.11,4242.35,4271.43
2019-11-22,4262.27,4212.93,4193.44,4294.9
2019-11-25,4213.0,4222.53,4182.97,4226.19
2019-11-26,4232.94,4226.89,4210.66,4241.66
2019-11-27,4220.14,4219.44,4201.63,4237.1
2019-11-28,4218.97,4205.78,4196.08,4232.41
2019-11-29,4201.96,4186.18,4155.93,4208.83
2019-12-02,4191.78,4194.2,4184.97,4212.36
2019-12-03,4183.58,4213.99,4166.82,4213.99
2019-12-04,4199.53,4214.52,4195.63,4219.91
2019-12-05,4225.54,4252.46,4223.38,4257.4
2019-12-06,4256.1,4280.51,4247.37,4280.51
2019-12-09,4288.31,4282.46,4272.1,4294.0
2019-12-10,4273.38,4296.03,4266.5,4296.11
2019-12-11,4299.07,4290.45,4276.67,4301.47
2019-12-12,4293.02,4280.61,4277.23,4297.47
2019-12-13,4314.28,4350.47,4310.68,4352.8
2019-12-16,4358.19,4397.0,4349.61,4397.0
2019-12-17,4398.49,4454.79,4395.34,4474.86
2019-12-18,4453.32,4450.0,4440.54,4475.29
2019-12-19,4451.47,4454.78,4438.91,4462.48
2019-12-20,4459.07,4426.58,4425.5,4468.06
2019-12-23,4416.87,4353.55,4350.92,4431.96
2019-12-24,4360.24,4402.06,4355.88,4402.31
2019-12-25,4397.95,4410.82,4390.59,4420.54
2019-12-26,4411.74,4446.55,4410.85,4446.55
2019-12-27,4450.62,4428.68,4426.23,4483.41
2019-12-30,4416.83,4480.35,4387.13,4480.71
2019-12-31,4476.67,4500.13,4470.09,4501.11
2020-01-02,4528.73,4571.72,4524.44,4581.24
2020-01-03,4580.49,4576.54,4555.85,4590.04
2020-01-06,4554.57,4585.95,4546.62,4622.61
2020-01-07,4593.51,4633.32,4593.36,4633.32
2020-01-08,4613.45,4575.36,4563.86,4627.31
2020-01-09,4610.82,4639.86,4610.82,4639.86
2020-01-10,4652.98,4633.42,4615.0,4656.21
2020-01-13,4634.11,4685.46,4615.28,4685.46
2020-01-14,4698.01,4672.65,4670.85,4702.45
2020-01-15,4667.26,4654.92,4630.35,4675.24
2020-01-16,4661.81,4641.22,4633.38,4664.38
2020-01-17,4653.81,4637.27,4626.08,4667.6
2020-01-20,4649.04,4684.63,4628.79,4684.63
2020-01-21,4670.15,4619.53,4618.61,4670.15
2020-01-22,4597.23,4641.99,4541.12,4655.26
2020-01-23,4597.87,4488.97,4450.56,4618.67
2020-02-03,4084.81,4121.6,4084.81,4159.2
2020-02-04,4009.46,4192.97,4009.46,4200.51
2020-02-05,4215.66,4273.04,4206.53,4315.78
2020-02-06,4282.21,4376.69,4252.56,4392.25
2020-02-07,4369.52,4397.21,4328.45,4397.21
2020-02-10,4381.32,4434.63,4368.84,4435.83
2020-02-11,4440.8,4442.58,4416.59,4467.34
2020-02-12,4430.68,4502.19,4427.52,4502.19
2020-02-13,4502.51,4468.2,4455.69,4518.08
2020-02-14,4461.44,4487.78,4454.63,4515.82
2020-02-17,4508.03,4612.98,4508.03,4612.99
2020-02-18,4613.4,4640.62,4582.78,4640.72
2020-02-19,4634.03,4618.01,4615.17,4668.22
2020-02-20,4630.45,4716.3,4613.42,4718.93
2020-02-21,4709.99,4751.46,4705.91,4785.77
2020-02-24,4741.0,4780.26,4712.92,4796.28
2020-02-25,4690.17,4784.12,4617.78,4790.71
2020-02-26,4721.44,4694.39,4679.58,4783.39
2020-02-27,4711.75,4704.98,4665.49,4749.07
2020-02-28,4567.54,4493.0,4489.28,4623.91
2020-03-02,4535.76,4655.57,4534.61,4678.68
2020-03-03,4727.47,4696.99,4661.85,4773.89
2020-03-04,4672.84,4721.66,4644.75,4721.91
2020-03-05,4773.48,4812.55,4740.05,4820.57
2020-03-06,4756.53,4764.24,4751.26,4792.66
2020-03-09,4683.81,4592.98,4592.52,4697.37
2020-03-10,4549.01,4698.1,4516.55,4698.75
2020-03-11,4708.69,4637.04,4637.04,4719.23
2020-03-12,4571.83,4547.24,4512.02,4591.89
2020-03-13,4327.99,4494.55,4326.8,4536.76
2020-03-16,4515.47,4296.9,4286.56,4515.57
2020-03-17,4319.08,4283.77,4158.5,4366.52
2020-03-18,4314.87,4206.62,4206.62,4372.32
2020-03-19,4196.86,4195.45,4086.34,4228.76
2020-03-20,4241.57,4257.0,4184.19,4263.46
2020-03-23,4136.0,4095.34,4085.09,4183.59
2020-03-24,4172.57,4189.86,4083.86,4196.12
2020-03-25,4282.03,4297.53,4253.95,4305.68
2020-03-26,4264.7,4263.54,4249.25,4307.54
2020-03-27,4314.39,4257.8,4256.6,4322.64
2020-03-30,4198.42,4190.86,4148.61,4217.96
2020-03-31,4227.89,4202.25,4191.64,4238.48
2020-04-01,4195.21,4185.81,4179.17,4252.38
2020-04-02,4164.84,4269.75,4162.69,4269.75
2020-04-03,4259.46,4244.74,4227.59,4278.2
2020-04-07,4319.93,4362.26,4315.15,4366.78
2020-04-08,4340.91,4357.03,4334.67,4371.85
2020-04-09,4378.17,4385.68,4368.41,4396.13
2020-04-10,4385.24,4319.36,4308.4,4396.5
2020-04-13,4293.75,4290.77,4270.63,4312.66
2020-04-14,4315.4,4378.07,4306.12,4378.09
2020-04-15,4376.17,4350.69,4346.83,4388.82
2020-04-16,4328.12,4368.84,4322.88,4375.4
2020-04-17,4399.04,4391.6,4384.45,4423.22
2020-04-20,4398.75,4427.69,4387.73,4427.81
2020-04-21,4410.23,4388.31,4348.87,4410.23
2020-04-22,4359.69,4426.65,4351.62,4426.65
2020-04-23,4439.56,4409.33,4406.51,4441.68
2020-04-24,4404.85,4351.55,4339.05,4405.16
2020-04-27,4358.22,4357.5,4332.53,4388.94
2020-04-28,4363.65,4346.08,4240.56,4366.01
2020-04-29,4328.71,4352.45,4325.12,4378.57
2020-04-30,4371.62,4426.34,4371.62,4437.47
2020-05-06,4383.48,4480.64,4381.43,4481.24
2020-05-07,4483.48,4471.04,4460.75,4493.74
2020-05-08,4491.9,4517.68,4486.64,4534.51
2020-05-11,4532.69,4511.05,4488.59,4550.89
2020-05-12,4510.84,4516.08,4467.96,4517.69
2020-05-13,4501.19,4533.77,4490.1,4539.01
2020-05-14,4514.79,4489.02,4487.75,4519.51
2020-05-15,4507.79,4491.43,4477.73,4516.42
2020-05-18,4497.7,4486.85,4470.04,4518.8
2020-05-19,4524.41,4533.77,4509.52,4534.01
2020-05-20,4532.27,4499.91,4486.64,4532.27
2020-05-21,4514.77,4462.15,4454.6,4517.24
2020-05-22,4455.57,4370.15,4354.73,4455.57
2020-05-25,4370.21,4371.64,4347.12,4382.09
2020-05-26,4391.61,4443.23,4388.64,4444.55
2020-05-27,4445.72,4413.32,4404.25,4445.72
2020-05-28,4413.75,4413.91,4362.02,4440.76
2020-05-29,4397.39,4439.09,4388.62,4446.31
2020-06-01,4473.36,4564.25,4473.36,4568.65
2020-06-02,4572.32,4574.13,4554.59,4585.3
2020-06-03,4589.2,4574.88,4573.03,4606.49
2020-06-04,4588.25,4578.9,4558.43,4590.39
2020-06-05,4583.99,4591.96,4557.46,4592.03
2020-06-08,4615.67,4598.69,4593.2,4632.32
2020-06-09,4603.54,4627.44,4590.88,4630.19
2020-06-10,4626.07,4624.67,4601.04,4626.14
2020-06-11,4620.8,4592.14,4572.47,4649.89
2020-06-12,4509.32,4596.96,4503.32,4612.27
2020-06-15,4586.07,4566.52,4566.52,4623.06
2020-06-16,4607.43,4643.22,4601.74,4643.33
2020-06-17,4649.01,4655.93,4621.88,4656.28
2020-06-18,4649.83,4667.58,4636.85,4673.4
2020-06-19,4668.68,4717.91,4665.97,4727.98
2020-06-22,4721.37,4725.94,4711.95,4747.12
2020-06-23,4723.31,4743.45,4702.17,4745.09
2020-06-24,4748.6,4748.33,4733.09,4760.2
2020-06-29,4735.81,4721.12,4702.95,4745.23
2020-06-30,4743.48,4792.71,4743.48,4801.27
2020-07-01,4805.86,4849.46,4791.8,4849.46
2020-07-02,4844.96,4931.1,4837.71,4934.34
2020-07-03,4946.15,5008.35,4941.73,5008.35
2020-07-06,5051.17,5249.3,5051.17,5253.16
2020-07-07,5315.64,5301.94,5261.51,5394.14
2020-07-08,5299.14,5403.75,5270.54,5421.82
2020-07-09,5403.76,5513.9,5394.21,5525.02
2020-07-10,5478.41,5452.85,5432.75,5524.77
2020-07-13,5459.24,5604.01,5459.24,5607.77
2020-07-14,5594.28,5550.2,5451.62,5612.68
2020-07-15,5563.64,5445.83,5418.17,5578.82
2020-07-16,5443.38,5178.85,5173.38,5478.88
2020-07-17,5184.93,5202.82,5137.39,5274.9
2020-07-20,5262.43,5362.66,5201.24,5362.66
2020-07-21,5381.04,5385.97,5341.38,5405.12
2020-07-22,5376.83,5420.11,5363.19,5488.22
2020-07-23,5371.43,5417.92,5283.64,5431.42
2020-07-24,5386.45,5169.07,5146.58,5403.69
2020-07-27,5194.02,5183.82,5130.58,5216.65
2020-07-28,5225.64,5235.68,5196.7,5257.06
2020-07-29,5224.39,5370.0,5210.39,5370.0
2020-07-30,5383.78,5351.83,5340.28,5400.41
2020-07-31,5344.21,5409.46,5316.24,5441.22
2020-08-03,5455.54,5529.01,5441.78,5529.04
2020-08-04,5541.24,5512.57,5486.32,5557.19
2020-08-05,5506.72,5544.96,5458.59,5555.79
2020-08-06,5547.53,5535.71,5450.36,5558.43
2020-08-07,5514.08,5469.81,5383.45,5519.59
2020-08-10,5446.55,5491.63,5422.0,5528.76
2020-08-11,5494.82,5414.82,5407.9,5539.97
2020-08-12,5397.23,5363.44,5257.45,5410.48
2020-08-13,5383.03,5366.55,5348.3,5396.91
2020-08-14,5358.17,5431.54,5337.83,5434.1
2020-08-17,5451.63,5547.48,5441.31,5560.8
2020-08-18,5551.12,5568.39,5538.05,5582.57
2020-08-19,5559.78,5474.66,5471.14,5559.78
2020-08-20,5435.75,5405.45,5386.23,5462.74
2020-08-21,5441.11,5447.72,5406.16,5472.34
2020-08-24,5471.6,5490.78,5422.53,5504.37
2020-08-25,5500.85,5482.94,5464.94,5531.4
2020-08-26,5481.39,5393.72,5374.44,5498.53
2020-08-27,5403.77,5438.76,5365.79,5442.48
2020-08-28,5432.23,5541.35,5421.09,5546.59
2020-08-31,5568.6,5525.21,5524.92,5608.27
2020-09-01,5515.43,5556.5,5493.88,5556.5
2020-09-02,5571.52,5564.69,5508.22,5585.92
2020-09-03,5560.62,5522.08,5502.35,5585.0
2020-09-04,5427.72,5485.28,5421.94,5493.5
2020-09-07,5479.68,5375.87,5357.24,5515.53
2020-09-08,5388.5,5408.83,5335.13,5419.97
2020-09-09,5343.68,5268.44,5247.71,5355.43
2020-09-10,5313.88,5193.2,5181.16,5321.93
2020-09-11,5174.41,5256.62,5172.4,5261.24
2020-09-14,5286.63,5302.57,5264.98,5321.24
2020-09-15,5304.85,5337.35,5281.88,5339.58
2020-09-16,5330.74,5297.79,5273.5,5330.76
2020-09-17,5284.79,5287.87,5241.2,5324.84
2020-09-18,5290.16,5387.11,5282.62,5388.98
2020-09-21,5403.24,5354.67,5347.96,5405.43
2020-09-22,5310.86,5286.99,5270.87,5365.61
2020-09-23,5297.63,5311.65,5277.12,5326.71
2020-09-24,5277.93,5192.71,5192.41,5281.87
2020-09-25,5215.26,5187.29,5166.8,5225.08
2020-09-28,5200.41,5165.06,5160.56,5214.31
2020-09-29,5192.6,5195.96,5172.16,5221.89
2020-09-30,5211.74,5189.36,5161.9,5237.52
2020-10-09,5277.63,5319.45,5274.84,5331.37
2020-10-12,5353.77,5481.95,5351.73,5481.95
2020-10-13,5473.21,5499.7,5451.06,5506.09
2020-10-14,5490.81,5462.87,5451.85,5490.81
2020-10-15,5465.92,5436.29,5435.33,5477.74
2020-10-16,5435.54,5424.6,5389.56,5456.2
2020-10-19,5458.03,5383.36,5372.93,5475.38
2020-10-20,5377.14,5432.82,5358.14,5432.82
2020-10-21,5438.82,5395.78,5368.77,5438.82
2020-10-22,5379.08,5374.55,5320.24,5390.17
2020-10-23,5372.9,5295.62,5290.07,5402.76
2020-10-26,5267.62,5284.85,5214.55,5306.67
2020-10-27,5270.19,5297.0,5259.27,5304.25
2020-10-28,5297.38,5326.01,5261.07,5340.53
2020-10-29,5261.05,5346.9,5253.89,5373.08
2020-10-30,5353.34,5241.17,5231.52,5355.09
2020-11-02,5248.04,5266.93,5231.66,5280.59
2020-11-03,5289.96,5343.8,5277.57,5351.07
2020-11-04,5347.69,5361.25,5316.87,5372.89
2020-11-05,5410.48,5448.96,5390.43,5448.96
2020-11-06,5462.14,5423.96,5384.76,5462.14
2020-11-09,5457.35,5536.09,5457.35,5553.52
2020-11-10,5546.4,5494.1,5467.31,5546.4
2020-11-11,5477.89,5425.8,5422.91,5493.59
2020-11-12,5439.23,5435.14,5413.97,5454.35
2020-11-13,5418.3,5402.77,5364.2,5418.35
2020-11-16,5422.36,5456.73,5391.92,5456.73
2020-11-17,5454.07,5428.08,5395.61,5454.07
2020-11-18,5422.21,5426.94,5403.77,5453.88
2020-11-19,5415.02,5459.53,5396.44,5469.21
2020-11-20,5457.81,5488.77,5451.81,5493.07
2020-11-23,5499.09,5539.28,5480.61,5566.52
2020-11-24,5533.84,5521.1,5506.61,5538.69
2020-11-25,5536.11,5438.56,5438.56,5541.06
2020-11-26,5434.43,5432.55,5383.72,5448.73
2020-11-27,5439.19,5470.48,5407.16,5470.48
2020-11-30,5480.48,5450.5,5450.5,5529.17
2020-12-01,5446.59,5550.59,5445.17,5556.09
2020-12-02,5556.13,5555.82,5526.7,5567.69
2020-12-03,5553.23,5548.02,5523.71,5563.97
2020-12-04,5538.52,5564.93,5516.61,5571.52
2020-12-07,5567.97,5531.96,5527.97,5571.64
2020-12-08,5536.87,5525.28,5513.73,5550.73
2020-12-09,5534.21,5439.05,5439.05,5541.43
2020-12-10,5424.24,5440.8,5408.14,5467.68
2020-12-11,5453.49,5371.69,5328.53,5455.14
2020-12-14,5378.07,5421.86,5357.19,5423.76
2020-12-15,5416.98,5434.04,5395.49,5442.51
2020-12-16,5441.3,5422.46,5409.47,5444.56
2020-12-17,5421.75,5483.72,5394.89,5486.84
2020-12-18,5483.09,5465.58,5446.62,5498.78
2020-12-21,5466.33,5538.33,5449.36,5539.01
2020-12-22,5521.6,5435.09,5430.64,5538.49
2020-12-23,5443.39,5480.68,5440.67,5501.36
2020-12-24,5477.65,5434.99,5419.49,5490.69
2020-12-25,5417.16,5485.72,5410.69,5487.76
2020-12-28,5487.74,5483.81,5460.28,5511.69
2020-12-29,5486.57,5454.43,5449.06,5501.62
2020-12-30,5451.18,5524.24,5450.29,5525.35
2020-12-31,5533.77,5621.73,5533.77,5623.77
2021-01-04,5632.87,5712.18,5613.42,5725.86
2021-01-05,5691.34,5780.67,5678.21,5780.67
2021-01-06,5793.44,5791.31,5726.49,5818.79
2021-01-07,5791.4,5819.75,5739.87,5819.75
2021-01-08,5826.01,5804.6,5756.62,5841.3
2021-01-11,5810.53,5726.66,5697.85,5839.12
2021-01-12,5704.6,5851.01,5703.68,5851.01
2021-01-13,5860.3,5812.27,5772.69,5874.68
2021-01-14,5788.24,5735.21,5721.64,5803.26
2021-01-15,5731.91,5740.28,5666.29,5764.24
2021-01-18,5724.43,5817.52,5711.7,5831.23
2021-01-19,5820.64,5755.58,5736.21,5829.34
2021-01-20,5758.22,5804.39,5744.14,5812.77
2021-01-21,5815.87,5884.72,5815.28,5912.19
2021-01-22,5879.54,5885.35,5830.03,5891.17
2021-01-25,5877.85,5902.03,5850.66,5944.67
2021-01-26,5876.86,5791.26,5782.78,5877.64
2021-01-27,5784.96,5805.76,5727.73,5814.16
2021-01-28,5730.22,5665.26,5653.16,5761.06
2021-01-29,5700.28,5615.57,5545.85,5715.16
2021-02-01,5611.97,5667.79,5601.71,5669.91
2021-02-02,5677.29,5742.2,5650.09,5744.39
2021-02-03,5740.97,5706.48,5701.93,5764.51
2021-02-04,5679.01,5660.39,5592.22,5718.71
2021-02-05,5677.58,5628.43,5625.09,5710.18
2021-02-08,5645.18,5702.53,5612.92,5718.56
2021-02-09,5718.76,5826.28,5703.07,5827.31
2021-02-10,5845.15,5918.59,5836.65,5932.74
2021-02-18,6028.97,5930.61,5904.06,6041.38
2021-02-19,5904.86,5977.42,5853.93,5982.02
2021-02-22,5991.07,5863.74,5863.74,6009.32
2021-02-23,5815.8,5839.9,5811.29,5900.23
2021-02-24,5846.77,5727.23,5669.65,5862.76
2021-02-25,5780.93,5729.91,5716.23,5787.69
2021-02-26,5609.86,5617.67,5599.43,5687.77
2021-03-01,5664.71,5723.76,5646.1,5725.69
2021-03-02,5753.74,5665.9,5622.75,5753.74
2021-03-03,5648.09,5759.45,5644.45,5759.78
2021-03-04,5706.62,5611.59,5587.98,5712.98
2021-03-05,5532.71,5607.55,5522.91,5646.28
2021-03-08,5645.42,5446.47,5445.84,5672.44
2021-03-09,5431.41,5317.15,5253.1,5447.12
2021-03-10,5387.1,5321.87,5309.11,5391.77
2021-03-11,5337.38,5452.28,5324.52,5452.28
2021-03-12,5472.96,5469.16,5409.5,5473.23
2021-03-15,5441.97,5382.11,5335.47,5456.93
2021-03-16,5395.9,5430.04,5356.44,5430.53
2021-03-17,5414.85,5457.86,5374.12,5470.82
2021-03-18,5466.79,5493.35,5463.24,5514.48
2021-03-19,5421.02,5389.63,5361.92,5454.45
2021-03-22,5392.39,5456.4,5385.7,5456.72
2021-03-23,5456.71,5397.61,5361.8,5456.71
2021-03-24,5369.08,5318.97,5310.85,5407.46
2021-03-25,5294.61,5318.06,5271.91,5345.9
2021-03-26,5337.57,5425.75,5337.57,5437.36
2021-03-29,5440.53,5436.15,5403.8,5470.64
2021-03-30,5428.63,5463.43,5408.75,5472.29
2021-03-31,5455.48,5433.7,5398.06,5455.48
2021-04-01,5442.1,5487.7,5433.95,5493.0
2021-04-02,5502.8,5524.69,5486.27,5536.36
2021-04-06,5540.72,5527.49,5510.7,5544.59
2021-04-07,5531.12,5509.27,5464.9,5531.12
2021-04-08,5488.26,5509.02,5470.15,5530.57
2021-04-09,5499.21,5457.59,5440.98,5500.99
2021-04-12,5452.44,5365.05,5349.71,5467.99
2021-04-13,5361.22,5350.87,5336.15,5402.13
2021-04-14,5354.14,5408.43,5354.14,5413.56
2021-04-15,5395.67,5382.62,5337.5,5395.67
2021-04-16,5395.11,5420.68,5366.52,5431.04
2021-04-19,5419.57,5533.78,5401.42,5535.04
2021-04-20,5515.49,5526.53,5507.69,5566.36
2021-04-21,5496.26,5532.14,5485.03,5543.93
2021-04-22,5549.8,5536.28,5514.97,5553.59
2021-04-23,5534.15,5560.17,5525.19,5573.34
2021-04-26,5578.87,5512.84,5508.41,5610.57
2021-04-27,5509.34,5515.48,5465.21,5516.67
2021-04-28,5501.72,5548.49,5486.17,5548.49
2021-04-29,5551.83,5572.66,5534.95,5581.3
2021-04-30,5560.63,5544.26,5510.7,5573.53
2021-05-06,5531.77,5510.01,5475.61,5563.07
2021-05-07,5520.84,5445.09,5445.09,5533.8
2021-05-10,5451.83,5454.54,5416.99,5470.28
2021-05-11,5418.48,5473.07,5376.34,5484.28
2021-05-12,5453.27,5511.47,5451.32,5516.19
2021-05-13,5458.25,5460.08,5448.65,5499.13
2021-05-14,5475.08,5562.16,5449.51,5562.73
2021-05-17,5562.22,5611.83,5562.07,5638.4
2021-05-18,5613.21,5622.27,5586.8,5622.86
2021-05-19,5606.84,5612.2,5586.9,5626.76
2021-05-20,5597.21,5614.16,5580.08,5632.15
2021-05-21,5625.9,5582.61,5572.61,5640.23
2021-05-24,5584.76,5611.12,5553.94,5611.12
2021-05-25,5618.42,5736.13,5614.12,5740.57
2021-05-26,5742.11,5744.16,5733.4,5762.6
2021-05-27,5737.58,5776.21,5721.78,5799.64
2021-05-28,5779.62,5765.0,5737.05,5803.71
2021-05-31,5769.5,5809.37,5747.93,5809.37
2021-06-01,5798.79,5825.59,5752.66,5826.87
2021-06-02,5828.26,5767.11,5745.66,5831.93
2021-06-03,5763.58,5740.73,5740.73,5801.65
2021-06-04,5715.88,5768.97,5708.81,5810.8
2021-06-07,5775.21,5780.22,5746.43,5780.35
2021-06-08,5780.02,5739.39,5708.77,5815.31
2021-06-09,5733.1,5747.46,5719.91,5762.41
2021-06-10,5745.59,5797.19,5739.51,5814.31
2021-06-11,5803.84,5755.73,5751.28,5804.23
2021-06-15,5753.49,5699.55,5675.98,5758.96
2021-06-16,5694.74,5598.98,5593.63,5695.15
2021-06-17,5593.13,5643.38,5593.13,5649.92
2021-06-18,5643.96,5669.45,5627.01,5684.79
2021-06-21,5655.2,5690.65,5634.79,5710.97
2021-06-22,5705.57,5725.3,5684.59,5727.22
2021-06-23,5729.19,5760.18,5713.62,5774.19
2021-06-24,5766.92,5745.76,5725.48,5767.39
2021-06-25,5747.98,5812.08,5745.12,5822.85
2021-06-28,5822.3,5839.27,5812.65,5844.6
2021-06-29,5842.82,5785.5,5782.14,5842.82
2021-06-30,5787.25,5834.19,5781.48,5838.01
2021-07-01,5849.05,5801.89,5785.63,5850.79
2021-07-02,5766.99,5687.29,5679.47,5766.99
2021-07-05,5687.9,5720.74,5675.55,5724.83
2021-07-06,5726.81,5710.24,5645.29,5739.58
2021-07-07,5676.73,5781.48,5665.26,5787.92
2021-07-08,5792.83,5748.98,5740.64,5799.55
2021-07-09,5721.88,5752.11,5666.31,5765.5
2021-07-12,5793.31,5839.9,5767.48,5859.42
2021-07-13,5835.32,5861.07,5824.13,5861.38
2021-07-14,5846.58,5798.98,5791.96,5851.67
2021-07-15,5782.62,5845.15,5747.44,5845.89
2021-07-16,5835.67,5795.53,5792.47,5851.54
2021-07-19,5786.08,5798.31,5748.0,5807.2
2021-07-20,5755.79,5805.93,5751.37,5807.49
2021-07-21,5824.47,5875.68,5824.47,5890.1
2021-07-22,5883.34,5898.53,5863.08,5898.99
2021-07-23,5892.79,5833.64,5818.69,5892.79
2021-07-26,5814.24,5694.92,5607.88,5814.24
2021-07-27,5696.7,5517.65,5517.65,5730.19
2021-07-28,5469.84,5481.89,5370.39,5532.94
2021-07-29,5575.22,5618.94,5550.35,5629.08
2021-07-30,5603.6,5607.75,5550.21,5621.35
2021-08-02,5598.86,5727.72,5577.18,5727.72
2021-08-03,5705.22,5699.81,5683.1,5747.08
2021-08-04,5691.42,5780.62,5686.4,5780.84
2021-08-05,5753.32,5748.75,5722.14,5786.44
2021-08-06,5751.82,5738.2,5698.76,5755.1
2021-08-09,5708.29,5785.83,5697.27,5797.76
2021-08-10,5775.51,5837.26,5761.2,5837.26
2021-08-11,5833.12,5841.8,5817.78,5858.03
2021-08-12,5825.51,5824.18,5798.14,5850.8
2021-08-13,5802.45,5804.73,5775.02,5855.06
2021-08-16,5794.53,5779.83,5768.11,5819.45
2021-08-17,5774.27,5646.55,5631.02,5798.97
2021-08-18,5645.65,5703.63,5630.67,5710.71
2021-08-19,5693.38,5694.73,5646.05,5724.35
2021-08-20,5654.4,5626.24,5566.74,5678.06
2021-08-23,5644.35,5730.8,5642.86,5739.51
2021-08-24,5737.79,5786.15,5730.14,5800.9
2021-08-25,5786.2,5816.81,5763.69,5816.81
2021-08-26,5813.23,5733.42,5730.19,5813.23
2021-08-27,5719.19,5757.15,5712.69,5773.84
2021-08-30,5774.75,5762.84,5735.03,5795.93
2021-08-31,5751.92,5759.26,5686.98,5759.38
2021-09-01,5762.22,5761.87,5672.72,5794.9
2021-09-02,5750.12,5798.48,5747.61,5798.95
2021-09-03,5806.97,5767.88,5747.35,5826.65
2021-09-06,5770.65,5861.81,5763.88,5867.89
2021-09-07,5861.3,5943.95,5845.6,5950.25
2021-09-08,5942.77,5943.76,5919.3,5969.04
2021-09-09,5930.83,5954.42,5906.17,5954.52
2021-09-10,5948.96,5980.36,5934.31,6001.13
2021-09-13,5978.53,5981.76,5950.26,5999.18
2021-09-14,5975.43,5920.57,5909.19,6014.37
2021-09-15,5906.4,5910.01,5880.6,5936.65
2021-09-16,5913.78,5807.1,5807.1,5931.65
2021-09-17,5792.85,5827.81,5749.44,5833.17
2021-09-22,5743.0,5824.67,5736.74,5828.44
2021-09-23,5861.62,5854.08,5842.47,5884.23
2021-09-24,5845.41,5807.96,5801.27,5871.97
2021-09-27,5828.71,5743.8,5704.71,5849.08
2021-09-28,5730.1,5752.75,5715.0,5769.03
2021-09-29,5707.58,5639.47,5619.52,5709.58
2021-09-30,5658.34,5723.46,5658.34,5731.66
2021-10-08,5787.81,5769.29,5736.85,5795.93
2021-10-11,5780.58,5757.89,5746.94,5792.29
2021-10-12,5742.11,5668.45,5616.36,5742.11
2021-10-13,5667.79,5723.25,5637.77,5729.91
2021-10-14,5715.7,5725.21,5700.67,5739.84
2021-10-15,5708.47,5740.99,5690.06,5751.48
2021-10-18,5736.33,5736.73,5682.71,5736.81
2021-10-19,5732.82,5785.59,5732.16,5788.75
2021-10-20,5777.04,5779.11,5763.28,5805.29
2021-10-21,5782.58,5782.98,5752.17,5809.81
2021-10-22,5788.05,5775.44,5772.77,5817.91
2021-10-25,5764.98,5820.16,5756.4,5821.2
2021-10-26,5833.42,5801.98,5790.62,5847.82
2021-10-27,5787.91,5739.81,5722.15,5787.91
2021-10-28,5722.1,5668.07,5650.77,5733.38
2021-10-29,5671.12,5740.29,5651.34,5741.0
2021-11-01,5717.77,5752.86,5704.64,5778.25
2021-11-02,5752.94,5694.34,5646.35,5779.94
2021-11-03,5688.37,5688.08,5654.9,5713.23
2021-11-04,5707.66,5749.67,5703.11,5749.83
2021-11-05,5740.52,5702.48,5702.48,5762.25
2021-11-08,5699.26,5724.72,5688.08,5733.92
2021-11-09,5737.97,5755.41,5717.26,5759.47
2021-11-10,5738.23,5736.36,5655.27,5740.01
2021-11-11,5728.61,5806.49,5721.88,5808.88
2021-11-12,5808.77,5821.34,5799.51,5826.64
2021-11-15,5829.45,5806.09,5784.67,5838.14
2021-11-16,5800.64,5781.86,5775.07,5829.78
2021-11-17,5785.27,5825.66,5778.85,5825.8
2021-11-18,5817.15,5787.9,5777.51,5820.9
2021-11-19,5783.13,5853.57,5779.0,5855.33
2021-11-22,5862.21,5914.58,5862.21,5916.08
2021-11-23,5909.18,5913.53,5899.98,5931.63
2021-11-24,5912.44,5911.98,5892.63,5931.39
2021-11-25,5912.74,5897.33,5892.58,5916.31
2021-11-26,5885.43,5876.02,5860.98,5895.52
2021-11-29,5815.17,5887.0,5812.11,5888.28
2021-11-30,5904.17,5891.45,5859.13,5917.68
2021-12-01,5887.66,5906.55,5876.72,5906.55
2021-12-02,5899.35,5887.0,5881.92,5916.04
2021-12-03,5889.68,5935.4,5887.5,5936.82
2021-12-06,5937.5,5887.77,5883.45,5952.5
2021-12-07,5924.03,5869.69,5830.44,5929.19
2021-12-08,5885.27,5960.45,5874.35,5960.45
2021-12-09,5963.28,6015.09,5960.58,6036.2
2021-12-10,5981.64,6008.62,5976.05,6015.24
2021-12-13,6037.26,6043.28,6030.49,6073.88
2021-12-14,6026.93,6021.94,6010.91,6037.43
2021-12-15,6012.54,5992.05,5986.03,6038.3
2021-12-16,5996.39,6031.25,5982.7,6031.25
2021-12-17,6021.1,5951.29,5951.13,6021.1
2021-12-20,5931.67,5860.27,5854.72,5966.99
2021-12-21,5857.08,5918.82,5857.08,5920.82
2021-12-22,5933.05,5937.93,5922.77,5947.73
2021-12-23,5943.58,5959.16,5928.76,5962.69
2021-12-24,5963.64,5896.64,5889.15,5965.68
2021-12-27,5891.24,5897.16,5871.45,5928.4
2021-12-28,5904.38,5939.42,5892.31,5940.12
2021-12-29,5937.79,5885.31,5884.4,5937.79
2021-12-30,5885.82,5935.27,5885.82,5953.22
2021-12-31,5951.31,5969.8,5947.39,5974.07
2022-01-04,5991.91,5958.74,5920.41,5995.15
2022-01-05,5949.01,5868.58,5843.88,5949.79
2022-01-06,5837.8,5855.53,5801.15,5868.57
2022-01-07,5860.04,5811.61,5808.18,5878.78
2022-01-10,5798.81,5839.64,5764.16,5841.27
2022-01-11,5837.21,5787.49,5778.36,5852.9
2022-01-12,5812.1,5857.31,5805.59,5859.0
2022-01-13,5864.0,5768.85,5768.85,5864.0
2022-01-14,5743.46,5746.23,5729.45,5783.96
2022-01-17,5751.11,5814.11,5751.11,5819.22
2022-01-18,5815.2,5823.33,5790.12,5846.64
2022-01-19,5814.07,5784.12,5752.13,5830.4
2022-01-20,5782.51,5756.52,5743.34,5811.04
2022-01-21,5739.66,5695.02,5683.36,5747.83
2022-01-24,5664.63,5704.39,5658.36,5722.18
2022-01-25,5679.38,5531.88,5531.88,5702.41
2022-01-26,5550.52,5568.44,5496.69,5586.75
2022-01-27,5566.47,5433.24,5431.03,5566.49
2022-01-28,5465.54,5405.91,5369.54,5487.54
2022-02-07,5487.31,5484.44,5467.43,5510.31
2022-02-08,5479.06,5490.48,5384.37,5490.48
2022-02-09,5489.8,5560.69,5478.02,5565.88
2022-02-10,5563.55,5544.29,5507.66,5563.55
2022-02-11,5519.02,5471.57,5464.77,5547.81
2022-02-14,5444.06,5432.64,5407.86,5484.96
2022-02-15,5437.42,5490.89,5430.28,5492.17
2022-02-16,5514.1,5522.11,5504.52,5536.65
2022-02-17,5517.35,5532.49,5503.83,5560.57
2022-02-18,5501.87,5564.38,5494.22,5564.38
2022-02-21,5564.92,5582.13,5547.24,5583.63
2022-02-22,5549.05,5518.63,5489.06,5549.05
2022-02-23,5526.42,5601.32,5526.42,5602.88
2022-02-24,5570.01,5483.35,5422.1,5602.63
2022-02-25,5524.35,5536.75,5522.65,5585.57
2022-02-28,5534.01,5554.68,5482.73,5554.68
2022-03-01,5569.87,5588.58,5549.6,5590.44
2022-03-02,5562.61,5564.6,5533.54,5568.55
2022-03-03,5584.65,5532.53,5523.15,5589.59
2022-03-04,5494.48,5464.87,5447.38,5526.99
2022-03-07,5439.3,5323.15,5301.9,5439.3
2022-03-08,5327.08,5184.96,5167.43,5345.53
2022-03-09,5199.58,5128.01,4929.48,5226.0
2022-03-10,5239.95,5220.5,5212.75,5269.56
2022-03-11,5150.42,5248.11,5089.84,5256.95
2022-03-14,5192.77,5098.41,5098.41,5228.66
2022-03-15,5048.02,4854.05,4854.05,5082.18
2022-03-16,4937.3,5040.99,4781.18,5053.29
2022-03-17,5120.19,5135.63,5114.87,5216.43
2022-03-18,5114.19,5179.14,5100.37,5192.51
2022-03-21,5191.78,5200.6,5146.63,5224.9
2022-03-22,5191.43,5191.67,5165.14,5227.54
2022-03-23,5204.62,5216.87,5180.45,5231.1
2022-03-24,5187.79,5174.91,5140.47,5206.13
2022-03-25,5174.86,5103.07,5103.07,5189.18
2022-03-28,5059.57,5078.44,5010.79,5114.21
2022-03-29,5087.03,5053.11,5038.33,5107.96
2022-03-30,5078.31,5174.75,5073.24,5174.75
2022-03-31,5156.34,5134.62,5125.39,5168.54
2022-04-01,5104.16,5170.98,5089.99,5184.53
2022-04-06,5158.4,5167.55,5129.42,5173.29
2022-04-07,5140.59,5076.52,5076.52,5174.32
2022-04-08,5080.6,5078.0,5010.57,5092.92
2022-04-11,5050.73,4916.17,4897.39,5050.73
2022-04-12,4913.12,5001.97,4877.75,5001.97
2022-04-13,4973.61,4933.02,4933.02,5001.72
2022-04-14,4963.6,4993.45,4949.74,5019.95
2022-04-15,4962.51,4957.72,4932.31,4992.19
2022-04-18,4918.66,4957.23,4880.26,4966.26
2022-04-19,4952.61,4947.55,4919.21,4983.93
2022-04-20,4943.37,4867.24,4852.29,4947.78
2022-04-21,4843.09,4731.33,4714.19,4876.56
2022-04-22,4698.66,4718.91,4661.57,4757.89
2022-04-25,4630.78,4432.89,4432.89,4638.22
2022-04-26,4436.79,4351.27,4339.93,4486.28
2022-04-27,4308.27,4503.95,4302.04,4504.05
2022-04-28,4481.14,4501.36,4443.87,4542.1
2022-04-29,4527.35,4647.02,4507.1,4652.18
2022-05-05,4630.04,4676.85,4625.25,4710.21
2022-05-06,4574.78,4580.55,4562.29,4624.35
2022-05-09,4561.46,4587.44,4558.01,4613.52
2022-05-10,4523.88,4651.72,4511.91,4660.57
2022-05-11,4654.46,4703.87,4654.14,4789.69
2022-05-12,4675.52,4704.52,4664.64,4731.14
2022-05-13,4728.49,4739.19,4694.11,4748.38
2022-05-16,4770.44,4721.8,4707.39,4777.76
2022-05-17,4723.76,4759.94,4692.29,4759.94
2022-05-18,4765.85,4755.46,4733.13,4790.87
2022-05-19,4687.86,4778.54,4680.55,4778.54
2022-05-20,4799.51,4857.26,4799.23,4857.26
2022-05-23,4865.21,4868.52,4829.19,4870.95
2022-05-24,4868.05,4714.13,4714.13,4868.55
2022-05-25,4712.5,4769.14,4709.36,4769.14
2022-05-26,4774.83,4792.16,4710.48,4813.69
2022-05-27,4817.25,4795.29,4764.75,4844.41
2022-05-30,4815.59,4834.67,4783.98,4835.75
2022-05-31,4836.51,4901.99,4812.55,4906.51
2022-06-01,4892.17,4904.74,4868.82,4918.39
2022-06-02,4884.42,4931.21,4874.89,4933.79
2022-06-06,4933.52,5027.55,4916.82,5028.09
2022-06-07,5028.56,5031.34,4995.87,5051.86
2022-06-08,5035.19,5061.66,4977.35,5067.77
2022-06-09,5051.56,4994.07,4971.55,5058.6
2022-06-10,4959.29,5079.69,4955.86,5082.47
2022-06-13,5035.78,5058.04,5012.41,5080.17
2022-06-14,5004.79,5084.09,4932.69,5084.63
2022-06-15,5089.5,5111.96,5088.85,5197.95
2022-06-16,5113.86,5107.8,5090.25,5155.43
2022-06-17,5072.72,5165.79,5069.52,5174.39
2022-06-20,5179.4,5200.68,5158.05,5232.48
2022-06-21,5198.45,5177.68,5129.06,5219.39
2022-06-22,5182.59,5111.06,5109.68,5184.72
2022-06-23,5117.21,5208.37,5092.54,5208.37
2022-06-24,5220.58,5269.81,5214.47,5276.1
2022-06-27,5294.53,5322.66,5294.53,5346.38
2022-06-28,5321.71,5386.11,5294.06,5391.14
2022-06-29,5368.68,5281.53,5277.44,5391.47
2022-06-30,5282.56,5350.83,5282.56,5381.36
2022-07-01,5353.51,5336.14,5318.91,5366.63
2022-07-04,5323.0,5381.56,5294.16,5381.56
2022-07-05,5389.88,5364.21,5302.91,5409.85
2022-07-06,5346.8,5293.9,5252.39,5356.35
2022-07-07,5293.82,5329.09,5260.18,5343.8
2022-07-08,5352.48,5308.52,5304.67,5365.16
2022-07-11,5286.86,5231.29,5196.42,5286.86
2022-07-12,5229.49,5167.81,5160.39,5246.12
2022-07-13,5167.47,5194.87,5142.03,5213.59
2022-07-14,5183.87,5215.73,5173.26,5247.3
2022-07-15,5191.48,5133.32,5133.32,5235.0
2022-07-18,5147.47,5210.42,5122.49,5212.78
2022-07-19,5211.38,5214.09,5175.0,5228.07
2022-07-20,5233.87,5252.89,5224.89,5261.85
2022-07-21,5240.77,5206.88,5206.88,5254.25
2022-07-22,5218.38,5194.89,5153.5,5243.94
2022-07-25,5194.35,5151.87,5138.79,5202.17
2022-07-26,5157.34,5201.61,5135.99,5209.5
2022-07-27,5191.69,5209.35,5180.05,5218.05
2022-07-28,5232.51,5224.38,5215.62,5264.28
2022-07-29,5227.14,5174.98,5165.51,5241.99
2022-08-01,5165.96,5206.5,5133.08,5209.77
2022-08-02,5152.06,5069.12,5019.72,5152.06
2022-08-03,5075.83,5026.75,5013.99,5134.52
2022-08-04,5054.1,5069.67,5007.78,5076.67
2022-08-05,5080.5,5142.27,5068.82,5145.28
2022-08-08,5130.08,5169.24,5121.99,5169.58
2022-08-09,5164.13,5184.38,5148.4,5185.38
2022-08-10,5173.95,5158.4,5136.08,5193.82
2022-08-11,5181.76,5245.26,5169.13,5245.26
2022-08-12,5237.29,5228.89,5227.66,5256.13
2022-08-15,5217.93,5241.73,5211.51,5256.76
2022-08-16,5247.28,5254.11,5240.06,5278.88
2022-08-17,5260.19,5284.56,5229.2,5290.78
2022-08-18,5272.48,5265.72,5251.36,5274.56
2022-08-19,5263.43,5209.72,5209.72,5275.37
2022-08-22,5194.07,5250.74,5184.04,5250.74
2022-08-23,5241.73,5245.85,5225.29,5255.9
2022-08-24,5252.4,5110.53,5105.11,5254.58
2022-08-25,5125.53,5127.57,5056.48,5133.74
2022-08-26,5138.31,5109.44,5101.83,5168.26
2022-08-29,5047.31,5112.72,5039.17,5112.72
2022-08-30,5112.1,5089.1,5064.03,5116.32
2022-08-31,5069.64,5017.15,4993.43,5082.53
2022-09-01,5009.88,4983.7,4976.97,5043.93
2022-09-02,4994.63,4994.81,4972.08,5011.35
2022-09-05,4986.3,4999.18,4963.14,5004.05
2022-09-06,5011.51,5066.94,4996.97,5066.94
2022-09-07,5047.23,5080.88,5040.6,5094.79
2022-09-08,5083.59,5048.68,5045.39,5088.09
2022-09-09,5058.8,5087.47,5043.48,5091.76
2022-09-13,5106.02,5097.08,5083.59,5114.82
2022-09-14,5027.34,5044.05,5015.41,5066.5
2022-09-15,5063.38,4951.87,4907.51,5067.44
2022-09-16,4936.67,4836.37,4836.37,4940.48
2022-09-19,4830.28,4808.79,4784.84,4853.66
2022-09-20,4834.29,4842.25,4826.78,4870.46
2022-09-21,4827.93,4828.52,4779.09,4849.15
2022-09-22,4795.01,4803.13,4788.89,4846.7
2022-09-23,4799.91,4750.71,4717.14,4817.13
2022-09-26,4716.83,4705.37,4699.2,4784.1
2022-09-27,4717.16,4788.62,4703.37,4788.62
2022-09-28,4776.87,4680.74,4680.74,4776.87
2022-09-29,4723.74,4676.93,4652.77,4733.21
2022-09-30,4677.83,4631.68,4631.68,4695.76
2022-10-10,4637.71,4537.69,4527.8,4641.32
2022-10-11,4547.45,4559.23,4512.33,4573.27
2022-10-12,4555.17,4655.92,4484.65,4655.92
2022-10-13,4627.38,4651.48,4619.67,4690.71
2022-10-14,4685.18,4762.02,4683.87,4782.71
2022-10-17,4740.09,4790.52,4734.58,4793.95
2022-10-18,4809.62,4795.51,4778.36,4829.01
2022-10-19,4782.51,4736.7,4736.7,4796.91
2022-10-20,4706.83,4711.96,4668.57,4775.9
2022-10-21,4713.37,4706.91,4688.88,4735.65
2022-10-24,4703.67,4613.74,4591.01,4758.13
2022-10-25,4594.61,4603.81,4543.67,4646.64
2022-10-26,4608.1,4666.43,4608.1,4710.43
2022-10-27,4675.36,4640.72,4640.72,4697.23
2022-10-28,4608.6,4503.14,4489.78,4619.83
2022-10-31,4465.67,4500.13,4465.67,4547.81
2022-11-01,4510.69,4634.42,4506.37,4634.42
2022-11-02,4623.48,4692.07,4616.06,4719.9
2022-11-03,4651.92,4683.03,4647.04,4695.13
2022-11-04,4683.14,4808.23,4683.14,4822.57
2022-11-07,4801.56,4820.8,4782.97,4839.16
2022-11-08,4818.6,4800.07,4767.56,4820.7
2022-11-09,4801.92,4774.9,4771.82,4821.06
2022-11-10,4744.24,4740.97,4719.89,4765.53
2022-11-11,4855.55,4817.24,4801.85,4875.33
2022-11-14,4835.0,4810.85,4794.55,4864.22
2022-11-15,4806.01,4905.34,4795.05,4905.34
2022-11-16,4902.61,4872.57,4864.18,4923.35
2022-11-17,4858.29,4869.63,4817.23,4869.63
2022-11-18,4872.38,4842.81,4840.49,4895.43
2022-11-21,4809.4,4831.03,4778.43,4831.03
2022-11-22,4825.82,4798.73,4781.08,4857.72
2022-11-23,4789.05,4792.97,4743.44,4813.06
2022-11-24,4807.42,4789.02,4777.25,4823.19
2022-11-25,4778.76,4777.88,4760.37,4796.68
2022-11-28,4700.43,4743.22,4675.54,4744.81
2022-11-29,4769.39,4855.44,4769.39,4861.2
2022-11-30,4847.2,4857.84,4834.49,4873.07
2022-12-01,4920.56,4902.41,4900.89,4939.31
2022-12-02,4892.45,4893.82,4884.29,4919.72
2022-12-05,4928.52,4956.84,4919.25,4957.23
2022-12-06,4938.67,4963.62,4932.54,4984.87
2022-12-07,4950.69,4957.98,4940.23,4994.03
2022-12-08,4951.37,4947.63,4932.56,4963.44
2022-12-09,4949.01,4973.35,4927.88,4979.7
2022-12-12,4956.19,4936.63,4933.2,4956.95
2022-12-13,4936.13,4917.09,4911.89,4938.46
2022-12-14,4922.0,4913.74,4902.37,4936.21
2022-12-15,4910.57,4919.81,4894.63,4926.73
2022-12-16,4895.77,4897.95,4875.35,4913.62
2022-12-19,4894.25,4806.92,4789.09,4906.14
2022-12-20,4794.17,4749.95,4731.54,4794.45
2022-12-21,4755.77,4733.77,4718.1,4767.19
2022-12-22,4760.66,4703.35,4688.58,4771.12
2022-12-23,4677.13,4689.82,4665.07,4717.15
2022-12-26,4692.3,4739.47,4692.3,4746.39
2022-12-27,4755.27,4782.14,4742.94,4785.19
2022-12-28,4766.94,4751.54,4742.3,4772.06
2022-12-29,4734.92,4737.12,4725.03,4764.57
2022-12-30,4755.12,4756.62,4749.88,4767.52
2023-01-03,4753.34,4815.92,4733.14,4821.74
2023-01-04,4814.74,4821.47,4796.96,4834.23
2023-01-05,4836.47,4887.54,4831.67,4892.75
2023-01-06,4886.29,4895.24,4883.86,4921.97
2023-01-09,4913.28,4928.5,4911.97,4941.65
2023-01-10,4931.53,4932.2,4912.81,4941.3
2023-01-11,4934.72,4909.22,4905.38,4955.37
2023-01-12,4919.21,4914.2,4899.32,4934.94
2023-01-13,4928.87,4959.14,4921.29,4959.14
2023-01-16,4963.82,5023.43,4963.82,5059.34
2023-01-17,5026.47,5022.05,5001.23,5035.69
2023-01-18,5027.88,5025.95,5018.86,5041.56
2023-01-19,5020.05,5059.34,5008.05,5059.34
2023-01-20,5070.65,5096.78,5070.65,5099.56
2023-01-30,5179.76,5132.83,5129.54,5184.52
2023-01-31,5123.95,5112.41,5104.06,5142.48
2023-02-01,5124.43,5175.55,5105.97,5175.55
2023-02-02,5187.16,5172.52,5156.15,5195.48
2023-02-03,5156.07,5143.68,5086.99,5156.07
2023-02-06,5112.28,5100.22,5075.28,5121.92
2023-02-07,5109.8,5117.06,5090.53,5120.09
2023-02-08,5121.29,5089.44,5086.25,5126.84
2023-02-09,5078.96,5160.82,5074.55,5160.82
2023-02-10,5154.14,5139.43,5115.69,5163.53
2023-02-13,5135.08,5188.13,5131.87,5188.72
2023-02-14,5197.9,5192.17,5169.26,5197.9
2023-02-15,5193.69,5180.86,5168.55,5199.72
2023-02-16,5181.21,5109.81,5076.95,5219.24
2023-02-17,5105.45,5054.77,5053.7,5128.86
2023-02-20,5061.1,5152.0,5046.55,5152.48
2023-02-21,5152.67,5171.26,5135.13,5180.97
2023-02-22,5144.22,5149.38,5138.4,5171.69
2023-02-23,5150.39,5139.31,5117.41,5170.24
2023-02-24,5139.84,5105.6,5083.26,5140.54
2023-02-27,5085.88,5076.6,5066.91,5110.2
2023-02-28,5092.22,5115.27,5060.16,5117.31
2023-03-01,5114.89,5169.95,5103.19,5173.48
2023-03-02,5164.81,5154.21,5149.1,5178.24
2023-03-03,5158.85,5161.79,5125.36,5167.34
2023-03-06,5164.78,5154.66,5124.55,5166.07
2023-03-07,5149.84,5066.12,5065.76,5157.9
2023-03-08,5048.33,5071.47,5042.22,5072.18
2023-03-09,5076.27,5061.66,5035.3,5079.35
2023-03-10,5030.28,4993.51,4992.6,5037.8
2023-03-13,4984.29,5031.03,4979.56,5031.23
2023-03-14,5022.75,4989.8,4938.33,5022.75
2023-03-15,5016.13,5007.39,5005.54,5034.43
2023-03-16,4976.96,4937.71,4932.98,4992.33
2023-03-17,4971.12,4967.68,4953.22,5010.92
2023-03-20,4974.08,4948.42,4943.26,4986.97
2023-03-21,4956.91,5009.77,4954.75,5009.83
2023-03-22,5022.0,5034.08,5014.73,5042.75
2023-03-23,5019.48,5065.68,5014.56,5065.68
2023-03-24,5065.16,5060.34,5042.37,5068.95
2023-03-27,5058.06,5055.62,5018.46,5061.15
2023-03-28,5056.94,5027.03,5021.58,5061.8
2023-03-29,5036.45,5021.84,5005.93,5041.24
2023-03-30,5022.63,5040.63,4984.81,5045.82
2023-03-31,5045.14,5074.03,5041.61,5076.73
2023-04-03,5080.6,5128.98,5080.6,5131.6
2023-04-04,5127.77,5125.26,5099.35,5127.79
2023-04-06,5103.51,5123.78,5096.49,5127.07
2023-04-07,5125.51,5162.81,5120.28,5163.09
2023-04-10,5170.55,5121.36,5110.69,5170.68
2023-04-11,5122.54,5124.77,5097.59,5132.16
2023-04-12,5126.77,5139.65,5119.98,5145.18
2023-04-13,5126.69,5105.75,5096.58,5138.78
2023-04-14,5116.39,5131.82,5097.51,5136.35
2023-04-17,5127.25,5168.22,5125.75,5168.22
2023-04-18,5158.54,5167.22,5147.88,5173.45
2023-04-19,5162.74,5134.1,5126.37,5164.18
2023-04-20,5128.93,5123.43,5098.8,5128.93
2023-04-21,5121.67,5003.55,5003.55,5121.67
2023-04-24,5000.71,4959.07,4939.66,5004.06
2023-04-25,4956.83,4902.1,4847.05,4960.49
2023-04-26,4885.85,4915.13,4877.2,4939.39
2023-04-27,4899.93,4932.27,4894.38,4954.42
2023-04-28,4930.18,4998.81,4930.18,5000.17
2023-05-04,4981.82,5010.52,4978.9,5010.77
2023-05-05,5007.78,4976.58,4954.87,5007.99
2023-05-08,4985.38,5021.7,4983.64,5025.23
2023-05-09,5020.1,4965.36,4963.9,5036.94
2023-05-10,4954.06,4951.69,4927.28,4967.84
2023-05-11,4960.57,4950.45,4947.44,4973.05
2023-05-12,4942.01,4888.84,4888.24,4958.79
2023-05-15,4890.02,4948.33,4856.07,4948.33
2023-05-16,4950.04,4913.2,4900.34,4950.04
2023-05-17,4902.14,4916.86,4895.13,4930.45
2023-05-18,4921.62,4924.36,4903.87,4942.25
2023-05-19,4913.29,4916.98,4891.88,4940.48
2023-05-22,4911.58,4934.47,4903.74,4945.65
2023-05-23,4932.41,4873.94,4873.94,4933.5
2023-05-24,4860.11,4833.62,4830.37,4877.46
2023-05-25,4825.35,4824.01,4776.35,4841.38
2023-05-26,4820.78,4841.93,4791.39,4850.65
2023-05-29,4852.79,4824.92,4813.78,4860.2
2023-05-30,4815.21,4841.24,4773.54,4841.24
2023-05-31,4830.11,4814.79,4792.67,4834.72
2023-06-01,4800.57,4825.01,4794.35,4856.2
2023-06-02,4838.07,4877.55,4838.07,4883.2
2023-06-05,4877.36,4871.86,4856.2,4879.24
2023-06-06,4866.06,4799.35,4790.55,4873.8
2023-06-07,4802.77,4794.77,4781.1,4817.42
2023-06-08,4790.88,4799.24,4764.36,4820.2
2023-06-09,4800.84,4827.0,4788.34,4827.03
2023-06-12,4818.33,4844.86,4804.74,4859.92
2023-06-13,4837.8,4866.3,4836.18,4868.84
2023-06-14,4871.55,4870.51,4866.45,4889.11
2023-06-15,4875.15,4921.72,4873.4,4921.72
2023-06-16,4925.14,4965.48,4921.44,4969.35
2023-06-19,4962.95,4949.89,4943.16,4963.09
2023-06-20,4943.84,4941.42,4931.07,4957.93
2023-06-21,4926.14,4853.02,4853.02,4932.37
2023-06-26,4817.91,4770.78,4761.41,4828.85
2023-06-27,4774.16,4828.32,4773.73,4832.56
2023-06-28,4820.71,4815.63,4752.64,4824.16
2023-06-29,4808.45,4818.68,4806.57,4839.08
2023-06-30,4812.11,4859.89,4807.29,4876.05
2023-07-03,4871.82,4900.64,4867.12,4910.06
2023-07-04,4897.24,4914.69,4888.25,4914.69
2023-07-05,4910.08,4877.96,4871.71,4910.08
2023-07-06,4866.71,4856.98,4850.15,4894.47
2023-07-07,4844.58,4831.17,4818.75,4856.85
2023-07-10,4847.6,4845.36,4829.32,4866.53
2023-07-11,4853.25,4879.53,4840.95,4879.53
2023-07-12,4876.26,4830.43,4825.83,4880.98
2023-07-13,4843.52,4891.43,4843.52,4894.53
2023-07-14,4897.25,4889.74,4886.55,4904.47
2023-07-17,4871.33,4862.88,4840.61,4871.33
2023-07-18,4866.17,4851.57,4839.84,4871.31
2023-07-19,4846.23,4844.29,4819.38,4862.44
2023-07-20,4850.33,4796.91,4791.67,4863.24
2023-07-21,4788.24,4791.52,4776.91,4823.06
2023-07-24,4777.13,4779.82,4764.99,4809.63
2023-07-25,4837.71,4885.71,4837.71,4885.71
2023-07-26,4880.59,4867.53,4854.95,4880.59
2023-07-27,4871.45,4847.07,4839.29,4891.15
2023-07-28,4833.21,4924.52,4823.89,4931.47
2023-07-31,4944.69,4959.94,4944.69,4993.99
2023-08-01,4955.37,4948.38,4931.74,4970.27
2023-08-02,4937.17,4926.31,4912.47,4955.92
2023-08-03,4913.06,4948.64,4906.75,4948.72
2023-08-04,4972.67,4967.31,4953.25,4999.67
2023-08-07,4952.05,4934.83,4920.17,4952.05
2023-08-08,4925.53,4918.2,4902.35,4938.86
2023-08-09,4903.65,4889.41,4883.24,4915.53
2023-08-10,4883.29,4898.82,4868.35,4902.37
2023-08-11,4901.12,4798.58,4798.58,4901.16
2023-08-14,4753.0,4789.02,4725.4,4790.84
2023-08-15,4790.77,4764.97,4724.11,4796.81
2023-08-16,4747.97,4722.82,4722.68,4767.97
2023-08-17,4704.58,4755.59,4679.22,4760.55
2023-08-18,4755.48,4683.69,4683.69,4768.42
2023-08-21,4673.15,4630.06,4630.06,4696.3
2023-08-22,4650.79,4661.4,4585.25,4669.88
2023-08-23,4652.4,4579.47,4579.03,4652.4
2023-08-24,4594.67,4600.32,4569.45,4636.81
2023-08-25,4577.11,4550.02,4533.55,4593.94
2023-08-28,4796.46,4598.06,4586.37,4796.46
2023-08-29,4586.86,4690.31,4585.33,4704.42
2023-08-30,4701.21,4700.68,4681.79,4729.93
2023-08-31,4696.08,4672.31,4664.33,4700.77
2023-09-01,4682.95,4690.29,4675.56,4708.07
2023-09-04,4711.22,4759.88,4701.21,4759.88
2023-09-05,4750.05,4729.16,4721.5,4752.75
2023-09-06,4714.33,4732.82,4697.74,4737.89
2023-09-07,4723.0,4660.31,4660.02,4723.0
2023-09-08,4646.5,4654.75,4633.64,4670.45
2023-09-11,4659.0,4698.91,4644.34,4719.15
2023-09-12,4695.23,4693.46,4685.45,4711.04
2023-09-13,4688.25,4651.33,4624.99,4695.07
2023-09-14,4650.31,4636.86,4616.04,4656.44
2023-09-15,4646.59,4625.13,4610.25,4659.65
2023-09-18,4611.89,4644.68,4596.52,4656.24
2023-09-19,4639.14,4619.89,4605.47,4639.14
2023-09-20,4612.38,4593.03,4593.03,4617.96
2023-09-21,4583.42,4557.44,4557.44,4601.59
2023-09-22,4554.77,4639.86,4547.3,4640.52
2023-09-25,4638.43,4615.13,4608.42,4638.43
2023-09-26,4609.69,4592.6,4592.6,4621.13
2023-09-27,4591.71,4608.98,4591.54,4637.67
2023-09-28,4621.4,4621.41,4608.98,4631.1
2023-10-09,4612.89,4609.57,4573.06,4620.58
2023-10-10,4621.0,4587.27,4584.3,4627.74
2023-10-11,4601.79,4597.76,4585.82,4624.62
2023-10-12,4625.41,4634.92,4610.12,4636.87
2023-10-13,4610.72,4600.13,4587.75,4611.95
2023-10-16,4602.74,4560.09,4542.91,4602.9
2023-10-17,4565.61,4566.25,4540.15,4567.75
2023-10-18,4554.25,4511.9,4509.83,4554.25
2023-10-19,4487.25,4439.93,4439.43,4500.32
2023-10-20,4420.67,4402.69,4395.48,4444.47
2023-10-23,4387.77,4327.13,4305.13,4387.77
2023-10-24,4339.4,4373.52,4317.89,4381.06
2023-10-25,4409.04,4409.52,4405.12,4435.52
2023-10-26,4385.57,4426.1,4375.34,4428.87
2023-10-27,4411.35,4490.1,4404.5,4506.29
2023-10-30,4479.85,4533.61,4479.77,4543.03
2023-10-31,4531.76,4515.15,4496.34,4532.92
2023-11-01,4536.24,4513.0,4503.85,4536.81
2023-11-02,4518.71,4477.81,4477.61,4531.78
2023-11-03,4483.1,4523.67,4483.1,4537.55
2023-11-06,4552.04,4601.01,4552.04,4602.09
2023-11-07,4592.66,4603.61,4578.77,4614.63
2023-11-08,4596.46,4604.26,4577.62,4620.81
2023-11-09,4597.3,4590.53,4580.84,4620.51
2023-11-10,4571.91,4567.89,4550.36,4575.3
2023-11-13,4579.26,4585.24,4558.82,4588.9
2023-11-14,4585.27,4601.29,4581.85,4610.23
2023-11-15,4639.24,4629.33,4616.65,4643.37
2023-11-16,4618.34,4587.87,4587.87,4623.55
2023-11-17,4576.48,4602.61,4570.2,4603.42
2023-11-20,4607.03,4627.68,4585.89,4633.41
2023-11-21,4637.42,4617.59,4609.98,4658.88
2023-11-22,4602.79,4567.24,4567.24,4615.26
2023-11-23,4562.2,4600.5,4550.05,4602.18
2023-11-24,4598.8,4558.18,4549.67,4598.8
2023-11-27,4552.15,4541.56,4517.96,4552.88
2023-11-28,4537.21,4559.44,4521.46,4559.89
2023-11-29,4558.11,4527.06,4520.54,4558.6
2023-11-30,4522.14,4522.11,4495.22,4532.98
2023-12-01,4519.57,4531.14,4493.37,4540.41
2023-12-04,4532.38,4516.04,4515.87,4541.65
2023-12-05,4504.3,4431.26,4431.26,4504.3
2023-12-06,4421.8,4445.61,4417.11,4473.28
2023-12-07,4440.21,4437.89,4416.08,4454.04
2023-12-08,4438.24,4433.67,4429.23,4454.24
2023-12-11,4411.71,4473.18,4376.57,4478.18
2023-12-12,4466.72,4483.39,4462.42,4484.82
2023-12-13,4474.87,4429.42,4429.42,4474.87
2023-12-14,4448.11,4410.01,4408.69,4466.29
2023-12-15,4421.63,4390.01,4382.88,4438.08
2023-12-18,4377.83,4350.38,4342.0,4390.32
2023-12-19,4346.2,4354.54,4324.84,4369.41
2023-12-20,4357.33,4300.24,4300.24,4361.89
2023-12-21,4283.51,4334.65,4265.01,4344.81
2023-12-22,4333.61,4310.39,4297.62,4356.5
2023-12-25,4302.5,4314.54,4290.52,4320.9
2023-12-26,4312.54,4270.44,4258.02,4312.54
2023-12-27,4273.56,4292.67,4256.86,4298.36
2023-12-28,4288.55,4379.77,4282.06,4392.9
2023-12-29,4375.04,4421.96,4373.97,4422.57
2024-01-02,4421.16,4390.83,4390.83,4421.16
2024-01-03,4381.09,4376.82,4352.73,4395.63
2024-01-04,4371.91,4344.0,4322.58,4371.91
2024-01-05,4339.09,4292.79,4273.72,4358.88
2024-01-08,4284.11,4219.12,4219.12,4287.43
2024-01-09,4223.17,4231.06,4205.93,4255.95
2024-01-10,4219.32,4204.0,4180.88,4248.38
2024-01-11,4200.44,4252.17,4195.58,4267.01
2024-01-12,4242.29,4230.09,4230.0,4274.61
2024-01-15,4214.45,4223.36,4200.0,4256.1
2024-01-16,4217.56,4228.42,4173.99,4234.76
2024-01-17,4218.84,4127.42,4127.42,4218.84
2024-01-18,4106.02,4147.01,4026.27,4149.98
2024-01-19,4136.06,4117.72,4108.7,4157.19
2024-01-22,4109.05,3966.84,3938.36,4109.05
2024-01-23,3955.15,3997.06,3920.57,4016.17
2024-01-24,4013.73,4052.89,3926.46,4057.77
2024-01-25,4051.59,4161.78,4039.32,4162.63
2024-01-26,4147.8,4142.73,4129.7,4177.28
2024-01-29,4146.55,4065.92,4065.92,4158.67
2024-01-30,4040.43,3971.53,3969.37,4052.85
2024-01-31,3950.09,3874.62,3869.07,3974.54
2024-02-01,3853.82,3856.96,3816.39,3917.52
2024-02-02,3860.43,3765.66,3665.49,3887.32
2024-02-05,3739.28,3666.37,3565.87,3751.84
2024-02-06,3624.39,3827.76,3607.16,3853.5
2024-02-07,3832.97,3895.0,3807.06,3916.53
2024-02-08,3907.2,3985.4,3902.89,3994.01
2024-02-19,4030.86,4041.51,3991.63,4042.41
2024-02-20,4027.32,4057.94,4000.66,4064.33
2024-02-21,4028.39,4100.1,4015.07,4170.94
2024-02-22,4095.24,4150.67,4091.26,4150.67
2024-02-23,4160.74,4187.61,4134.04,4190.5
2024-02-26,4189.34,4182.33,4164.63,4225.45
2024-02-27,4166.39,4262.19,4157.15,4262.19
2024-02-28,4268.86,4136.21,4136.21,4305.98
2024-02-29,4112.49,4251.41,4112.49,4251.41
2024-03-01,4255.26,4286.5,4235.29,4293.58
2024-03-04,4291.01,4296.9,4245.9,4301.39
2024-03-05,4273.07,4286.67,4261.03,4297.79
2024-03-06,4271.67,4288.04,4255.46,4322.58
2024-03-07,4290.01,4249.46,4249.02,4318.2
2024-03-08,4250.62,4285.62,4230.92,4291.99
2024-03-11,4282.43,4352.16,4282.27,4352.16
2024-03-12,4357.8,4368.39,4331.41,4380.32
2024-03-13,4367.81,4358.35,4337.22,4386.22
2024-03-14,4356.81,4339.61,4307.55,4383.03
2024-03-15,4329.0,4372.02,4313.45,4373.13
2024-03-18,4383.71,4430.66,4381.96,4430.81
2024-03-19,4419.3,4401.3,4401.3,4442.06
2024-03-20,4392.73,4424.51,4392.73,4426.9
2024-03-21,4434.01,4420.66,4404.29,4442.97
2024-03-22,4409.66,4370.85,4339.9,4415.14
2024-03-25,4359.03,4309.05,4309.05,4387.15
2024-03-26,4305.15,4314.0,4271.73,4328.56
2024-03-27,4306.94,4221.59,4221.59,4307.12
2024-03-28,4216.56,4275.62,4216.56,4313.28
2024-03-29,4272.81,4310.67,4267.02,4310.69
2024-04-01,4327.13,4392.63,4327.13,4392.72
2024-04-02,4389.92,4374.78,4356.74,4389.92
2024-04-03,4368.65,4353.74,4335.41,4372.45
2024-04-08,4338.35,4293.42,4293.32,4347.06
2024-04-09,4288.84,4315.47,4277.57,4316.4
2024-04-10,4308.54,4258.49,4233.57,4308.54
2024-04-11,4232.2,4265.38,4229.23,4297.89
2024-04-12,4266.65,4235.38,4229.08,4283.34
2024-04-15,4225.88,4249.41,4174.38,4277.43
2024-04-16,4223.53,4126.45,4124.33,4232.8
2024-04-17,4138.98,4251.51,4138.98,4251.51
2024-04-18,4237.95,4253.33,4224.2,4294.83
2024-04-19,4230.89,4226.22,4205.68,4258.49
2024-04-22,4210.95,4204.4,4194.63,4245.16
2024-04-23,4198.56,4183.7,4175.1,4213.13
2024-04-24,4188.8,4226.65,4178.65,4226.65
2024-04-25,4211.82,4234.66,4208.58,4257.41
2024-04-26,4232.74,4305.35,4232.74,4309.24
2024-04-29,4306.88,4380.75,4306.88,4390.81
2024-04-30,4375.57,4353.88,4351.78,4382.71
2024-05-06,4406.74,4428.17,4404.94,4431.2
2024-05-07,4427.55,4435.58,4416.66,4440.9
2024-05-08,4423.97,4387.87,4384.88,4423.97
2024-05-09,4387.31,4441.63,4387.31,4448.23
2024-05-10,4446.17,4425.06,4401.11,4452.64
2024-05-13,4398.31,4400.23,4372.43,4417.25
2024-05-14,4403.3,4405.66,4390.03,4424.24
2024-05-15,4397.76,4366.65,4363.41,4399.28
2024-05-16,4377.28,4375.15,4364.82,4401.41
2024-05-17,4373.02,4424.81,4365.07,4424.81
2024-05-20,4427.56,4444.14,4426.09,4452.78
2024-05-21,4433.79,4414.56,4400.55,4434.36
2024-05-22,4411.79,4420.67,4406.7,4427.53
2024-05-23,4405.54,4348.25,4339.14,4405.54
2024-05-24,4336.77,4302.13,4301.18,4365.54
2024-05-27,4308.69,4343.26,4286.09,4344.58
2024-05-28,4336.65,4305.39,4301.38,4343.54
2024-05-29,4300.77,4311.23,4295.08,4332.96
2024-05-30,4300.88,4288.48,4280.13,4323.12
2024-05-31,4291.88,4288.11,4288.11,4317.16
2024-06-03,4284.3,4264.53,4237.6,4294.17
2024-06-04,4254.01,4285.91,4235.6,4292.44
2024-06-05,4275.4,4240.09,4240.09,4288.93
2024-06-06,4246.58,4190.2,4178.44,4258.51
2024-06-07,4203.02,4192.82,4158.24,4223.36
2024-06-11,4172.73,4184.72,4148.57,4193.59
2024-06-12,4179.21,4201.18,4178.2,4209.17
2024-06-13,4203.18,4176.73,4169.08,4204.57
2024-06-14,4164.45,4188.78,4152.97,4194.03
2024-06-17,4167.82,4182.15,4165.06,4191.34
2024-06-18,4180.58,4207.65,4180.58,4210.22
2024-06-19,4207.91,4177.57,4175.63,4208.78
2024-06-20,4171.67,4124.0,4121.27,4184.53
2024-06-21,4112.78,4119.17,4098.62,4137.42
2024-06-24,4093.13,4045.24,4043.18,4096.22
2024-06-25,4043.55,4022.65,3999.24,4058.85
2024-06-26,4015.02,4081.94,4001.77,4086.49
2024-06-27,4065.42,4024.88,4024.87,4065.42
2024-06-28,4013.81,4039.97,4013.81,4079.14
2024-07-01,4037.25,4070.44,4015.49,4075.5
2024-07-02,4066.5,4055.67,4044.72,4080.39
2024-07-03,4053.33,4032.86,4026.73,4055.58
2024-07-04,4036.68,3979.92,3977.65,4049.7
2024-07-05,3974.96,3989.44,3940.2,3997.68
2024-07-08,3978.86,3928.15,3919.41,3978.86
2024-07-09,3922.6,3989.07,3896.0,3997.55
2024-07-10,3972.61,3969.79,3963.47,4000.43
2024-07-11,4009.06,4041.79,3994.38,4043.08
2024-07-12,4032.69,4036.84,4025.91,4048.28
2024-07-15,4025.79,4016.26,4008.84,4030.57
2024-07-16,4007.03,4033.05,3999.56,4034.9
2024-07-17,4028.76,4013.72,4007.07,4033.32
2024-07-18,3988.98,4028.92,3966.88,4029.23
2024-07-19,4007.86,4042.73,4003.74,4051.17
2024-07-22,4042.23,4032.86,4009.21,4046.27
2024-07-23,4029.34,3939.51,3939.51,4029.45
2024-07-24,3928.89,3899.95,3892.18,3950.29
2024-07-25,3881.19,3891.1,3870.25,3911.67
2024-07-26,3895.98,3927.62,3895.98,3934.16
2024-07-29,3927.47,3914.44,3909.94,3930.02
2024-07-30,3903.7,3906.45,3879.88,3912.68
2024-07-31,3901.52,4020.58,3900.45,4021.54
2024-08-01,4023.47,4003.24,3994.78,4038.69
2024-08-02,3973.72,3956.12,3952.11,4009.82
2024-08-05,3929.3,3883.97,3883.97,3988.75
2024-08-06,3917.13,3912.69,3878.44,3933.8
2024-08-07,3907.81,3912.14,3898.5,3935.24
2024-08-08,3899.61,3909.42,3873.79,3936.77
2024-08-09,3925.67,3888.78,3888.78,3940.63
2024-08-12,3884.33,3875.28,3865.52,3894.7
2024-08-13,3875.1,3890.66,3854.08,3890.66
2024-08-14,3889.19,3858.53,3858.53,3889.3
2024-08-15,3848.98,3894.41,3844.78,3917.46
2024-08-16,3896.1,3886.64,3881.62,3908.63
2024-08-19,3882.55,3892.44,3882.52,3922.09
2024-08-20,3894.23,3845.22,3833.68,3895.41
2024-08-21,3833.26,3831.52,3827.14,3851.07
2024-08-22,3832.2,3800.87,3796.7,3836.89
2024-08-23,3792.02,3806.93,3784.5,3819.02
2024-08-26,3809.28,3814.97,3800.27,3820.65
2024-08-27,3804.07,3778.92,3772.17,3804.07
2024-08-28,3770.1,3772.0,3762.3,3787.75
2024-08-29,3757.21,3793.0,3753.89,3804.8
2024-08-30,3790.26,3854.74,3790.26,3896.33
2024-09-02,3844.85,3786.0,3786.0,3848.75
2024-09-03,3782.64,3809.5,3782.64,3821.15
2024-09-04,3785.8,3787.36,3780.49,3816.28
2024-09-05,3788.85,3804.18,3788.8,3818.27
2024-09-06,3807.39,3758.18,3757.69,3813.51
2024-09-09,3740.35,3725.79,3710.58,3749.71
2024-09-10,3727.57,3732.97,3686.51,3745.59
2024-09-11,3720.04,3723.93,3708.91,3737.4
2024-09-12,3727.53,3710.27,3710.0,3751.88
2024-09-13,3712.21,3681.44,3681.44,3721.67
2024-09-18,3680.86,3684.16,3645.47,3695.4
2024-09-19,3695.8,3731.52,3668.21,3755.19
2024-09-20,3728.7,3727.81,3701.94,3733.76
2024-09-23,3726.38,3736.57,3718.38,3757.17
2024-09-24,3763.74,3888.2,3743.68,3888.2
2024-09-25,3937.08,3937.57,3929.52,4018.9
2024-09-26,3932.37,4096.24,3927.42,4096.24
2024-09-27,4171.25,4293.11,4156.48,4307.56
2024-09-30,4472.62,4706.77,4410.82,4728.12
2024-10-08,5252.33,5037.01,4803.32,5252.33
2024-10-09,4919.83,4661.71,4647.74,4953.11
2024-10-10,4691.92,4670.36,4583.83,4806.51
2024-10-11,4636.58,4514.19,4465.19,4636.58
2024-10-14,4544.02,4629.51,4480.55,4640.85
2024-10-15,4605.51,4524.67,4524.67,4664.29
2024-10-16,4463.27,4515.43,4462.08,4570.5
2024-10-17,4544.02,4480.87,4480.27,4580.92
2024-10-18,4470.93,4647.3,4465.21,4738.52
2024-10-21,4676.29,4696.8,4635.88,4754.59
2024-10-22,4691.76,4728.44,4673.88,4750.7
2024-10-23,4722.36,4744.8,4707.35,4800.63
2024-10-24,4719.35,4705.98,4686.1,4730.78
2024-10-25,4713.29,4767.43,4713.29,4804.27
2024-10-28,4771.43,4822.49,4747.66,4822.49
2024-10-29,4836.74,4763.81,4762.36,4849.52
2024-10-30,4740.11,4755.97,4713.7,4784.82
2024-10-31,4759.98,4794.14,4738.3,4821.8
2024-11-01,4784.11,4723.34,4710.93,4806.9
2024-11-04,4721.47,4803.01,4721.47,4803.01
2024-11-05,4800.05,4943.21,4791.43,4946.83
2024-11-06,4958.41,4946.63,4917.02,5011.89
2024-11-07,4904.13,5071.74,4897.9,5071.74
2024-11-08,5125.97,5049.45,5036.96,5141.45
2024-11-11,5020.36,5118.28,5016.63,5119.06
2024-11-12,5124.9,5059.11,5018.43,5159.24
2024-11-13,5028.87,5072.36,4993.36,5076.18
2024-11-14,5058.79,4949.25,4943.46,5067.91
2024-11-15,4930.13,4847.63,4847.63,4971.44
2024-11-18,4865.6,4780.66,4754.56,4891.19
2024-11-19,4783.71,4854.4,4731.25,4854.67
2024-11-20,4841.73,4906.8,4836.02,4921.52
2024-11-21,4896.98,4912.67,4874.43,4929.43
2024-11-22,4902.51,4746.37,4746.37,4915.21
2024-11-25,4756.72,4749.14,4686.57,4772.41
2024-11-26,4737.22,4718.85,4716.81,4777.59
2024-11-27,4698.09,4806.63,4654.27,4806.72
2024-11-28,4806.11,4778.97,4771.49,4824.45
2024-11-29,4770.93,4845.9,4765.15,4891.61
2024-12-02,4844.46,4917.31,4841.64,4925.43
2024-12-03,4920.37,4921.12,4880.59,4940.23
2024-12-04,4915.78,4875.11,4854.73,4927.28
2024-12-05,4857.37,4898.18,4857.37,4909.61
2024-12-06,4902.86,4956.57,4884.13,4981.02
2024-12-09,4954.83,4940.24,4909.44,4977.75
2024-12-10,5092.82,4977.83,4970.01,5098.63
2024-12-11,4964.14,5006.7,4963.95,5010.41
2024-12-12,5006.41,5053.03,4987.91,5055.89
2024-12-13,5020.25,4947.39,4945.73,5020.25
2024-12-16,4945.77,4908.61,4890.77,4954.11
2024-12-17,4898.89,4845.44,4839.59,4914.91
2024-12-18,4855.37,4875.99,4842.55,4902.6
2024-12-19,4829.8,4880.27,4819.97,4891.95
2024-12-20,4870.12,4891.54,4870.12,4927.26
2024-12-23,4888.82,4812.5,4807.31,4898.81
2024-12-24,4818.22,4867.73,4810.01,4868.15
2024-12-25,4867.17,4829.76,4797.78,4868.58
2024-12-26,4822.56,4857.74,4818.33,4869.63
2024-12-27,4859.23,4864.18,4851.18,4910.19
2024-12-30,4856.4,4859.79,4838.06,4876.22
2024-12-31,4860.19,4750.67,4750.67,4866.08
2025-01-02,4744.65,4625.11,4589.84,4748.53
2025-01-03,4632.29,4523.12,4518.41,4642.26
2025-01-06,4516.66,4509.93,4478.73,4547.6
2025-01-07,4506.7,4567.61,4496.29,4568.65
2025-01-08,4548.82,4559.04,4458.94,4587.56
2025-01-09,4541.99,4558.51,4537.89,4582.66
2025-01-10,4553.7,4475.61,4475.61,4577.75
2025-01-13,4433.5,4472.6,4430.16,4497.66
2025-01-14,4484.89,4632.23,4477.35,4636.11
2025-01-15,4624.8,4604.12,4594.44,4634.85
2025-01-16,4625.51,4620.34,4585.62,4681.83
2025-01-17,4603.79,4636.07,4596.77,4663.31
2025-01-20,4664.88,4663.53,4650.35,4696.86
2025-01-21,4686.92,4671.06,4638.42,4689.79
2025-01-22,4653.67,4627.98,4612.22,4653.67
2025-01-23,4669.96,4623.63,4623.63,4718.39
2025-01-24,4610.86,4674.23,4610.79,4679.5
2025-01-27,4681.77,4632.67,4632.67,4697.71
2025-02-05,4670.6,4639.2,4622.01,4672.86
2025-02-06,4631.98,4728.58,4627.33,4728.94
2025-02-07,4730.5,4796.04,4723.51,4834.57
2025-02-10,4807.76,4839.79,4789.88,4842.08
2025-02-11,4841.85,4819.45,4799.89,4841.85
2025-02-12,4808.02,4876.28,4805.9,4876.28
2025-02-13,4873.18,4844.65,4840.68,4893.06
2025-02-14,4836.77,4875.07,4831.59,4879.73
2025-02-17,4896.58,4899.83,4862.54,4908.37
2025-02-18,4890.98,4820.19,4804.2,4902.47
2025-02-19,4814.15,4893.41,4814.15,4893.83
2025-02-20,4890.08,4905.71,4876.48,4916.48
2025-02-21,4915.43,4973.11,4893.41,4975.58
2025-02-24,4968.73,4971.26,4938.06,4992.87
2025-02-25,4913.45,4930.3,4907.09,4973.57
2025-02-26,4940.08,4986.89,4937.63,4986.89
2025-02-27,4987.28,4983.16,4920.68,5003.87
2025-02-28,4958.41,4847.41,4839.68,4962.12
2025-03-03,4860.48,4853.2,4828.55,4916.24
2025-03-04,4819.37,4882.45,4817.46,4884.66
2025-03-05,4883.83,4905.03,4856.59,4905.74
2025-03-06,4930.04,4985.97,4927.47,4996.83
2025-03-07,4970.4,4964.77,4944.7,5000.68
2025-03-10,4969.71,4961.58,4927.54,4981.24
2025-03-11,4904.99,4980.13,4903.39,4980.13
2025-03-12,4995.34,4979.87,4974.85,5018.3
2025-03-13,4974.68,4935.97,4903.59,4986.36
2025-03-14,4938.91,5037.25,4934.48,5037.25
2025-03-17,5053.52,5042.84,5035.17,5060.88
2025-03-18,5058.23,5060.94,5041.09,5072.93
2025-03-19,5050.99,5045.48,5024.87,5068.08
2025-03-20,5041.69,5015.24,5010.16,5051.18
2025-03-21,4999.38,4931.82,4918.38,5015.47
2025-03-24,4931.16,4918.64,4854.94,4939.75
2025-03-25,4917.0,4899.42,4884.67,4930.47
2025-03-26,4891.21,4905.47,4891.21,4928.96
2025-03-27,4892.97,4906.85,4863.65,4942.55
2025-03-28,4903.07,4868.75,4863.66,4913.97
2025-03-31,4846.6,4826.86,4786.24,4864.12
2025-04-01,4836.02,4844.53,4833.93,4870.53
2025-04-02,4839.12,4847.56,4837.57,4873.51
2025-04-03,4796.18,4809.73,4787.75,4851.08
2025-04-07,4546.0,4365.18,4298.05,4584.54
2025-04-08,4358.74,4409.98,4338.35,4430.04
2025-04-09,4346.44,4486.47,4252.82,4499.47
2025-04-10,4565.49,4571.47,4542.22,4616.73
2025-04-11,4552.55,4603.03,4548.98,4633.44
2025-04-14,4643.61,4643.07,4630.44,4669.47
2025-04-15,4642.06,4637.01,4608.86,4645.94
2025-04-16,4628.09,4612.72,4551.67,4628.39
2025-04-17,4589.04,4617.88,4586.32,4639.93
2025-04-18,4607.26,4616.84,4590.13,4626.12
2025-04-21,4611.0,4668.91,4599.14,4671.17
2025-04-22,4663.4,4665.27,4658.98,4684.87
2025-04-23,4686.34,4681.08,4669.43,4699.46
2025-04-24,4678.99,4658.58,4642.83,4696.7
2025-04-25,4665.36,4667.56,4653.26,4692.12
2025-04-28,4664.27,4639.9,4633.04,4664.53
2025-04-29,4628.12,4649.04,4620.82,4661.01
2025-04-30,4651.32,4666.8,4649.78,4678.13
2025-05-06,4698.67,4751.8,4694.62,4751.9
2025-05-07,4811.2,4775.75,4745.33,4818.92
2025-05-08,4760.75,4807.39,4755.42,4815.61
2025-05-09,4802.6,4773.33,4758.56,4802.6
2025-05-12,4800.79,4834.22,4793.55,4834.22
2025-05-13,4870.09,4831.24,4825.05,4870.09
2025-05-14,4828.0,4864.48,4815.35,4888.83
2025-05-15,4853.7,4807.4,4805.36,4853.7
2025-05-16,4795.97,4805.37,4792.05,4817.61
2025-05-19,4804.57,4812.05,4774.53,4818.21
2025-05-20,4817.05,4843.57,4807.68,4852.42
2025-05-21,4840.09,4846.77,4836.35,4857.68
2025-05-22,4835.74,4816.98,4812.97,4849.63
2025-05-23,4811.74,4771.62,4771.62,4845.16
2025-05-26,4767.27,4776.18,4751.39,4793.24
2025-05-27,4772.13,4761.07,4744.34,4773.97
2025-05-28,4762.97,4751.01,4744.82,4771.09
2025-05-29,4749.61,4805.66,4748.76,4809.76
2025-05-30,4794.3,4764.6,4762.45,4795.18
2025-06-03,4751.05,4788.37,4751.05,4794.81
2025-06-04,4791.18,4821.11,4791.18,4824.82
2025-06-05,4823.93,4840.08,4809.56,4846.6
2025-06-06,4838.71,4834.86,4825.5,4844.93
2025-06-09,4841.39,4870.43,4838.11,4875.76
2025-06-10,4872.57,4836.67,4801.56,4873.41
2025-06-11,4839.72,4866.33,4839.72,4885.71
2025-06-12,4854.47,4868.92,4844.89,4876.4
2025-06-13,4853.85,4813.2,4803.48,4859.19
2025-06-16,4799.65,4838.23,4799.65,4838.99
2025-06-17,4841.55,4832.05,4819.96,4850.54
2025-06-18,4826.02,4830.93,4804.79,4834.73
2025-06-19,4822.5,4772.14,4761.1,4830.33
2025-06-20,4765.93,4754.83,4752.44,4786.43
2025-06-23,4731.75,4794.14,4731.74,4801.53
2025-06-24,4799.03,4868.08,4799.03,4868.23
2025-06-25,4873.14,4933.59,4867.23,4936.47
2025-06-26,4928.5,4916.56,4914.96,4949.86
2025-06-27,4924.23,4913.66,4910.16,4955.24
2025-06-30,4919.31,4954.23,4917.55,4957.1
2025-07-01,4955.77,4966.82,4936.12,4968.91
2025-07-02,4961.86,4947.14,4935.38,4961.86
2025-07-03,4949.66,4976.66,4947.01,4980.64
2025-07-04,4974.9,4969.21,4953.03,5013.8
2025-07-07,4962.12,4966.1,4955.6,4970.9
2025-07-08,4966.15,5018.79,4966.15,5020.84
2025-07-09,5019.98,5008.5,4999.61,5039.66
2025-07-10,5006.56,5026.49,5000.92,5047.22
2025-07-11,5028.25,5045.76,5016.74,5082.59
2025-07-14,5050.63,5052.93,5047.57,5063.56
2025-07-15,5052.21,5042.65,5003.96,5069.2
2025-07-16,5042.19,5044.13,5025.57,5065.2
2025-07-17,5042.04,5090.82,5041.14,5090.82
2025-07-18,5097.66,5110.45,5089.44,5112.58
2025-07-21,5121.52,5156.72,5119.36,5157.43
2025-07-22,5159.01,5188.27,5139.23,5189.07
2025-07-23,5193.88,5173.47,5166.37,5219.17
2025-07-24,5170.7,5229.1,5170.7,5229.1
2025-07-25,5229.45,5220.95,5205.9,5234.78
2025-07-28,5223.98,5238.8,5204.29,5242.28
2025-07-29,5233.47,5262.32,5208.24,5263.08
2025-07-30,5254.58,5241.33,5204.95,5279.8
2025-07-31,5228.7,5168.75,5152.86,5238.28
2025-08-01,5164.9,5161.09,5136.19,5187.93
2025-08-04,5138.14,5199.57,5136.51,5199.57
2025-08-05,5210.97,5239.87,5208.15,5239.87
2025-08-06,5236.14,5272.08,5233.64,5272.28
2025-08-07,5276.35,5271.11,5243.37,5284.78
2025-08-08,5261.23,5258.78,5246.07,5276.62
2025-08-11,5266.65,5310.51,5266.65,5320.01
2025-08-12,5311.16,5328.4,5295.2,5328.66
2025-08-13,5334.37,5382.35,5334.37,5386.25
2025-08-14,5386.03,5336.83,5327.82,5404.76
2025-08-15,5324.87,5412.02,5324.87,5417.79
2025-08-18,5438.86,5486.57,5426.38,5517.04
2025-08-19,5487.21,5483.45,5468.22,5518.26
2025-08-20,5461.55,5536.44,5441.16,5536.5
2025-08-21,5548.62,5529.21,5505.53,5567.18
2025-08-22,5527.57,5620.43,5527.57,5620.43
2025-08-25,5664.34,5722.08,5652.39,5729.77
2025-08-26,5703.87,5715.79,5685.94,5749.03
2025-08-27,5721.21,5615.16,5615.16,5770.26
2025-08-28,5607.01,5703.55,5548.47,5704.02
2025-08-29,5702.45,5723.95,5684.97,5753.83
2025-09-01,5749.48,5769.45,5718.09,5770.16
2025-09-02,5768.33,5684.0,5639.77,5769.73
2025-09-03,5699.22,5615.64,5590.05,5707.58
2025-09-04,5621.17,5502.11,5437.35,5634.26
2025-09-05,5506.06,5642.59,5482.64,5645.99
2025-09-08,5652.52,5681.23,5626.4,5687.73
2025-09-09,5659.69,5629.75,5603.42,5682.8
2025-09-10,5625.38,5641.21,5598.76,5666.39
2025-09-11,5632.74,5769.36,5605.67,5769.36
2025-09-12,5766.97,5759.29,5748.6,5801.44
2025-09-15,5773.41,5764.16,5758.65,5792.65
2025-09-16,5772.21,5790.93,5724.6,5795.34
2025-09-17,5785.7,5829.84,5773.78,5836.91
2025-09-18,5824.03,5766.72,5707.2,5879.01
2025-09-19,5766.13,5749.1,5729.45,5789.07
2025-09-22,5760.18,5778.26,5726.73,5778.7
2025-09-23,5790.0,5742.37,5649.03,5792.06
2025-09-24,5712.15,5821.91,5705.24,5822.49
2025-09-25,5817.65,5831.15,5812.94,5859.44
2025-09-26,5808.48,5760.9,5760.9,5830.86
2025-09-29,5768.01,5840.45,5747.68,5862.93
2025-09-30,5855.98,5875.46,5849.26,5885.78
2025-10-09,5907.33,5952.85,5892.7,5967.43
2025-10-10,5921.22,5855.65,5837.84,5932.32
2025-10-13,5663.38,5833.96,5663.38,5843.91
2025-10-14,5880.25,5741.33,5719.03,5896.14
2025-10-15,5748.18,5826.49,5714.87,5827.3
2025-10-16,5807.58,5800.59,5782.0,5843.78
2025-10-17,5793.66,5652.46,5647.36,5808.81
2025-10-20,5710.0,5697.16,5669.44,5732.15
2025-10-21,5715.58,5788.83,5704.98,5791.76
2025-10-22,5754.09,5764.93,5741.08,5787.59
2025-10-23,5748.49,5772.78,5690.74,5779.54
2025-10-24,5793.73,5842.57,5793.73,5842.57
2025-10-27,5891.07,5913.07,5869.07,5918.77
2025-10-28,5890.55,5893.14,5872.25,5938.08
2025-10-29,5899.03,5961.19,5892.68,5961.19
2025-10-30,5947.63,5898.9,5893.59,5960.69
2025-10-31,5894.14,5866.65,5866.46,5927.83
2025-11-03,5866.53,5888.68,5809.49,5889.01
2025-11-04,5880.39,5827.93,5794.04,5888.62
2025-11-05,5752.72,5847.93,5752.35,5867.27
2025-11-06,5861.82,5918.75,5861.82,5921.76
2025-11-07,5894.5,5903.58,5881.18,5931.86
2025-11-10,5919.87,5926.66,5886.45,5931.14
2025-11-11,5940.83,5895.64,5888.7,5944.36
2025-11-12,5881.34,5871.63,5832.2,5902.92
2025-11-13,5869.04,5948.0,5868.77,5948.64
2025-11-14,5899.56,5872.13,5872.13,5939.04
2025-11-17,5870.66,5864.13,5839.44,5881.43
2025-11-18,5849.76,5809.6,5786.45,5860.45
2025-11-19,5804.93,5793.29,5766.2,5826.83
2025-11-20,5828.71,5755.79,5751.97,5833.75
2025-11-21,5682.34,5575.48,5575.47,5707.54
2025-11-24,5603.49,5608.69,5557.2,5633.65
2025-11-25,5641.03,5676.33,5636.84,5710.49
2025-11-26,5672.53,5690.08,5666.45,5723.67
2025-11-27,5690.97,5690.01,5684.39,5742.96
2025-11-28,5686.18,5732.77,5670.14,5732.85
2025-12-01,5748.89,5787.18,5743.64,5787.46
2025-12-02,5777.49,5750.4,5736.51,5777.49
2025-12-03,5751.31,5710.58,5696.77,5765.31
2025-12-04,5711.51,5711.8,5673.46,5733.62
2025-12-05,5710.56,5776.83,5687.15,5781.23
2025-12-08,5791.17,5835.55,5791.17,5855.12
2025-12-09,5820.52,5802.85,5791.24,5842.53
2025-12-10,5790.77,5809.35,5756.59,5818.62
2025-12-11,5817.85,5745.07,5742.91,5820.98
2025-12-12,5748.69,5787.86,5730.77,5797.41
2025-12-15,5752.4,5751.55,5750.35,5802.73
2025-12-16,5741.37,5668.2,5646.04,5743.78
2025-12-17,5667.5,5756.23,5653.6,5769.02
2025-12-18,5723.24,5733.55,5721.75,5771.85
2025-12-19,5747.6,5777.54,5740.64,5793.83
2025-12-22,5801.51,5835.54,5801.51,5844.7
2025-12-23,5837.94,5831.47,5812.98,5863.45
2025-12-24,5831.55,5883.66,5823.36,5889.03
2025-12-25,5879.86,5918.57,5873.92,5927.77
2025-12-26,5919.28,5938.29,5901.67,5962.55
2025-12-29,5939.58,5921.12,5906.28,5956.16
2025-12-30,5892.2,5928.96,5891.75,5952.74
2025-12-31,5937.82,5919.12,5904.61,5940.05
2026-01-05,5955.76,6035.98,5955.76,6035.98
2026-01-06,6040.17,6131.69,6039.95,6131.69
2026-01-07,6140.61,6142.57,6111.37,6167.26
2026-01-08,6124.98,6145.54,6115.15,6164.19
2026-01-09,6140.35,6217.68,6140.35,6220.46
2026-01-12,6252.44,6325.64,6227.18,6333.03
2026-01-13,6339.16,6251.44,6231.2,6339.23
2026-01-14,6255.98,6270.41,6213.18,6371.55
2026-01-15,6231.5,6259.82,6214.07,6284.05
2026-01-16,6285.05,6246.92,6235.71,6306.03
2026-01-19,6227.3,6272.45,6227.07,6292.94
2026-01-20,6277.54,6235.57,6185.38,6292.45
2026-01-21,6212.96,6270.26,6212.96,6293.74
2026-01-22,6289.69,6298.06,6266.42,6308.24
2026-01-23,6312.49,6356.82,6308.82,6361.96
2026-01-26,6377.55,6314.82,6294.68,6391.28
2026-01-27,6297.0,6323.78,6227.9,6348.01
2026-01-28,6338.22,6331.49,6301.94,6355.98
2026-01-29,6330.6,6319.77,6300.78,6352.77
2026-01-30,6272.92,6259.18,6153.36,6302.48
2026-02-02,6205.84,6088.28,6086.53,6244.23
2026-02-03,6149.25,6217.13,6093.59,6218.25
2026-02-04,6202.45,6245.44,6174.08,6250.08
2026-02-05,6190.56,6176.13,6143.44,6214.73
2026-02-06,6115.08,6161.61,6092.7,6218.09
2026-02-09,6241.44,6279.14,6225.5,6279.76
2026-02-10,6282.4,6283.26,6259.53,6296.57
2026-02-11,6273.74,6272.72,6272.21,6298.35
2026-02-12,6281.02,6299.9,6267.16,6309.49
2026-02-13,6267.77,6227.54,6223.87,6297.89
2026-02-24,6309.56,6295.28,6263.65,6323.16
2026-02-25,6306.21,6360.54,6303.44,6377.67
2026-02-26,6370.05,6373.71,6339.76,6381.98
2026-02-27,6334.8,6398.46,6333.83,6400.41
2026-03-02,6340.93,6375.69,6304.96,6395.35
2026-03-03,6385.54,6188.09,6180.72,6392.59
2026-03-04,6114.2,6143.19,6111.12,6211.88
2026-03-05,6229.56,6208.81,6178.01,6245.03
2026-03-06,6176.09,6252.38,6174.6,6261.73
2026-03-09,6165.2,6199.43,6075.09,6215.62
2026-03-10,6244.88,6296.2,6244.88,6297.46
2026-03-11,6303.95,6313.02,6292.77,6329.18
2026-03-12,6307.72,6279.68,6234.78,6318.73
2026-03-13,6252.94,6220.66,6206.81,6296.54
2026-03-16,6217.61,6217.07,6139.72,6223.51
2026-03-17,6230.68,6120.17,6120.17,6247.32
2026-03-18,6137.96,6169.42,6081.43,6174.02
2026-03-19,6097.06,6039.18,6018.32,6113.69
2026-03-20,6064.62,5965.89,5963.47,6089.15
2026-03-23,5863.88,5723.41,5692.47,5905.92
2026-03-24,5802.47,5843.73,5696.41,5843.73
2026-03-25,5883.92,5948.6,5883.92,5956.61
2026-03-26,5936.31,5861.89,5846.92,5959.14
2026-03-27,5790.59,5922.21,5789.53,5946.77
2026-03-30,5863.12,5925.21,5837.15,5927.86
2026-03-31,5918.29,5842.34,5842.34,5958.25
2026-04-01,5941.58,5946.58,5903.47,5957.21
2026-04-02,5928.52,5860.44,5830.85,5940.34
2026-04-03,5880.23,5791.49,5784.41,5883.39
2026-04-07,5802.84,5822.75,5789.81,5844.57
2026-04-08,5933.53,6059.75,5933.18,6059.75
2026-04-09,6010.24,6020.05,5998.63,6043.82
2026-04-10,6060.57,6090.06,6056.94,6127.27
2026-04-13,6057.94,6103.84,6057.94,6112.27
2026-04-14,6146.42,6181.43,6116.9,6181.43
2026-04-15,6213.95,6153.96,6137.44,6215.43
2026-04-16,6165.48,6239.49,6158.29,6243.18
2026-04-17,6227.7,6254.11,6217.64,6266.9
2026-04-20,6254.85,6300.21,6250.48,6305.72
2026-04-21,6285.13,6297.91,6240.67,6303.15
2026-04-22,6271.82,6357.1,6271.82,6358.21
2026-04-23,6368.92,6303.1,6263.86,6373.87
2026-04-24,6275.39,6271.17,6229.6,6302.19
2026-04-27,6269.84,6296.45,6248.68,6311.25
2026-04-28,6275.96,6246.71,6224.21,6286.64
2026-04-29,6212.28,6328.36,6212.03,6337.98
2026-04-30,6335.2,6342.26,6320.11,6355.88
2026-05-06,6404.75,6465.6,6400.53,6485.9
2026-05-07,6489.86,6533.33,6470.99,6534.08
2026-05-08,6495.25,6532.34,6487.61,6540.53
2026-05-11,6579.67,6633.48,6555.57,6639.64
2026-05-12,6645.78,6605.72,6568.94,6645.78
2026-05-13,6567.45,6686.87,6567.45,6689.74
2026-05-14,6718.19,6552.95,6552.95,6720.94
2026-05-15,6552.69,6481.34,6438.14,6592.21
2026-05-18,6452.12,6477.21,6433.24,6515.59
2026-05-19,6458.97,6526.03,6399.27,6527.58
2026-05-20,6494.77,6525.06,6472.83,6538.06
2026-05-21,6563.16,6368.44,6361.93,6616.34
2026-05-22,6414.04,6479.37,6374.65,6490.86
2026-05-25,6517.05,6559.84,6469.26,6560.92
2026-05-26,6529.66,6532.44,6449.87,6539.05
2026-05-27,6524.49,6443.84,6413.99,6559.4
2026-05-28,6422.45,6480.47,6372.65,6492.47
2026-05-29,6504.87,6368.84,6339.5,6508.57
2026-06-01,6367.45,6321.11,6311.67,6427.12
2026-06-02,6335.34,6368.51,6247.33,6398.35
2026-06-03,6371.13,6395.88,6343.86,6465.71
2026-06-04,6336.62,6368.34,6333.92,6396.87
2026-06-05,6344.24,6292.19,6267.27,6407.41
2026-06-08,6113.17,6119.24,6061.39,6232.53
2026-06-09,6176.86,6254.74,6125.51,6255.62
2026-06-10,6192.5,6173.63,6116.98,6229.86
2026-06-11,6143.36,6140.75,6091.08,6190.14
2026-06-12,6231.57,6196.26,6182.65,6272.49
2026-06-15,6254.44,6380.16,6246.26,6380.65
2026-06-16,6387.65,6421.24,6368.89,6444.64
2026-06-17,6383.6,6477.07,6383.56,6479.2
2026-06-18,6453.66,6499.33,6453.35,6526.32
2026-06-22,6518.73,6624.01,6444.78,6625.35
2026-06-23,6605.34,6483.57,6445.33,6626.39
2026-06-24,6453.7,6531.25,6432.87,6536.92
2026-06-25,6538.69,6586.23,6519.12,6591.08
2026-06-26,6541.97,6401.01,6373.13,6541.97
2026-06-29,6404.3,6443.3,6310.39,6445.64
2026-06-30,6429.16,6551.62,6424.59,6558.04
2026-07-01,6553.0,6563.16,6517.55,6622.22
2026-07-02,6437.21,6376.36,6359.07,6517.42
2026-07-03,6377.0,6404.4,6358.77,6473.64
2026-07-06,6436.27,6350.89,6300.07,6450.18
2026-07-07,6317.01,6246.03,6209.88,6350.87
2026-07-08,6259.91,6157.07,6148.01,6267.94
2026-07-09,6182.77,6304.43,6086.1,6311.8
2026-07-10,6315.7,6215.11,6215.11,6376.71
2026-07-13,6162.54,6001.65,5976.21,6190.17
2026-07-14,5999.02,6119.19,5913.58,6119.19
2026-07-15,6128.6,6075.66,6060.16,6157.85
2026-07-16,5984.53,5956.5,5925.13,6071.94
2026-07-17,5917.18,5671.75,5636.84,5920.71
2026-07-20,5731.22,5638.62,5539.04,5772.21
2026-07-21,5663.88,5833.73,5510.4,5834.17
2026-07-22,5792.45,5790.76,5757.75,5871.84
2026-07-23,5802.57,5816.08,5761.14,5831.51
2026-07-24,5752.49,5687.26,5684.98,5788.27
2026-07-27,5684.33,5807.8,5652.95,5807.8
2026-07-28,5719.99,5648.71,5626.48,5761.89
2026-07-29,5655.32,5692.34,5572.4,5723.8
2026-07-30,5655.19,5581.37,5518.63,5694.69
2026-07-31,5698.09,5681.24,5681.18,5754.53
2026-08-03,5656.91,5652.57,5632.6,5684.18
2026-08-04,5687.9,5766.33,5673.47,5782.94
2026-08-05,5725.56,5881.85,5725.56,5903.58
2026-08-06,5839.17,5896.36,5833.12,5917.14
2026-08-07,5900.24,5978.3,5860.03,5985.86
2026-08-10,5993.26,6009.53,5938.01,6010.26
2026-08-11,5983.03,5966.59,5957.76,6031.11
2026-08-12,5967.89,6024.05,5963.77,6031.27
2026-08-13,6058.75,5973.27,5971.94,6073.73
2026-08-14,5988.22,5991.02,5932.34,5996.26
2026-08-17,6003.57,6112.7,5987.7,6112.79
2026-08-18,6108.25,6097.5,6034.54,6124.01
2026-08-19,6001.35,5846.42,5824.51,6007.87
2026-08-20,5895.29,5882.46,5847.52,5926.78
2026-08-21,5861.79,5902.11,5827.3,5915.05
2026-08-24,5906.86,5818.51,5755.08,5908.51
2026-08-25,5777.7,5832.92,5743.07,5855.14
2026-08-26,5834.28,5867.44,5820.68,5899.54
2026-08-27,5872.25,5958.93,5861.0,5959.76
2026-08-28,5948.73,5935.03,5934.03,5988.02
2026-08-30,5868.3,5969.33,5866.94,5969.33
2026-08-31,5868.3,5969.33,5866.94,5969.33
2026-09-01,5965.49,5939.14,5925.89,5976.3
2026-09-02,5892.02,5860.85,5834.49,5893.18
2026-09-03,5892.56,5867.18,5833.87,5907.03
2026-09-04,5900.7,5830.14,5801.78,5935.85
2026-09-07,5855.95,5893.09,5842.01,5906.56
2026-09-08,5898.79,5894.74,5872.03,5928.77
2026-09-09,5912.52,5899.03,5865.55,5917.24
2026-09-10,5869.76,5851.83,5843.62,5886.27
2026-09-11,5798.48,5769.02,5689.66,5798.48
2026-09-14,5724.53,5761.88,5715.63,5789.98
2026-09-15,5751.89,5723.69,5716.5,5789.48
2026-09-16,5721.21,5797.55,5695.73,5803.21
2026-09-17,5775.98,5778.35,5758.86,5823.74
2026-09-18,5825.75,5862.03,5815.79,5876.83
2026-09-19,5884.97,5921.92,5884.97,5922.82
2026-09-21,5884.97,5921.92,5884.97,5922.82
2026-09-22,5961.28,5923.5,5908.87,5973.79
2026-09-23,5927.03,5897.66,5892.4,5927.03
2026-09-24,5874.79,5788.14,5788.14,5879.26
2026-09-25,5771.28,5630.2,5603.81,5771.78
2026-09-28,5771.28,5630.2,5603.81,5771.78
2026-09-29,5617.52,5650.25,5615.38,5672.28
2026-09-30,5671.11,5648.25,5636.79,5676.44
