date,ratio
1992-04-10,79.617
1992-04-16,50.767
1992-04-23,96.033
1992-04-24,94.547
1992-04-27,91.539
1992-04-28,81.87
1992-04-29,89.693
1992-04-30,89.607
1992-05-04,93.791
1992-05-05,89.033
1992-05-06,84.917
1992-05-07,80.249
1992-05-08,74.568
1992-05-11,48.309
1992-05-12,66.659
1992-05-13,73.096
1992-05-14,79.951
1992-05-15,81.954
1992-05-18,77.637
1992-05-19,58.805
1992-05-20,76.263
1992-05-21,73.933
1992-05-22,65.328
1992-05-25,71.291
1992-05-26,59.541
1992-05-27,51.295
1992-05-28,66.022
1992-05-29,61.422
1992-06-01,67.833
1992-06-02,56.445
1992-06-03,65.145
1992-06-04,79.323
1992-06-05,76.231
1992-06-08,77.326
1992-06-09,68.765
1992-06-10,72.097
1992-06-11,65.899
1992-06-12,60.472
1992-06-15,64.179
1992-06-16,69.349
1992-06-17,73.992
1992-06-18,72.019
1992-06-19,69.705
1992-06-22,65.845
1992-06-23,68.689
1992-06-24,68.809
1992-06-25,68.49
1992-06-26,60.339
1992-06-29,61.105
1992-06-30,58.369
1992-07-01,65.305
1992-07-02,67.682
1992-07-03,70.51
1992-07-06,63.17
1992-07-07,67.457
1992-07-08,74.995
1992-07-09,68.121
1992-07-10,64.831
1992-07-13,76.518
1992-07-14,69.732
1992-07-15,72.058
1992-07-16,62.971
1992-07-17,62.856
1992-07-20,65.775
1992-07-21,67.741
1992-07-22,66.485
1992-07-23,69.854
1992-07-24,58.013
1992-07-27,59.988
1992-07-28,62.602
1992-07-29,61.946
1992-07-30,54.57
1992-07-31,60.008
1992-08-03,62.022
1992-08-04,47.756
1992-08-05,73.773
1992-08-06,44.73
1992-08-07,54.764
1992-08-10,51.03
1992-08-11,71.437
1992-08-12,68.128
1992-08-13,65.605
1992-08-14,55.841
1992-08-17,67.29
1992-08-18,77.026
1992-08-19,70.614
1992-08-20,79.327
1992-08-21,79.536
1992-08-24,78.877
1992-08-25,68.616
1992-08-26,69.063
1992-08-27,68.124
1992-08-28,68.518
1992-08-31,66.063
1992-09-01,70.024
1992-09-02,57.951
1992-09-03,61.99
1992-09-04,62.156
1992-09-07,66.613
1992-09-08,58.193
1992-09-09,61.075
1992-09-10,58.551
1992-09-11,57.054
1992-09-14,55.207
1992-09-15,67.54
1992-09-16,58.522
1992-09-17,57.504
1992-09-18,64.282
1992-09-21,81.668
1992-09-22,78.628
1992-09-23,76.013
1992-09-24,66.186
1992-09-25,59.326
1992-09-28,56.461
1992-09-29,68.165
1992-09-30,60.954
1992-10-05,57.271
1992-10-06,59.291
1992-10-07,72.726
1992-10-08,71.264
1992-10-09,66.896
1992-10-12,56.867
1992-10-13,65.338
1992-10-14,62.291
1992-10-15,45.542
1992-10-16,45.993
1992-10-19,62.819
1992-10-20,58.599
1992-10-21,56.142
1992-10-22,62.124
1992-10-23,58.931
1992-10-26,56.133
1992-10-27,51.936
1992-10-28,55.911
1992-10-29,57.303
1992-10-30,55.884
1992-11-02,66.115
1992-11-03,63.73
1992-11-04,66.083
1992-11-05,56.597
1992-11-06,55.907
1992-11-09,60.649
1992-11-10,55.193
1992-11-11,47.111
1992-11-12,63.294
1992-11-13,79.806
1992-11-16,62.328
1992-11-17,58.066
1992-11-18,60.022
1992-11-19,41.307
1992-11-20,38.254
1992-11-23,70.61
1992-11-24,71.537
1992-11-25,65.673
1992-11-26,71.342
1992-11-27,66.081
1992-11-30,68.508
1992-12-01,19.783
1992-12-02,53.445
1992-12-03,55.41
1992-12-04,51.277
1992-12-07,52.843
1992-12-08,57.423
1992-12-09,31.674
1992-12-10,41.35
1992-12-11,34.692
1992-12-14,43.329
1992-12-15,46.171
1992-12-16,53.356
1992-12-17,44.793
1992-12-18,41.018
1992-12-21,39.264
1992-12-22,38.55
1992-12-23,42.655
1992-12-24,38.274
1992-12-25,39.32
1992-12-28,36.774
1992-12-29,34.928
1992-12-30,44.123
1992-12-31,44.963
1993-01-04,40.193
1993-01-05,37.393
1993-01-06,34.596
1993-01-07,30.152
1993-01-08,42.547
1993-01-11,42.374
1993-01-12,38.1
1993-01-13,43.003
1993-01-14,37.571
1993-01-15,35.697
1993-01-18,31.14
1993-01-19,30.81
1993-01-20,31.714
1993-01-21,26.206
1993-01-22,34.977
1993-01-27,40.224
1993-01-28,37.654
1993-01-29,32.244
1993-02-01,34.149
1993-02-02,34.386
1993-02-03,36.514
1993-02-04,33.338
1993-02-05,33.532
1993-02-08,27.377
1993-02-09,31.977
1993-02-10,33.572
1993-02-11,31.671
1993-02-12,24.711
1993-02-15,42.445
1993-02-16,34.201
1993-02-17,26.816
1993-02-18,40.269
1993-02-19,39.393
1993-02-22,30.407
1993-02-23,32.591
1993-02-24,31.92
1993-02-25,28.663
1993-02-26,29.235
1993-03-01,33.257
1993-03-02,30.254
1993-03-03,27.265
1993-03-04,30.798
1993-03-05,28.255
1993-03-08,28.082
1993-03-09,23.949
1993-03-10,25.884
1993-03-11,25.891
1993-03-12,24.867
1993-03-15,26.304
1993-03-16,23.997
1993-03-17,24.94
1993-03-18,25.839
1993-03-19,30.017
1993-03-22,23.794
1993-03-23,27.738
1993-03-24,27.849
1993-03-25,30.262
1993-03-26,31.453
1993-03-29,32.419
1993-03-30,30.86
1993-03-31,30.487
1993-04-01,35.466
1993-04-02,38.395
1993-04-05,40.451
1993-04-06,38.058
1993-04-07,55.03
1993-04-08,27.416
1993-04-09,22.978
1993-04-12,34.337
1993-04-13,28.176
1993-04-14,28.404
1993-04-15,26.068
1993-04-16,34.936
1993-04-19,34.775
1993-04-20,33.261
1993-04-21,37.437
1993-04-22,27.662
1993-04-23,31.094
1993-04-26,38.139
1993-04-27,36.206
1993-04-28,32.231
1993-04-29,28.772
1993-04-30,31.787
1993-05-03,38.561
1993-05-04,35.746
1993-05-05,27.344
1993-05-06,30.336
1993-05-07,27.57
1993-05-10,24.832
1993-05-11,35.599
1993-05-12,33.799
1993-05-13,28.732
1993-05-14,24.252
1993-05-17,16.626
1993-05-18,33.624
1993-05-19,22.407
1993-05-20,24.713
1993-05-21,22.942
1993-05-24,19.832
1993-05-25,21.966
1993-05-26,26.855
1993-05-27,24.039
1993-05-28,26.562
1993-05-31,24.193
1993-06-01,24.92
1993-06-02,33.017
1993-06-03,33.183
1993-06-04,31.825
1993-06-07,48.699
1993-06-08,41.85
1993-06-09,32.15
1993-06-10,31.365
1993-06-11,29.624
1993-06-14,42.29
1993-06-15,24.888
1993-06-16,19.519
1993-06-17,21.837
1993-06-18,22.81
1993-06-21,21.797
1993-06-22,27.905
1993-06-23,28.45
1993-06-24,32.322
1993-06-25,23.721
1993-06-28,54.716
1993-06-29,71.747
1993-06-30,69.344
1993-07-01,50.522
1993-07-02,41.22
1993-07-05,29.095
1993-07-06,28.124
1993-07-07,28.418
1993-07-08,29.276
1993-07-09,24.365
1993-07-12,44.629
1993-07-13,42.121
1993-07-14,51.013
1993-07-15,32.129
1993-07-16,38.598
1993-07-19,35.171
1993-07-20,25.477
1993-07-21,24.455
1993-07-22,26.534
1993-07-23,25.906
1993-07-26,40.58
1993-07-27,32.949
1993-07-28,33.022
1993-07-29,44.614
1993-07-30,36.309
1993-08-02,37.749
1993-08-03,28.506
1993-08-04,24.342
1993-08-05,35.554
1993-08-06,44.481
1993-08-09,45.221
1993-08-10,36.394
1993-08-11,26.2
1993-08-12,24.642
1993-08-13,24.468
1993-08-16,24.115
1993-08-17,22.78
1993-08-18,26.866
1993-08-19,28.718
1993-08-20,27.866
1993-08-23,29.545
1993-08-24,37.17
1993-08-25,34.105
1993-08-26,31.821
1993-08-27,46.058
1993-08-30,32.921
1993-08-31,38.602
1993-09-01,35.347
1993-09-02,32.897
1993-09-03,31.756
1993-09-06,29.995
1993-09-07,35.95
1993-09-08,43.231
1993-09-09,50.167
1993-09-10,30.839
1993-09-13,28.323
1993-09-14,26.764
1993-09-15,36.046
1993-09-16,34.403
1993-09-17,39.052
1993-09-20,33.795
1993-09-21,31.561
1993-09-22,28.118
1993-09-23,30.173
1993-09-24,35.022
1993-09-27,38.442
1993-09-28,42.843
1993-09-29,31.723
1993-09-30,45.134
1993-10-04,32.914
1993-10-05,35.225
1993-10-06,50.387
1993-10-07,64.944
1993-10-08,60.736
1993-10-11,58.243
1993-10-12,54.612
1993-10-13,50.553
1993-10-14,50.602
1993-10-15,36.632
1993-10-18,45.566
1993-10-19,55.003
1993-10-20,62.639
1993-10-21,73.693
1993-10-22,72.819
1993-10-25,66.591
1993-10-26,76.448
1993-10-27,65.088
1993-10-28,52.172
1993-10-29,43.771
1993-11-01,54.358
1993-11-02,58.51
1993-11-03,57.209
1993-11-04,55.064
1993-11-05,50.815
1993-11-08,44.181
1993-11-09,39.135
1993-11-10,47.352
1993-11-11,44.519
1993-11-12,32.982
1993-11-15,21.171
1993-11-16,26.563
1993-11-17,25.861
1993-11-18,31.296
1993-11-19,32.133
1993-11-22,26.2
1993-11-23,30.312
1993-11-24,34.732
1993-11-25,29.651
1993-11-26,30.057
1993-11-29,31.009
1993-11-30,34.717
1993-12-01,38.344
1993-12-02,27.908
1993-12-03,29.56
1993-12-06,42.502
1993-12-07,28.803
1993-12-08,27.368
1993-12-09,30.139
1993-12-10,21.379
1993-12-13,30.564
1993-12-14,30.669
1993-12-15,30.144
1993-12-16,29.476
1993-12-17,25.079
1993-12-20,25.214
1993-12-21,25.474
1993-12-22,49.963
1993-12-23,18.208
1993-12-24,38.2
1993-12-27,47.002
1993-12-28,58.247
1993-12-29,55.978
1993-12-30,41.457
1993-12-31,41.671
1994-01-03,54.977
1994-01-04,43.348
1994-01-05,33.629
1994-01-06,36.207
1994-01-07,32.415
1994-01-10,32.321
1994-01-11,37.206
1994-01-12,40.803
1994-01-13,41.896
1994-01-14,37.438
1994-01-17,36.086
1994-01-18,39.133
1994-01-19,32.99
1994-01-20,33.214
1994-01-21,27.345
1994-01-24,27.39
1994-01-25,43.143
1994-01-26,48.543
1994-01-27,30.588
1994-01-28,44.478
1994-01-31,29.184
1994-02-01,24.046
1994-02-02,33.268
1994-02-03,24.639
1994-02-04,32.365
1994-02-14,37.329
1994-02-15,35.865
1994-02-16,38.333
1994-02-17,34.537
1994-02-18,35.837
1994-02-21,26.712
1994-02-22,32.961
1994-02-23,40.936
1994-02-24,54.391
1994-02-25,45.647
1994-02-28,56.696
1994-03-01,49.857
1994-03-02,54.016
1994-03-03,44.741
1994-03-04,45.575
1994-03-07,42.997
1994-03-08,62.355
1994-03-09,61.713
1994-03-10,57.065
1994-03-11,61.324
1994-03-14,33.056
1994-03-15,34.738
1994-03-16,34.591
1994-03-17,31.295
1994-03-18,29.135
1994-03-21,37.727
1994-03-22,44.664
1994-03-23,47.401
1994-03-24,64.144
1994-03-25,48.918
1994-03-28,43.404
1994-03-29,48.316
1994-03-30,38.902
1994-03-31,36.181
1994-04-01,30.205
1994-04-04,56.412
1994-04-05,46.013
1994-04-06,38.851
1994-04-07,29.949
1994-04-08,41.72
1994-04-11,42.913
1994-04-12,31.737
1994-04-13,32.254
1994-04-14,28.294
1994-04-15,24.314
1994-04-18,33.348
1994-04-19,38.012
1994-04-20,24.162
1994-04-21,23.002
1994-04-22,26.089
1994-04-25,51.536
1994-04-26,34.996
1994-04-27,35.302
1994-04-28,30.84
1994-04-29,30.939
1994-05-03,29.427
1994-05-04,26.817
1994-05-05,34.876
1994-05-06,43.391
1994-05-09,39.971
1994-05-10,34.239
1994-05-11,32.794
1994-05-12,34.074
1994-05-13,34.347
1994-05-16,33.303
1994-05-17,34.889
1994-05-18,31.712
1994-05-19,34.947
1994-05-20,50.84
1994-05-23,47.258
1994-05-24,44.098
1994-05-25,48.838
1994-05-26,36.045
1994-05-27,40.187
1994-05-30,30.149
1994-05-31,26.681
1994-06-01,33.942
1994-06-02,35.291
1994-06-03,37.735
1994-06-06,35.7
1994-06-07,37.403
1994-06-08,39.729
1994-06-09,49.599
1994-06-10,37.817
1994-06-13,34.656
1994-06-14,34.972
1994-06-15,39.102
1994-06-16,28.421
1994-06-17,27.268
1994-06-20,29.442
1994-06-21,27.568
1994-06-22,30.491
1994-06-23,40.476
1994-06-24,30.373
1994-06-27,26.9
1994-06-28,29.27
1994-06-29,30.376
1994-06-30,26.128
1994-07-01,43.693
1994-07-04,34.147
1994-07-05,33.405
1994-07-06,33.522
1994-07-07,36.556
1994-07-08,35.992
1994-07-11,42.242
1994-07-12,39.748
1994-07-13,41.263
1994-07-14,49.269
1994-07-15,34.431
1994-07-18,29.259
1994-07-19,28.155
1994-07-20,30.684
1994-07-21,28.667
1994-07-22,33.608
1994-07-25,30.379
1994-07-26,29.19
1994-07-27,27.716
1994-07-28,28.851
1994-07-29,30.32
1994-08-01,29.331
1994-08-02,30.818
1994-08-03,27.577
1994-08-04,27.124
1994-08-05,26.258
1994-08-08,23.791
1994-08-09,29.117
1994-08-10,27.732
1994-08-11,28.12
1994-08-12,29.927
1994-08-15,34.025
1994-08-16,31.644
1994-08-17,39.626
1994-08-18,27.528
1994-08-19,27.18
1994-08-22,28.101
1994-08-23,34.7
1994-08-24,36.373
1994-08-25,37.029
1994-08-26,32.211
1994-08-29,48.275
1994-08-30,42.421
1994-08-31,28.309
1994-09-01,23.704
1994-09-02,23.137
1994-09-05,18.624
1994-09-06,17.621
1994-09-07,17.834
1994-09-08,22.026
1994-09-09,16.798
1994-09-12,20.735
1994-09-13,20.076
1994-09-14,24.284
1994-09-15,23.327
1994-09-16,24.098
1994-09-19,27.035
1994-09-20,21.657
1994-09-21,25.946
1994-09-22,24.676
1994-09-23,25.41
1994-09-26,25.74
1994-09-27,33.195
1994-09-28,21.786
1994-09-29,22.602
1994-09-30,19.41
1994-10-05,22.856
1994-10-06,22.578
1994-10-07,26.496
1994-10-10,27.201
1994-10-11,27.697
1994-10-12,26.95
1994-10-13,23.117
1994-10-14,25.866
1994-10-17,26.117
1994-10-18,31.724
1994-10-19,34.501
1994-10-20,24.447
1994-10-21,26.475
1994-10-24,22.815
1994-10-25,19.514
1994-10-26,25.657
1994-10-27,25.417
1994-10-28,20.805
1994-10-31,20.515
1994-11-01,27.226
1994-11-02,27.81
1994-11-03,26.787
1994-11-04,28.566
1994-11-07,29.567
1994-11-08,31.14
1994-11-09,30.572
1994-11-10,32.635
1994-11-11,33.9
1994-11-14,31.17
1994-11-15,28.541
1994-11-16,42.785
1994-11-17,42.764
1994-11-18,26.889
1994-11-21,27.133
1994-11-22,41.356
1994-11-23,30.027
1994-11-24,33.407
1994-11-25,32.717
1994-11-28,28.296
1994-11-29,30.345
1994-11-30,40.072
1994-12-01,39.754
1994-12-02,35.314
1994-12-05,26.065
1994-12-06,22.722
1994-12-07,25.076
1994-12-08,22.747
1994-12-09,22.188
1994-12-12,22.944
1994-12-13,26.269
1994-12-14,35.101
1994-12-15,31.08
1994-12-16,29.182
1994-12-19,35.832
1994-12-20,51.048
1994-12-21,41.99
1994-12-22,50.693
1994-12-23,42.82
1994-12-26,46.361
1994-12-27,46.158
1994-12-28,37.568
1994-12-29,43.306
1994-12-30,33.613
1995-01-03,31.743
1995-01-04,38.189
1995-01-05,31.135
1995-01-06,36.773
1995-01-09,39.277
1995-01-10,33.671
1995-01-11,29.138
1995-01-12,27.234
1995-01-13,26.424
1995-01-16,29.419
1995-01-17,25.59
1995-01-18,28.583
1995-01-19,26.664
1995-01-20,25.388
1995-01-23,26.018
1995-01-24,39.314
1995-01-25,38.157
1995-01-26,27.945
1995-01-27,29.237
1995-02-06,32.849
1995-02-07,26.473
1995-02-08,32.232
1995-02-09,33.395
1995-02-10,30.541
1995-02-13,30.67
1995-02-14,28.09
1995-02-15,29.783
1995-02-16,25.146
1995-02-17,52.122
1995-02-20,36.464
1995-02-21,41.977
1995-02-22,33.1
1995-02-23,32.82
1995-02-24,38.779
1995-02-27,34.169
1995-02-28,41.787
1995-03-01,39.278
1995-03-02,37.5
1995-03-03,37.098
1995-03-06,30.408
1995-03-07,24.365
1995-03-08,24.284
1995-03-09,32.612
1995-03-10,29.297
1995-03-13,33.152
1995-03-14,38.185
1995-03-15,36.545
1995-03-16,39.571
1995-03-17,33.665
1995-03-20,35.789
1995-03-21,34.477
1995-03-22,31.992
1995-03-23,34.038
1995-03-24,36.368
1995-03-27,33.055
1995-03-28,35.75
1995-03-29,29.107
1995-03-30,38.08
1995-03-31,36.688
1995-04-03,33.513
1995-04-04,34.46
1995-04-05,39.568
1995-04-06,42.757
1995-04-07,35.094
1995-04-10,32.848
1995-04-11,48.882
1995-04-12,45.669
1995-04-13,48.119
1995-04-14,44.215
1995-04-17,41.576
1995-04-18,43.126
1995-04-19,47.751
1995-04-20,33.138
1995-04-21,31.553
1995-04-24,33.345
1995-04-25,31.101
1995-04-26,29.304
1995-04-27,29.786
1995-04-28,24.889
1995-05-02,28.814
1995-05-03,39.057
1995-05-04,33.09
1995-05-05,32.626
1995-05-08,40.771
1995-05-09,42.865
1995-05-10,35.406
1995-05-11,32.293
1995-05-12,41.633
1995-05-15,47.075
1995-05-16,44.912
1995-05-17,33.316
1995-05-18,26.73
1995-05-19,23.704
1995-05-22,19.268
1995-05-23,23.77
1995-05-24,25.345
1995-05-25,28.627
1995-05-26,26.117
1995-05-29,24.787
1995-05-30,30.361
1995-05-31,28.844
1995-06-01,29.959
1995-06-02,31.763
1995-06-05,29.345
1995-06-06,25.594
1995-06-07,35.995
1995-06-08,30.33
1995-06-09,31.533
1995-06-12,39.966
1995-06-13,35.277
1995-06-14,35.741
1995-06-15,23.95
1995-06-16,25.896
1995-06-19,27.874
1995-06-20,31.843
1995-06-21,33.659
1995-06-22,31.856
1995-06-23,33.822
1995-06-26,28.966
1995-06-27,39.329
1995-06-28,34.316
1995-06-29,35.668
1995-06-30,46.755
1995-07-03,42.058
1995-07-04,36.994
1995-07-05,45.475
1995-07-06,43.628
1995-07-07,38.952
1995-07-10,35.009
1995-07-11,35.028
1995-07-12,40.078
1995-07-13,45.604
1995-07-14,40.513
1995-07-17,34.338
1995-07-18,50.449
1995-07-19,44.676
1995-07-20,46.999
1995-07-21,51.74
1995-07-24,62.734
1995-07-25,54.699
1995-07-26,45.089
1995-07-27,47.558
1995-07-28,44.348
1995-07-31,46.398
1995-08-01,45.852
1995-08-02,36.296
1995-08-03,41.006
1995-08-04,47.861
1995-08-07,44.092
1995-08-08,43.928
1995-08-09,53.911
1995-08-10,47.11
1995-08-11,45.769
1995-08-14,36.149
1995-08-15,35.174
1995-08-16,48.12
1995-08-17,36.584
1995-08-18,37.189
1995-08-21,42.896
1995-08-22,39.455
1995-08-23,39.257
1995-08-24,46.567
1995-08-25,47.531
1995-08-28,36.961
1995-08-29,47.634
1995-08-30,44.73
1995-08-31,48.36
1995-09-01,47.156
1995-09-04,39.335
1995-09-05,41.744
1995-09-06,40.831
1995-09-07,38.946
1995-09-08,39.364
1995-09-11,45.741
1995-09-12,40.401
1995-09-13,47.408
1995-09-14,49.333
1995-09-15,45.158
1995-09-18,48.899
1995-09-19,51.137
1995-09-20,43.612
1995-09-21,43.404
1995-09-22,43.436
1995-09-25,47.106
1995-09-26,42.561
1995-09-27,51.85
1995-09-28,46.919
1995-09-29,42.031
1995-10-04,50.876
1995-10-05,44.918
1995-10-06,52.057
1995-10-09,58.006
1995-10-10,75.099
1995-10-11,63.565
1995-10-12,57.731
1995-10-13,66.777
1995-10-16,54.688
1995-10-17,54.721
1995-10-18,56.614
1995-10-19,55.546
1995-10-20,30.886
1995-10-23,31.336
1995-10-24,35.32
1995-10-25,28.827
1995-10-26,43.321
1995-10-27,45.866
1995-10-30,48.066
1995-10-31,53.334
1995-11-01,50.547
1995-11-02,49.452
1995-11-03,44.365
1995-11-06,37.82
1995-11-07,35.315
1995-11-08,38.895
1995-11-09,49.0
1995-11-10,42.324
1995-11-13,39.051
1995-11-14,36.649
1995-11-15,50.803
1995-11-16,52.103
1995-11-17,42.909
1995-11-20,46.249
1995-11-21,45.122
1995-11-22,38.69
1995-11-23,42.084
1995-11-24,38.105
1995-11-27,37.546
1995-11-28,45.249
1995-11-29,41.124
1995-11-30,38.015
1995-12-01,37.115
1995-12-04,41.181
1995-12-05,42.97
1995-12-06,62.087
1995-12-07,50.487
1995-12-08,56.104
1995-12-11,56.022
1995-12-12,46.269
1995-12-13,52.808
1995-12-14,49.698
1995-12-15,43.574
1995-12-18,42.783
1995-12-19,46.58
1995-12-20,48.595
1995-12-21,47.349
1995-12-22,43.817
1995-12-25,40.155
1995-12-26,39.755
1995-12-27,39.308
1995-12-28,41.556
1995-12-29,37.466
1996-01-02,30.789
1996-01-03,35.061
1996-01-04,39.216
1996-01-05,42.308
1996-01-08,42.036
1996-01-09,50.185
1996-01-10,49.568
1996-01-11,49.873
1996-01-12,43.515
1996-01-15,47.109
1996-01-16,48.619
1996-01-17,43.865
1996-01-18,39.551
1996-01-19,44.623
1996-01-22,55.39
1996-01-23,56.341
1996-01-24,57.821
1996-01-25,50.219
1996-01-26,45.644
1996-01-29,51.599
1996-01-30,58.497
1996-01-31,48.964
1996-02-01,42.905
1996-02-02,49.04
1996-02-05,58.487
1996-02-06,50.888
1996-02-07,59.414
1996-02-08,53.388
1996-02-09,40.121
1996-02-12,45.932
1996-02-13,41.188
1996-02-14,37.516
1996-02-15,47.608
1996-02-16,34.935
1996-03-04,38.401
1996-03-05,39.362
1996-03-06,40.657
1996-03-07,44.622
1996-03-08,58.172
1996-03-11,46.538
1996-03-12,51.465
1996-03-13,42.764
1996-03-14,47.246
1996-03-15,44.978
1996-03-18,54.462
1996-03-19,44.584
1996-03-20,57.101
1996-03-21,49.743
1996-03-22,48.928
1996-03-25,51.745
1996-03-26,45.01
1996-03-27,48.819
1996-03-28,59.898
1996-03-29,43.112
1996-04-01,39.619
1996-04-02,36.51
1996-04-03,41.193
1996-04-04,47.176
1996-04-05,32.603
1996-04-08,38.147
1996-04-09,34.709
1996-04-10,43.524
1996-04-11,39.763
1996-04-12,30.385
1996-04-15,34.873
1996-04-16,26.651
1996-04-17,25.305
1996-04-18,31.959
1996-04-19,31.854
1996-04-22,33.835
1996-04-23,27.817
1996-04-24,24.328
1996-04-25,28.028
1996-04-26,26.889
1996-04-29,25.417
1996-04-30,29.815
1996-05-02,33.248
1996-05-03,36.121
1996-05-06,45.613
1996-05-07,41.895
1996-05-08,42.295
1996-05-09,37.68
1996-05-10,38.546
1996-05-13,44.471
1996-05-14,42.016
1996-05-15,42.316
1996-05-16,36.519
1996-05-17,33.437
1996-05-20,29.725
1996-05-21,36.014
1996-05-22,42.265
1996-05-23,47.91
1996-05-24,51.045
1996-05-27,51.854
1996-05-28,57.803
1996-05-29,53.056
1996-05-30,55.945
1996-05-31,57.848
1996-06-03,58.43
1996-06-04,52.735
1996-06-05,46.16
1996-06-06,49.811
1996-06-07,42.771
1996-06-10,38.397
1996-06-11,46.15
1996-06-12,39.002
1996-06-13,36.778
1996-06-14,37.593
1996-06-17,40.988
1996-06-18,43.717
1996-06-19,35.345
1996-06-20,38.696
1996-06-21,34.793
1996-06-24,33.777
1996-06-25,31.959
1996-06-26,35.419
1996-06-27,37.416
1996-06-28,34.706
1996-07-01,41.61
1996-07-02,45.499
1996-07-03,45.72
1996-07-04,41.867
1996-07-05,35.995
1996-07-08,39.869
1996-07-09,37.277
1996-07-10,28.961
1996-07-11,31.209
1996-07-12,31.148
1996-07-15,29.038
1996-07-16,25.599
1996-07-17,23.818
1996-07-18,26.02
1996-07-19,20.964
1996-07-22,22.511
1996-07-23,24.699
1996-07-24,21.824
1996-07-25,25.799
1996-07-26,28.853
1996-07-29,26.943
1996-07-30,24.844
1996-07-31,27.172
1996-08-01,30.166
1996-08-02,32.09
1996-08-05,33.306
1996-08-06,31.462
1996-08-07,37.258
1996-08-08,32.708
1996-08-09,31.306
1996-08-12,24.783
1996-08-13,30.969
1996-08-14,33.52
1996-08-15,35.03
1996-08-16,32.68
1996-08-19,36.675
1996-08-20,31.561
1996-08-21,41.987
1996-08-22,36.05
1996-08-23,35.397
1996-08-26,39.804
1996-08-27,35.928
1996-08-28,36.989
1996-08-29,35.709
1996-08-30,33.112
1996-09-02,36.268
1996-09-03,35.347
1996-09-04,31.788
1996-09-05,30.198
1996-09-06,30.411
1996-09-09,38.816
1996-09-10,30.447
1996-09-11,32.781
1996-09-12,37.351
1996-09-13,39.444
1996-09-16,45.775
1996-09-17,36.269
1996-09-18,39.319
1996-09-19,38.209
1996-09-20,37.598
1996-09-23,36.626
1996-09-24,33.371
1996-09-25,39.685
1996-09-26,31.802
1996-09-27,32.609
1996-10-03,27.982
1996-10-04,30.711
1996-10-07,30.437
1996-10-08,33.013
1996-10-09,31.965
1996-10-10,33.858
1996-10-11,31.946
1996-10-14,34.265
1996-10-15,29.515
1996-10-16,29.003
1996-10-17,27.143
1996-10-18,28.925
1996-10-21,33.637
1996-10-22,33.376
1996-10-23,31.125
1996-10-24,27.122
1996-10-25,29.202
1996-10-28,26.473
1996-10-29,28.814
1996-10-30,28.567
1996-10-31,29.698
1996-11-01,30.027
1996-11-04,31.401
1996-11-05,32.283
1996-11-06,31.537
1996-11-07,31.064
1996-11-08,35.494
1996-11-11,34.859
1996-11-12,33.22
1996-11-13,29.13
1996-11-14,29.839
1996-11-15,32.253
1996-11-18,28.614
1996-11-19,23.466
1996-11-20,23.346
1996-11-21,24.704
1996-11-22,31.152
1996-11-25,32.244
1996-11-26,30.441
1996-11-27,28.608
1996-11-28,24.771
1996-11-29,23.2
1996-12-02,23.958
1996-12-03,24.621
1996-12-04,22.44
1996-12-05,26.315
1996-12-06,21.542
1996-12-09,20.432
1996-12-10,21.697
1996-12-11,20.455
1996-12-12,24.851
1996-12-13,29.816
1996-12-16,40.455
1996-12-17,42.39
1996-12-18,26.584
1996-12-19,34.217
1996-12-20,31.569
1996-12-23,26.391
1996-12-24,27.929
1996-12-25,27.501
1996-12-26,27.824
1996-12-27,25.395
1996-12-30,23.384
1996-12-31,24.674
1997-01-02,28.761
1997-01-03,27.271
1997-01-06,29.8
1997-01-07,31.528
1997-01-08,35.175
1997-01-09,31.48
1997-01-10,36.578
1997-01-13,22.73
1997-01-14,24.96
1997-01-15,33.128
1997-01-16,33.608
1997-01-17,35.867
1997-01-20,31.684
1997-01-21,32.914
1997-01-22,36.354
1997-01-23,30.382
1997-01-24,31.585
1997-01-27,27.221
1997-01-28,26.448
1997-01-29,30.715
1997-01-30,34.182
1997-01-31,33.838
1997-02-17,34.732
1997-02-18,36.774
1997-02-19,35.247
1997-02-20,37.155
1997-02-21,34.335
1997-02-24,29.211
1997-02-25,30.751
1997-02-26,33.744
1997-02-27,24.16
1997-02-28,30.719
1997-03-03,20.493
1997-03-04,20.395
1997-03-05,22.944
1997-03-06,23.102
1997-03-07,21.087
1997-03-10,25.37
1997-03-11,22.749
1997-03-12,22.222
1997-03-13,23.914
1997-03-14,22.586
1997-03-17,24.658
1997-03-18,26.883
1997-03-19,28.589
1997-03-20,24.181
1997-03-21,27.321
1997-03-24,25.593
1997-03-25,30.337
1997-03-26,27.443
1997-03-27,22.898
1997-03-28,26.424
1997-03-31,19.672
1997-04-01,20.461
1997-04-02,23.77
1997-04-03,24.502
1997-04-04,27.267
1997-04-07,28.043
1997-04-08,33.402
1997-04-09,26.347
1997-04-10,27.097
1997-04-11,25.908
1997-04-14,23.675
1997-04-15,29.689
1997-04-16,30.294
1997-04-17,27.481
1997-04-18,27.975
1997-04-21,24.807
1997-04-22,26.238
1997-04-23,24.547
1997-04-24,24.856
1997-04-25,23.748
1997-04-28,28.801
1997-04-29,31.911
1997-04-30,30.051
1997-05-05,25.611
1997-05-06,27.68
1997-05-07,28.9
1997-05-08,33.371
1997-05-09,33.52
1997-05-12,26.236
1997-05-13,27.66
1997-05-14,30.995
1997-05-15,40.654
1997-05-16,37.35
1997-05-19,41.405
1997-05-20,39.756
1997-05-21,45.51
1997-05-22,44.985
1997-05-23,49.605
1997-05-26,58.375
1997-05-27,46.345
1997-05-28,51.991
1997-05-29,49.445
1997-05-30,53.366
1997-06-02,37.866
1997-06-03,43.116
1997-06-04,39.192
1997-06-05,40.338
1997-06-06,45.639
1997-06-09,41.426
1997-06-10,42.344
1997-06-11,46.661
1997-06-12,44.229
1997-06-13,38.753
1997-06-16,42.063
1997-06-17,45.19
1997-06-18,57.545
1997-06-19,47.694
1997-06-20,41.115
1997-06-23,42.617
1997-06-24,39.346
1997-06-25,37.193
1997-06-26,48.974
1997-06-27,44.454
1997-07-02,45.206
1997-07-03,47.553
1997-07-04,48.473
1997-07-07,40.883
1997-07-08,46.579
1997-07-09,47.167
1997-07-10,41.111
1997-07-11,40.879
1997-07-14,36.006
1997-07-15,33.444
1997-07-16,37.067
1997-07-17,37.557
1997-07-18,41.815
1997-07-21,32.775
1997-07-22,31.764
1997-07-23,33.494
1997-07-24,34.641
1997-07-25,39.645
1997-07-28,39.599
1997-07-29,40.589
1997-07-30,38.582
1997-07-31,39.944
1997-08-01,36.197
1997-08-04,36.463
1997-08-05,34.174
1997-08-06,34.123
1997-08-07,35.797
1997-08-08,33.484
1997-08-11,26.669
1997-08-12,31.65
1997-08-13,31.889
1997-08-14,32.503
1997-08-15,36.215
1997-08-18,37.638
1997-08-19,33.536
1997-08-20,34.486
1997-08-21,38.766
1997-08-22,34.884
1997-08-25,30.893
1997-08-26,32.646
1997-08-27,29.124
1997-08-28,35.127
1997-08-29,34.909
1997-09-01,33.079
1997-09-02,31.881
1997-09-03,31.353
1997-09-04,26.935
1997-09-05,25.909
1997-09-08,26.867
1997-09-09,28.28
1997-09-10,33.9
1997-09-11,34.533
1997-09-12,32.267
1997-09-15,38.399
1997-09-16,36.202
1997-09-17,35.268
1997-09-18,37.283
1997-09-19,33.915
1997-09-22,30.727
1997-09-23,33.401
1997-09-24,37.234
1997-09-25,34.373
1997-09-26,33.86
1997-09-29,40.676
1997-09-30,41.845
1997-10-06,43.125
1997-10-07,44.347
1997-10-08,39.21
1997-10-09,35.258
1997-10-10,36.23
1997-10-13,36.125
1997-10-14,36.789
1997-10-15,43.014
1997-10-16,39.351
1997-10-17,37.688
1997-10-20,35.705
1997-10-21,37.583
1997-10-22,46.28
1997-10-23,40.755
1997-10-24,35.105
1997-10-27,27.862
1997-10-28,33.906
1997-10-29,36.859
1997-10-30,35.13
1997-10-31,42.962
1997-11-03,35.323
1997-11-04,39.574
1997-11-05,42.638
1997-11-06,37.568
1997-11-07,31.762
1997-11-10,31.5
1997-11-11,34.125
1997-11-12,37.988
1997-11-13,40.875
1997-11-14,40.848
1997-11-17,37.932
1997-11-18,46.624
1997-11-19,38.671
1997-11-20,41.554
1997-11-21,39.721
1997-11-24,38.035
1997-11-25,52.991
1997-11-26,45.766
1997-11-27,44.172
1997-11-28,46.741
1997-12-01,43.931
1997-12-02,43.137
1997-12-03,42.639
1997-12-04,35.457
1997-12-05,33.433
1997-12-08,34.128
1997-12-09,29.901
1997-12-10,31.224
1997-12-11,36.591
1997-12-12,35.187
1997-12-15,29.871
1997-12-16,32.009
1997-12-17,32.713
1997-12-18,33.278
1997-12-19,31.537
1997-12-22,31.658
1997-12-23,32.613
1997-12-24,31.96
1997-12-25,35.813
1997-12-26,31.621
1997-12-29,26.243
1997-12-30,29.161
1997-12-31,31.429
1998-01-05,32.568
1998-01-06,28.598
1998-01-07,28.376
1998-01-08,30.657
1998-01-09,30.265
1998-01-12,27.018
1998-01-13,34.215
1998-01-14,30.839
1998-01-15,36.026
1998-01-16,32.684
1998-01-19,33.513
1998-01-20,33.452
1998-01-21,34.984
1998-01-22,46.569
1998-01-23,40.97
1998-02-09,33.376
1998-02-10,36.394
1998-02-11,31.033
1998-02-12,35.482
1998-02-13,33.079
1998-02-16,27.229
1998-02-17,27.875
1998-02-18,37.182
1998-02-19,28.94
1998-02-20,34.671
1998-02-23,32.38
1998-02-24,34.007
1998-02-25,36.076
1998-02-26,34.322
1998-02-27,40.088
1998-03-02,35.171
1998-03-03,36.205
1998-03-04,42.287
1998-03-05,41.609
1998-03-06,39.366
1998-03-09,36.785
1998-03-10,37.849
1998-03-11,46.52
1998-03-12,38.121
1998-03-13,37.013
1998-03-16,35.382
1998-03-17,36.567
1998-03-18,38.712
1998-03-19,37.481
1998-03-20,36.525
1998-03-23,35.137
1998-03-24,35.597
1998-03-25,36.371
1998-03-26,33.083
1998-03-27,35.552
1998-03-30,26.969
1998-03-31,31.115
1998-04-01,32.106
1998-04-02,30.403
1998-04-03,26.571
1998-04-06,24.026
1998-04-07,24.266
1998-04-08,23.767
1998-04-09,27.539
1998-04-10,29.347
1998-04-13,24.606
1998-04-14,23.018
1998-04-15,22.708
1998-04-16,25.403
1998-04-17,21.649
1998-04-20,31.602
1998-04-21,25.645
1998-04-22,24.165
1998-04-23,26.132
1998-04-24,25.383
1998-04-27,36.843
1998-04-28,25.791
1998-04-29,27.035
1998-04-30,24.773
1998-05-04,26.008
1998-05-05,25.339
1998-05-06,27.64
1998-05-07,26.264
1998-05-08,26.235
1998-05-11,27.145
1998-05-12,34.621
1998-05-13,26.747
1998-05-14,26.638
1998-05-15,25.752
1998-05-18,26.231
1998-05-19,33.227
1998-05-20,30.875
1998-05-21,26.44
1998-05-22,25.386
1998-05-25,22.268
1998-05-26,25.366
1998-05-27,25.111
1998-05-28,25.444
1998-05-29,23.259
1998-06-01,19.607
1998-06-02,27.664
1998-06-03,22.148
1998-06-04,22.908
1998-06-05,25.137
1998-06-08,25.532
1998-06-09,24.648
1998-06-10,25.33
1998-06-11,22.255
1998-06-12,22.032
1998-06-15,29.149
1998-06-16,32.458
1998-06-17,34.445
1998-06-18,29.656
1998-06-19,26.444
1998-06-22,24.236
1998-06-23,31.655
1998-06-24,29.818
1998-06-25,25.932
1998-06-26,36.225
1998-06-29,28.079
1998-06-30,31.698
1998-07-01,31.521
1998-07-02,28.803
1998-07-03,37.833
1998-07-06,35.737
1998-07-07,33.444
1998-07-08,35.899
1998-07-09,30.654
1998-07-10,27.311
1998-07-13,28.857
1998-07-14,32.774
1998-07-15,29.217
1998-07-16,29.537
1998-07-17,29.909
1998-07-20,27.45
1998-07-21,28.757
1998-07-22,33.943
1998-07-23,28.752
1998-07-24,28.732
1998-07-27,27.461
1998-07-28,28.678
1998-07-29,29.878
1998-07-30,33.814
1998-07-31,30.572
1998-08-03,24.734
1998-08-04,27.525
1998-08-05,26.555
1998-08-06,27.957
1998-08-07,34.63
1998-08-10,26.098
1998-08-11,27.759
1998-08-12,30.667
1998-08-13,36.08
1998-08-14,33.295
1998-08-17,27.492
1998-08-18,28.805
1998-08-19,28.792
1998-08-20,23.422
1998-08-21,27.655
1998-08-24,32.297
1998-08-25,36.117
1998-08-26,30.981
1998-08-27,29.602
1998-08-28,28.76
1998-08-31,24.389
1998-09-01,25.668
1998-09-02,29.674
1998-09-03,28.024
1998-09-04,25.821
1998-09-07,22.139
1998-09-08,22.823
1998-09-09,31.513
1998-09-10,25.572
1998-09-11,26.688
1998-09-14,24.242
1998-09-15,26.204
1998-09-16,27.535
1998-09-17,29.341
1998-09-18,29.485
1998-09-21,26.854
1998-09-22,23.737
1998-09-23,24.25
1998-09-24,38.124
1998-09-25,30.389
1998-09-28,32.493
1998-09-29,31.613
1998-09-30,31.15
1998-10-05,30.063
1998-10-06,28.256
1998-10-07,33.039
1998-10-08,30.089
1998-10-09,27.149
1998-10-12,24.804
1998-10-13,26.145
1998-10-14,30.346
1998-10-15,27.167
1998-10-16,26.843
1998-10-19,25.175
1998-10-20,27.648
1998-10-21,34.268
1998-10-22,31.75
1998-10-23,37.475
1998-10-26,34.146
1998-10-27,34.695
1998-10-28,34.538
1998-10-29,29.933
1998-10-30,28.95
1998-11-02,27.679
1998-11-03,27.664
1998-11-04,32.68
1998-11-05,32.152
1998-11-06,31.956
1998-11-09,27.541
1998-11-10,29.237
1998-11-11,33.589
1998-11-12,29.492
1998-11-13,29.807
1998-11-16,29.834
1998-11-17,33.7
1998-11-18,30.318
1998-11-19,36.04
1998-11-20,32.99
1998-11-23,30.284
1998-11-24,28.731
1998-11-25,29.827
1998-11-26,32.705
1998-11-27,29.147
1998-11-30,28.305
1998-12-01,32.475
1998-12-02,29.329
1998-12-03,41.912
1998-12-04,35.817
1998-12-07,30.958
1998-12-08,29.383
1998-12-09,32.927
1998-12-10,40.112
1998-12-11,33.963
1998-12-14,36.131
1998-12-15,31.26
1998-12-16,34.285
1998-12-17,34.723
1998-12-18,36.507
1998-12-21,36.942
1998-12-22,31.419
1998-12-23,34.757
1998-12-24,42.056
1998-12-25,37.196
1998-12-28,32.66
1998-12-29,30.607
1998-12-30,31.373
1998-12-31,34.132
1999-01-04,33.735
1999-01-05,31.825
1999-01-06,38.806
1999-01-07,49.823
1999-01-08,34.199
1999-01-11,36.559
1999-01-12,39.901
1999-01-13,38.482
1999-01-14,35.205
1999-01-15,40.184
1999-01-18,33.03
1999-01-19,37.745
1999-01-20,35.356
1999-01-21,34.784
1999-01-22,37.032
1999-01-25,32.221
1999-01-26,33.095
1999-01-27,33.863
1999-01-28,44.143
1999-01-29,36.6
1999-02-01,34.004
1999-02-02,35.325
1999-02-03,42.664
1999-02-04,31.931
1999-02-05,33.548
1999-02-08,31.079
1999-02-09,33.127
1999-03-01,33.602
1999-03-02,34.754
1999-03-03,29.931
1999-03-04,31.94
1999-03-05,27.411
1999-03-08,28.215
1999-03-09,37.521
1999-03-10,32.744
1999-03-11,27.403
1999-03-12,30.797
1999-03-15,24.944
1999-03-16,30.882
1999-03-17,33.958
1999-03-18,33.42
1999-03-19,40.411
1999-03-22,32.216
1999-03-23,30.836
1999-03-24,34.602
1999-03-25,37.42
1999-03-26,34.159
1999-03-29,30.488
1999-03-30,32.009
1999-03-31,32.212
1999-04-01,33.494
1999-04-02,32.715
1999-04-05,32.453
1999-04-06,30.63
1999-04-07,31.121
1999-04-08,34.329
1999-04-09,32.245
1999-04-12,28.325
1999-04-13,31.808
1999-04-14,31.787
1999-04-15,35.599
1999-04-16,34.182
1999-04-19,32.134
1999-04-20,32.687
1999-04-21,29.719
1999-04-22,33.022
1999-04-23,36.203
1999-04-26,32.054
1999-04-27,32.522
1999-04-28,31.318
1999-04-29,43.618
1999-04-30,36.12
1999-05-04,39.601
1999-05-05,37.631
1999-05-06,33.076
1999-05-07,44.454
1999-05-10,31.644
1999-05-11,35.422
1999-05-12,34.96
1999-05-13,31.648
1999-05-14,36.063
1999-05-17,36.902
1999-05-18,38.032
1999-05-19,33.924
1999-05-20,33.499
1999-05-21,31.87
1999-05-24,28.72
1999-05-25,30.18
1999-05-26,34.208
1999-05-27,30.673
1999-05-28,35.66
1999-05-31,38.477
1999-06-01,33.406
1999-06-02,33.774
1999-06-03,40.085
1999-06-04,35.695
1999-06-07,32.218
1999-06-08,31.07
1999-06-09,28.762
1999-06-10,28.636
1999-06-11,28.163
1999-06-14,21.468
1999-06-15,25.437
1999-06-16,26.778
1999-06-17,24.708
1999-06-18,24.095
1999-06-21,20.518
1999-06-22,21.861
1999-06-23,22.507
1999-06-24,23.232
1999-06-25,24.396
1999-06-28,24.732
1999-06-29,23.166
1999-06-30,28.637
1999-07-01,36.433
1999-07-02,29.23
1999-07-05,26.915
1999-07-06,29.054
1999-07-07,31.91
1999-07-08,28.675
1999-07-09,26.457
1999-07-12,33.623
1999-07-13,34.409
1999-07-14,33.755
1999-07-15,35.497
1999-07-16,30.052
1999-07-19,32.316
1999-07-20,34.706
1999-07-21,35.68
1999-07-22,32.242
1999-07-23,31.871
1999-07-26,28.435
1999-07-27,33.795
1999-07-28,30.362
1999-07-29,28.691
1999-07-30,28.392
1999-08-02,25.817
1999-08-03,27.462
1999-08-04,27.275
1999-08-05,27.411
1999-08-06,28.447
1999-08-09,29.797
1999-08-10,33.125
1999-08-11,32.478
1999-08-12,27.93
1999-08-13,29.796
1999-08-16,30.58
1999-08-17,29.943
1999-08-18,26.366
1999-08-19,29.18
1999-08-20,27.92
1999-08-23,26.026
1999-08-24,30.639
1999-08-25,27.963
1999-08-26,29.544
1999-08-27,29.194
1999-08-30,28.645
1999-08-31,31.736
1999-09-01,28.646
1999-09-02,28.492
1999-09-03,28.566
1999-09-06,27.684
1999-09-07,29.385
1999-09-08,30.354
1999-09-09,29.051
1999-09-10,32.867
1999-09-13,29.308
1999-09-14,27.152
1999-09-15,30.718
1999-09-16,34.173
1999-09-17,32.977
1999-09-20,35.06
1999-09-21,34.808
1999-09-22,36.758
1999-09-23,37.098
1999-09-24,39.136
1999-09-27,45.159
1999-09-28,39.511
1999-09-29,34.114
1999-09-30,35.804
1999-10-08,33.581
1999-10-11,34.5
1999-10-12,39.027
1999-10-13,33.326
1999-10-14,43.631
1999-10-15,38.05
1999-10-18,36.744
1999-10-19,32.193
1999-10-20,35.198
1999-10-21,38.941
1999-10-22,37.07
1999-10-25,39.553
1999-10-26,41.694
1999-10-27,31.284
1999-10-28,36.766
1999-10-29,35.778
1999-11-01,35.321
1999-11-02,39.711
1999-11-03,35.653
1999-11-04,47.56
1999-11-05,41.335
1999-11-08,39.343
1999-11-09,36.429
1999-11-10,65.123
1999-11-11,47.366
1999-11-12,43.097
1999-11-15,41.135
1999-11-16,43.187
1999-11-17,35.316
1999-11-18,37.27
1999-11-19,35.91
1999-11-22,34.371
1999-11-23,33.144
1999-11-24,32.91
1999-11-25,43.202
1999-11-26,37.899
1999-11-29,34.309
1999-11-30,32.215
1999-12-01,35.19
1999-12-02,37.274
1999-12-03,33.824
1999-12-06,32.097
1999-12-07,36.858
1999-12-08,35.337
1999-12-09,40.948
1999-12-10,37.159
1999-12-13,39.52
1999-12-14,33.777
1999-12-15,35.795
1999-12-16,37.972
1999-12-17,35.098
1999-12-21,31.929
1999-12-22,36.286
1999-12-23,39.504
1999-12-24,35.271
1999-12-27,42.415
1999-12-28,39.301
1999-12-29,38.976
1999-12-30,37.822
2000-01-04,39.818
2000-01-05,39.147
2000-01-06,35.584
2000-01-07,32.014
2000-01-10,30.751
2000-01-11,32.718
2000-01-12,39.106
2000-01-13,41.388
2000-01-14,38.455
2000-01-17,35.358
2000-01-18,37.017
2000-01-19,32.671
2000-01-20,37.93
2000-01-21,33.065
2000-01-24,32.811
2000-01-25,34.069
2000-01-26,32.3
2000-01-27,32.206
2000-01-28,31.366
2000-02-14,37.334
2000-02-15,23.475
2000-02-16,28.346
2000-02-17,30.452
2000-02-18,36.23
2000-02-21,31.961
2000-02-22,33.073
2000-02-23,34.64
2000-02-24,33.45
2000-02-25,34.772
2000-02-28,30.557
2000-02-29,36.546
2000-03-01,37.008
2000-03-02,34.092
2000-03-03,29.99
2000-03-06,31.434
2000-03-07,36.076
2000-03-08,34.636
2000-03-09,40.526
2000-03-10,35.391
2000-03-13,31.131
2000-03-14,29.941
2000-03-15,26.324
2000-03-16,30.954
2000-03-17,34.113
2000-03-20,27.285
2000-03-21,26.565
2000-03-22,30.583
2000-03-23,28.445
2000-03-24,27.44
2000-03-27,22.98
2000-03-28,22.556
2000-03-29,23.388
2000-03-30,23.672
2000-03-31,24.764
2000-04-03,25.232
2000-04-04,26.297
2000-04-05,26.884
2000-04-06,27.485
2000-04-07,27.204
2000-04-10,25.456
2000-04-11,25.054
2000-04-12,27.233
2000-04-13,29.244
2000-04-14,29.112
2000-04-17,26.672
2000-04-18,29.582
2000-04-19,27.544
2000-04-20,30.623
2000-04-21,26.975
2000-04-24,29.493
2000-04-25,32.264
2000-04-26,31.993
2000-04-27,35.209
2000-04-28,36.013
2000-05-08,37.425
2000-05-09,33.431
2000-05-10,29.838
2000-05-11,35.28
2000-05-12,32.087
2000-05-15,35.697
2000-05-16,32.098
2000-05-17,32.164
2000-05-18,38.669
2000-05-19,33.452
2000-05-22,28.914
2000-05-23,27.433
2000-05-24,26.796
2000-05-25,29.064
2000-05-26,30.45
2000-05-29,30.562
2000-05-30,28.568
2000-05-31,30.357
2000-06-01,31.195
2000-06-02,32.404
2000-06-05,29.795
2000-06-06,30.145
2000-06-07,28.364
2000-06-08,36.274
2000-06-09,30.827
2000-06-12,32.464
2000-06-13,31.902
2000-06-14,32.173
2000-06-15,29.797
2000-06-16,29.987
2000-06-19,27.807
2000-06-20,30.278
2000-06-21,28.741
2000-06-22,33.149
2000-06-23,29.633
2000-06-26,27.05
2000-06-27,30.123
2000-06-28,27.677
2000-06-29,27.247
2000-06-30,29.675
2000-07-03,29.028
2000-07-04,30.548
2000-07-05,27.403
2000-07-06,31.869
2000-07-07,31.467
2000-07-10,30.192
2000-07-11,27.022
2000-07-12,28.592
2000-07-13,30.341
2000-07-14,33.263
2000-07-17,32.762
2000-07-18,30.574
2000-07-19,27.969
2000-07-20,29.967
2000-07-21,26.278
2000-07-24,28.898
2000-07-25,31.995
2000-07-26,28.857
2000-07-27,29.243
2000-07-28,27.014
2000-07-31,29.114
2000-08-01,25.344
2000-08-02,26.407
2000-08-03,29.214
2000-08-04,29.643
2000-08-07,32.058
2000-08-08,29.727
2000-08-09,26.284
2000-08-10,26.63
2000-08-11,27.302
2000-08-14,24.594
2000-08-15,25.122
2000-08-16,27.327
2000-08-17,26.493
2000-08-18,26.737
2000-08-21,23.001
2000-08-22,22.653
2000-08-23,22.443
2000-08-24,27.109
2000-08-25,27.067
2000-08-28,24.162
2000-08-29,22.306
2000-08-30,25.328
2000-08-31,22.767
2000-09-01,27.729
2000-09-04,32.625
2000-09-05,31.043
2000-09-06,30.494
2000-09-07,29.071
2000-09-08,31.628
2000-09-11,35.102
2000-09-12,33.989
2000-09-13,34.436
2000-09-14,30.065
2000-09-15,29.913
2000-09-18,27.647
2000-09-19,33.186
2000-09-20,36.312
2000-09-21,35.82
2000-09-22,34.468
2000-09-25,30.903
2000-09-26,45.001
2000-09-27,37.348
2000-09-28,34.773
2000-09-29,35.867
2000-10-09,34.345
2000-10-10,30.404
2000-10-11,31.66
2000-10-12,31.157
2000-10-13,29.014
2000-10-16,27.928
2000-10-17,28.728
2000-10-18,38.765
2000-10-19,29.345
2000-10-20,28.395
2000-10-23,29.757
2000-10-24,27.057
2000-10-25,26.702
2000-10-26,26.741
2000-10-27,31.062
2000-10-30,32.816
2000-10-31,29.844
2000-11-01,36.46
2000-11-02,32.099
2000-11-03,30.775
2000-11-06,31.754
2000-11-07,28.315
2000-11-08,26.144
2000-11-09,28.395
2000-11-10,26.042
2000-11-13,27.895
2000-11-14,26.113
2000-11-15,23.665
2000-11-16,27.519
2000-11-17,25.05
2000-11-20,30.365
2000-11-21,24.769
2000-11-22,24.862
2000-11-23,23.262
2000-11-24,20.672
2000-11-27,25.473
2000-11-28,26.34
2000-11-29,29.823
2000-11-30,27.962
2000-12-01,25.469
2000-12-04,23.664
2000-12-05,24.641
2000-12-06,24.535
2000-12-07,25.45
2000-12-08,29.317
2000-12-11,27.914
2000-12-12,36.484
2000-12-13,33.613
2000-12-14,27.648
2000-12-15,29.094
2000-12-18,29.007
2000-12-19,38.549
2000-12-20,30.076
2000-12-21,29.231
2000-12-22,34.448
2000-12-25,27.967
2000-12-26,28.952
2000-12-27,28.739
2000-12-28,32.71
2000-12-29,34.393
2001-01-02,27.339
2001-01-03,25.523
2001-01-04,27.009
2001-01-05,26.232
2001-01-08,25.799
2001-01-09,25.411
2001-01-10,30.921
2001-01-11,31.162
2001-01-12,27.556
2001-01-15,26.912
2001-01-16,29.475
2001-01-17,30.442
2001-01-18,32.445
2001-01-19,32.436
2001-02-05,27.646
2001-02-06,31.057
2001-02-07,32.171
2001-02-08,32.913
2001-02-09,35.02
2001-02-12,34.97
2001-02-13,31.096
2001-02-14,33.01
2001-02-15,27.699
2001-02-16,32.206
2001-02-19,31.744
2001-02-20,33.765
2001-02-21,31.971
2001-02-22,29.39
2001-02-23,31.796
2001-02-26,32.733
2001-02-27,35.918
2001-02-28,40.35
2001-03-01,45.104
2001-03-02,34.313
2001-03-05,34.127
2001-03-06,39.907
2001-03-07,34.628
2001-03-08,33.491
2001-03-09,34.266
2001-03-12,33.084
2001-03-13,30.429
2001-03-14,32.05
2001-03-15,34.673
2001-03-16,32.092
2001-03-19,30.786
2001-03-20,27.966
2001-03-21,28.232
2001-03-22,29.086
2001-03-23,24.962
2001-03-26,28.047
2001-03-27,25.088
2001-03-28,29.939
2001-03-29,28.779
2001-03-30,27.693
2001-04-02,25.572
2001-04-03,23.603
2001-04-04,24.756
2001-04-05,25.539
2001-04-06,25.9
2001-04-09,24.264
2001-04-10,24.054
2001-04-11,24.998
2001-04-12,33.276
2001-04-13,27.301
2001-04-16,25.11
2001-04-17,25.703
2001-04-18,23.46
2001-04-19,27.479
2001-04-20,24.761
2001-04-23,26.988
2001-04-24,24.211
2001-04-25,24.393
2001-04-26,29.737
2001-04-27,28.131
2001-04-30,32.121
2001-05-08,32.36
2001-05-09,33.899
2001-05-10,28.383
2001-05-11,27.091
2001-05-14,31.806
2001-05-15,29.682
2001-05-16,29.41
2001-05-17,27.469
2001-05-18,33.71
2001-05-21,24.353
2001-05-22,22.377
2001-05-23,21.743
2001-05-24,26.978
2001-05-25,23.299
2001-05-28,27.087
2001-05-29,25.51
2001-05-30,22.522
2001-05-31,26.327
2001-06-01,26.504
2001-06-04,25.466
2001-06-05,23.57
2001-06-06,24.509
2001-06-07,23.893
2001-06-08,28.518
2001-06-11,23.197
2001-06-12,24.177
2001-06-13,22.003
2001-06-14,22.776
2001-06-15,25.946
2001-06-18,23.901
2001-06-19,27.682
2001-06-20,26.983
2001-06-21,26.383
2001-06-22,28.037
2001-06-25,29.419
2001-06-26,30.355
2001-06-27,26.165
2001-06-28,27.408
2001-06-29,27.127
2001-07-02,31.081
2001-07-03,29.076
2001-07-04,28.809
2001-07-05,25.502
2001-07-06,32.314
2001-07-09,34.278
2001-07-10,36.101
2001-07-11,31.611
2001-07-12,29.717
2001-07-13,35.935
2001-07-16,40.111
2001-07-17,32.447
2001-07-18,34.546
2001-07-19,32.71
2001-07-20,38.512
2001-07-23,38.498
2001-07-24,31.273
2001-07-25,30.045
2001-07-26,25.793
2001-07-27,27.714
2001-07-30,23.731
2001-07-31,22.672
2001-08-01,26.865
2001-08-02,30.317
2001-08-03,38.759
2001-08-06,29.322
2001-08-07,34.512
2001-08-08,53.781
2001-08-09,37.857
2001-08-10,31.865
2001-08-13,33.526
2001-08-14,32.67
2001-08-15,36.161
2001-08-16,34.889
2001-08-17,36.118
2001-08-20,43.49
2001-08-21,37.742
2001-08-22,39.554
2001-08-23,44.78
2001-08-24,48.577
2001-08-27,39.682
2001-08-28,37.579
2001-08-29,43.233
2001-08-30,42.543
2001-08-31,40.273
2001-09-03,45.155
2001-09-04,38.811
2001-09-05,35.075
2001-09-06,42.997
2001-09-07,35.195
2001-09-10,43.311
2001-09-11,39.93
2001-09-12,39.06
2001-09-13,39.249
2001-09-14,35.729
2001-09-17,31.111
2001-09-18,35.2
2001-09-19,38.013
2001-09-20,35.909
2001-09-21,34.712
2001-09-24,34.122
2001-09-25,39.992
2001-09-26,41.262
2001-09-27,35.25
2001-09-28,36.265
2001-10-08,33.707
2001-10-09,39.521
2001-10-10,33.057
2001-10-11,30.991
2001-10-12,34.798
2001-10-15,40.89
2001-10-16,39.664
2001-10-17,39.486
2001-10-18,35.531
2001-10-19,28.371
2001-10-22,30.61
2001-10-23,34.864
2001-10-24,27.823
2001-10-25,35.912
2001-10-26,35.632
2001-10-29,36.07
2001-10-30,33.332
2001-10-31,34.113
2001-11-01,32.762
2001-11-02,31.637
2001-11-05,34.55
2001-11-06,40.071
2001-11-07,27.422
2001-11-08,31.826
2001-11-09,37.772
2001-11-12,39.491
2001-11-13,36.946
2001-11-14,35.526
2001-11-15,36.653
2001-11-16,29.706
2001-11-19,32.816
2001-11-20,26.608
2001-11-21,30.795
2001-11-22,30.562
2001-11-23,31.061
2001-11-26,33.463
2001-11-27,31.047
2001-11-28,24.183
2001-11-29,31.331
2001-11-30,28.807
2001-12-03,24.373
2001-12-04,28.368
2001-12-05,25.628
2001-12-06,37.186
2001-12-07,35.126
2001-12-10,32.345
2001-12-11,29.458
2001-12-12,35.419
2001-12-13,27.466
2001-12-14,27.839
2001-12-17,30.453
2001-12-18,36.03
2001-12-19,30.925
2001-12-20,31.877
2001-12-21,34.748
2001-12-24,31.985
2001-12-25,35.119
2001-12-26,36.666
2001-12-27,37.778
2001-12-28,33.015
2001-12-31,35.536
2002-01-04,35.382
2002-01-07,31.758
2002-01-08,42.204
2002-01-09,29.965
2002-01-10,29.196
2002-01-11,42.097
2002-01-14,30.463
2002-01-15,31.557
2002-01-16,37.606
2002-01-17,31.036
2002-01-18,29.395
2002-01-21,28.33
2002-01-22,30.127
2002-01-23,27.795
2002-01-24,28.805
2002-01-25,27.954
2002-01-28,27.837
2002-01-29,29.413
2002-01-30,30.732
2002-01-31,29.296
2002-02-01,29.759
2002-02-04,27.95
2002-02-05,32.278
2002-02-06,28.634
2002-02-07,35.719
2002-02-08,28.085
2002-02-25,28.601
2002-02-26,31.301
2002-02-27,32.678
2002-02-28,35.224
2002-03-01,31.855
2002-03-04,36.511
2002-03-05,29.887
2002-03-06,27.455
2002-03-07,28.6
2002-03-08,26.904
2002-03-11,26.985
2002-03-12,28.111
2002-03-13,30.774
2002-03-14,29.064
2002-03-15,27.911
2002-03-18,36.456
2002-03-19,30.555
2002-03-20,29.961
2002-03-21,29.586
2002-03-22,29.28
2002-03-25,30.771
2002-03-26,27.1
2002-03-27,29.741
2002-03-28,30.789
2002-03-29,31.479
2002-04-01,32.013
2002-04-02,31.966
2002-04-03,31.027
2002-04-04,25.428
2002-04-05,29.543
2002-04-08,34.053
2002-04-09,39.873
2002-04-10,30.602
2002-04-11,30.818
2002-04-12,37.424
2002-04-15,32.77
2002-04-16,36.926
2002-04-17,33.565
2002-04-18,37.212
2002-04-19,32.8
2002-04-22,33.35
2002-04-23,34.913
2002-04-24,30.977
2002-04-25,33.97
2002-04-26,27.18
2002-04-29,25.189
2002-04-30,30.385
2002-05-08,32.396
2002-05-09,30.357
2002-05-10,37.875
2002-05-13,32.019
2002-05-14,34.171
2002-05-15,34.915
2002-05-16,25.717
2002-05-17,33.682
2002-05-20,33.549
2002-05-21,29.533
2002-05-22,34.707
2002-05-23,38.303
2002-05-24,35.241
2002-05-27,31.732
2002-05-28,34.307
2002-05-29,26.512
2002-05-30,34.25
2002-05-31,33.293
2002-06-03,31.565
2002-06-04,34.008
2002-06-05,32.828
2002-06-06,32.381
2002-06-07,34.467
2002-06-10,36.604
2002-06-11,34.515
2002-06-12,35.306
2002-06-13,41.511
2002-06-14,33.942
2002-06-17,38.302
2002-06-18,34.42
2002-06-19,36.253
2002-06-20,36.426
2002-06-21,29.306
2002-06-24,24.218
2002-06-25,31.416
2002-06-26,35.908
2002-06-27,38.126
2002-06-28,40.645
2002-07-01,39.866
2002-07-02,38.201
2002-07-03,39.467
2002-07-04,36.677
2002-07-05,38.261
2002-07-08,34.522
2002-07-09,37.946
2002-07-10,36.373
2002-07-11,35.245
2002-07-12,36.363
2002-07-15,36.549
2002-07-16,37.701
2002-07-17,33.945
2002-07-18,37.976
2002-07-19,32.448
2002-07-22,35.016
2002-07-23,38.587
2002-07-24,36.55
2002-07-25,34.974
2002-07-26,36.798
2002-07-29,36.765
2002-07-30,47.712
2002-07-31,41.608
2002-08-01,37.816
2002-08-02,37.949
2002-08-05,41.294
2002-08-06,41.352
2002-08-07,39.389
2002-08-08,37.294
2002-08-09,39.666
2002-08-12,41.527
2002-08-13,40.607
2002-08-14,35.445
2002-08-15,39.603
2002-08-16,44.585
2002-08-19,43.582
2002-08-20,46.922
2002-08-21,42.489
2002-08-22,33.079
2002-08-23,43.458
2002-08-26,37.751
2002-08-27,30.206
2002-08-28,40.943
2002-08-29,35.177
2002-08-30,43.969
2002-09-02,36.348
2002-09-03,38.288
2002-09-04,35.734
2002-09-05,34.511
2002-09-06,39.556
2002-09-09,35.236
2002-09-10,37.875
2002-09-11,35.62
2002-09-12,36.466
2002-09-13,39.272
2002-09-16,40.083
2002-09-17,37.687
2002-09-18,39.175
2002-09-19,38.789
2002-09-20,42.248
2002-09-23,37.361
2002-09-24,33.319
2002-09-25,34.872
2002-09-26,41.122
2002-09-27,40.597
2002-10-08,35.117
2002-10-09,59.594
2002-10-10,42.708
2002-10-11,49.719
2002-10-14,41.439
2002-10-15,42.464
2002-10-16,39.729
2002-10-17,39.73
2002-10-18,39.712
2002-10-21,40.682
2002-10-22,33.803
2002-10-23,37.95
2002-10-24,42.196
2002-10-25,39.076
2002-10-28,37.403
2002-10-29,38.204
2002-10-30,41.357
2002-10-31,40.763
2002-11-01,42.712
2002-11-04,41.824
2002-11-05,38.825
2002-11-06,41.463
2002-11-07,41.724
2002-11-08,40.821
2002-11-11,38.533
2002-11-12,35.889
2002-11-13,37.3
2002-11-14,43.171
2002-11-15,41.873
2002-11-18,40.194
2002-11-19,36.495
2002-11-20,37.595
2002-11-21,33.782
2002-11-22,36.491
2002-11-25,39.285
2002-11-26,36.677
2002-11-27,39.361
2002-11-28,38.042
2002-11-29,33.475
2002-12-02,38.643
2002-12-03,37.598
2002-12-04,34.673
2002-12-05,37.787
2002-12-06,34.874
2002-12-09,36.156
2002-12-10,43.174
2002-12-11,35.673
2002-12-12,36.239
2002-12-13,31.217
2002-12-16,34.943
2002-12-17,34.175
2002-12-18,31.507
2002-12-19,35.592
2002-12-20,29.689
2002-12-23,31.388
2002-12-24,33.448
2002-12-25,34.406
2002-12-26,33.643
2002-12-27,35.285
2002-12-30,34.762
2002-12-31,36.956
2003-01-02,31.765
2003-01-03,32.41
2003-01-06,43.075
2003-01-07,41.969
2003-01-08,41.302
2003-01-09,39.587
2003-01-10,41.468
2003-01-13,40.941
2003-01-14,40.009
2003-01-15,43.986
2003-01-16,37.222
2003-01-17,36.059
2003-01-20,41.46
2003-01-21,36.032
2003-01-22,36.106
2003-01-23,39.29
2003-01-24,43.609
2003-01-27,37.036
2003-01-28,36.639
2003-01-29,36.447
2003-02-10,37.263
2003-02-11,34.864
2003-02-12,33.49
2003-02-13,31.543
2003-02-14,31.78
2003-02-17,30.908
2003-02-18,32.724
2003-02-19,32.896
2003-02-20,31.335
2003-02-21,29.779
2003-02-24,34.332
2003-02-25,30.815
2003-02-26,33.682
2003-02-27,32.271
2003-02-28,32.469
2003-03-03,33.377
2003-03-04,34.688
2003-03-05,34.62
2003-03-06,35.475
2003-03-07,33.953
2003-03-10,29.808
2003-03-11,34.689
2003-03-12,35.537
2003-03-13,34.22
2003-03-14,36.983
2003-03-17,35.969
2003-03-18,37.633
2003-03-19,42.617
2003-03-20,41.74
2003-03-21,40.649
2003-03-24,42.596
2003-03-25,40.163
2003-03-26,40.669
2003-03-27,42.548
2003-03-28,43.492
2003-03-31,40.03
2003-04-01,42.116
2003-04-02,39.336
2003-04-03,40.184
2003-04-04,41.544
2003-04-07,42.604
2003-04-08,44.824
2003-04-09,50.812
2003-04-10,46.12
2003-04-11,41.788
2003-04-14,38.918
2003-04-15,38.522
2003-04-16,43.56
2003-04-17,45.522
2003-04-18,42.087
2003-04-21,42.735
2003-04-22,41.258
2003-04-23,40.656
2003-04-24,43.779
2003-04-25,38.461
2003-04-28,48.033
2003-04-29,50.376
2003-04-30,47.165
2003-05-12,52.369
2003-05-13,49.777
2003-05-14,49.361
2003-05-15,41.723
2003-05-16,44.17
2003-05-19,40.349
2003-05-20,42.314
2003-05-21,39.232
2003-05-22,45.057
2003-05-23,45.567
2003-05-26,40.918
2003-05-27,39.738
2003-05-28,41.121
2003-05-29,42.954
2003-05-30,37.775
2003-06-02,34.218
2003-06-03,36.154
2003-06-04,41.213
2003-06-05,42.439
2003-06-06,40.159
2003-06-09,43.881
2003-06-10,41.146
2003-06-11,48.053
2003-06-12,39.038
2003-06-13,37.861
2003-06-16,39.346
2003-06-17,36.351
2003-06-18,41.999
2003-06-19,41.112
2003-06-20,40.783
2003-06-23,42.76
2003-06-24,44.011
2003-06-25,45.814
2003-06-26,43.072
2003-06-27,45.101
2003-06-30,40.91
2003-07-01,45.921
2003-07-02,47.356
2003-07-03,49.495
2003-07-04,44.566
2003-07-07,44.244
2003-07-08,41.699
2003-07-09,42.453
2003-07-10,46.534
2003-07-11,45.598
2003-07-14,41.591
2003-07-15,42.029
2003-07-16,43.04
2003-07-17,47.443
2003-07-18,44.849
2003-07-21,41.49
2003-07-22,47.52
2003-07-23,41.886
2003-07-24,47.035
2003-07-25,53.626
2003-07-28,43.643
2003-07-29,40.768
2003-07-30,45.207
2003-07-31,48.263
2003-08-01,44.395
2003-08-04,38.913
2003-08-05,37.428
2003-08-06,38.906
2003-08-07,40.897
2003-08-08,45.863
2003-08-11,39.079
2003-08-12,36.146
2003-08-13,40.887
2003-08-14,46.796
2003-08-15,47.855
2003-08-18,39.332
2003-08-19,41.79
2003-08-20,40.752
2003-08-21,49.031
2003-08-22,46.104
2003-08-25,40.217
2003-08-26,41.156
2003-08-27,39.087
2003-08-28,41.428
2003-08-29,40.212
2003-09-01,43.181
2003-09-02,44.249
2003-09-03,39.85
2003-09-04,35.612
2003-09-05,44.364
2003-09-08,43.53
2003-09-09,44.046
2003-09-10,44.167
2003-09-11,41.518
2003-09-12,59.774
2003-09-15,51.463
2003-09-16,46.537
2003-09-17,48.96
2003-09-18,48.187
2003-09-19,45.296
2003-09-22,45.33
2003-09-23,47.888
2003-09-24,41.137
2003-09-25,40.244
2003-09-26,43.9
2003-09-29,39.081
2003-09-30,46.334
2003-10-08,45.086
2003-10-09,45.476
2003-10-10,48.509
2003-10-13,46.28
2003-10-14,42.77
2003-10-15,42.667
2003-10-16,43.664
2003-10-17,46.072
2003-10-20,41.712
2003-10-21,47.056
2003-10-22,47.319
2003-10-23,43.504
2003-10-24,44.092
2003-10-27,40.401
2003-10-28,45.173
2003-10-29,47.401
2003-10-30,43.285
2003-10-31,48.681
2003-11-03,47.901
2003-11-04,51.994
2003-11-05,48.844
2003-11-06,44.505
2003-11-07,44.922
2003-11-10,46.019
2003-11-11,47.794
2003-11-12,47.199
2003-11-13,40.567
2003-11-14,40.301
2003-11-17,39.25
2003-11-18,66.386
2003-11-19,40.559
2003-11-20,35.028
2003-11-21,40.443
2003-11-24,39.52
2003-11-25,36.744
2003-11-26,36.808
2003-11-27,38.207
2003-11-28,38.772
2003-12-01,40.498
2003-12-02,37.733
2003-12-03,42.956
2003-12-04,41.563
2003-12-05,41.908
2003-12-08,43.189
2003-12-09,43.046
2003-12-10,48.541
2003-12-11,46.005
2003-12-12,45.142
2003-12-15,41.399
2003-12-16,43.07
2003-12-17,40.874
2003-12-18,37.748
2003-12-19,41.664
2003-12-22,44.275
2003-12-23,45.071
2003-12-24,43.453
2003-12-25,44.118
2003-12-26,43.609
2003-12-29,41.703
2003-12-30,43.826
2003-12-31,42.581
2004-01-02,48.347
2004-01-05,48.764
2004-01-06,50.409
2004-01-07,46.747
2004-01-08,38.309
2004-01-09,41.591
2004-01-12,45.939
2004-01-13,40.797
2004-01-14,40.564
2004-01-15,40.571
2004-01-16,40.044
2004-01-29,34.471
2004-01-30,42.725
2004-02-02,44.165
2004-02-03,36.898
2004-02-04,34.618
2004-02-05,34.524
2004-02-06,36.05
2004-02-09,34.522
2004-02-10,33.478
2004-02-11,36.237
2004-02-12,34.882
2004-02-13,32.874
2004-02-16,32.976
2004-02-17,32.823
2004-02-18,33.838
2004-02-19,32.063
2004-02-20,32.828
2004-02-23,33.044
2004-02-24,34.439
2004-02-25,35.583
2004-02-26,40.448
2004-02-27,41.089
2004-03-01,36.947
2004-03-02,35.815
2004-03-03,34.693
2004-03-04,35.101
2004-03-05,34.57
2004-03-08,34.261
2004-03-09,41.138
2004-03-10,42.978
2004-03-11,37.858
2004-03-12,38.437
2004-03-15,40.166
2004-03-16,35.778
2004-03-17,34.218
2004-03-18,35.146
2004-03-19,33.95
2004-03-22,34.329
2004-03-23,33.153
2004-03-24,32.149
2004-03-25,31.446
2004-03-26,33.579
2004-03-29,32.939
2004-03-30,31.713
2004-03-31,29.408
2004-04-01,31.467
2004-04-02,28.52
2004-04-05,27.951
2004-04-06,26.753
2004-04-07,27.041
2004-04-08,30.264
2004-04-09,27.542
2004-04-12,30.418
2004-04-13,30.287
2004-04-14,28.967
2004-04-15,28.901
2004-04-16,30.703
2004-04-19,33.574
2004-04-20,36.528
2004-04-21,40.896
2004-04-22,36.418
2004-04-23,33.583
2004-04-26,32.295
2004-04-27,33.173
2004-04-28,35.879
2004-04-29,38.01
2004-04-30,42.556
2004-05-10,39.278
2004-05-11,39.118
2004-05-12,37.758
2004-05-13,38.825
2004-05-14,36.889
2004-05-17,41.784
2004-05-18,45.535
2004-05-19,35.972
2004-05-20,36.414
2004-05-21,38.462
2004-05-24,38.249
2004-05-25,33.211
2004-05-26,36.104
2004-05-27,35.882
2004-05-28,36.846
2004-05-31,37.739
2004-06-01,35.783
2004-06-02,38.807
2004-06-03,40.508
2004-06-04,43.653
2004-06-07,41.852
2004-06-08,43.459
2004-06-09,39.744
2004-06-10,40.222
2004-06-11,40.793
2004-06-14,41.221
2004-06-15,43.946
2004-06-16,45.155
2004-06-17,42.417
2004-06-18,46.398
2004-06-21,42.131
2004-06-22,39.986
2004-06-23,43.62
2004-06-24,39.951
2004-06-25,53.436
2004-06-28,40.378
2004-06-29,45.534
2004-06-30,49.638
2004-07-01,42.958
2004-07-02,43.069
2004-07-05,49.852
2004-07-06,42.447
2004-07-07,41.539
2004-07-08,42.296
2004-07-09,41.639
2004-07-12,37.81
2004-07-13,45.605
2004-07-14,39.078
2004-07-15,47.388
2004-07-16,41.115
2004-07-19,37.586
2004-07-20,39.394
2004-07-21,41.223
2004-07-22,41.376
2004-07-23,45.146
2004-07-26,41.382
2004-07-27,42.851
2004-07-28,44.362
2004-07-29,40.838
2004-07-30,40.915
2004-08-02,41.756
2004-08-03,43.12
2004-08-04,42.587
2004-08-05,43.744
2004-08-06,45.914
2004-08-09,48.126
2004-08-10,43.077
2004-08-11,37.988
2004-08-12,38.058
2004-08-13,49.607
2004-08-16,41.769
2004-08-17,42.421
2004-08-18,43.818
2004-08-19,36.435
2004-08-20,36.504
2004-08-23,40.29
2004-08-24,34.982
2004-08-25,36.524
2004-08-26,38.364
2004-08-27,41.225
2004-08-30,43.181
2004-08-31,37.152
2004-09-01,44.691
2004-09-02,42.799
2004-09-03,37.797
2004-09-06,45.333
2004-09-07,41.88
2004-09-08,48.924
2004-09-09,41.641
2004-09-10,39.467
2004-09-13,34.913
2004-09-14,37.919
2004-09-15,33.06
2004-09-16,34.272
2004-09-17,33.621
2004-09-20,32.552
2004-09-21,32.709
2004-09-22,37.33
2004-09-23,34.609
2004-09-24,37.688
2004-09-27,39.632
2004-09-28,41.165
2004-09-29,39.466
2004-09-30,38.756
2004-10-08,41.455
2004-10-11,36.851
2004-10-12,40.758
2004-10-13,40.034
2004-10-14,37.508
2004-10-15,40.805
2004-10-18,43.363
2004-10-19,39.104
2004-10-20,40.601
2004-10-21,43.196
2004-10-22,37.656
2004-10-25,41.621
2004-10-26,39.763
2004-10-27,38.498
2004-10-28,35.699
2004-10-29,41.296
2004-11-01,39.867
2004-11-02,40.473
2004-11-03,40.937
2004-11-04,42.368
2004-11-05,40.914
2004-11-08,38.35
2004-11-09,35.869
2004-11-10,37.071
2004-11-11,34.7
2004-11-12,34.743
2004-11-15,34.223
2004-11-16,37.718
2004-11-17,35.353
2004-11-18,34.638
2004-11-19,29.598
2004-11-22,27.431
2004-11-23,29.688
2004-11-24,33.502
2004-11-25,36.763
2004-11-26,37.067
2004-11-29,36.311
2004-11-30,37.478
2004-12-01,39.38
2004-12-02,36.383
2004-12-03,35.444
2004-12-06,36.199
2004-12-07,38.676
2004-12-08,42.093
2004-12-09,43.187
2004-12-10,38.421
2004-12-13,39.731
2004-12-14,40.904
2004-12-15,44.378
2004-12-16,46.238
2004-12-17,40.086
2004-12-20,40.73
2004-12-21,42.606
2004-12-22,45.314
2004-12-23,42.723
2004-12-24,47.158
2004-12-27,48.242
2004-12-28,42.913
2004-12-29,43.244
2004-12-30,42.806
2004-12-31,40.73
2005-01-04,50.022
2005-01-05,45.221
2005-01-06,43.282
2005-01-07,42.716
2005-01-10,43.074
2005-01-11,39.863
2005-01-12,37.65
2005-01-13,39.782
2005-01-14,41.991
2005-01-17,39.934
2005-01-18,42.206
2005-01-19,43.792
2005-01-20,40.366
2005-01-21,44.392
2005-01-24,39.919
2005-01-25,43.496
2005-01-26,38.9
2005-01-27,40.658
2005-01-28,36.107
2005-01-31,36.151
2005-02-01,40.067
2005-02-02,42.487
2005-02-03,46.014
2005-02-04,47.075
2005-02-16,43.909
2005-02-17,43.249
2005-02-18,42.254
2005-02-21,42.361
2005-02-22,35.202
2005-02-23,36.817
2005-02-24,36.122
2005-02-25,35.572
2005-02-28,36.065
2005-03-01,34.782
2005-03-02,37.849
2005-03-03,36.879
2005-03-04,37.294
2005-03-07,36.662
2005-03-08,36.648
2005-03-09,36.524
2005-03-10,34.595
2005-03-11,36.077
2005-03-14,37.18
2005-03-15,36.55
2005-03-16,37.512
2005-03-17,37.794
2005-03-18,35.207
2005-03-21,36.402
2005-03-22,36.678
2005-03-23,37.663
2005-03-24,43.18
2005-03-25,38.47
2005-03-28,34.934
2005-03-29,38.699
2005-03-30,35.161
2005-03-31,35.767
2005-04-01,40.496
2005-04-04,40.53
2005-04-05,40.914
2005-04-06,40.933
2005-04-07,37.222
2005-04-08,35.894
2005-04-11,37.558
2005-04-12,37.784
2005-04-13,36.468
2005-04-14,36.59
2005-04-15,34.902
2005-04-18,38.782
2005-04-19,42.26
2005-04-20,34.386
2005-04-21,35.996
2005-04-22,35.892
2005-04-25,37.345
2005-04-26,36.196
2005-04-27,38.437
2005-04-28,36.353
2005-04-29,39.848
2005-05-09,38.738
2005-05-10,41.512
2005-05-11,41.798
2005-05-12,45.335
2005-05-13,44.278
2005-05-16,39.987
2005-05-17,38.637
2005-05-18,41.109
2005-05-19,38.728
2005-05-20,38.067
2005-05-23,38.111
2005-05-24,40.443
2005-05-25,34.171
2005-05-26,34.72
2005-05-27,39.353
2005-05-30,37.958
2005-05-31,40.222
2005-06-01,41.236
2005-06-02,43.79
2005-06-03,44.092
2005-06-06,43.001
2005-06-07,42.386
2005-06-08,40.043
2005-06-09,41.299
2005-06-10,44.421
2005-06-13,42.372
2005-06-14,41.346
2005-06-15,42.911
2005-06-16,44.893
2005-06-17,49.469
2005-06-20,44.663
2005-06-21,42.609
2005-06-22,45.178
2005-06-23,41.545
2005-06-24,43.761
2005-06-27,37.247
2005-06-28,41.66
2005-06-29,45.892
2005-06-30,39.757
2005-07-01,34.357
2005-07-04,34.728
2005-07-05,47.673
2005-07-06,41.474
2005-07-07,39.989
2005-07-08,34.307
2005-07-11,38.45
2005-07-12,45.904
2005-07-13,41.419
2005-07-14,42.846
2005-07-15,38.237
2005-07-18,39.822
2005-07-19,42.182
2005-07-20,42.936
2005-07-21,42.187
2005-07-22,44.053
2005-07-25,42.354
2005-07-26,43.54
2005-07-27,39.786
2005-07-28,39.715
2005-07-29,40.042
2005-08-01,39.902
2005-08-02,35.186
2005-08-03,34.946
2005-08-04,36.75
2005-08-05,36.818
2005-08-08,31.511
2005-08-09,32.136
2005-08-10,31.635
2005-08-11,34.185
2005-08-12,33.732
2005-08-15,37.894
2005-08-16,31.812
2005-08-17,27.831
2005-08-18,33.76
2005-08-19,33.361
2005-08-22,38.657
2005-08-23,33.852
2005-08-24,36.036
2005-08-25,32.306
2005-08-26,30.754
2005-08-29,29.433
2005-08-30,31.916
2005-08-31,30.415
2005-09-01,27.531
2005-09-02,25.317
2005-09-05,26.963
2005-09-06,25.552
2005-09-07,28.668
2005-09-08,30.422
2005-09-09,29.01
2005-09-12,28.322
2005-09-13,25.102
2005-09-14,26.497
2005-09-15,26.14
2005-09-16,26.952
2005-09-19,26.219
2005-09-20,26.022
2005-09-21,28.364
2005-09-22,29.523
2005-09-23,29.706
2005-09-26,33.785
2005-09-27,30.202
2005-09-28,29.224
2005-09-29,30.741
2005-09-30,31.44
2005-10-10,32.828
2005-10-11,32.117
2005-10-12,33.313
2005-10-13,32.155
2005-10-14,31.397
2005-10-17,31.678
2005-10-18,31.384
2005-10-19,26.111
2005-10-20,33.732
2005-10-21,32.19
2005-10-24,34.511
2005-10-25,31.341
2005-10-26,32.517
2005-10-27,35.487
2005-10-28,33.552
2005-10-31,36.222
2005-11-01,35.391
2005-11-02,33.231
2005-11-03,38.698
2005-11-04,33.932
2005-11-07,36.366
2005-11-08,30.871
2005-11-09,32.588
2005-11-10,31.878
2005-11-11,31.175
2005-11-14,31.921
2005-11-15,37.246
2005-11-16,34.667
2005-11-17,35.804
2005-11-18,34.701
2005-11-21,35.604
2005-11-22,36.004
2005-11-23,40.885
2005-11-24,45.28
2005-11-25,46.231
2005-11-28,43.316
2005-11-29,37.045
2005-11-30,39.875
2005-12-01,41.69
2005-12-02,46.581
2005-12-05,40.379
2005-12-06,46.909
2005-12-07,46.593
2005-12-08,47.526
2005-12-09,43.213
2005-12-12,41.081
2005-12-13,44.56
2005-12-14,42.855
2005-12-15,43.462
2005-12-16,41.737
2005-12-19,38.914
2005-12-20,43.34
2005-12-21,38.668
2005-12-22,36.898
2005-12-23,36.524
2005-12-26,38.291
2005-12-27,40.846
2005-12-28,40.865
2005-12-29,40.124
2005-12-30,42.612
2006-01-04,45.751
2006-01-05,42.722
2006-01-06,37.964
2006-01-09,34.983
2006-01-10,39.051
2006-01-11,36.356
2006-01-12,30.638
2006-01-13,30.442
2006-01-16,32.771
2006-01-17,35.085
2006-01-18,32.752
2006-01-19,33.692
2006-01-20,32.238
2006-01-23,33.05
2006-01-24,37.513
2006-01-25,34.379
2006-02-06,36.184
2006-02-07,37.43
2006-02-08,37.523
2006-02-09,35.331
2006-02-10,36.116
2006-02-13,37.345
2006-02-14,33.987
2006-02-15,38.243
2006-02-16,35.374
2006-02-17,35.622
2006-02-20,41.769
2006-02-21,45.456
2006-02-22,43.445
2006-02-23,40.132
2006-02-24,38.074
2006-02-27,48.105
2006-02-28,42.202
2006-03-01,38.88
2006-03-02,42.778
2006-03-03,42.997
2006-03-06,44.402
2006-03-07,39.693
2006-03-08,42.066
2006-03-09,42.834
2006-03-10,42.382
2006-03-13,41.947
2006-03-14,41.12
2006-03-15,39.005
2006-03-16,39.269
2006-03-17,39.79
2006-03-20,38.047
2006-03-21,37.183
2006-03-22,37.121
2006-03-23,34.965
2006-03-24,38.513
2006-03-27,37.234
2006-03-28,39.301
2006-03-29,40.194
2006-03-30,38.73
2006-03-31,41.831
2006-04-03,37.066
2006-04-04,34.35
2006-04-05,35.282
2006-04-06,33.917
2006-04-07,33.61
2006-04-10,30.571
2006-04-11,32.287
2006-04-12,31.68
2006-04-13,30.956
2006-04-14,36.797
2006-04-17,36.057
2006-04-18,39.139
2006-04-19,39.704
2006-04-20,40.547
2006-04-21,38.528
2006-04-24,38.873
2006-04-25,40.202
2006-04-26,39.422
2006-04-27,36.626
2006-04-28,41.123
2006-05-08,37.43
2006-05-09,33.478
2006-05-10,31.889
2006-05-11,32.826
2006-05-12,32.768
2006-05-15,31.649
2006-05-16,34.225
2006-05-17,34.501
2006-05-18,33.23
2006-05-19,33.203
2006-05-22,30.251
2006-05-23,31.008
2006-05-24,35.326
2006-05-25,34.502
2006-05-26,31.157
2006-05-29,30.603
2006-05-30,30.519
2006-05-31,28.813
2006-06-01,25.834
2006-06-02,26.536
2006-06-05,27.457
2006-06-06,26.915
2006-06-07,27.432
2006-06-08,32.387
2006-06-09,30.074
2006-06-12,35.076
2006-06-13,36.263
2006-06-14,36.012
2006-06-15,32.224
2006-06-16,30.631
2006-06-19,34.253
2006-06-20,29.31
2006-06-21,32.096
2006-06-22,31.778
2006-06-23,32.152
2006-06-26,30.922
2006-06-27,29.785
2006-06-28,28.1
2006-06-29,27.73
2006-06-30,28.926
2006-07-03,29.799
2006-07-04,30.224
2006-07-05,39.199
2006-07-06,27.732
2006-07-07,28.31
2006-07-10,27.107
2006-07-11,27.705
2006-07-12,29.44
2006-07-13,27.317
2006-07-14,30.206
2006-07-17,30.504
2006-07-18,30.106
2006-07-19,28.999
2006-07-20,28.291
2006-07-21,28.288
2006-07-24,28.678
2006-07-25,27.232
2006-07-26,25.649
2006-07-27,25.892
2006-07-28,27.107
2006-07-31,31.115
2006-08-01,37.313
2006-08-02,36.156
2006-08-03,34.687
2006-08-04,30.676
2006-08-07,32.996
2006-08-08,32.655
2006-08-09,32.407
2006-08-10,36.741
2006-08-11,33.763
2006-08-14,31.323
2006-08-15,34.581
2006-08-16,34.709
2006-08-17,32.406
2006-08-18,35.255
2006-08-21,31.508
2006-08-22,33.28
2006-08-23,37.058
2006-08-24,35.048
2006-08-25,32.747
2006-08-28,31.727
2006-08-29,30.057
2006-08-30,30.839
2006-08-31,28.334
2006-09-01,29.131
2006-09-04,28.819
2006-09-05,32.409
2006-09-06,32.083
2006-09-07,31.732
2006-09-08,33.786
2006-09-11,34.528
2006-09-12,36.431
2006-09-13,38.23
2006-09-14,34.565
2006-09-15,40.379
2006-09-18,34.269
2006-09-19,30.347
2006-09-20,30.142
2006-09-21,31.147
2006-09-22,37.022
2006-09-25,34.209
2006-09-26,31.447
2006-09-27,31.534
2006-09-28,32.212
2006-09-29,31.617
2006-10-09,36.05
2006-10-10,32.702
2006-10-11,29.83
2006-10-12,30.064
2006-10-13,31.61
2006-10-16,34.098
2006-10-17,34.869
2006-10-18,34.444
2006-10-19,29.296
2006-10-20,31.43
2006-10-23,29.195
2006-10-24,30.246
2006-10-25,35.861
2006-10-26,41.55
2006-10-27,49.708
2006-10-30,39.963
2006-10-31,41.067
2006-11-01,41.519
2006-11-02,41.065
2006-11-03,41.1
2006-11-06,42.145
2006-11-07,42.178
2006-11-08,41.71
2006-11-09,46.652
2006-11-10,48.279
2006-11-13,44.196
2006-11-14,46.623
2006-11-15,49.193
2006-11-16,51.945
2006-11-17,48.571
2006-11-20,48.091
2006-11-21,47.798
2006-11-22,45.557
2006-11-23,46.075
2006-11-24,42.194
2006-11-27,40.309
2006-11-28,38.189
2006-11-29,38.359
2006-11-30,36.738
2006-12-01,36.878
2006-12-04,38.081
2006-12-05,36.424
2006-12-06,38.261
2006-12-07,41.905
2006-12-08,43.122
2006-12-11,46.653
2006-12-12,47.03
2006-12-13,44.246
2006-12-14,39.03
2006-12-15,36.576
2006-12-18,38.292
2006-12-19,38.58
2006-12-20,34.077
2006-12-21,32.984
2006-12-22,40.149
2006-12-25,42.152
2006-12-26,42.307
2006-12-27,44.113
2006-12-28,45.228
2006-12-29,47.986
2007-01-04,49.103
2007-01-05,45.671
2007-01-08,37.937
2007-01-09,43.634
2007-01-10,37.548
2007-01-11,33.24
2007-01-12,35.407
2007-01-15,36.832
2007-01-16,35.172
2007-01-17,33.218
2007-01-18,35.885
2007-01-19,30.983
2007-01-22,31.804
2007-01-23,34.79
2007-01-24,36.357
2007-01-25,35.909
2007-01-26,37.221
2007-01-29,37.949
2007-01-30,35.408
2007-01-31,36.589
2007-02-01,35.889
2007-02-02,36.17
2007-02-05,39.353
2007-02-06,43.31
2007-02-07,39.875
2007-02-08,33.833
2007-02-09,33.013
2007-02-12,33.57
2007-02-13,30.353
2007-02-14,30.657
2007-02-15,29.451
2007-02-16,29.385
2007-02-26,31.654
2007-02-27,30.271
2007-02-28,31.185
2007-03-01,34.216
2007-03-02,30.151
2007-03-05,30.724
2007-03-06,35.068
2007-03-07,32.18
2007-03-08,26.837
2007-03-09,30.834
2007-03-12,26.244
2007-03-13,26.2
2007-03-14,26.394
2007-03-15,26.707
2007-03-16,27.89
2007-03-19,34.061
2007-03-20,30.261
2007-03-21,29.057
2007-03-22,29.979
2007-03-23,28.838
2007-03-26,26.463
2007-03-27,26.761
2007-03-28,32.562
2007-03-29,39.348
2007-03-30,34.883
2007-04-02,35.706
2007-04-03,31.896
2007-04-04,29.834
2007-04-05,28.803
2007-04-06,27.44
2007-04-09,28.035
2007-04-10,30.942
2007-04-11,30.763
2007-04-12,27.921
2007-04-13,27.739
2007-04-16,27.177
2007-04-17,26.255
2007-04-18,26.369
2007-04-19,28.131
2007-04-20,27.733
2007-04-23,27.729
2007-04-24,26.334
2007-04-25,29.316
2007-04-26,28.958
2007-04-27,31.296
2007-04-30,30.108
2007-05-08,28.391
2007-05-09,33.811
2007-05-10,31.221
2007-05-11,30.829
2007-05-14,31.574
2007-05-15,32.546
2007-05-16,29.883
2007-05-17,28.109
2007-05-18,26.478
2007-05-21,26.462
2007-05-22,25.456
2007-05-23,25.039
2007-05-24,26.628
2007-05-25,27.465
2007-05-28,26.775
2007-05-29,26.719
2007-05-30,31.779
2007-05-31,33.04
2007-06-01,34.752
2007-06-04,36.564
2007-06-05,33.274
2007-06-06,29.561
2007-06-07,29.812
2007-06-08,30.693
2007-06-11,29.336
2007-06-12,28.907
2007-06-13,27.281
2007-06-14,26.811
2007-06-15,28.237
2007-06-18,30.455
2007-06-19,29.161
2007-06-20,29.021
2007-06-21,30.726
2007-06-22,30.193
2007-06-25,32.779
2007-06-26,33.288
2007-06-27,33.783
2007-06-28,35.206
2007-06-29,34.324
2007-07-02,35.303
2007-07-03,35.655
2007-07-04,35.552
2007-07-05,32.786
2007-07-06,31.328
2007-07-09,32.111
2007-07-10,37.32
2007-07-11,34.947
2007-07-12,38.086
2007-07-13,34.87
2007-07-16,35.648
2007-07-17,38.368
2007-07-18,43.084
2007-07-19,43.189
2007-07-20,37.994
2007-07-23,37.736
2007-07-24,33.106
2007-07-25,35.297
2007-07-26,32.099
2007-07-27,32.654
2007-07-30,31.169
2007-07-31,31.047
2007-08-01,30.658
2007-08-02,32.245
2007-08-03,35.788
2007-08-06,32.376
2007-08-07,35.637
2007-08-08,38.71
2007-08-09,38.762
2007-08-10,38.3
2007-08-13,42.026
2007-08-14,37.267
2007-08-15,36.715
2007-08-16,38.255
2007-08-17,36.774
2007-08-20,34.662
2007-08-21,34.504
2007-08-22,33.304
2007-08-23,33.032
2007-08-24,31.859
2007-08-27,34.137
2007-08-28,34.803
2007-08-29,35.845
2007-08-30,31.14
2007-08-31,30.191
2007-09-03,28.884
2007-09-04,31.488
2007-09-05,31.299
2007-09-06,30.677
2007-09-07,31.537
2007-09-10,30.988
2007-09-11,31.802
2007-09-12,32.09
2007-09-13,35.219
2007-09-14,32.925
2007-09-17,33.77
2007-09-18,35.213
2007-09-19,34.622
2007-09-20,34.462
2007-09-21,34.196
2007-09-24,34.612
2007-09-25,40.165
2007-09-26,35.986
2007-09-27,37.118
2007-09-28,37.443
2007-10-08,41.892
2007-10-09,45.356
2007-10-10,40.439
2007-10-11,45.838
2007-10-12,43.494
2007-10-15,46.858
2007-10-16,47.503
2007-10-17,41.413
2007-10-18,42.426
2007-10-19,42.524
2007-10-22,38.537
2007-10-23,41.555
2007-10-24,45.815
2007-10-25,41.064
2007-10-26,43.318
2007-10-29,46.867
2007-10-30,49.016
2007-10-31,43.701
2007-11-01,45.564
2007-11-02,46.681
2007-11-05,66.139
2007-11-06,50.813
2007-11-07,49.393
2007-11-08,48.316
2007-11-09,48.639
2007-11-12,49.324
2007-11-13,50.404
2007-11-14,47.181
2007-11-15,45.316
2007-11-16,42.043
2007-11-19,37.638
2007-11-20,40.114
2007-11-21,37.422
2007-11-22,42.015
2007-11-23,43.623
2007-11-26,41.198
2007-11-27,44.678
2007-11-28,46.454
2007-11-29,48.804
2007-11-30,46.603
2007-12-03,53.317
2007-12-04,47.136
2007-12-05,47.183
2007-12-06,40.236
2007-12-07,37.496
2007-12-10,36.462
2007-12-11,36.083
2007-12-12,43.664
2007-12-13,39.204
2007-12-14,39.06
2007-12-17,37.482
2007-12-18,36.545
2007-12-19,37.219
2007-12-20,35.513
2007-12-21,37.029
2007-12-24,36.038
2007-12-25,41.606
2007-12-26,36.954
2007-12-27,38.119
2007-12-28,37.799
2008-01-02,32.811
2008-01-03,35.067
2008-01-04,35.866
2008-01-07,34.829
2008-01-08,35.675
2008-01-09,33.3
2008-01-10,35.243
2008-01-11,37.404
2008-01-14,32.082
2008-01-15,34.099
2008-01-16,34.236
2008-01-17,32.653
2008-01-18,34.371
2008-01-21,33.993
2008-01-22,36.496
2008-01-23,34.479
2008-01-24,33.087
2008-01-25,34.148
2008-01-28,32.605
2008-01-29,34.983
2008-01-30,37.883
2008-01-31,41.333
2008-02-01,43.766
2008-02-04,45.971
2008-02-05,43.8
2008-02-13,41.263
2008-02-14,36.82
2008-02-15,38.094
2008-02-18,34.858
2008-02-19,35.551
2008-02-20,37.161
2008-02-21,33.181
2008-02-22,34.585
2008-02-25,35.786
2008-02-26,37.049
2008-02-27,37.6
2008-02-28,34.281
2008-02-29,31.043
2008-03-03,32.699
2008-03-04,32.916
2008-03-05,32.729
2008-03-06,33.685
2008-03-07,32.369
2008-03-10,40.588
2008-03-11,38.404
2008-03-12,39.531
2008-03-13,38.692
2008-03-14,40.861
2008-03-17,37.387
2008-03-18,38.026
2008-03-19,40.092
2008-03-20,40.765
2008-03-21,39.863
2008-03-24,39.83
2008-03-25,42.155
2008-03-26,43.601
2008-03-27,42.639
2008-03-28,47.196
2008-03-31,44.747
2008-04-01,41.559
2008-04-02,48.84
2008-04-03,46.336
2008-04-07,45.563
2008-04-08,42.705
2008-04-09,39.848
2008-04-10,39.272
2008-04-11,39.89
2008-04-14,43.682
2008-04-15,43.881
2008-04-16,43.576
2008-04-17,47.296
2008-04-18,43.145
2008-04-21,46.804
2008-04-22,44.195
2008-04-23,48.726
2008-04-24,44.92
2008-04-25,48.155
2008-04-28,45.451
2008-04-29,45.844
2008-04-30,47.406
2008-05-05,41.106
2008-05-06,41.719
2008-05-07,41.159
2008-05-08,40.518
2008-05-09,39.919
2008-05-12,35.725
2008-05-13,31.142
2008-05-14,32.839
2008-05-15,31.027
2008-05-16,34.57
2008-05-19,35.478
2008-05-20,34.525
2008-05-21,35.312
2008-05-22,39.091
2008-05-23,36.613
2008-05-26,35.868
2008-05-27,37.669
2008-05-28,39.962
2008-05-29,37.494
2008-05-30,40.333
2008-06-02,39.365
2008-06-03,42.72
2008-06-04,39.162
2008-06-05,39.969
2008-06-06,38.803
2008-06-10,42.389
2008-06-11,39.359
2008-06-12,42.11
2008-06-13,38.387
2008-06-16,39.191
2008-06-17,36.894
2008-06-18,39.516
2008-06-19,41.822
2008-06-20,45.88
2008-06-23,44.429
2008-06-24,43.499
2008-06-25,39.418
2008-06-26,38.149
2008-06-27,41.448
2008-06-30,42.372
2008-07-01,46.142
2008-07-02,44.984
2008-07-03,41.132
2008-07-04,41.078
2008-07-07,38.84
2008-07-08,36.386
2008-07-09,37.341
2008-07-10,36.348
2008-07-11,37.371
2008-07-14,35.709
2008-07-15,35.596
2008-07-16,34.922
2008-07-17,37.786
2008-07-18,42.3
2008-07-21,38.566
2008-07-22,35.182
2008-07-23,36.225
2008-07-24,38.826
2008-07-25,38.406
2008-07-28,36.177
2008-07-29,35.357
2008-07-30,32.949
2008-07-31,32.886
2008-08-01,38.967
2008-08-04,37.675
2008-08-05,41.525
2008-08-06,41.407
2008-08-07,37.924
2008-08-08,36.236
2008-08-11,37.817
2008-08-12,37.43
2008-08-13,40.658
2008-08-14,41.914
2008-08-15,41.509
2008-08-18,45.583
2008-08-19,41.824
2008-08-20,40.274
2008-08-21,41.928
2008-08-22,41.454
2008-08-25,41.94
2008-08-26,37.649
2008-08-27,44.318
2008-08-28,47.818
2008-08-29,42.278
2008-09-01,40.395
2008-09-02,40.197
2008-09-03,39.544
2008-09-04,39.947
2008-09-05,37.163
2008-09-08,38.133
2008-09-09,39.182
2008-09-10,42.85
2008-09-11,45.872
2008-09-12,44.627
2008-09-16,48.566
2008-09-17,48.523
2008-09-18,46.994
2008-09-19,39.752
2008-09-22,46.566
2008-09-23,54.543
2008-09-24,49.684
2008-09-25,49.388
2008-09-26,49.017
2008-10-06,48.678
2008-10-07,52.028
2008-10-08,50.413
2008-10-09,50.589
2008-10-10,47.83
2008-10-13,52.532
2008-10-14,53.036
2008-10-15,50.953
2008-10-16,50.447
2008-10-17,48.082
2008-10-20,50.195
2008-10-21,48.002
2008-10-22,48.388
2008-10-23,52.296
2008-10-24,51.411
2008-10-27,48.3
2008-10-28,54.005
2008-10-29,51.811
2008-10-30,52.518
2008-10-31,47.408
2008-11-03,50.102
2008-11-04,48.297
2008-11-05,50.819
2008-11-06,47.085
2008-11-07,47.865
2008-11-10,47.239
2008-11-11,44.7
2008-11-12,44.225
2008-11-13,43.355
2008-11-14,39.909
2008-11-17,39.436
2008-11-18,41.276
2008-11-19,41.162
2008-11-20,38.204
2008-11-21,41.254
2008-11-24,39.322
2008-11-25,41.541
2008-11-26,46.621
2008-11-27,44.367
2008-11-28,43.529
2008-12-01,35.999
2008-12-02,33.511
2008-12-03,35.652
2008-12-04,38.479
2008-12-05,36.777
2008-12-08,36.582
2008-12-09,36.991
2008-12-10,38.523
2008-12-11,36.388
2008-12-12,36.457
2008-12-15,36.344
2008-12-16,34.973
2008-12-17,33.257
2008-12-18,37.435
2008-12-19,34.613
2008-12-22,32.106
2008-12-23,33.816
2008-12-24,32.509
2008-12-25,34.39
2008-12-26,38.428
2008-12-29,41.252
2008-12-30,36.752
2008-12-31,37.703
2009-01-05,40.57
2009-01-06,39.621
2009-01-07,34.368
2009-01-08,39.466
2009-01-09,34.356
2009-01-12,31.649
2009-01-13,33.811
2009-01-14,38.318
2009-01-15,36.311
2009-01-16,39.947
2009-01-19,40.727
2009-01-20,37.01
2009-01-21,40.769
2009-01-22,34.756
2009-01-23,34.832
2009-02-02,30.392
2009-02-03,32.056
2009-02-04,32.498
2009-02-05,33.841
2009-02-06,30.899
2009-02-09,30.361
2009-02-10,30.657
2009-02-11,33.835
2009-02-12,32.189
2009-02-13,32.974
2009-02-16,33.489
2009-02-17,33.478
2009-02-18,34.15
2009-02-19,33.072
2009-02-20,31.213
2009-02-23,32.245
2009-02-24,32.021
2009-02-25,34.193
2009-02-26,34.299
2009-02-27,34.583
2009-03-02,36.927
2009-03-03,33.872
2009-03-04,37.146
2009-03-05,38.925
2009-03-06,37.778
2009-03-09,37.099
2009-03-10,36.467
2009-03-11,36.876
2009-03-12,34.947
2009-03-13,35.59
2009-03-16,37.024
2009-03-17,37.122
2009-03-18,33.161
2009-03-19,33.423
2009-03-20,37.109
2009-03-23,36.592
2009-03-24,34.534
2009-03-25,34.283
2009-03-26,38.877
2009-03-27,36.933
2009-03-30,35.079
2009-03-31,36.198
2009-04-01,34.244
2009-04-02,35.213
2009-04-03,35.483
2009-04-07,34.253
2009-04-08,33.86
2009-04-09,34.145
2009-04-10,33.141
2009-04-13,35.348
2009-04-14,30.379
2009-04-15,29.441
2009-04-16,29.503
2009-04-17,29.739
2009-04-20,29.182
2009-04-21,29.206
2009-04-22,29.702
2009-04-23,30.445
2009-04-24,31.299
2009-04-27,30.611
2009-04-28,33.951
2009-04-29,35.319
2009-04-30,32.644
2009-05-04,33.211
2009-05-05,30.54
2009-05-06,30.427
2009-05-07,31.542
2009-05-08,32.82
2009-05-11,35.75
2009-05-12,34.904
2009-05-13,37.439
2009-05-14,33.346
2009-05-15,29.384
2009-05-18,33.98
2009-05-19,32.311
2009-05-20,31.893
2009-05-21,33.773
2009-05-22,33.75
2009-05-25,36.399
2009-05-26,32.539
2009-05-27,35.923
2009-06-01,41.943
2009-06-02,37.496
2009-06-03,36.955
2009-06-04,38.394
2009-06-05,35.966
2009-06-08,37.684
2009-06-09,36.747
2009-06-10,35.298
2009-06-11,32.202
2009-06-12,32.127
2009-06-15,40.889
2009-06-16,40.299
2009-06-17,38.237
2009-06-18,39.032
2009-06-19,36.428
2009-06-22,38.425
2009-06-23,42.075
2009-06-24,40.718
2009-06-25,36.738
2009-06-26,34.721
2009-06-29,34.698
2009-06-30,39.61
2009-07-01,38.752
2009-07-02,38.151
2009-07-03,34.908
2009-07-06,36.971
2009-07-07,35.408
2009-07-08,37.796
2009-07-09,31.759
2009-07-10,30.373
2009-07-13,29.77
2009-07-14,31.892
2009-07-15,32.337
2009-07-16,33.583
2009-07-17,32.678
2009-07-20,33.16
2009-07-21,33.048
2009-07-22,34.816
2009-07-23,34.715
2009-07-24,35.024
2009-07-27,36.998
2009-07-28,34.764
2009-07-29,39.307
2009-07-30,40.809
2009-07-31,36.381
2009-08-03,33.549
2009-08-04,32.482
2009-08-05,32.855
2009-08-06,34.118
2009-08-07,32.233
2009-08-10,34.394
2009-08-11,33.929
2009-08-12,35.456
2009-08-13,40.127
2009-08-14,37.601
2009-08-17,39.243
2009-08-18,41.61
2009-08-19,37.852
2009-08-20,39.589
2009-08-21,35.479
2009-08-24,34.031
2009-08-25,35.023
2009-08-26,31.519
2009-08-27,29.304
2009-08-28,36.961
2009-08-31,37.507
2009-09-01,39.962
2009-09-02,41.864
2009-09-03,39.636
2009-09-04,36.621
2009-09-07,33.786
2009-09-08,36.319
2009-09-09,38.208
2009-09-10,34.11
2009-09-11,37.077
2009-09-14,32.693
2009-09-15,30.481
2009-09-16,33.134
2009-09-17,29.746
2009-09-18,30.744
2009-09-21,33.911
2009-09-22,32.778
2009-09-23,33.352
2009-09-24,37.487
2009-09-25,37.176
2009-09-28,33.798
2009-09-29,35.524
2009-09-30,39.472
2009-10-09,38.47
2009-10-12,37.61
2009-10-13,34.955
2009-10-14,36.618
2009-10-15,33.496
2009-10-16,33.905
2009-10-19,33.797
2009-10-20,32.443
2009-10-21,31.538
2009-10-22,30.095
2009-10-23,29.717
2009-10-26,29.44
2009-10-27,32.253
2009-10-28,31.387
2009-10-29,35.105
2009-10-30,32.188
2009-11-02,31.445
2009-11-03,28.133
2009-11-04,28.786
2009-11-05,25.913
2009-11-06,26.222
2009-11-09,27.77
2009-11-10,28.732
2009-11-11,28.214
2009-11-12,27.588
2009-11-13,29.168
2009-11-16,28.093
2009-11-17,28.579
2009-11-18,27.259
2009-11-19,25.65
2009-11-20,24.749
2009-11-23,25.118
2009-11-24,27.749
2009-11-25,29.683
2009-11-26,28.941
2009-11-27,30.121
2009-11-30,29.922
2009-12-01,28.508
2009-12-02,27.57
2009-12-03,26.695
2009-12-04,33.229
2009-12-07,33.711
2009-12-08,29.854
2009-12-09,28.519
2009-12-10,28.46
2009-12-11,27.471
2009-12-14,35.589
2009-12-15,31.444
2009-12-16,30.986
2009-12-17,29.888
2009-12-18,33.431
2009-12-21,35.63
2009-12-22,33.217
2009-12-23,35.621
2009-12-24,32.435
2009-12-25,29.246
2009-12-28,29.902
2009-12-29,30.804
2009-12-30,39.359
2009-12-31,34.969
2010-01-04,29.844
2010-01-05,32.558
2010-01-06,30.69
2010-01-07,31.81
2010-01-08,30.525
2010-01-11,35.436
2010-01-12,30.487
2010-01-13,33.462
2010-01-14,26.396
2010-01-15,24.846
2010-01-18,26.528
2010-01-19,25.507
2010-01-20,25.574
2010-01-21,29.661
2010-01-22,30.867
2010-01-25,31.362
2010-01-26,30.363
2010-01-27,32.591
2010-01-28,34.146
2010-01-29,30.464
2010-02-01,31.763
2010-02-02,32.494
2010-02-03,32.234
2010-02-04,31.11
2010-02-05,33.508
2010-02-08,33.749
2010-02-09,31.638
2010-02-10,30.811
2010-02-11,29.7
2010-02-12,31.8
2010-02-22,30.204
2010-02-23,32.74
2010-02-24,27.118
2010-02-25,27.835
2010-02-26,27.926
2010-03-01,27.275
2010-03-02,26.856
2010-03-03,24.769
2010-03-04,24.748
2010-03-05,28.358
2010-03-08,25.943
2010-03-09,27.683
2010-03-10,26.984
2010-03-11,30.062
2010-03-12,26.704
2010-03-15,27.534
2010-03-16,30.468
2010-03-17,27.912
2010-03-18,28.468
2010-03-19,27.536
2010-03-22,26.911
2010-03-23,25.746
2010-03-24,25.011
2010-03-25,25.307
2010-03-26,28.028
2010-03-29,31.805
2010-03-30,26.33
2010-03-31,25.335
2010-04-01,22.892
2010-04-02,25.232
2010-04-06,24.081
2010-04-07,22.642
2010-04-08,24.127
2010-04-09,23.273
2010-04-12,22.526
2010-04-13,23.857
2010-04-14,24.583
2010-04-15,23.662
2010-04-16,25.058
2010-04-19,28.389
2010-04-20,27.322
2010-04-21,25.998
2010-04-22,24.891
2010-04-23,26.58
2010-04-26,25.519
2010-04-27,26.304
2010-04-28,26.867
2010-04-29,25.303
2010-04-30,28.765
2010-05-04,30.533
2010-05-05,30.469
2010-05-06,30.783
2010-05-07,31.481
2010-05-10,29.144
2010-05-11,31.576
2010-05-12,31.205
2010-05-13,31.185
2010-05-14,29.274
2010-05-17,30.59
2010-05-18,31.219
2010-05-19,31.999
2010-05-20,32.025
2010-05-21,31.406
2010-05-24,30.11
2010-05-25,29.842
2010-05-26,29.68
2010-05-27,28.879
2010-05-28,28.427
2010-05-31,27.513
2010-06-01,29.185
2010-06-02,32.374
2010-06-03,29.498
2010-06-04,31.965
2010-06-07,28.805
2010-06-08,27.113
2010-06-09,28.823
2010-06-10,27.521
2010-06-11,26.871
2010-06-17,26.53
2010-06-18,27.893
2010-06-21,32.895
2010-06-22,28.413
2010-06-23,28.954
2010-06-24,28.732
2010-06-25,27.793
2010-06-28,28.671
2010-06-29,27.285
2010-06-30,28.079
2010-07-01,29.431
2010-07-02,26.929
2010-07-05,28.67
2010-07-06,27.533
2010-07-07,28.645
2010-07-08,28.245
2010-07-09,28.435
2010-07-12,30.746
2010-07-13,28.656
2010-07-14,28.314
2010-07-15,33.349
2010-07-16,31.605
2010-07-19,31.889
2010-07-20,28.001
2010-07-21,26.606
2010-07-22,26.897
2010-07-23,29.116
2010-07-26,25.038
2010-07-27,24.586
2010-07-28,25.698
2010-07-29,26.178
2010-07-30,24.52
2010-08-02,22.28
2010-08-03,26.465
2010-08-04,26.722
2010-08-05,25.301
2010-08-06,25.28
2010-08-09,24.256
2010-08-10,25.231
2010-08-11,27.529
2010-08-12,27.293
2010-08-13,27.054
2010-08-16,26.741
2010-08-17,25.469
2010-08-18,28.338
2010-08-19,28.364
2010-08-20,27.237
2010-08-23,28.835
2010-08-24,26.124
2010-08-25,26.287
2010-08-26,27.485
2010-08-27,26.805
2010-08-30,25.484
2010-08-31,27.571
2010-09-01,26.065
2010-09-02,26.627
2010-09-03,25.118
2010-09-06,25.822
2010-09-07,26.009
2010-09-08,29.234
2010-09-09,27.748
2010-09-10,28.019
2010-09-13,26.195
2010-09-14,25.959
2010-09-15,26.524
2010-09-16,26.603
2010-09-17,28.989
2010-09-20,29.332
2010-09-21,29.418
2010-09-27,30.085
2010-09-28,35.548
2010-09-29,33.57
2010-09-30,36.148
2010-10-08,35.549
2010-10-11,35.363
2010-10-12,36.146
2010-10-13,35.661
2010-10-14,38.517
2010-10-15,40.721
2010-10-18,38.841
2010-10-19,34.973
2010-10-20,39.056
2010-10-21,36.227
2010-10-22,35.702
2010-10-25,34.347
2010-10-26,33.534
2010-10-27,32.08
2010-10-28,33.382
2010-10-29,32.6
2010-11-01,30.557
2010-11-02,32.837
2010-11-03,32.974
2010-11-04,33.3
2010-11-05,30.968
2010-11-08,25.619
2010-11-09,26.423
2010-11-10,29.508
2010-11-11,31.194
2010-11-12,30.851
2010-11-15,32.947
2010-11-16,29.525
2010-11-17,31.288
2010-11-18,34.213
2010-11-19,32.333
2010-11-22,28.625
2010-11-23,30.138
2010-11-24,30.151
2010-11-25,28.986
2010-11-26,29.995
2010-11-29,28.763
2010-11-30,29.835
2010-12-01,31.033
2010-12-02,31.261
2010-12-03,30.008
2010-12-06,33.27
2010-12-07,35.925
2010-12-08,35.094
2010-12-09,33.624
2010-12-10,36.0
2010-12-13,34.823
2010-12-14,31.816
2010-12-15,30.996
2010-12-16,30.057
2010-12-17,29.581
2010-12-20,29.787
2010-12-21,34.137
2010-12-22,31.563
2010-12-23,31.788
2010-12-24,30.914
2010-12-27,35.243
2010-12-28,32.723
2010-12-29,35.325
2010-12-30,34.904
2010-12-31,37.686
2011-01-04,38.401
2011-01-05,36.677
2011-01-06,34.406
2011-01-07,38.745
2011-01-10,34.297
2011-01-11,34.436
2011-01-12,34.901
2011-01-13,36.029
2011-01-14,34.44
2011-01-17,34.745
2011-01-18,35.705
2011-01-19,37.455
2011-01-20,37.24
2011-01-21,40.433
2011-01-24,39.1
2011-01-25,36.625
2011-01-26,38.221
2011-01-27,42.594
2011-01-28,40.627
2011-01-31,41.573
2011-02-01,41.751
2011-02-09,41.028
2011-02-10,36.298
2011-02-11,35.036
2011-02-14,37.253
2011-02-15,36.879
2011-02-16,36.23
2011-02-17,33.538
2011-02-18,33.048
2011-02-21,30.933
2011-02-22,33.548
2011-02-23,32.97
2011-02-24,31.226
2011-02-25,31.939
2011-02-28,32.249
2011-03-01,31.924
2011-03-02,34.159
2011-03-03,36.027
2011-03-04,34.675
2011-03-07,36.366
2011-03-08,33.472
2011-03-09,32.54
2011-03-10,32.56
2011-03-11,29.711
2011-03-14,28.346
2011-03-15,30.888
2011-03-16,33.093
2011-03-17,32.46
2011-03-18,33.349
2011-03-21,30.761
2011-03-22,32.671
2011-03-23,33.636
2011-03-24,31.437
2011-03-25,33.422
2011-03-28,31.991
2011-03-29,32.371
2011-03-30,33.296
2011-03-31,34.721
2011-04-01,37.741
2011-04-06,41.868
2011-04-07,36.116
2011-04-08,35.416
2011-04-11,36.999
2011-04-12,35.235
2011-04-13,33.869
2011-04-14,33.08
2011-04-15,32.764
2011-04-18,30.976
2011-04-19,30.766
2011-04-20,32.605
2011-04-21,32.447
2011-04-22,30.752
2011-04-25,32.388
2011-04-26,31.515
2011-04-27,32.344
2011-04-28,32.629
2011-04-29,36.351
2011-05-03,36.272
2011-05-04,36.769
2011-05-05,35.691
2011-05-06,35.78
2011-05-09,34.275
2011-05-10,35.674
2011-05-11,33.063
2011-05-12,32.347
2011-05-13,32.068
2011-05-16,32.102
2011-05-17,32.751
2011-05-18,33.963
2011-05-19,33.396
2011-05-20,35.355
2011-05-23,32.738
2011-05-24,35.608
2011-05-25,38.731
2011-05-26,38.156
2011-05-27,34.685
2011-05-30,34.882
2011-05-31,38.12
2011-06-01,36.662
2011-06-02,38.691
2011-06-03,35.67
2011-06-07,39.18
2011-06-08,37.145
2011-06-09,39.862
2011-06-10,37.904
2011-06-13,41.845
2011-06-14,38.812
2011-06-15,39.923
2011-06-16,35.152
2011-06-17,42.179
2011-06-20,38.026
2011-06-21,39.847
2011-06-22,38.644
2011-06-23,35.132
2011-06-24,37.277
2011-06-27,33.489
2011-06-28,38.16
2011-06-29,34.621
2011-06-30,35.643
2011-07-01,33.938
2011-07-04,33.297
2011-07-05,32.563
2011-07-06,33.022
2011-07-07,30.885
2011-07-08,32.032
2011-07-11,30.09
2011-07-12,31.023
2011-07-13,30.944
2011-07-14,30.352
2011-07-15,29.975
2011-07-18,28.576
2011-07-19,30.131
2011-07-20,29.726
2011-07-21,30.136
2011-07-22,29.987
2011-07-25,29.88
2011-07-26,32.423
2011-07-27,30.919
2011-07-28,33.901
2011-07-29,31.696
2011-08-01,30.486
2011-08-02,29.464
2011-08-03,30.446
2011-08-04,29.687
2011-08-05,31.032
2011-08-08,31.816
2011-08-09,34.005
2011-08-10,32.893
2011-08-11,32.353
2011-08-12,29.293
2011-08-15,30.276
2011-08-16,30.824
2011-08-17,29.842
2011-08-18,32.116
2011-08-19,33.345
2011-08-22,31.99
2011-08-23,29.927
2011-08-24,28.23
2011-08-25,33.195
2011-08-26,30.65
2011-08-29,31.506
2011-08-30,30.084
2011-08-31,31.624
2011-09-01,30.231
2011-09-02,30.143
2011-09-05,31.658
2011-09-06,34.157
2011-09-07,33.57
2011-09-08,34.365
2011-09-09,34.619
2011-09-13,34.686
2011-09-14,35.143
2011-09-15,33.651
2011-09-16,35.835
2011-09-19,33.845
2011-09-20,36.717
2011-09-21,34.191
2011-09-22,35.02
2011-09-23,36.886
2011-09-26,38.828
2011-09-27,36.583
2011-09-28,35.28
2011-09-29,32.85
2011-09-30,35.545
2011-10-10,38.919
2011-10-11,40.118
2011-10-12,38.606
2011-10-13,33.841
2011-10-14,34.781
2011-10-17,35.882
2011-10-18,37.539
2011-10-19,37.545
2011-10-20,34.747
2011-10-21,35.74
2011-10-24,37.458
2011-10-25,35.223
2011-10-26,34.645
2011-10-27,31.247
2011-10-28,33.599
2011-10-31,31.149
2011-11-01,31.067
2011-11-02,30.052
2011-11-03,28.638
2011-11-04,28.958
2011-11-07,28.688
2011-11-08,30.18
2011-11-09,30.393
2011-11-10,29.178
2011-11-11,29.921
2011-11-14,26.623
2011-11-15,26.86
2011-11-16,28.191
2011-11-17,28.536
2011-11-18,27.89
2011-11-21,29.507
2011-11-22,31.253
2011-11-23,30.943
2011-11-24,29.227
2011-11-25,31.57
2011-11-28,31.167
2011-11-29,28.635
2011-11-30,28.057
2011-12-01,33.509
2011-12-02,31.35
2011-12-05,30.995
2011-12-06,32.619
2011-12-07,35.452
2011-12-08,33.342
2011-12-09,35.359
2011-12-12,34.163
2011-12-13,32.941
2011-12-14,33.263
2011-12-15,33.207
2011-12-16,35.696
2011-12-19,35.065
2011-12-20,34.661
2011-12-21,36.348
2011-12-22,32.678
2011-12-23,35.816
2011-12-26,35.423
2011-12-27,34.253
2011-12-28,33.99
2011-12-29,33.789
2011-12-30,33.158
2012-01-04,34.146
2012-01-05,35.421
2012-01-06,34.906
2012-01-09,35.851
2012-01-10,34.587
2012-01-11,33.781
2012-01-12,34.559
2012-01-13,34.806
2012-01-16,37.876
2012-01-17,38.417
2012-01-18,39.112
2012-01-19,40.051
2012-01-20,42.084
2012-01-30,39.19
2012-01-31,38.781
2012-02-01,37.358
2012-02-02,38.363
2012-02-03,33.206
2012-02-06,31.074
2012-02-07,32.443
2012-02-08,36.303
2012-02-09,32.228
2012-02-10,33.444
2012-02-13,29.96
2012-02-14,30.485
2012-02-15,29.478
2012-02-16,27.778
2012-02-17,29.945
2012-02-20,31.26
2012-02-21,29.712
2012-02-22,28.431
2012-02-23,30.001
2012-02-24,31.477
2012-02-27,30.566
2012-02-28,30.078
2012-02-29,32.984
2012-03-01,32.02
2012-03-02,30.948
2012-03-05,29.982
2012-03-06,31.518
2012-03-07,30.421
2012-03-08,31.736
2012-03-09,31.251
2012-03-12,31.278
2012-03-13,28.948
2012-03-14,29.852
2012-03-15,31.471
2012-03-16,31.85
2012-03-19,31.947
2012-03-20,32.725
2012-03-21,34.95
2012-03-22,34.432
2012-03-23,32.311
2012-03-26,33.849
2012-03-27,36.062
2012-03-28,31.515
2012-03-29,33.994
2012-03-30,34.714
2012-04-05,37.323
2012-04-06,35.056
2012-04-09,34.426
2012-04-10,33.589
2012-04-11,32.892
2012-04-12,31.514
2012-04-13,32.648
2012-04-16,30.127
2012-04-17,30.456
2012-04-18,31.143
2012-04-19,33.65
2012-04-20,34.488
2012-04-23,32.182
2012-04-24,34.597
2012-04-25,31.746
2012-04-26,33.886
2012-04-27,35.978
2012-05-02,38.141
2012-05-03,37.889
2012-05-04,36.161
2012-05-07,35.877
2012-05-08,34.49
2012-05-09,35.567
2012-05-10,37.665
2012-05-11,36.744
2012-05-14,36.246
2012-05-15,36.351
2012-05-16,38.784
2012-05-17,39.051
2012-05-18,36.056
2012-05-21,39.77
2012-05-22,39.17
2012-05-23,40.237
2012-05-24,38.952
2012-05-25,37.957
2012-05-28,38.932
2012-05-29,38.055
2012-05-30,34.665
2012-05-31,33.955
2012-06-01,38.492
2012-06-04,36.85
2012-06-05,38.328
2012-06-06,39.633
2012-06-07,38.31
2012-06-08,39.987
2012-06-11,36.772
2012-06-12,35.957
2012-06-13,36.307
2012-06-14,35.001
2012-06-15,37.521
2012-06-18,33.903
2012-06-19,33.688
2012-06-20,33.094
2012-06-21,33.515
2012-06-25,35.318
2012-06-26,34.39
2012-06-27,33.686
2012-06-28,35.04
2012-06-29,35.51
2012-07-02,36.055
2012-07-03,34.107
2012-07-04,34.558
2012-07-05,34.196
2012-07-06,39.496
2012-07-09,38.64
2012-07-10,37.411
2012-07-11,39.989
2012-07-12,39.731
2012-07-13,38.696
2012-07-16,36.369
2012-07-17,40.687
2012-07-18,40.274
2012-07-19,35.484
2012-07-20,37.044
2012-07-23,37.584
2012-07-24,37.728
2012-07-25,35.399
2012-07-26,38.157
2012-07-27,38.998
2012-07-30,36.893
2012-07-31,37.995
2012-08-01,39.106
2012-08-02,38.992
2012-08-03,36.495
2012-08-06,34.586
2012-08-07,34.348
2012-08-08,37.005
2012-08-09,37.045
2012-08-10,37.196
2012-08-13,38.058
2012-08-14,37.141
2012-08-15,36.685
2012-08-16,38.194
2012-08-17,38.772
2012-08-20,37.868
2012-08-21,33.059
2012-08-22,34.213
2012-08-23,34.515
2012-08-24,33.493
2012-08-27,35.494
2012-08-28,35.723
2012-08-29,34.427
2012-08-30,34.457
2012-08-31,34.776
2012-09-03,36.443
2012-09-04,36.299
2012-09-05,35.871
2012-09-06,33.668
2012-09-07,32.65
2012-09-10,33.068
2012-09-11,32.15
2012-09-12,31.164
2012-09-13,30.79
2012-09-14,36.746
2012-09-17,35.652
2012-09-18,35.815
2012-09-19,37.428
2012-09-20,36.086
2012-09-21,38.685
2012-09-24,39.386
2012-09-25,39.341
2012-09-26,35.881
2012-09-27,41.0
2012-09-28,42.786
2012-10-08,40.264
2012-10-09,36.292
2012-10-10,33.497
2012-10-11,34.934
2012-10-12,35.105
2012-10-15,34.265
2012-10-16,36.099
2012-10-17,37.177
2012-10-18,34.034
2012-10-19,32.615
2012-10-22,34.644
2012-10-23,32.738
2012-10-24,32.849
2012-10-25,32.723
2012-10-26,32.871
2012-10-29,37.02
2012-10-30,37.786
2012-10-31,38.638
2012-11-01,36.275
2012-11-02,35.928
2012-11-05,34.724
2012-11-06,36.145
2012-11-07,39.209
2012-11-08,33.325
2012-11-09,34.836
2012-11-12,37.938
2012-11-13,35.089
2012-11-14,35.226
2012-11-15,35.444
2012-11-16,36.095
2012-11-19,41.005
2012-11-20,38.299
2012-11-21,36.042
2012-11-22,37.462
2012-11-23,39.729
2012-11-26,38.049
2012-11-27,32.084
2012-11-28,36.748
2012-11-29,40.721
2012-11-30,40.663
2012-12-03,44.187
2012-12-04,39.267
2012-12-05,42.042
2012-12-06,41.86
2012-12-07,40.591
2012-12-10,36.639
2012-12-11,35.953
2012-12-12,37.89
2012-12-13,37.524
2012-12-14,38.532
2012-12-17,38.608
2012-12-18,40.62
2012-12-19,40.87
2012-12-20,38.84
2012-12-21,36.909
2012-12-24,36.621
2012-12-25,35.211
2012-12-26,31.072
2012-12-27,32.22
2012-12-28,34.339
2012-12-31,34.99
2013-01-04,38.041
2013-01-07,33.942
2013-01-08,31.018
2013-01-09,31.534
2013-01-10,32.028
2013-01-11,30.737
2013-01-14,32.669
2013-01-15,30.245
2013-01-16,31.451
2013-01-17,32.307
2013-01-18,32.111
2013-01-21,33.015
2013-01-22,36.439
2013-01-23,34.572
2013-01-24,38.01
2013-01-25,36.678
2013-01-28,40.493
2013-01-29,40.609
2013-01-30,38.704
2013-01-31,37.604
2013-02-01,42.587
2013-02-04,42.289
2013-02-05,41.054
2013-02-06,39.27
2013-02-07,43.455
2013-02-08,37.526
2013-02-18,33.976
2013-02-19,34.854
2013-02-20,33.616
2013-02-21,35.855
2013-02-22,35.772
2013-02-25,32.803
2013-02-26,35.699
2013-02-27,36.341
2013-02-28,38.39
2013-03-01,34.048
2013-03-04,36.949
2013-03-05,39.026
2013-03-06,34.002
2013-03-07,34.292
2013-03-08,35.014
2013-03-11,34.686
2013-03-12,32.976
2013-03-13,36.17
2013-03-14,37.112
2013-03-15,40.405
2013-03-18,40.149
2013-03-19,37.927
2013-03-20,41.123
2013-03-21,34.617
2013-03-22,33.755
2013-03-25,35.558
2013-03-26,36.509
2013-03-27,35.754
2013-03-28,40.174
2013-03-29,38.654
2013-04-01,35.246
2013-04-02,35.671
2013-04-03,35.038
2013-04-08,37.792
2013-04-09,37.659
2013-04-10,38.668
2013-04-11,37.198
2013-04-12,38.819
2013-04-15,37.5
2013-04-16,40.876
2013-04-17,40.904
2013-04-18,40.604
2013-04-19,39.118
2013-04-22,35.906
2013-04-23,37.052
2013-04-24,37.724
2013-04-25,36.193
2013-04-26,35.636
2013-05-02,39.428
2013-05-03,37.823
2013-05-06,34.863
2013-05-07,35.782
2013-05-08,35.116
2013-05-09,35.013
2013-05-10,31.537
2013-05-13,32.478
2013-05-14,34.1
2013-05-15,33.688
2013-05-16,33.895
2013-05-17,30.873
2013-05-20,30.29
2013-05-21,29.468
2013-05-22,28.689
2013-05-23,31.672
2013-05-24,30.23
2013-05-27,29.645
2013-05-28,31.84
2013-05-29,30.965
2013-05-30,30.067
2013-05-31,28.107
2013-06-03,29.57
2013-06-04,29.966
2013-06-05,31.83
2013-06-06,33.451
2013-06-07,34.091
2013-06-13,34.926
2013-06-14,35.314
2013-06-17,34.075
2013-06-18,35.295
2013-06-19,34.249
2013-06-20,34.845
2013-06-21,36.26
2013-06-24,37.484
2013-06-25,37.408
2013-06-26,36.786
2013-06-27,34.983
2013-06-28,38.564
2013-07-01,37.293
2013-07-02,35.58
2013-07-03,35.554
2013-07-04,33.548
2013-07-05,35.112
2013-07-08,34.163
2013-07-09,37.264
2013-07-10,36.38
2013-07-11,39.447
2013-07-12,37.461
2013-07-15,35.923
2013-07-16,32.368
2013-07-17,32.321
2013-07-18,33.398
2013-07-19,34.94
2013-07-22,35.192
2013-07-23,33.285
2013-07-24,34.279
2013-07-25,33.266
2013-07-26,33.475
2013-07-29,35.13
2013-07-30,35.034
2013-07-31,34.532
2013-08-01,32.102
2013-08-02,29.154
2013-08-05,28.19
2013-08-06,30.24
2013-08-07,29.953
2013-08-08,30.586
2013-08-09,31.343
2013-08-12,34.193
2013-08-13,32.545
2013-08-14,31.53
2013-08-15,31.118
2013-08-16,37.219
2013-08-19,36.55
2013-08-20,34.026
2013-08-21,32.497
2013-08-22,32.638
2013-08-23,33.31
2013-08-26,31.356
2013-08-27,31.139
2013-08-28,32.019
2013-08-29,31.759
2013-08-30,31.171
2013-09-02,36.465
2013-09-03,33.995
2013-09-04,35.539
2013-09-05,34.111
2013-09-06,35.245
2013-09-09,40.162
2013-09-10,38.568
2013-09-11,36.13
2013-09-12,41.683
2013-09-13,38.571
2013-09-16,40.829
2013-09-17,39.955
2013-09-18,39.727
2013-09-23,37.459
2013-09-24,39.008
2013-09-25,38.158
2013-09-26,36.81
2013-09-27,39.128
2013-09-30,39.481
2013-10-08,39.195
2013-10-09,35.359
2013-10-10,36.704
2013-10-11,35.37
2013-10-14,32.828
2013-10-15,31.718
2013-10-16,33.143
2013-10-17,33.665
2013-10-18,35.344
2013-10-21,33.275
2013-10-22,33.446
2013-10-23,32.813
2013-10-24,33.483
2013-10-25,35.964
2013-10-28,35.556
2013-10-29,36.988
2013-10-30,39.127
2013-10-31,38.004
2013-11-01,38.375
2013-11-04,36.297
2013-11-05,36.105
2013-11-06,34.823
2013-11-07,35.678
2013-11-08,36.915
2013-11-11,36.932
2013-11-12,37.783
2013-11-13,36.483
2013-11-14,37.045
2013-11-15,35.545
2013-11-18,37.574
2013-11-19,35.418
2013-11-20,34.647
2013-11-21,36.448
2013-11-22,37.443
2013-11-25,36.189
2013-11-26,33.042
2013-11-27,35.123
2013-11-28,31.621
2013-11-29,29.608
2013-12-02,35.41
2013-12-03,33.663
2013-12-04,32.043
2013-12-05,33.446
2013-12-06,34.642
2013-12-09,33.033
2013-12-10,31.764
2013-12-11,33.894
2013-12-12,32.411
2013-12-13,31.535
2013-12-16,32.143
2013-12-17,33.485
2013-12-18,33.146
2013-12-19,34.625
2013-12-20,36.427
2013-12-23,34.054
2013-12-24,33.623
2013-12-25,31.929
2013-12-26,31.202
2013-12-27,31.169
2013-12-30,30.151
2013-12-31,33.333
2014-01-02,30.365
2014-01-03,30.853
2014-01-06,31.308
2014-01-07,31.107
2014-01-08,31.593
2014-01-09,32.841
2014-01-10,31.505
2014-01-13,33.364
2014-01-14,32.582
2014-01-15,31.537
2014-01-16,31.228
2014-01-17,32.989
2014-01-20,32.296
2014-01-21,34.128
2014-01-22,31.825
2014-01-23,31.569
2014-01-24,28.652
2014-01-27,31.384
2014-01-28,31.581
2014-01-29,32.941
2014-01-30,33.537
2014-02-07,31.567
2014-02-10,26.565
2014-02-11,27.925
2014-02-12,26.07
2014-02-13,28.6
2014-02-14,27.12
2014-02-17,25.552
2014-02-18,26.479
2014-02-19,27.192
2014-02-20,27.009
2014-02-21,27.65
2014-02-24,28.232
2014-02-25,27.251
2014-02-26,29.299
2014-02-27,30.122
2014-02-28,30.365
2014-03-03,28.662
2014-03-04,29.947
2014-03-05,27.474
2014-03-06,29.413
2014-03-07,29.484
2014-03-10,28.296
2014-03-11,30.136
2014-03-12,32.29
2014-03-13,31.722
2014-03-14,31.342
2014-03-17,27.85
2014-03-18,27.58
2014-03-19,28.417
2014-03-20,28.123
2014-03-21,31.595
2014-03-24,31.669
2014-03-25,29.4
2014-03-26,29.36
2014-03-27,31.161
2014-03-28,29.336
2014-03-31,30.346
2014-04-01,31.247
2014-04-02,32.589
2014-04-03,32.737
2014-04-04,31.326
2014-04-08,35.958
2014-04-09,30.239
2014-04-10,35.947
2014-04-11,36.711
2014-04-14,31.422
2014-04-15,31.354
2014-04-16,31.629
2014-04-17,30.515
2014-04-18,30.918
2014-04-21,29.176
2014-04-22,31.131
2014-04-23,32.345
2014-04-24,31.259
2014-04-25,32.679
2014-04-28,29.749
2014-04-29,32.293
2014-04-30,33.06
2014-05-05,32.536
2014-05-06,30.792
2014-05-07,31.139
2014-05-08,32.181
2014-05-09,30.959
2014-05-12,33.084
2014-05-13,34.137
2014-05-14,32.945
2014-05-15,30.065
2014-05-16,30.473
2014-05-19,34.929
2014-05-20,31.466
2014-05-21,31.08
2014-05-22,29.833
2014-05-23,32.085
2014-05-26,30.095
2014-05-27,31.535
2014-05-28,31.862
2014-05-29,33.825
2014-05-30,35.018
2014-06-03,34.651
2014-06-04,31.963
2014-06-05,32.99
2014-06-06,32.815
2014-06-09,33.935
2014-06-10,34.605
2014-06-11,31.925
2014-06-12,33.018
2014-06-13,30.974
2014-06-16,30.582
2014-06-17,31.961
2014-06-18,31.309
2014-06-19,30.571
2014-06-20,31.643
2014-06-23,29.84
2014-06-24,31.818
2014-06-25,31.164
2014-06-26,28.275
2014-06-27,28.252
2014-06-30,27.905
2014-07-01,30.122
2014-07-02,28.922
2014-07-03,26.92
2014-07-04,28.886
2014-07-07,29.415
2014-07-08,30.715
2014-07-09,29.579
2014-07-10,32.049
2014-07-11,31.677
2014-07-14,29.41
2014-07-15,29.779
2014-07-16,28.374
2014-07-17,30.415
2014-07-18,31.653
2014-07-21,31.682
2014-07-22,31.39
2014-07-23,30.051
2014-07-24,33.951
2014-07-25,31.906
2014-07-28,35.473
2014-07-29,30.999
2014-07-30,31.775
2014-07-31,32.195
2014-08-01,29.436
2014-08-04,31.901
2014-08-05,30.078
2014-08-06,30.747
2014-08-07,30.047
2014-08-08,30.872
2014-08-11,27.072
2014-08-12,29.201
2014-08-13,28.741
2014-08-14,27.021
2014-08-15,28.811
2014-08-18,26.287
2014-08-19,27.587
2014-08-20,27.086
2014-08-21,29.157
2014-08-22,28.51
2014-08-25,28.434
2014-08-26,28.851
2014-08-27,32.155
2014-08-28,30.823
2014-08-29,31.224
2014-09-01,29.031
2014-09-02,29.24
2014-09-03,28.182
2014-09-04,27.65
2014-09-05,27.831
2014-09-09,26.788
2014-09-10,25.903
2014-09-11,25.428
2014-09-12,26.108
2014-09-15,24.286
2014-09-16,24.374
2014-09-17,25.44
2014-09-18,25.885
2014-09-19,25.857
2014-09-22,25.415
2014-09-23,25.379
2014-09-24,27.872
2014-09-25,26.693
2014-09-26,26.182
2014-09-29,25.344
2014-09-30,24.668
2014-10-08,24.62
2014-10-09,24.357
2014-10-10,26.958
2014-10-13,26.227
2014-10-14,26.205
2014-10-15,28.568
2014-10-16,27.825
2014-10-17,26.519
2014-10-20,27.546
2014-10-21,27.566
2014-10-22,27.01
2014-10-23,27.386
2014-10-24,29.93
2014-10-27,30.224
2014-10-28,28.036
2014-10-29,28.363
2014-10-30,27.843
2014-10-31,33.293
2014-11-03,29.976
2014-11-04,31.0
2014-11-05,33.684
2014-11-06,29.843
2014-11-07,33.031
2014-11-10,37.361
2014-11-11,37.726
2014-11-12,36.069
2014-11-13,35.522
2014-11-14,35.737
2014-11-17,35.329
2014-11-18,35.086
2014-11-19,31.359
2014-11-20,32.645
2014-11-21,36.536
2014-11-24,37.75
2014-11-25,31.058
2014-11-26,34.83
2014-11-27,36.525
2014-11-28,39.874
2014-12-01,40.196
2014-12-02,43.467
2014-12-03,41.071
2014-12-04,40.139
2014-12-05,44.898
2014-12-08,46.621
2014-12-09,47.116
2014-12-10,49.507
2014-12-11,42.25
2014-12-12,41.961
2014-12-15,38.806
2014-12-16,48.367
2014-12-17,53.583
2014-12-18,50.756
2014-12-19,47.81
2014-12-22,50.314
2014-12-23,52.132
2014-12-24,50.999
2014-12-25,52.014
2014-12-26,56.328
2014-12-29,54.677
2014-12-30,53.353
2014-12-31,56.976
2015-01-05,52.263
2015-01-06,48.701
2015-01-07,50.53
2015-01-08,47.902
2015-01-09,53.079
2015-01-12,50.848
2015-01-13,45.152
2015-01-14,46.623
2015-01-15,55.359
2015-01-16,51.895
2015-01-19,43.331
2015-01-20,48.368
2015-01-21,46.368
2015-01-22,41.686
2015-01-23,45.308
2015-01-26,42.027
2015-01-27,41.68
2015-01-28,39.985
2015-01-29,42.547
2015-01-30,41.889
2015-02-02,42.619
2015-02-03,42.618
2015-02-04,41.068
2015-02-05,44.15
2015-02-06,39.85
2015-02-09,47.664
2015-02-10,47.947
2015-02-11,43.282
2015-02-12,42.359
2015-02-13,38.819
2015-02-16,37.521
2015-02-17,37.201
2015-02-25,35.896
2015-02-26,42.464
2015-02-27,38.16
2015-03-02,35.376
2015-03-03,34.163
2015-03-04,31.313
2015-03-05,32.453
2015-03-06,31.448
2015-03-09,38.759
2015-03-10,32.584
2015-03-11,31.609
2015-03-12,40.188
2015-03-13,38.323
2015-03-16,31.298
2015-03-17,33.465
2015-03-18,34.794
2015-03-19,33.919
2015-03-20,40.006
2015-03-23,33.576
2015-03-24,32.118
2015-03-25,31.682
2015-03-26,32.534
2015-03-27,33.605
2015-03-30,37.892
2015-03-31,38.438
2015-04-01,34.118
2015-04-02,30.178
2015-04-03,30.422
2015-04-07,32.138
2015-04-08,36.14
2015-04-09,37.937
2015-04-10,34.755
2015-04-13,34.059
2015-04-14,34.631
2015-04-15,37.431
2015-04-16,39.781
2015-04-17,40.259
2015-04-20,44.161
2015-04-21,41.03
2015-04-22,39.21
2015-04-23,37.414
2015-04-24,38.258
2015-04-27,39.423
2015-04-28,44.134
2015-04-29,41.821
2015-04-30,39.383
2015-05-04,39.893
2015-05-05,41.601
2015-05-06,41.132
2015-05-07,37.847
2015-05-08,35.691
2015-05-11,34.511
2015-05-12,33.551
2015-05-13,31.938
2015-05-14,32.11
2015-05-15,32.38
2015-05-18,28.74
2015-05-19,30.87
2015-05-20,28.291
2015-05-21,26.185
2015-05-22,29.942
2015-05-25,30.678
2015-05-26,30.19
2015-05-27,28.894
2015-05-28,29.554
2015-05-29,28.304
2015-06-01,29.216
2015-06-02,26.078
2015-06-03,26.423
2015-06-04,29.101
2015-06-05,28.723
2015-06-08,33.944
2015-06-09,36.429
2015-06-10,29.919
2015-06-11,27.892
2015-06-12,26.362
2015-06-15,27.608
2015-06-16,28.317
2015-06-17,28.559
2015-06-18,29.034
2015-06-19,30.079
2015-06-23,31.256
2015-06-24,32.137
2015-06-25,33.531
2015-06-26,37.163
2015-06-29,38.557
2015-06-30,34.83
2015-07-01,34.485
2015-07-02,37.091
2015-07-03,35.527
2015-07-06,41.423
2015-07-07,58.211
2015-07-08,46.786
2015-07-09,43.914
2015-07-10,53.021
2015-07-13,41.933
2015-07-14,34.659
2015-07-15,32.193
2015-07-16,29.392
2015-07-17,30.466
2015-07-20,28.748
2015-07-21,28.846
2015-07-22,27.664
2015-07-23,26.78
2015-07-24,26.717
2015-07-27,27.839
2015-07-28,29.748
2015-07-29,29.415
2015-07-30,29.847
2015-07-31,29.104
2015-08-03,27.928
2015-08-04,25.482
2015-08-05,26.053
2015-08-06,26.946
2015-08-07,26.212
2015-08-10,26.771
2015-08-11,27.311
2015-08-12,27.792
2015-08-13,27.876
2015-08-14,25.535
2015-08-17,26.107
2015-08-18,26.307
2015-08-19,26.889
2015-08-20,27.617
2015-08-21,27.599
2015-08-24,34.826
2015-08-25,33.024
2015-08-26,29.306
2015-08-27,31.634
2015-08-28,29.5
2015-08-31,33.816
2015-09-01,38.056
2015-09-02,36.584
2015-09-07,31.108
2015-09-08,29.493
2015-09-09,28.568
2015-09-10,29.344
2015-09-11,29.079
2015-09-14,31.753
2015-09-15,28.953
2015-09-16,28.926
2015-09-17,28.614
2015-09-18,30.644
2015-09-21,29.407
2015-09-22,28.044
2015-09-23,28.165
2015-09-24,29.423
2015-09-25,28.444
2015-09-28,28.574
2015-09-29,28.016
2015-09-30,29.348
2015-10-08,26.294
2015-10-09,24.47
2015-10-12,25.154
2015-10-13,24.802
2015-10-14,25.123
2015-10-15,24.992
2015-10-16,25.048
2015-10-19,26.674
2015-10-20,26.011
2015-10-21,26.199
2015-10-22,27.379
2015-10-23,25.764
2015-10-26,25.148
2015-10-27,26.578
2015-10-28,24.749
2015-10-29,25.409
2015-10-30,26.143
2015-11-02,24.534
2015-11-03,24.535
2015-11-04,25.504
2015-11-05,31.638
2015-11-06,29.641
2015-11-09,29.219
2015-11-10,27.62
2015-11-11,25.011
2015-11-12,24.073
2015-11-13,25.826
2015-11-16,25.536
2015-11-17,26.636
2015-11-18,27.726
2015-11-19,26.769
2015-11-20,24.383
2015-11-23,24.341
2015-11-24,23.582
2015-11-25,22.252
2015-11-26,22.487
2015-11-27,22.334
2015-11-30,23.334
2015-12-01,24.616
2015-12-02,29.693
2015-12-03,28.49
2015-12-04,25.017
2015-12-07,24.579
2015-12-08,24.391
2015-12-09,27.188
2015-12-10,28.115
2015-12-11,27.466
2015-12-14,29.053
2015-12-15,28.072
2015-12-16,25.366
2015-12-17,23.786
2015-12-18,25.308
2015-12-21,26.882
2015-12-22,25.933
2015-12-23,27.668
2015-12-24,26.069
2015-12-25,25.44
2015-12-28,22.914
2015-12-29,24.001
2015-12-30,24.379
2015-12-31,23.971
2016-01-04,23.144
2016-01-05,23.334
2016-01-06,25.128
2016-01-07,28.116
2016-01-08,24.93
2016-01-11,25.23
2016-01-12,25.316
2016-01-13,26.441
2016-01-14,25.341
2016-01-15,25.487
2016-01-18,25.234
2016-01-19,25.759
2016-01-20,24.912
2016-01-21,24.282
2016-01-22,25.19
2016-01-25,24.815
2016-01-26,24.073
2016-01-27,24.762
2016-01-28,26.079
2016-01-29,26.343
2016-02-01,26.279
2016-02-02,25.8
2016-02-03,26.234
2016-02-04,24.554
2016-02-05,26.02
2016-02-15,27.081
2016-02-16,25.745
2016-02-17,24.797
2016-02-18,24.219
2016-02-19,25.701
2016-02-22,23.983
2016-02-23,24.024
2016-02-24,23.327
2016-02-25,23.271
2016-02-26,23.669
2016-02-29,23.814
2016-03-01,25.622
2016-03-02,24.845
2016-03-03,25.569
2016-03-04,28.416
2016-03-07,26.008
2016-03-08,24.9
2016-03-09,26.041
2016-03-10,26.138
2016-03-11,26.837
2016-03-14,24.503
2016-03-15,27.098
2016-03-16,30.348
2016-03-17,26.103
2016-03-18,24.706
2016-03-21,27.023
2016-03-22,27.59
2016-03-23,28.866
2016-03-24,27.518
2016-03-25,27.467
2016-03-28,24.549
2016-03-29,26.562
2016-03-30,27.089
2016-03-31,25.622
2016-04-01,25.916
2016-04-05,23.721
2016-04-06,23.547
2016-04-07,24.343
2016-04-08,25.262
2016-04-11,23.92
2016-04-12,24.221
2016-04-13,23.658
2016-04-14,22.848
2016-04-15,21.933
2016-04-18,23.954
2016-04-19,24.546
2016-04-20,23.134
2016-04-21,27.589
2016-04-22,26.659
2016-04-25,24.856
2016-04-26,24.404
2016-04-27,24.776
2016-04-28,25.378
2016-04-29,26.961
2016-05-03,24.304
2016-05-04,24.611
2016-05-05,25.948
2016-05-06,24.207
2016-05-09,24.549
2016-05-10,27.529
2016-05-11,26.888
2016-05-12,28.61
2016-05-13,30.536
2016-05-16,29.662
2016-05-17,31.268
2016-05-18,29.292
2016-05-19,33.366
2016-05-20,33.784
2016-05-23,30.237
2016-05-24,30.391
2016-05-25,30.497
2016-05-26,30.834
2016-05-27,31.914
2016-05-30,29.998
2016-05-31,27.024
2016-06-01,28.767
2016-06-02,27.404
2016-06-03,28.707
2016-06-06,28.071
2016-06-07,28.174
2016-06-08,30.187
2016-06-13,28.004
2016-06-14,30.143
2016-06-15,28.942
2016-06-16,30.749
2016-06-17,28.419
2016-06-20,26.983
2016-06-21,27.657
2016-06-22,27.809
2016-06-23,26.56
2016-06-24,26.307
2016-06-27,25.285
2016-06-28,24.124
2016-06-29,25.784
2016-06-30,26.222
2016-07-01,25.438
2016-07-04,24.292
2016-07-05,24.7
2016-07-06,26.711
2016-07-07,26.554
2016-07-08,26.842
2016-07-11,26.322
2016-07-12,25.075
2016-07-13,25.355
2016-07-14,24.907
2016-07-15,25.345
2016-07-18,26.253
2016-07-19,27.084
2016-07-20,25.977
2016-07-21,25.693
2016-07-22,27.045
2016-07-25,27.324
2016-07-26,25.262
2016-07-27,22.749
2016-07-28,25.304
2016-07-29,26.306
2016-08-01,24.142
2016-08-02,27.788
2016-08-03,28.149
2016-08-04,29.765
2016-08-05,30.816
2016-08-08,28.542
2016-08-09,28.656
2016-08-10,29.468
2016-08-11,30.85
2016-08-12,33.083
2016-08-15,31.951
2016-08-16,32.05
2016-08-17,30.748
2016-08-18,31.313
2016-08-19,31.623
2016-08-22,29.445
2016-08-23,30.507
2016-08-24,30.399
2016-08-25,29.685
2016-08-26,28.271
2016-08-29,27.531
2016-08-30,27.731
2016-08-31,31.0
2016-09-01,29.523
2016-09-02,28.847
2016-09-05,29.561
2016-09-06,28.174
2016-09-07,25.635
2016-09-08,27.333
2016-09-09,25.815
2016-09-12,24.846
2016-09-13,30.198
2016-09-14,30.186
2016-09-19,27.653
2016-09-20,30.349
2016-09-21,28.828
2016-09-22,29.409
2016-09-23,29.046
2016-09-26,24.644
2016-09-27,26.211
2016-09-28,28.612
2016-09-29,26.892
2016-09-30,26.443
2016-10-10,23.049
2016-10-11,26.267
2016-10-12,26.307
2016-10-13,25.602
2016-10-14,27.081
2016-10-17,24.764
2016-10-18,26.748
2016-10-19,27.185
2016-10-20,26.411
2016-10-21,27.519
2016-10-24,28.935
2016-10-25,26.89
2016-10-26,26.527
2016-10-27,27.685
2016-10-28,28.795
2016-10-31,28.022
2016-11-01,28.199
2016-11-02,29.727
2016-11-03,32.006
2016-11-04,29.399
2016-11-07,28.922
2016-11-08,28.142
2016-11-09,29.084
2016-11-10,28.734
2016-11-11,30.462
2016-11-14,30.607
2016-11-15,28.42
2016-11-16,26.484
2016-11-17,27.495
2016-11-18,28.811
2016-11-21,29.172
2016-11-22,27.861
2016-11-23,27.871
2016-11-24,28.828
2016-11-25,27.94
2016-11-28,33.755
2016-11-29,34.397
2016-11-30,33.488
2016-12-01,35.842
2016-12-02,33.049
2016-12-05,37.366
2016-12-06,34.931
2016-12-07,31.85
2016-12-08,32.699
2016-12-09,34.516
2016-12-12,28.71
2016-12-13,31.762
2016-12-14,33.602
2016-12-15,32.551
2016-12-16,31.502
2016-12-19,30.898
2016-12-20,31.004
2016-12-21,31.297
2016-12-22,30.032
2016-12-23,30.333
2016-12-26,29.096
2016-12-27,31.131
2016-12-28,31.283
2016-12-29,30.555
2016-12-30,30.499
2017-01-03,28.249
2017-01-04,27.263
2017-01-05,28.523
2017-01-06,28.042
2017-01-09,28.689
2017-01-10,29.542
2017-01-11,29.068
2017-01-12,28.57
2017-01-13,27.262
2017-01-16,26.938
2017-01-17,27.81
2017-01-18,32.905
2017-01-19,32.184
2017-01-20,29.875
2017-01-23,29.482
2017-01-24,31.102
2017-01-25,31.989
2017-01-26,32.341
2017-02-03,32.706
2017-02-06,29.386
2017-02-07,29.031
2017-02-08,30.38
2017-02-09,28.883
2017-02-10,30.93
2017-02-13,30.331
2017-02-14,31.742
2017-02-15,29.293
2017-02-16,30.304
2017-02-17,30.845
2017-02-20,30.255
2017-02-21,27.099
2017-02-22,27.533
2017-02-23,26.422
2017-02-24,26.476
2017-02-27,26.09
2017-02-28,28.654
2017-03-01,28.829
2017-03-02,29.151
2017-03-03,28.976
2017-03-06,25.535
2017-03-07,26.868
2017-03-08,27.32
2017-03-09,28.186
2017-03-10,30.201
2017-03-13,29.185
2017-03-14,28.436
2017-03-15,30.352
2017-03-16,29.248
2017-03-17,28.621
2017-03-20,29.792
2017-03-21,31.198
2017-03-22,29.186
2017-03-23,29.096
2017-03-24,32.429
2017-03-27,30.699
2017-03-28,30.982
2017-03-29,30.989
2017-03-30,28.881
2017-03-31,31.767
2017-04-05,32.734
2017-04-06,34.147
2017-04-07,34.125
2017-04-10,33.453
2017-04-11,34.969
2017-04-12,38.795
2017-04-13,36.556
2017-04-14,34.513
2017-04-17,37.915
2017-04-18,38.484
2017-04-19,34.555
2017-04-20,37.611
2017-04-21,39.021
2017-04-24,33.761
2017-04-25,39.47
2017-04-26,42.56
2017-04-27,37.509
2017-04-28,39.775
2017-05-02,41.42
2017-05-03,40.705
2017-05-04,42.236
2017-05-05,39.019
2017-05-08,39.115
2017-05-09,35.918
2017-05-10,36.808
2017-05-11,33.358
2017-05-12,40.934
2017-05-15,40.63
2017-05-16,38.014
2017-05-17,37.496
2017-05-18,39.204
2017-05-19,40.01
2017-05-22,35.248
2017-05-23,35.226
2017-05-24,35.382
2017-05-25,40.901
2017-05-26,40.488
2017-05-31,38.437
2017-06-01,36.82
2017-06-02,33.909
2017-06-05,36.246
2017-06-06,36.531
2017-06-07,33.496
2017-06-08,35.059
2017-06-09,36.324
2017-06-12,35.667
2017-06-13,33.393
2017-06-14,34.954
2017-06-15,30.772
2017-06-16,34.658
2017-06-19,33.858
2017-06-20,34.611
2017-06-21,36.833
2017-06-22,37.165
2017-06-23,35.637
2017-06-26,39.028
2017-06-27,34.444
2017-06-28,36.866
2017-06-29,36.836
2017-06-30,35.082
2017-07-03,34.696
2017-07-04,36.175
2017-07-05,35.239
2017-07-06,34.104
2017-07-07,33.198
2017-07-10,33.248
2017-07-11,36.57
2017-07-12,36.232
2017-07-13,39.303
2017-07-14,37.431
2017-07-17,36.015
2017-07-18,38.432
2017-07-19,41.745
2017-07-20,39.978
2017-07-21,39.568
2017-07-24,38.604
2017-07-25,39.629
2017-07-26,41.653
2017-07-27,36.014
2017-07-28,38.915
2017-07-31,39.677
2017-08-01,39.002
2017-08-02,40.308
2017-08-03,39.924
2017-08-04,39.68
2017-08-07,41.415
2017-08-08,40.57
2017-08-09,40.776
2017-08-10,38.753
2017-08-11,39.16
2017-08-14,39.923
2017-08-15,39.097
2017-08-16,37.072
2017-08-17,36.182
2017-08-18,36.95
2017-08-21,37.015
2017-08-22,39.308
2017-08-23,38.177
2017-08-24,35.849
2017-08-25,39.677
2017-08-28,40.053
2017-08-29,36.386
2017-08-30,38.094
2017-08-31,37.817
2017-09-01,38.273
2017-09-04,35.004
2017-09-05,35.133
2017-09-06,36.33
2017-09-07,34.749
2017-09-08,35.184
2017-09-11,36.693
2017-09-12,37.945
2017-09-13,37.276
2017-09-14,34.768
2017-09-15,37.564
2017-09-18,36.925
2017-09-19,35.725
2017-09-20,35.213
2017-09-21,34.855
2017-09-22,33.767
2017-09-25,34.268
2017-09-26,35.07
2017-09-27,38.118
2017-09-28,35.836
2017-09-29,37.301
2017-10-09,37.754
2017-10-10,35.745
2017-10-11,34.442
2017-10-12,33.322
2017-10-13,33.34
2017-10-16,32.77
2017-10-17,35.019
2017-10-18,35.485
2017-10-19,34.563
2017-10-20,36.047
2017-10-23,35.029
2017-10-24,35.496
2017-10-25,35.217
2017-10-26,38.94
2017-10-27,37.511
2017-10-30,37.652
2017-10-31,40.491
2017-11-01,40.004
2017-11-02,37.368
2017-11-03,38.721
2017-11-06,40.569
2017-11-07,42.228
2017-11-08,40.845
2017-11-09,40.309
2017-11-10,41.135
2017-11-13,40.308
2017-11-14,39.507
2017-11-15,41.978
2017-11-16,42.81
2017-11-17,41.413
2017-11-20,44.427
2017-11-21,48.766
2017-11-22,48.641
2017-11-23,47.049
2017-11-24,47.64
2017-11-27,48.234
2017-11-28,45.23
2017-11-29,44.226
2017-11-30,44.582
2017-12-01,46.093
2017-12-04,41.805
2017-12-05,45.212
2017-12-06,44.691
2017-12-07,44.752
2017-12-08,43.288
2017-12-11,44.456
2017-12-12,44.252
2017-12-13,44.606
2017-12-14,42.846
2017-12-15,42.749
2017-12-18,42.766
2017-12-19,43.217
2017-12-20,42.614
2017-12-21,43.39
2017-12-22,41.837
2017-12-25,41.943
2017-12-26,40.909
2017-12-27,41.941
2017-12-28,43.097
2017-12-29,41.425
2018-01-02,44.553
2018-01-03,42.781
2018-01-04,43.245
2018-01-05,43.397
2018-01-08,45.026
2018-01-09,43.152
2018-01-10,43.32
2018-01-11,43.381
2018-01-12,42.143
2018-01-15,44.821
2018-01-16,47.239
2018-01-17,48.431
2018-01-18,49.004
2018-01-19,49.409
2018-01-22,46.751
2018-01-23,51.044
2018-01-24,47.99
2018-01-25,44.178
2018-01-26,47.311
2018-01-29,47.758
2018-01-30,47.169
2018-01-31,42.984
2018-02-01,43.666
2018-02-02,45.526
2018-02-05,53.528
2018-02-06,51.097
2018-02-07,51.786
2018-02-08,52.773
2018-02-09,51.266
2018-02-12,47.118
2018-02-13,47.888
2018-02-14,47.894
2018-02-22,48.299
2018-02-23,46.386
2018-02-26,44.253
2018-02-27,43.306
2018-02-28,42.364
2018-03-01,41.392
2018-03-02,40.557
2018-03-05,41.335
2018-03-06,41.786
2018-03-07,40.8
2018-03-08,39.164
2018-03-09,36.801
2018-03-12,37.669
2018-03-13,35.908
2018-03-14,38.315
2018-03-15,37.423
2018-03-16,38.797
2018-03-19,38.525
2018-03-20,35.356
2018-03-21,36.107
2018-03-22,37.309
2018-03-23,36.866
2018-03-26,39.096
2018-03-27,37.25
2018-03-28,38.206
2018-03-29,39.987
2018-03-30,35.188
2018-04-02,34.882
2018-04-03,34.653
2018-04-04,34.529
2018-04-09,34.39
2018-04-10,34.879
2018-04-11,34.378
2018-04-12,32.945
2018-04-13,33.808
2018-04-16,37.749
2018-04-17,38.71
2018-04-18,40.436
2018-04-19,40.247
2018-04-20,39.028
2018-04-23,39.972
2018-04-24,40.774
2018-04-25,37.085
2018-04-26,39.57
2018-04-27,42.541
2018-05-02,37.842
2018-05-03,37.002
2018-05-04,36.004
2018-05-07,35.584
2018-05-08,36.258
2018-05-09,33.308
2018-05-10,33.47
2018-05-11,35.17
2018-05-14,39.313
2018-05-15,36.635
2018-05-16,35.288
2018-05-17,35.416
2018-05-18,35.11
2018-05-21,34.401
2018-05-22,33.844
2018-05-23,34.768
2018-05-24,34.936
2018-05-25,33.144
2018-05-28,34.075
2018-05-29,35.875
2018-05-30,34.46
2018-05-31,39.65
2018-06-01,36.444
2018-06-04,41.402
2018-06-05,40.261
2018-06-06,38.208
2018-06-07,38.96
2018-06-08,37.338
2018-06-11,40.29
2018-06-12,40.34
2018-06-13,41.131
2018-06-14,41.065
2018-06-15,37.058
2018-06-19,42.33
2018-06-20,38.616
2018-06-21,39.414
2018-06-22,40.354
2018-06-25,43.181
2018-06-26,41.885
2018-06-27,43.181
2018-06-28,41.952
2018-06-29,37.903
2018-07-02,39.442
2018-07-03,42.264
2018-07-04,39.412
2018-07-05,39.976
2018-07-06,40.437
2018-07-09,40.667
2018-07-10,38.991
2018-07-11,37.731
2018-07-12,39.665
2018-07-13,40.189
2018-07-16,40.287
2018-07-17,40.409
2018-07-18,38.91
2018-07-19,39.313
2018-07-20,43.526
2018-07-23,41.641
2018-07-24,41.281
2018-07-25,38.117
2018-07-26,36.453
2018-07-27,35.078
2018-07-30,36.586
2018-07-31,39.184
2018-08-01,39.481
2018-08-02,38.223
2018-08-03,41.307
2018-08-06,40.715
2018-08-07,41.148
2018-08-08,38.886
2018-08-09,38.746
2018-08-10,38.271
2018-08-13,40.232
2018-08-14,39.479
2018-08-15,39.344
2018-08-16,41.209
2018-08-17,41.053
2018-08-20,41.723
2018-08-21,43.388
2018-08-22,39.647
2018-08-23,42.315
2018-08-24,41.811
2018-08-27,42.113
2018-08-28,41.143
2018-08-29,40.695
2018-08-30,40.389
2018-08-31,43.632
2018-09-03,40.357
2018-09-04,40.836
2018-09-05,40.393
2018-09-06,42.81
2018-09-07,42.421
2018-09-10,41.107
2018-09-11,40.591
2018-09-12,41.497
2018-09-13,43.427
2018-09-14,41.114
2018-09-17,38.052
2018-09-18,40.833
2018-09-19,40.507
2018-09-20,38.912
2018-09-21,42.896
2018-09-25,41.763
2018-09-26,43.577
2018-09-27,39.672
2018-09-28,42.792
2018-10-08,43.844
2018-10-09,42.265
2018-10-10,42.505
2018-10-11,38.31
2018-10-12,38.498
2018-10-15,40.204
2018-10-16,39.295
2018-10-17,41.166
2018-10-18,40.846
2018-10-19,44.36
2018-10-22,43.738
2018-10-23,44.329
2018-10-24,46.362
2018-10-25,43.812
2018-10-26,42.622
2018-10-29,45.619
2018-10-30,45.885
2018-10-31,40.789
2018-11-01,40.798
2018-11-02,42.149
2018-11-05,36.805
2018-11-06,36.831
2018-11-07,37.735
2018-11-08,36.475
2018-11-09,39.331
2018-11-12,35.108
2018-11-13,32.335
2018-11-14,31.929
2018-11-15,30.687
2018-11-16,33.392
2018-11-19,33.99
2018-11-20,33.569
2018-11-21,34.348
2018-11-22,33.219
2018-11-23,31.994
2018-11-26,34.359
2018-11-27,35.223
2018-11-28,34.241
2018-11-29,34.638
2018-11-30,35.033
2018-12-03,37.392
2018-12-04,34.01
2018-12-05,34.814
2018-12-06,37.527
2018-12-07,35.338
2018-12-10,35.519
2018-12-11,34.136
2018-12-12,34.431
2018-12-13,36.824
2018-12-14,34.6
2018-12-17,34.948
2018-12-18,35.017
2018-12-19,37.605
2018-12-20,39.7
2018-12-21,40.478
2018-12-24,36.452
2018-12-25,34.642
2018-12-26,36.309
2018-12-27,37.153
2018-12-28,38.683
2019-01-02,40.703
2019-01-03,38.747
2019-01-04,39.104
2019-01-07,36.389
2019-01-08,36.867
2019-01-09,37.432
2019-01-10,39.043
2019-01-11,36.778
2019-01-14,37.043
2019-01-15,39.309
2019-01-16,37.159
2019-01-17,37.432
2019-01-18,40.197
2019-01-21,39.57
2019-01-22,36.912
2019-01-23,36.199
2019-01-24,38.154
2019-01-25,38.924
2019-01-28,38.872
2019-01-29,35.739
2019-01-30,38.559
2019-01-31,38.402
2019-02-01,39.876
2019-02-11,39.594
2019-02-12,37.603
2019-02-13,37.824
2019-02-14,38.194
2019-02-15,39.577
2019-02-18,36.375
2019-02-19,35.111
2019-02-20,35.943
2019-02-21,36.052
2019-02-22,38.902
2019-02-25,36.536
2019-02-26,37.32
2019-02-27,37.803
2019-02-28,36.198
2019-03-01,40.028
2019-03-04,37.171
2019-03-05,33.864
2019-03-06,34.142
2019-03-07,33.688
2019-03-08,35.457
2019-03-11,35.179
2019-03-12,32.525
2019-03-13,33.817
2019-03-14,33.906
2019-03-15,34.92
2019-03-18,35.629
2019-03-19,33.056
2019-03-20,33.145
2019-03-21,33.563
2019-03-22,32.442
2019-03-25,32.698
2019-03-26,32.032
2019-03-27,34.087
2019-03-28,34.913
2019-03-29,37.597
2019-04-01,34.255
2019-04-02,33.495
2019-04-03,34.815
2019-04-04,33.657
2019-04-08,32.714
2019-04-09,33.786
2019-04-10,35.914
2019-04-11,33.428
2019-04-12,33.858
2019-04-15,34.967
2019-04-16,36.355
2019-04-17,35.042
2019-04-18,35.297
2019-04-19,36.229
2019-04-22,37.229
2019-04-23,36.216
2019-04-24,37.607
2019-04-25,35.049
2019-04-26,36.448
2019-04-29,36.095
2019-04-30,37.714
2019-05-06,38.783
2019-05-07,38.892
2019-05-08,37.352
2019-05-09,39.769
2019-05-10,38.455
2019-05-13,37.931
2019-05-14,39.794
2019-05-15,39.658
2019-05-16,37.017
2019-05-17,36.834
2019-05-20,39.184
2019-05-21,39.972
2019-05-22,41.695
2019-05-23,41.066
2019-05-24,40.521
2019-05-27,39.586
2019-05-28,40.748
2019-05-29,41.672
2019-05-30,39.422
2019-05-31,38.923
2019-06-03,38.668
2019-06-04,39.992
2019-06-05,40.149
2019-06-06,38.176
2019-06-10,41.377
2019-06-11,40.323
2019-06-12,41.696
2019-06-13,39.386
2019-06-14,37.117
2019-06-17,38.882
2019-06-18,39.317
2019-06-19,39.794
2019-06-20,41.636
2019-06-21,37.295
2019-06-24,38.945
2019-06-25,41.23
2019-06-26,37.794
2019-06-27,39.325
2019-06-28,36.753
2019-07-01,39.698
2019-07-02,38.007
2019-07-03,39.628
2019-07-04,38.314
2019-07-05,38.52
2019-07-08,37.282
2019-07-09,40.72
2019-07-10,38.94
2019-07-11,39.743
2019-07-12,39.766
2019-07-15,39.057
2019-07-16,38.639
2019-07-17,40.742
2019-07-18,40.003
2019-07-19,40.904
2019-07-22,43.226
2019-07-23,42.538
2019-07-24,41.637
2019-07-25,44.72
2019-07-26,41.718
2019-07-29,42.306
2019-07-30,41.152
2019-07-31,41.912
2019-08-01,42.646
2019-08-02,43.874
2019-08-05,44.54
2019-08-06,42.189
2019-08-07,43.519
2019-08-08,45.532
2019-08-09,43.841
2019-08-12,45.577
2019-08-13,44.219
2019-08-14,43.917
2019-08-15,41.816
2019-08-16,42.804
2019-08-19,41.312
2019-08-20,38.105
2019-08-21,39.416
2019-08-22,39.209
2019-08-23,39.993
2019-08-26,39.989
2019-08-27,39.384
2019-08-28,37.956
2019-08-29,39.412
2019-08-30,40.284
2019-09-02,38.535
2019-09-03,39.886
2019-09-04,39.056
2019-09-05,38.108
2019-09-06,39.928
2019-09-09,38.305
2019-09-10,37.583
2019-09-11,38.77
2019-09-12,37.825
2019-09-16,36.212
2019-09-17,35.706
2019-09-18,38.276
2019-09-19,37.838
2019-09-20,38.488
2019-09-23,38.842
2019-09-24,39.993
2019-09-25,38.839
2019-09-26,38.342
2019-09-27,39.28
2019-09-30,40.159
2019-10-08,40.906
2019-10-09,40.869
2019-10-10,41.372
2019-10-11,40.778
2019-10-14,38.971
2019-10-15,36.659
2019-10-16,39.05
2019-10-17,38.415
2019-10-18,37.373
2019-10-21,37.812
2019-10-22,38.791
2019-10-23,39.033
2019-10-24,39.609
2019-10-25,42.418
2019-10-28,39.126
2019-10-29,40.876
2019-10-30,41.239
2019-10-31,42.138
2019-11-01,43.362
2019-11-04,42.729
2019-11-05,42.815
2019-11-06,41.758
2019-11-07,40.151
2019-11-08,40.933
2019-11-11,38.245
2019-11-12,40.426
2019-11-13,42.575
2019-11-14,42.522
2019-11-15,41.678
2019-11-18,42.203
2019-11-19,40.018
2019-11-20,40.711
2019-11-21,40.764
2019-11-22,42.737
2019-11-25,41.408
2019-11-26,42.866
2019-11-27,43.036
2019-11-28,41.589
2019-11-29,44.811
2019-12-02,42.587
2019-12-03,42.237
2019-12-04,43.293
2019-12-05,43.198
2019-12-06,42.084
2019-12-09,42.053
2019-12-10,42.025
2019-12-11,41.286
2019-12-12,39.922
2019-12-13,43.164
2019-12-16,41.211
2019-12-17,39.899
2019-12-18,39.016
2019-12-19,38.01
2019-12-20,37.415
2019-12-23,37.782
2019-12-24,38.556
2019-12-25,39.712
2019-12-26,38.148
2019-12-27,38.718
2019-12-30,40.084
2019-12-31,37.443
2020-01-02,39.413
2020-01-03,37.228
2020-01-06,35.986
2020-01-07,34.183
2020-01-08,34.288
2020-01-09,36.368
2020-01-10,35.907
2020-01-13,38.196
2020-01-14,36.346
2020-01-15,36.851
2020-01-16,39.01
2020-01-17,39.111
2020-01-20,39.034
2020-01-21,37.46
2020-01-22,40.456
2020-01-23,40.144
2020-02-03,56.083
2020-02-04,39.289
2020-02-05,39.818
2020-02-06,39.241
2020-02-07,39.865
2020-02-10,38.889
2020-02-11,39.454
2020-02-12,40.215
2020-02-13,41.094
2020-02-14,42.415
2020-02-17,38.154
2020-02-18,36.954
2020-02-19,38.265
2020-02-20,39.152
2020-02-21,39.041
2020-02-24,37.875
2020-02-25,38.694
2020-02-26,38.659
2020-02-27,39.36
2020-02-28,38.857
2020-03-02,40.052
2020-03-03,37.808
2020-03-04,38.502
2020-03-05,37.635
2020-03-06,35.428
2020-03-09,35.945
2020-03-10,37.498
2020-03-11,36.52
2020-03-12,38.256
2020-03-13,38.977
2020-03-16,39.087
2020-03-17,39.949
2020-03-18,40.942
2020-03-19,42.461
2020-03-20,40.62
2020-03-23,38.661
2020-03-24,39.605
2020-03-25,39.11
2020-03-26,38.235
2020-03-27,39.11
2020-03-30,38.534
2020-03-31,39.399
2020-04-01,41.62
2020-04-02,42.647
2020-04-03,41.414
2020-04-07,39.284
2020-04-08,38.702
2020-04-09,37.199
2020-04-10,36.914
2020-04-13,37.98
2020-04-14,41.163
2020-04-15,39.672
2020-04-16,39.183
2020-04-17,41.364
2020-04-20,39.671
2020-04-21,39.551
2020-04-22,37.756
2020-04-23,37.207
2020-04-24,36.577
2020-04-27,37.836
2020-04-28,38.215
2020-04-29,38.736
2020-04-30,40.263
2020-05-06,40.99
2020-05-07,38.897
2020-05-08,39.747
2020-05-11,39.711
2020-05-12,39.158
2020-05-13,38.902
2020-05-14,39.218
2020-05-15,41.607
2020-05-18,42.386
2020-05-19,41.625
2020-05-20,40.005
2020-05-21,38.972
2020-05-22,38.309
2020-05-25,38.613
2020-05-26,37.933
2020-05-27,37.383
2020-05-28,37.975
2020-05-29,37.44
2020-06-01,37.433
2020-06-02,39.03
2020-06-03,39.915
2020-06-04,37.531
2020-06-05,37.802
2020-06-08,39.353
2020-06-09,39.453
2020-06-10,39.814
2020-06-11,39.786
2020-06-12,39.59
2020-06-15,38.996
2020-06-16,38.875
2020-06-17,37.204
2020-06-18,40.613
2020-06-19,41.901
2020-06-22,41.856
2020-06-23,41.098
2020-06-24,41.064
2020-06-29,40.672
2020-06-30,40.546
2020-07-01,41.433
2020-07-02,41.503
2020-07-03,42.482
2020-07-06,39.502
2020-07-07,39.338
2020-07-08,39.849
2020-07-09,37.157
2020-07-10,38.033
2020-07-13,37.93
2020-07-14,36.967
2020-07-15,37.918
2020-07-16,41.727
2020-07-17,41.091
2020-07-20,39.946
2020-07-21,38.924
2020-07-22,38.897
2020-07-23,38.878
2020-07-24,38.939
2020-07-27,39.94
2020-07-28,40.222
2020-07-29,40.69
2020-07-30,39.485
2020-07-31,40.24
2020-08-03,37.567
2020-08-04,38.204
2020-08-05,37.573
2020-08-06,39.599
2020-08-07,40.528
2020-08-10,40.41
2020-08-11,37.081
2020-08-12,38.587
2020-08-13,38.054
2020-08-14,38.577
2020-08-17,40.422
2020-08-18,37.405
2020-08-19,37.257
2020-08-20,36.727
2020-08-21,37.304
2020-08-24,37.998
2020-08-25,35.994
2020-08-26,35.505
2020-08-27,35.106
2020-08-28,38.028
2020-08-31,38.006
2020-09-01,36.817
2020-09-02,35.45
2020-09-03,35.602
2020-09-04,35.582
2020-09-07,35.778
2020-09-08,35.609
2020-09-09,33.08
2020-09-10,32.301
2020-09-11,36.655
2020-09-14,36.866
2020-09-15,37.494
2020-09-16,38.127
2020-09-17,39.265
2020-09-18,39.888
2020-09-21,37.974
2020-09-22,38.29
2020-09-23,40.261
2020-09-24,37.521
2020-09-25,39.038
2020-09-28,39.044
2020-09-29,38.824
2020-09-30,39.35
2020-10-09,40.429
2020-10-12,39.35
2020-10-13,39.592
2020-10-14,38.329
2020-10-15,39.331
2020-10-16,38.688
2020-10-19,38.766
2020-10-20,38.289
2020-10-21,38.281
2020-10-22,39.348
2020-10-23,38.299
2020-10-26,39.888
2020-10-27,38.651
2020-10-28,39.818
2020-10-29,40.945
2020-10-30,39.638
2020-11-02,41.027
2020-11-03,39.693
2020-11-04,40.404
2020-11-05,40.408
2020-11-06,42.9
2020-11-09,41.485
2020-11-10,42.495
2020-11-11,43.127
2020-11-12,41.877
2020-11-13,44.195
2020-11-16,41.358
2020-11-17,41.769
2020-11-18,42.509
2020-11-19,39.969
2020-11-20,39.385
2020-11-23,40.71
2020-11-24,41.132
2020-11-25,39.247
2020-11-26,40.472
2020-11-27,41.001
2020-11-30,45.532
2020-12-01,42.682
2020-12-02,41.745
2020-12-03,41.11
2020-12-04,43.133
2020-12-07,42.55
2020-12-08,42.677
2020-12-09,41.256
2020-12-10,41.485
2020-12-11,40.268
2020-12-14,42.967
2020-12-15,45.964
2020-12-16,43.869
2020-12-17,43.809
2020-12-18,44.159
2020-12-21,44.947
2020-12-22,43.991
2020-12-23,45.765
2020-12-24,41.678
2020-12-25,42.913
2020-12-28,42.806
2020-12-29,43.976
2020-12-30,47.27
2020-12-31,47.09
2021-01-04,46.509
2021-01-05,47.697
2021-01-06,46.845
2021-01-07,46.358
2021-01-08,49.851
2021-01-11,51.14
2021-01-12,52.441
2021-01-13,51.893
2021-01-14,51.587
2021-01-15,52.194
2021-01-18,49.548
2021-01-19,48.187
2021-01-20,48.691
2021-01-21,49.141
2021-01-22,49.607
2021-01-25,52.029
2021-01-26,50.549
2021-01-27,50.67
2021-01-28,49.783
2021-01-29,49.771
2021-02-01,48.364
2021-02-02,50.517
2021-02-03,51.326
2021-02-04,50.514
2021-02-05,52.671
2021-02-08,53.654
2021-02-09,53.058
2021-02-10,55.517
2021-02-18,53.608
2021-02-19,50.428
2021-02-22,48.391
2021-02-23,49.179
2021-02-24,51.484
2021-02-25,49.699
2021-02-26,49.827
2021-03-01,47.576
2021-03-02,48.731
2021-03-03,46.992
2021-03-04,48.24
2021-03-05,46.239
2021-03-08,46.418
2021-03-09,46.829
2021-03-10,47.568
2021-03-11,49.395
2021-03-12,47.325
2021-03-15,48.239
2021-03-16,45.302
2021-03-17,45.614
2021-03-18,44.323
2021-03-19,44.784
2021-03-22,42.521
2021-03-23,41.57
2021-03-24,43.114
2021-03-25,42.999
2021-03-26,45.685
2021-03-29,44.153
2021-03-30,43.732
2021-03-31,43.469
2021-04-01,42.264
2021-04-02,43.924
2021-04-06,42.127
2021-04-07,42.315
2021-04-08,41.143
2021-04-09,42.461
2021-04-12,43.213
2021-04-13,42.744
2021-04-14,44.485
2021-04-15,43.705
2021-04-16,40.357
2021-04-19,43.571
2021-04-20,43.582
2021-04-21,44.225
2021-04-22,43.326
2021-04-23,45.455
2021-04-26,45.803
2021-04-27,43.807
2021-04-28,45.904
2021-04-29,45.91
2021-04-30,46.647
2021-05-06,48.284
2021-05-07,46.838
2021-05-10,45.646
2021-05-11,46.132
2021-05-12,42.88
2021-05-13,43.036
2021-05-14,44.554
2021-05-17,45.004
2021-05-18,43.296
2021-05-19,45.469
2021-05-20,44.908
2021-05-21,46.703
2021-05-24,46.428
2021-05-25,49.029
2021-05-26,45.298
2021-05-27,43.689
2021-05-28,45.097
2021-05-31,44.785
2021-06-01,42.634
2021-06-02,41.712
2021-06-03,43.184
2021-06-04,44.277
2021-06-07,43.961
2021-06-08,44.695
2021-06-09,42.364
2021-06-10,43.306
2021-06-11,44.597
2021-06-15,44.623
2021-06-16,45.784
2021-06-17,46.063
2021-06-18,47.369
2021-06-21,44.456
2021-06-22,43.168
2021-06-23,45.218
2021-06-24,44.418
2021-06-25,46.483
2021-06-28,45.046
2021-06-29,45.227
2021-06-30,44.759
2021-07-01,44.435
2021-07-02,46.556
2021-07-05,47.083
2021-07-06,47.949
2021-07-07,48.048
2021-07-08,46.879
2021-07-09,47.129
2021-07-12,47.015
2021-07-13,45.344
2021-07-14,46.034
2021-07-15,46.385
2021-07-16,46.602
2021-07-19,45.323
2021-07-20,43.989
2021-07-21,47.073
2021-07-22,46.473
2021-07-23,44.986
2021-07-26,46.722
2021-07-27,48.155
2021-07-28,46.382
2021-07-29,47.707
2021-07-30,46.99
2021-08-02,47.618
2021-08-03,45.46
2021-08-04,47.229
2021-08-05,45.975
2021-08-06,47.098
2021-08-09,46.23
2021-08-10,46.58
2021-08-11,43.04
2021-08-12,44.127
2021-08-13,44.578
2021-08-16,43.311
2021-08-17,42.277
2021-08-18,45.006
2021-08-19,46.662
2021-08-20,47.933
2021-08-23,44.977
2021-08-24,45.075
2021-08-25,43.927
2021-08-26,41.87
2021-08-27,44.18
2021-08-30,45.873
2021-08-31,44.885
2021-09-01,46.266
2021-09-02,44.406
2021-09-03,43.741
2021-09-06,44.651
2021-09-07,42.885
2021-09-08,41.438
2021-09-09,41.016
2021-09-10,43.722
2021-09-13,44.008
2021-09-14,43.537
2021-09-15,44.177
2021-09-16,42.822
2021-09-17,43.699
2021-09-22,43.121
2021-09-23,42.323
2021-09-24,43.001
2021-09-27,43.334
2021-09-28,44.546
2021-09-29,44.224
2021-09-30,45.747
2021-10-08,44.899
2021-10-11,43.181
2021-10-12,42.628
2021-10-13,44.889
2021-10-14,43.295
2021-10-15,45.634
2021-10-18,46.906
2021-10-19,44.37
2021-10-20,45.033
2021-10-21,44.003
2021-10-22,44.622
2021-10-25,45.188
2021-10-26,45.551
2021-10-27,44.502
2021-10-28,45.618
2021-10-29,47.32
2021-11-01,45.744
2021-11-02,42.88
2021-11-03,44.576
2021-11-04,43.403
2021-11-05,42.2
2021-11-08,44.248
2021-11-09,42.672
2021-11-10,43.048
2021-11-11,41.416
2021-11-12,38.436
2021-11-15,37.536
2021-11-16,37.571
2021-11-17,38.071
2021-11-18,38.575
2021-11-19,39.188
2021-11-22,40.738
2021-11-23,39.556
2021-11-24,39.676
2021-11-25,37.711
2021-11-26,38.028
2021-11-29,39.178
2021-11-30,37.045
2021-12-01,37.227
2021-12-02,37.191
2021-12-03,40.055
2021-12-06,39.405
2021-12-07,40.412
2021-12-08,41.301
2021-12-09,41.722
2021-12-10,41.416
2021-12-13,41.978
2021-12-14,37.585
2021-12-15,37.286
2021-12-16,37.436
2021-12-17,36.766
2021-12-20,37.597
2021-12-21,35.076
2021-12-22,34.559
2021-12-23,36.873
2021-12-24,37.909
2021-12-27,37.016
2021-12-28,38.723
2021-12-29,38.057
2021-12-30,36.413
2021-12-31,37.115
2022-01-04,35.808
2022-01-05,36.965
2022-01-06,37.377
2022-01-07,35.597
2022-01-10,36.528
2022-01-11,35.772
2022-01-12,37.229
2022-01-13,35.975
2022-01-14,35.297
2022-01-17,34.723
2022-01-18,35.322
2022-01-19,36.438
2022-01-20,37.083
2022-01-21,37.825
2022-01-24,38.868
2022-01-25,35.108
2022-01-26,38.746
2022-01-27,39.143
2022-01-28,40.528
2022-02-07,39.234
2022-02-08,40.13
2022-02-09,38.36
2022-02-10,40.863
2022-02-11,40.697
2022-02-14,40.874
2022-02-15,41.225
2022-02-16,38.754
2022-02-17,39.798
2022-02-18,38.549
2022-02-21,37.398
2022-02-22,39.293
2022-02-23,38.801
2022-02-24,36.191
2022-02-25,38.916
2022-02-28,38.987
2022-03-01,40.785
2022-03-02,38.625
2022-03-03,37.421
2022-03-04,37.739
2022-03-07,39.405
2022-03-08,39.519
2022-03-09,38.626
2022-03-10,40.246
2022-03-11,39.79
2022-03-14,40.525
2022-03-15,40.146
2022-03-16,42.062
2022-03-17,42.179
2022-03-18,40.886
2022-03-21,38.789
2022-03-22,39.119
2022-03-23,38.594
2022-03-24,39.658
2022-03-25,39.487
2022-03-28,39.017
2022-03-29,39.485
2022-03-30,40.968
2022-03-31,39.327
2022-04-01,39.303
2022-04-06,37.453
2022-04-07,36.784
2022-04-08,37.946
2022-04-11,38.705
2022-04-12,38.12
2022-04-13,38.468
2022-04-14,40.887
2022-04-15,39.615
2022-04-18,39.289
2022-04-19,39.198
2022-04-20,37.89
2022-04-21,37.419
2022-04-22,37.206
2022-04-25,37.871
2022-04-26,38.423
2022-04-27,39.926
2022-04-28,42.117
2022-04-29,41.551
2022-05-05,40.526
2022-05-06,39.325
2022-05-09,39.34
2022-05-10,39.356
2022-05-11,40.397
2022-05-12,39.798
2022-05-13,39.703
2022-05-16,38.962
2022-05-17,40.905
2022-05-18,38.887
2022-05-19,39.662
2022-05-20,41.516
2022-05-23,39.784
2022-05-24,37.512
2022-05-25,39.016
2022-05-26,38.271
2022-05-27,38.833
2022-05-30,38.118
2022-05-31,38.49
2022-06-01,36.842
2022-06-02,36.809
2022-06-06,39.579
2022-06-07,39.012
2022-06-08,41.058
2022-06-09,40.301
2022-06-10,41.021
2022-06-13,41.405
2022-06-14,40.636
2022-06-15,42.966
2022-06-16,40.188
2022-06-17,41.737
2022-06-20,41.166
2022-06-21,38.837
2022-06-22,39.313
2022-06-23,40.336
2022-06-24,40.122
2022-06-27,40.281
2022-06-28,39.191
2022-06-29,39.26
2022-06-30,40.748
2022-07-01,41.543
2022-07-04,41.551
2022-07-05,41.406
2022-07-06,42.02
2022-07-07,43.374
2022-07-08,41.914
2022-07-11,41.635
2022-07-12,41.838
2022-07-13,42.47
2022-07-14,41.418
2022-07-15,39.546
2022-07-18,38.842
2022-07-19,36.953
2022-07-20,35.378
2022-07-21,37.591
2022-07-22,37.197
2022-07-25,36.94
2022-07-26,38.316
2022-07-27,37.8
2022-07-28,36.637
2022-07-29,36.563
2022-08-01,37.448
2022-08-02,34.411
2022-08-03,36.539
2022-08-04,37.307
2022-08-05,37.728
2022-08-08,37.584
2022-08-09,37.755
2022-08-10,37.711
2022-08-11,36.597
2022-08-12,34.836
2022-08-15,37.591
2022-08-16,36.249
2022-08-17,37.454
2022-08-18,35.829
2022-08-19,36.43
2022-08-22,38.164
2022-08-23,37.426
2022-08-24,34.989
2022-08-25,37.041
2022-08-26,37.536
2022-08-29,35.985
2022-08-30,36.112
2022-08-31,38.604
2022-09-01,36.447
2022-09-02,35.233
2022-09-05,36.356
2022-09-06,38.194
2022-09-07,36.606
2022-09-08,35.456
2022-09-09,38.918
2022-09-13,37.547
2022-09-14,35.974
2022-09-15,36.835
2022-09-16,37.423
2022-09-19,36.483
2022-09-20,39.151
2022-09-21,37.835
2022-09-22,38.773
2022-09-23,36.624
2022-09-26,38.51
2022-09-27,38.152
2022-09-28,36.886
2022-09-29,37.5
2022-09-30,38.728
2022-10-10,39.692
2022-10-11,39.666
2022-10-12,39.631
2022-10-13,37.264
2022-10-14,39.466
2022-10-17,37.186
2022-10-18,35.379
2022-10-19,37.41
2022-10-20,36.673
2022-10-21,36.325
2022-10-24,37.65
2022-10-25,36.604
2022-10-26,35.73
2022-10-27,37.844
2022-10-28,35.639
2022-10-31,37.074
2022-11-01,39.245
2022-11-02,37.743
2022-11-03,37.166
2022-11-04,38.652
2022-11-07,36.875
2022-11-08,36.415
2022-11-09,35.392
2022-11-10,34.4
2022-11-11,37.648
2022-11-14,38.17
2022-11-15,36.946
2022-11-16,35.491
2022-11-17,36.745
2022-11-18,35.308
2022-11-21,35.216
2022-11-22,34.795
2022-11-23,34.792
2022-11-24,36.579
2022-11-25,36.898
2022-11-28,36.681
2022-11-29,38.793
2022-11-30,38.019
2022-12-01,38.157
2022-12-02,35.097
2022-12-05,36.331
2022-12-06,37.8
2022-12-07,37.776
2022-12-08,35.605
2022-12-09,37.158
2022-12-12,35.091
2022-12-13,35.517
2022-12-14,37.57
2022-12-15,37.425
2022-12-16,35.898
2022-12-19,37.307
2022-12-20,40.099
2022-12-21,38.218
2022-12-22,39.073
2022-12-23,39.167
2022-12-26,38.866
2022-12-27,38.463
2022-12-28,39.645
2022-12-29,38.312
2022-12-30,38.167
2023-01-03,35.729
2023-01-04,36.802
2023-01-05,40.391
2023-01-06,38.63
2023-01-09,39.305
2023-01-10,40.512
2023-01-11,39.374
2023-01-12,39.853
2023-01-13,40.445
2023-01-16,41.492
2023-01-17,39.202
2023-01-18,37.462
2023-01-19,38.16
2023-01-20,39.225
2023-01-30,38.089
2023-01-31,36.837
2023-02-01,35.281
2023-02-02,34.424
2023-02-03,34.401
2023-02-06,35.943
2023-02-07,33.701
2023-02-08,33.918
2023-02-09,34.504
2023-02-10,33.506
2023-02-13,34.33
2023-02-14,34.119
2023-02-15,35.089
2023-02-16,33.777
2023-02-17,36.27
2023-02-20,37.77
2023-02-21,37.058
2023-02-22,36.739
2023-02-23,36.437
2023-02-24,38.244
2023-02-27,35.855
2023-02-28,36.769
2023-03-01,39.606
2023-03-02,37.574
2023-03-03,38.089
2023-03-06,38.556
2023-03-07,37.732
2023-03-08,38.217
2023-03-09,38.092
2023-03-10,37.285
2023-03-13,38.813
2023-03-14,39.679
2023-03-15,38.473
2023-03-16,39.837
2023-03-17,41.506
2023-03-20,41.16
2023-03-21,39.465
2023-03-22,40.362
2023-03-23,43.095
2023-03-24,41.987
2023-03-27,42.73
2023-03-28,41.1
2023-03-29,42.774
2023-03-30,43.329
2023-03-31,43.527
2023-04-03,44.865
2023-04-04,44.735
2023-04-06,45.376
2023-04-07,43.004
2023-04-10,43.522
2023-04-11,44.79
2023-04-12,43.847
2023-04-13,41.596
2023-04-14,42.079
2023-04-17,40.407
2023-04-18,43.265
2023-04-19,43.324
2023-04-20,44.483
2023-04-21,42.414
2023-04-24,43.63
2023-04-25,42.633
2023-04-26,44.487
2023-04-27,43.286
2023-04-28,42.326
2023-05-04,41.581
2023-05-05,42.929
2023-05-08,44.477
2023-05-09,45.147
2023-05-10,45.732
2023-05-11,42.694
2023-05-12,41.625
2023-05-15,43.147
2023-05-16,41.931
2023-05-17,40.991
2023-05-18,42.432
2023-05-19,41.214
2023-05-22,38.434
2023-05-23,38.414
2023-05-24,41.101
2023-05-25,41.352
2023-05-26,42.083
2023-05-29,42.222
2023-05-30,43.894
2023-05-31,43.655
2023-06-01,42.364
2023-06-02,40.509
2023-06-05,40.343
2023-06-06,39.936
2023-06-07,41.454
2023-06-08,40.48
2023-06-09,42.077
2023-06-12,40.014
2023-06-13,43.342
2023-06-14,43.75
2023-06-15,42.949
2023-06-16,43.136
2023-06-19,43.51
2023-06-20,45.348
2023-06-21,43.283
2023-06-26,41.528
2023-06-27,39.628
2023-06-28,40.935
2023-06-29,40.26
2023-06-30,38.626
2023-07-03,39.201
2023-07-04,39.19
2023-07-05,38.317
2023-07-06,40.259
2023-07-07,39.799
2023-07-10,38.168
2023-07-11,38.905
2023-07-12,39.963
2023-07-13,39.957
2023-07-14,41.036
2023-07-17,39.051
2023-07-18,38.133
2023-07-19,37.962
2023-07-20,38.61
2023-07-21,37.725
2023-07-24,38.021
2023-07-25,41.725
2023-07-26,38.182
2023-07-27,37.03
2023-07-28,42.575
2023-07-31,41.418
2023-08-01,40.309
2023-08-02,39.952
2023-08-03,42.514
2023-08-04,46.126
2023-08-07,42.366
2023-08-08,41.31
2023-08-09,40.405
2023-08-10,42.28
2023-08-11,39.98
2023-08-14,40.154
2023-08-15,40.214
2023-08-16,41.683
2023-08-17,39.326
2023-08-18,37.481
2023-08-21,38.821
2023-08-22,39.465
2023-08-23,39.739
2023-08-24,40.652
2023-08-25,37.455
2023-08-28,40.141
2023-08-29,37.227
2023-08-30,37.363
2023-08-31,36.877
2023-09-01,37.241
2023-09-04,37.532
2023-09-05,37.841
2023-09-06,37.303
2023-09-07,37.444
2023-09-08,38.578
2023-09-11,38.146
2023-09-12,39.261
2023-09-13,36.949
2023-09-14,39.308
2023-09-15,38.295
2023-09-18,37.332
2023-09-19,37.326
2023-09-20,37.989
2023-09-21,39.615
2023-09-22,42.503
2023-09-25,40.66
2023-09-26,43.03
2023-09-27,40.216
2023-09-28,39.757
2023-10-09,38.942
2023-10-10,40.542
2023-10-11,40.609
2023-10-12,42.347
2023-10-13,41.796
2023-10-16,40.624
2023-10-17,41.279
2023-10-18,44.077
2023-10-19,45.114
2023-10-20,42.938
2023-10-23,40.556
2023-10-24,41.965
2023-10-25,41.486
2023-10-26,41.69
2023-10-27,38.077
2023-10-30,37.727
2023-10-31,38.702
2023-11-01,39.208
2023-11-02,38.832
2023-11-03,37.473
2023-11-06,37.855
2023-11-07,40.061
2023-11-08,39.792
2023-11-09,41.026
2023-11-10,40.661
2023-11-13,37.653
2023-11-14,38.588
2023-11-15,37.908
2023-11-16,37.921
2023-11-17,37.706
2023-11-20,35.026
2023-11-21,35.534
2023-11-22,36.848
2023-11-23,37.146
2023-11-24,36.099
2023-11-27,35.724
2023-11-28,36.069
2023-11-29,36.15
2023-11-30,35.836
2023-12-01,38.174
2023-12-04,37.305
2023-12-05,36.906
2023-12-06,38.116
2023-12-07,38.142
2023-12-08,38.622
2023-12-11,36.823
2023-12-12,37.997
2023-12-13,36.996
2023-12-14,37.153
2023-12-15,37.579
2023-12-18,35.74
2023-12-19,37.169
2023-12-20,37.028
2023-12-21,37.341
2023-12-22,36.816
2023-12-25,36.462
2023-12-26,37.05
2023-12-27,38.549
2023-12-28,38.148
2023-12-29,36.298
2024-01-02,35.211
2024-01-03,35.031
2024-01-04,37.043
2024-01-05,34.844
2024-01-08,35.121
2024-01-09,35.979
2024-01-10,36.704
2024-01-11,37.309
2024-01-12,35.459
2024-01-15,34.659
2024-01-16,35.817
2024-01-17,37.439
2024-01-18,37.67
2024-01-19,40.181
2024-01-22,36.204
2024-01-23,37.945
2024-01-24,37.709
2024-01-25,38.396
2024-01-26,38.121
2024-01-29,38.966
2024-01-30,37.549
2024-01-31,35.15
2024-02-01,36.398
2024-02-02,35.065
2024-02-05,35.907
2024-02-06,34.436
2024-02-07,33.61
2024-02-08,30.722
2024-02-19,34.664
2024-02-20,38.632
2024-02-21,37.982
2024-02-22,38.226
2024-02-23,36.749
2024-02-26,34.383
2024-02-27,37.899
2024-02-28,34.739
2024-02-29,37.359
2024-03-01,39.975
2024-03-04,40.871
2024-03-05,42.901
2024-03-06,40.183
2024-03-07,38.381
2024-03-08,40.495
2024-03-11,41.048
2024-03-12,40.392
2024-03-13,39.136
2024-03-14,39.554
2024-03-15,39.933
2024-03-18,38.779
2024-03-19,38.594
2024-03-20,37.848
2024-03-21,37.123
2024-03-22,37.887
2024-03-25,37.757
2024-03-26,39.249
2024-03-27,37.576
2024-03-28,39.013
2024-03-29,37.723
2024-04-01,37.368
2024-04-02,36.242
2024-04-03,36.919
2024-04-08,37.437
2024-04-09,37.1
2024-04-10,36.273
2024-04-11,37.7
2024-04-12,38.151
2024-04-15,34.911
2024-04-16,35.303
2024-04-17,35.899
2024-04-18,38.812
2024-04-19,39.357
2024-04-22,38.356
2024-04-23,38.24
2024-04-24,38.114
2024-04-25,36.985
2024-04-26,39.499
2024-04-29,37.879
2024-04-30,36.499
2024-05-06,37.232
2024-05-07,36.234
2024-05-08,34.211
2024-05-09,35.12
2024-05-10,35.108
2024-05-13,35.456
2024-05-14,36.234
2024-05-15,37.231
2024-05-16,38.919
2024-05-17,39.216
2024-05-20,38.171
2024-05-21,37.434
2024-05-22,38.292
2024-05-23,36.506
2024-05-24,37.487
2024-05-27,36.646
2024-05-28,37.782
2024-05-29,38.16
2024-05-30,38.517
2024-05-31,36.298
2024-06-03,36.876
2024-06-04,36.431
2024-06-05,37.204
2024-06-06,36.321
2024-06-07,40.221
2024-06-11,41.457
2024-06-12,40.636
2024-06-13,40.065
2024-06-14,43.528
2024-06-17,41.664
2024-06-18,40.758
2024-06-19,40.538
2024-06-20,37.467
2024-06-21,40.694
2024-06-24,38.077
2024-06-25,40.385
2024-06-26,37.544
2024-06-27,39.224
2024-06-28,40.091
2024-07-01,39.266
2024-07-02,39.147
2024-07-03,39.225
2024-07-04,37.616
2024-07-05,41.613
2024-07-08,40.493
2024-07-09,41.396
2024-07-10,42.642
2024-07-11,41.019
2024-07-12,43.057
2024-07-15,42.196
2024-07-16,46.781
2024-07-17,45.43
2024-07-18,44.174
2024-07-19,45.393
2024-07-22,44.414
2024-07-23,41.992
2024-07-24,41.525
2024-07-25,43.641
2024-07-26,43.007
2024-07-29,41.862
2024-07-30,41.934
2024-07-31,39.932
2024-08-01,39.457
2024-08-02,40.967
2024-08-05,40.82
2024-08-06,40.762
2024-08-07,40.421
2024-08-08,38.864
2024-08-09,39.973
2024-08-12,37.165
2024-08-13,39.517
2024-08-14,39.045
2024-08-15,38.149
2024-08-16,38.458
2024-08-19,39.589
2024-08-20,38.801
2024-08-21,40.938
2024-08-22,41.0
2024-08-23,40.745
2024-08-26,40.706
2024-08-27,39.831
2024-08-28,40.227
2024-08-29,40.645
2024-08-30,40.403
2024-09-02,38.984
2024-09-03,39.195
2024-09-04,40.154
2024-09-05,39.11
2024-09-06,39.912
2024-09-09,41.738
2024-09-10,38.777
2024-09-11,42.877
2024-09-12,41.222
2024-09-13,42.445
2024-09-18,39.216
2024-09-19,39.955
2024-09-20,41.983
2024-09-23,41.631
2024-09-24,41.462
2024-09-25,39.892
2024-09-26,41.677
2024-09-27,40.966
2024-09-30,36.773
2024-10-08,35.885
2024-10-09,43.341
2024-10-10,43.724
2024-10-11,42.605
2024-10-14,44.075
2024-10-15,44.399
2024-10-16,44.704
2024-10-17,44.747
2024-10-18,44.631
2024-10-21,42.385
2024-10-22,41.476
2024-10-23,41.638
2024-10-24,43.286
2024-10-25,40.126
2024-10-28,37.46
2024-10-29,39.01
2024-10-30,41.259
2024-10-31,42.362
2024-11-01,41.938
2024-11-04,43.872
2024-11-05,42.544
2024-11-06,42.088
2024-11-07,42.351
2024-11-08,40.798
2024-11-11,40.799
2024-11-12,40.092
2024-11-13,41.946
2024-11-14,41.173
2024-11-15,42.232
2024-11-18,40.134
2024-11-19,41.819
2024-11-20,39.174
2024-11-21,40.729
2024-11-22,38.909
2024-11-25,40.215
2024-11-26,38.476
2024-11-27,38.878
2024-11-28,38.437
2024-11-29,39.284
2024-12-02,36.475
2024-12-03,37.099
2024-12-04,38.258
2024-12-05,37.9
2024-12-06,37.516
2024-12-09,36.249
2024-12-10,36.719
2024-12-11,35.907
2024-12-12,34.539
2024-12-13,36.124
2024-12-16,36.005
2024-12-17,36.514
2024-12-18,39.222
2024-12-19,40.488
2024-12-20,39.871
2024-12-23,37.823
2024-12-24,39.302
2024-12-25,39.1
2024-12-26,41.388
2024-12-27,40.606
2024-12-30,39.885
2024-12-31,39.215
2025-01-02,38.922
2025-01-03,36.745
2025-01-06,37.473
2025-01-07,40.481
2025-01-08,39.605
2025-01-09,41.908
2025-01-10,41.447
2025-01-13,40.908
2025-01-14,40.74
2025-01-15,42.026
2025-01-16,42.541
2025-01-17,41.03
2025-01-20,39.949
2025-01-21,43.031
2025-01-22,44.44
2025-01-23,42.21
2025-01-24,41.642
2025-01-27,41.528
2025-02-05,44.131
2025-02-06,43.373
2025-02-07,43.36
2025-02-10,42.137
2025-02-11,42.592
2025-02-12,43.034
2025-02-13,43.851
2025-02-14,43.813
2025-02-17,42.683
2025-02-18,41.266
2025-02-19,43.254
2025-02-20,41.005
2025-02-21,43.407
2025-02-24,41.727
2025-02-25,42.092
2025-02-26,40.02
2025-02-27,39.938
2025-02-28,38.712
2025-03-03,37.845
2025-03-04,38.906
2025-03-05,38.968
2025-03-06,39.249
2025-03-07,38.757
2025-03-10,36.935
2025-03-11,37.238
2025-03-12,36.532
2025-03-13,35.668
2025-03-14,38.204
2025-03-17,35.846
2025-03-18,36.419
2025-03-19,36.436
2025-03-20,35.472
2025-03-21,34.368
2025-03-24,32.325
2025-03-25,34.46
2025-03-26,34.801
2025-03-27,33.694
2025-03-28,32.869
2025-03-31,34.296
2025-04-01,33.572
2025-04-02,34.394
2025-04-03,35.331
2025-04-07,38.921
2025-04-08,35.666
2025-04-09,35.892
2025-04-10,36.338
2025-04-11,37.205
2025-04-14,35.8
2025-04-15,34.794
2025-04-16,35.555
2025-04-17,35.404
2025-04-18,34.747
2025-04-21,34.77
2025-04-22,34.605
2025-04-23,36.116
2025-04-24,33.602
2025-04-25,34.474
2025-04-28,32.838
2025-04-29,33.368
2025-04-30,34.436
2025-05-06,33.659
2025-05-07,33.918
2025-05-08,34.386
2025-05-09,33.934
2025-05-12,36.329
2025-05-13,34.251
2025-05-14,36.745
2025-05-15,34.967
2025-05-16,34.092
2025-05-19,31.829
2025-05-20,32.425
2025-05-21,33.838
2025-05-22,31.919
2025-05-23,32.879
2025-05-26,34.974
2025-05-27,33.98
2025-05-28,34.608
2025-05-29,32.639
2025-05-30,33.202
2025-06-03,33.652
2025-06-04,33.029
2025-06-05,34.308
2025-06-06,33.37
2025-06-09,33.778
2025-06-10,31.94
2025-06-11,35.284
2025-06-12,34.821
2025-06-13,32.711
2025-06-16,35.945
2025-06-17,35.595
2025-06-18,36.787
2025-06-19,33.945
2025-06-20,34.691
2025-06-23,35.641
2025-06-24,34.743
2025-06-25,37.401
2025-06-26,37.594
2025-06-27,38.582
2025-06-30,35.463
2025-07-01,34.412
2025-07-02,32.896
2025-07-03,34.837
2025-07-04,35.823
2025-07-07,35.536
2025-07-08,34.874
2025-07-09,34.42
2025-07-10,37.117
2025-07-11,38.451
2025-07-14,34.889
2025-07-15,35.315
2025-07-16,36.156
2025-07-17,36.339
2025-07-18,36.703
2025-07-21,33.856
2025-07-22,34.207
2025-07-23,35.489
2025-07-24,36.588
2025-07-25,36.096
2025-07-28,36.267
2025-07-29,36.67
2025-07-30,35.681
2025-07-31,37.071
2025-08-01,36.659
2025-08-04,34.347
2025-08-05,33.847
2025-08-06,32.742
2025-08-07,34.693
2025-08-08,33.844
2025-08-11,33.758
2025-08-12,36.182
2025-08-13,36.918
2025-08-14,37.306
2025-08-15,38.564
2025-08-18,37.316
2025-08-19,37.877
2025-08-20,37.446
2025-08-21,37.198
2025-08-22,40.042
2025-08-25,38.7
2025-08-26,38.404
2025-08-27,39.041
2025-08-28,40.072
2025-08-29,42.478
2025-09-01,41.605
2025-09-02,41.419
2025-09-03,43.26
2025-09-04,43.611
2025-09-05,44.207
2025-09-08,41.977
2025-09-09,41.418
2025-09-10,43.739
2025-09-11,44.166
2025-09-12,43.172
2025-09-15,42.906
2025-09-16,42.04
2025-09-17,42.327
2025-09-18,42.65
2025-09-19,43.027
2025-09-22,44.496
2025-09-23,44.099
2025-09-24,45.643
2025-09-25,46.339
2025-09-26,44.41
2025-09-29,46.07
2025-09-30,46.037
2025-10-09,45.598
2025-10-10,45.175
2025-10-13,44.093
2025-10-14,44.535
2025-10-15,43.823
2025-10-16,43.011
2025-10-17,41.63
2025-10-20,43.022
2025-10-21,44.285
2025-10-22,42.177
2025-10-23,39.575
2025-10-24,43.814
2025-10-27,44.907
2025-10-28,44.131
2025-10-29,44.844
2025-10-30,44.833
2025-10-31,42.75
2025-11-03,40.647
2025-11-04,40.407
2025-11-05,40.646
2025-11-06,42.422
2025-11-07,41.252
2025-11-10,41.842
2025-11-11,39.857
2025-11-12,40.366
2025-11-13,41.078
2025-11-14,38.788
2025-11-17,39.151
2025-11-18,40.838
2025-11-19,40.28
2025-11-20,41.563
2025-11-21,38.838
2025-11-24,41.423
2025-11-25,41.905
2025-11-26,44.038
2025-11-27,43.754
2025-11-28,41.331
2025-12-01,41.182
2025-12-02,41.482
2025-12-03,41.536
2025-12-04,41.762
2025-12-05,42.802
2025-12-08,44.263
2025-12-09,45.072
2025-12-10,43.374
2025-12-11,44.087
2025-12-12,44.514
2025-12-15,43.033
2025-12-16,41.722
2025-12-17,43.795
2025-12-18,43.395
2025-12-19,40.848
2025-12-22,42.89
2025-12-23,44.15
2025-12-24,43.282
2025-12-25,42.333
2025-12-26,43.256
2025-12-29,43.161
2025-12-30,44.172
2025-12-31,44.874
2026-01-05,43.978
2026-01-06,43.456
2026-01-07,43.601
2026-01-08,42.704
2026-01-09,41.999
2026-01-12,39.971
2026-01-13,40.797
2026-01-14,40.543
2026-01-15,41.566
2026-01-16,41.598
2026-01-19,40.326
2026-01-20,40.355
2026-01-21,41.03
2026-01-22,42.23
2026-01-23,40.603
2026-01-26,39.384
2026-01-27,41.043
2026-01-28,43.396
2026-01-29,43.613
2026-01-30,41.989
2026-02-02,42.725
2026-02-03,45.825
2026-02-04,44.127
2026-02-05,42.089
2026-02-06,41.779
2026-02-09,42.531
2026-02-10,42.304
2026-02-11,42.836
2026-02-12,43.115
2026-02-13,42.504
2026-02-24,41.315
2026-02-25,41.836
2026-02-26,42.439
2026-02-27,42.547
2026-03-02,40.861
2026-03-03,40.066
2026-03-04,41.508
2026-03-05,42.804
2026-03-06,40.734
2026-03-09,41.227
2026-03-10,42.163
2026-03-11,42.347
2026-03-12,41.579
2026-03-13,40.935
2026-03-16,41.751
2026-03-17,41.348
2026-03-18,42.897
2026-03-19,42.033
2026-03-20,44.002
2026-03-23,39.571
2026-03-24,41.3
2026-03-25,43.403
2026-03-26,42.977
2026-03-27,42.033
2026-03-30,40.889
2026-03-31,42.222
2026-04-01,42.136
2026-04-02,40.717
2026-04-03,41.906
2026-04-07,42.544
2026-04-08,42.763
2026-04-09,44.085
2026-04-10,45.967
2026-04-13,45.106
2026-04-14,45.585
2026-04-15,44.551
2026-04-16,44.212
2026-04-17,44.621
2026-04-20,44.593
2026-04-21,44.45
2026-04-22,45.529
2026-04-23,45.461
2026-04-24,47.06
2026-04-27,45.014
2026-04-28,42.704
2026-04-29,44.076
2026-04-30,44.487
2026-05-06,44.769
2026-05-07,44.776
2026-05-08,43.726
2026-05-11,44.104
2026-05-12,44.458
2026-05-13,45.052
2026-05-14,44.788
2026-05-15,45.093
2026-05-18,43.78
2026-05-19,44.437
2026-05-20,44.656
2026-05-21,43.977
2026-05-22,45.945
2026-05-25,47.217
2026-05-26,47.86
2026-05-27,48.478
2026-05-28,48.205
2026-05-29,47.536
2026-06-01,47.274
2026-06-02,48.609
2026-06-03,50.832
2026-06-04,48.675
2026-06-05,49.033
2026-06-08,46.912
2026-06-09,49.235
2026-06-10,47.691
2026-06-11,48.358
2026-06-12,48.393
2026-06-15,48.147
2026-06-16,48.828
2026-06-17,50.519
2026-06-18,51.081
2026-06-22,49.965
2026-06-23,50.953
2026-06-24,51.208
2026-06-25,52.603
2026-06-26,52.805
2026-06-29,52.106
2026-06-30,51.473
2026-07-01,50.199
2026-07-02,49.565
2026-07-03,48.993
2026-07-06,48.458
2026-07-07,49.405
2026-07-08,50.654
2026-07-09,53.773
2026-07-10,51.923
2026-07-13,50.261
2026-07-14,53.47
2026-07-15,50.444
2026-07-16,49.689
2026-07-17,48.934
2026-07-20,48.174
2026-07-21,50.795
2026-07-22,52.981
2026-07-23,50.739
2026-07-24,50.049
2026-07-27,53.595
2026-07-28,51.686
2026-07-29,50.371
2026-07-30,50.941
2026-07-31,50.029
2026-08-03,47.149
2026-08-04,49.379
2026-08-05,51.888
2026-08-06,49.76
2026-08-07,50.671
2026-08-10,49.618
2026-08-11,48.114
2026-08-12,47.738
2026-08-13,48.36
2026-08-14,47.517
2026-08-17,49.824
2026-08-18,47.989
2026-08-19,48.167
2026-08-20,46.545
2026-08-21,47.224
2026-08-24,47.783
2026-08-25,44.876
2026-08-26,44.479
2026-08-27,47.454
2026-08-28,46.782
2026-08-31,44.842
2026-09-01,42.219
2026-09-02,42.494
2026-09-03,42.822
2026-09-04,42.438
2026-09-07,46.154
2026-09-08,44.892
2026-09-09,43.918
2026-09-10,43.444
2026-09-11,44.976
2026-09-14,45.073
2026-09-15,46.053
2026-09-16,47.615
2026-09-17,48.211
2026-09-21,43.758
2026-09-22,45.663
2026-09-23,42.434
2026-09-24,42.022
2026-09-28,43.062
2026-09-29,42.05
2026-09-30,41.72
