date,close
2003-12-31,1000.00
2004-01-02,1000.0000
2004-01-05,1000.0000
2004-01-06,1000.0000
2004-01-07,1000.0000
2004-01-08,1000.0000
2004-01-09,1000.0000
2004-01-12,1000.0000
2004-01-13,1000.0000
2004-01-14,1000.0000
2004-01-15,1000.0000
2004-01-16,1000.0000
2004-01-29,1000.0000
2004-01-30,1000.0000
2004-02-02,1000.0000
2004-02-03,1000.0000
2004-02-04,1000.0000
2004-02-05,1000.0000
2004-02-06,1000.0000
2004-02-09,1000.0000
2004-02-10,1000.0000
2004-02-11,1000.0000
2004-02-12,1000.0000
2004-02-13,1000.0000
2004-02-16,1000.0000
2004-02-17,1000.0000
2004-02-18,1000.0000
2004-02-19,1000.0000
2004-02-20,1000.0000
2004-02-23,1000.0000
2004-02-24,1000.0000
2004-02-25,1000.0000
2004-02-26,1000.0000
2004-02-27,1000.0000
2004-03-01,1000.0000
2004-03-02,1000.0000
2004-03-03,1000.0000
2004-03-04,1000.0000
2004-03-05,1000.0000
2004-03-08,1000.0000
2004-03-09,1000.0000
2004-03-10,1000.0000
2004-03-11,1000.0000
2004-03-12,1000.0000
2004-03-15,1000.0000
2004-03-16,1000.0000
2004-03-17,1000.0000
2004-03-18,1000.0000
2004-03-19,1000.0000
2004-03-22,1000.0000
2004-03-23,1000.0000
2004-03-24,1000.0000
2004-03-25,1000.0000
2004-03-26,1000.0000
2004-03-29,1000.1650
2004-03-30,1000.2193
2004-03-31,1000.2787
2004-04-01,1000.3329
2004-04-02,1000.3883
2004-04-05,1000.5408
2004-04-06,1000.5921
2004-04-07,1000.6553
2004-04-08,1000.7351
2004-04-09,1000.7893
2004-04-12,1000.9477
2004-04-13,1001.0007
2004-04-14,1001.0535
2004-04-15,1001.1114
2004-04-16,1001.1649
2004-04-19,1001.3256
2004-04-20,1001.3801
2004-04-21,1001.4339
2004-04-22,1001.4876
2004-04-23,1001.5438
2004-04-26,1001.7110
2004-04-27,1001.7669
2004-04-28,1001.8254
2004-04-29,1001.8843
2004-04-30,1001.9387
2004-05-10,1002.5073
2004-05-11,1002.5647
2004-05-12,1002.6220
2004-05-13,1002.6808
2004-05-14,1002.7390
2004-05-17,1002.9144
2004-05-18,1002.9721
2004-05-19,1003.0299
2004-05-20,1003.0863
2004-05-21,1003.1452
2004-05-24,1003.3208
2004-05-25,1003.3794
2004-05-26,1003.4367
2004-05-27,1003.4995
2004-05-28,1003.5587
2004-05-31,1003.7364
2004-06-01,1003.7960
2004-06-02,1003.8553
2004-06-03,1003.9171
2004-06-04,1003.9791
2004-06-07,1004.1643
2004-06-08,1004.2272
2004-06-09,1004.2900
2004-06-10,1004.3543
2004-06-11,1004.4182
2004-06-14,1004.6083
2004-06-15,1004.6717
2004-06-16,1004.7346
2004-06-17,1004.7989
2004-06-18,1004.8657
2004-06-21,1005.0571
2004-06-22,1005.1225
2004-06-23,1005.1865
2004-06-24,1005.2512
2004-06-25,1005.3126
2004-06-28,1005.5035
2004-06-29,1005.5671
2004-06-30,1005.6349
2004-07-01,1005.6975
2004-07-02,1005.7608
2004-07-05,1005.9476
2004-07-06,1006.0120
2004-07-07,1006.0781
2004-07-08,1006.1423
2004-07-09,1006.2078
2004-07-12,1006.3970
2004-07-13,1006.4618
2004-07-14,1006.5270
2004-07-15,1006.5916
2004-07-16,1006.6580
2004-07-19,1006.8508
2004-07-20,1006.9180
2004-07-21,1006.9853
2004-07-22,1007.0521
2004-07-23,1007.1200
2004-07-26,1007.3216
2004-07-27,1007.3908
2004-07-28,1007.4574
2004-07-29,1007.5243
2004-07-30,1007.5913
2004-08-02,1007.7937
2004-08-03,1007.8600
2004-08-04,1007.9290
2004-08-05,1007.9960
2004-08-06,1008.0631
2004-08-09,1008.2645
2004-08-10,1008.3316
2004-08-11,1008.3994
2004-08-12,1008.4671
2004-08-13,1008.5350
2004-08-16,1008.7388
2004-08-17,1008.8080
2004-08-18,1008.8758
2004-08-19,1008.9441
2004-08-20,1009.0129
2004-08-23,1009.2195
2004-08-24,1009.2881
2004-08-25,1009.3619
2004-08-26,1009.4318
2004-08-27,1009.5040
2004-08-30,1009.7187
2004-08-31,1009.7923
2004-09-01,1009.8640
2004-09-02,1009.9387
2004-09-03,1010.0117
2004-09-06,1010.2213
2004-09-07,1010.2927
2004-09-08,1010.3713
2004-09-09,1010.4457
2004-09-10,1010.5178
2004-09-13,1010.7313
2004-09-14,1010.8020
2004-09-15,1010.8822
2004-09-16,1010.9547
2004-09-17,1011.0308
2004-09-20,1011.2472
2004-09-21,1011.3222
2004-09-22,1011.3961
2004-09-23,1011.4707
2004-09-24,1011.5466
2004-09-27,1011.7548
2004-09-28,1011.8271
2004-09-29,1011.8984
2004-09-30,1011.9732
2004-10-08,1012.5192
2004-10-11,1012.7224
2004-10-12,1012.7912
2004-10-13,1012.8597
2004-10-14,1012.9270
2004-10-15,1013.0010
2004-10-18,1013.2086
2004-10-19,1013.2832
2004-10-20,1013.3553
2004-10-21,1013.4262
2004-10-22,1013.5041
2004-10-25,1013.7211
2004-10-26,1013.7956
2004-10-27,1013.8755
2004-10-28,1013.9550
2004-10-29,1014.0323
2004-11-01,1014.2516
2004-11-02,1014.3226
2004-11-03,1014.3959
2004-11-04,1014.4703
2004-11-05,1014.5422
2004-11-08,1014.7625
2004-11-09,1014.8344
2004-11-10,1014.9152
2004-11-11,1014.9924
2004-11-12,1015.0702
2004-11-15,1015.2938
2004-11-16,1015.3757
2004-11-17,1015.4620
2004-11-18,1015.5418
2004-11-19,1015.6204
2004-11-22,1015.8429
2004-11-23,1015.9214
2004-11-24,1016.0041
2004-11-25,1016.0890
2004-11-26,1016.1704
2004-11-29,1016.4078
2004-11-30,1016.4921
2004-12-01,1016.5806
2004-12-02,1016.6701
2004-12-03,1016.7597
2004-12-06,1016.9957
2004-12-07,1017.0852
2004-12-08,1017.1740
2004-12-09,1017.2669
2004-12-10,1017.3598
2004-12-13,1017.6006
2004-12-14,1017.6872
2004-12-15,1017.7785
2004-12-16,1017.8751
2004-12-17,1017.9731
2004-12-20,1018.2140
2004-12-21,1018.3028
2004-12-22,1018.3942
2004-12-23,1018.4856
2004-12-24,1018.5854
2004-12-27,1018.8303
2004-12-28,1018.9369
2004-12-29,1019.0426
2004-12-30,1019.1512
2004-12-31,1019.2394
2005-01-04,1019.5546
2005-01-05,1019.6508
2005-01-06,1019.7447
2005-01-07,1019.8323
2005-01-10,1020.0709
2005-01-11,1020.1572
2005-01-12,1020.2543
2005-01-13,1020.3529
2005-01-14,1020.4494
2005-01-17,1020.6944
2005-01-18,1020.7892
2005-01-19,1020.8898
2005-01-20,1020.9898
2005-01-21,1021.0896
2005-01-24,1021.3446
2005-01-25,1021.4350
2005-01-26,1021.5396
2005-01-27,1021.6412
2005-01-28,1021.7402
2005-01-31,1022.0008
2005-02-01,1022.0877
2005-02-02,1022.1785
2005-02-03,1022.2762
2005-02-04,1022.3655
2005-02-16,1023.3066
2005-02-17,1023.3991
2005-02-18,1023.4858
2005-02-21,1023.7293
2005-02-22,1023.8180
2005-02-23,1023.9341
2005-02-24,1024.0286
2005-02-25,1024.1183
2005-02-28,1024.3616
2005-03-01,1024.4508
2005-03-02,1024.5685
2005-03-03,1024.6640
2005-03-04,1024.7538
2005-03-07,1024.9925
2005-03-08,1025.0886
2005-03-09,1025.2005
2005-03-10,1025.2954
2005-03-11,1025.3851
2005-03-14,1025.6268
2005-03-15,1025.7224
2005-03-16,1025.8365
2005-03-17,1025.9385
2005-03-18,1026.0214
2005-03-21,1026.2460
2005-03-22,1026.3502
2005-03-23,1026.4471
2005-03-24,1026.5490
2005-03-25,1026.6375
2005-03-28,1026.8572
2005-03-29,1026.9691
2005-03-30,1027.0951
2005-03-31,1027.2040
2005-04-01,1027.2872
2005-04-04,1027.5112
2005-04-05,1027.6163
2005-04-06,1027.7297
2005-04-07,1027.8334
2005-04-08,1027.9180
2005-04-11,1028.1279
2005-04-12,1028.2216
2005-04-13,1028.3285
2005-04-14,1028.4230
2005-04-15,1028.5062
2005-04-18,1028.7007
2005-04-19,1028.7975
2005-04-20,1028.9083
2005-04-21,1029.0019
2005-04-22,1029.0890
2005-04-25,1029.2922
2005-04-26,1029.3996
2005-04-27,1029.5122
2005-04-28,1029.6028
2005-04-29,1029.6873
2005-05-09,1030.2952
2005-05-10,1030.3621
2005-05-11,1030.4243
2005-05-12,1030.4887
2005-05-13,1030.5479
2005-05-16,1030.7573
2005-05-17,1030.8279
2005-05-18,1030.8930
2005-05-19,1030.9566
2005-05-20,1031.0172
2005-05-23,1031.2165
2005-05-24,1031.2896
2005-05-25,1031.3514
2005-05-26,1031.4138
2005-05-27,1031.4723
2005-05-30,1031.6714
2005-05-31,1031.7439
2005-06-01,1031.8087
2005-06-02,1031.8675
2005-06-03,1031.9272
2005-06-06,1032.1228
2005-06-07,1032.1995
2005-06-08,1032.2670
2005-06-09,1032.3311
2005-06-10,1032.3912
2005-06-13,1032.5743
2005-06-14,1032.6512
2005-06-15,1032.7210
2005-06-16,1032.7835
2005-06-17,1032.8399
2005-06-20,1033.0219
2005-06-21,1033.1045
2005-06-22,1033.1758
2005-06-23,1033.2351
2005-06-24,1033.2879
2005-06-27,1033.4663
2005-06-28,1033.5595
2005-06-29,1033.6323
2005-06-30,1033.6975
2005-07-01,1033.7537
2005-07-04,1033.9201
2005-07-05,1034.0052
2005-07-06,1034.0776
2005-07-07,1034.1377
2005-07-08,1034.1900
2005-07-11,1034.3386
2005-07-12,1034.4214
2005-07-13,1034.4868
2005-07-14,1034.5321
2005-07-15,1034.5821
2005-07-18,1034.7265
2005-07-19,1034.7994
2005-07-20,1034.8577
2005-07-21,1034.9159
2005-07-22,1034.9651
2005-07-25,1035.1179
2005-07-26,1035.1903
2005-07-27,1035.2464
2005-07-28,1035.3068
2005-07-29,1035.3550
2005-08-01,1035.5039
2005-08-02,1035.5762
2005-08-03,1035.6312
2005-08-04,1035.6901
2005-08-05,1035.7352
2005-08-08,1035.8865
2005-08-09,1035.9564
2005-08-10,1036.0105
2005-08-11,1036.0684
2005-08-12,1036.1162
2005-08-15,1036.2673
2005-08-16,1036.3388
2005-08-17,1036.3932
2005-08-18,1036.4519
2005-08-19,1036.4992
2005-08-22,1036.6477
2005-08-23,1036.7193
2005-08-24,1036.7741
2005-08-25,1036.8329
2005-08-26,1036.8796
2005-08-29,1037.0283
2005-08-30,1037.0992
2005-08-31,1037.1543
2005-09-01,1037.2092
2005-09-02,1037.2550
2005-09-05,1037.3966
2005-09-06,1037.4655
2005-09-07,1037.5327
2005-09-08,1037.5871
2005-09-09,1037.6316
2005-09-12,1037.7743
2005-09-13,1037.8410
2005-09-14,1037.9056
2005-09-15,1037.9594
2005-09-16,1038.0038
2005-09-19,1038.1437
2005-09-20,1038.2148
2005-09-21,1038.2866
2005-09-22,1038.3457
2005-09-23,1038.3882
2005-09-26,1038.5261
2005-09-27,1038.5966
2005-09-28,1038.6661
2005-09-29,1038.7183
2005-09-30,1038.7638
2005-10-10,1039.2172
2005-10-11,1039.2719
2005-10-12,1039.3173
2005-10-13,1039.3562
2005-10-14,1039.3958
2005-10-17,1039.5810
2005-10-18,1039.6438
2005-10-19,1039.6880
2005-10-20,1039.7277
2005-10-21,1039.7656
2005-10-24,1039.9537
2005-10-25,1040.0158
2005-10-26,1040.0620
2005-10-27,1040.1003
2005-10-28,1040.1393
2005-10-31,1040.3273
2005-11-01,1040.4060
2005-11-02,1040.4510
2005-11-03,1040.4906
2005-11-04,1040.5300
2005-11-07,1040.7151
2005-11-08,1040.7830
2005-11-09,1040.8292
2005-11-10,1040.8715
2005-11-11,1040.9119
2005-11-14,1041.0960
2005-11-15,1041.1616
2005-11-16,1041.2116
2005-11-17,1041.2522
2005-11-18,1041.2941
2005-11-21,1041.4774
2005-11-22,1041.5440
2005-11-23,1041.5930
2005-11-24,1041.6339
2005-11-25,1041.6759
2005-11-28,1041.8567
2005-11-29,1041.9210
2005-11-30,1041.9728
2005-12-01,1042.0154
2005-12-02,1042.0554
2005-12-05,1042.2283
2005-12-06,1042.2914
2005-12-07,1042.3511
2005-12-08,1042.3936
2005-12-09,1042.4338
2005-12-12,1042.6086
2005-12-13,1042.6709
2005-12-14,1042.7376
2005-12-15,1042.7786
2005-12-16,1042.8200
2005-12-19,1042.9962
2005-12-20,1043.0598
2005-12-21,1043.1260
2005-12-22,1043.1673
2005-12-23,1043.2091
2005-12-26,1043.3874
2005-12-27,1043.4524
2005-12-28,1043.5216
2005-12-29,1043.5930
2005-12-30,1043.6404
2006-01-04,1043.9196
2006-01-05,1043.9842
2006-01-06,1044.0367
2006-01-09,1044.1426
2006-01-10,1044.1817
2006-01-11,1044.3118
2006-01-12,1044.3761
2006-01-13,1044.4315
2006-01-16,1044.5455
2006-01-17,1044.5846
2006-01-18,1044.7058
2006-01-19,1044.7704
2006-01-20,1044.8245
2006-01-23,1044.9375
2006-01-24,1044.9799
2006-01-25,1045.0664
2006-02-06,1045.6494
2006-02-07,1045.6909
2006-02-08,1045.7334
2006-02-09,1045.7738
2006-02-10,1045.8111
2006-02-13,1046.0363
2006-02-14,1046.0790
2006-02-15,1046.1225
2006-02-16,1046.1628
2006-02-17,1046.2019
2006-02-20,1046.4188
2006-02-21,1046.4618
2006-02-22,1046.5073
2006-02-23,1046.5450
2006-02-24,1046.5845
2006-02-27,1046.8020
2006-02-28,1046.8455
2006-03-01,1046.8895
2006-03-02,1046.9278
2006-03-03,1046.9651
2006-03-06,1047.1819
2006-03-07,1047.2266
2006-03-08,1047.2712
2006-03-09,1047.3095
2006-03-10,1047.3476
2006-03-13,1047.5613
2006-03-14,1047.6066
2006-03-15,1047.6488
2006-03-16,1047.6881
2006-03-17,1047.7272
2006-03-20,1047.9366
2006-03-21,1047.9823
2006-03-22,1048.0257
2006-03-23,1048.0653
2006-03-24,1048.1034
2006-03-27,1048.3158
2006-03-28,1048.3602
2006-03-29,1048.4037
2006-03-30,1048.4448
2006-03-31,1048.4868
2006-04-03,1048.6990
2006-04-04,1048.7437
2006-04-05,1048.7868
2006-04-06,1048.8282
2006-04-07,1048.8691
2006-04-10,1049.0824
2006-04-11,1049.1238
2006-04-12,1049.1655
2006-04-13,1049.2074
2006-04-14,1049.2497
2006-04-17,1049.4638
2006-04-18,1049.5077
2006-04-19,1049.5515
2006-04-20,1049.5930
2006-04-21,1049.6332
2006-04-24,1049.8448
2006-04-25,1049.8935
2006-04-26,1049.9357
2006-04-27,1049.9771
2006-04-28,1050.0183
2006-05-08,1050.5146
2006-05-09,1050.5545
2006-05-10,1050.5945
2006-05-11,1050.6338
2006-05-12,1050.6728
2006-05-15,1050.8955
2006-05-16,1050.9365
2006-05-17,1050.9775
2006-05-18,1051.0182
2006-05-19,1051.0568
2006-05-22,1051.2752
2006-05-23,1051.3162
2006-05-24,1051.3555
2006-05-25,1051.3938
2006-05-26,1051.4315
2006-05-29,1051.6471
2006-05-30,1051.6865
2006-05-31,1051.7275
2006-06-01,1051.7658
2006-06-02,1051.8038
2006-06-05,1052.0219
2006-06-06,1052.0607
2006-06-07,1052.1014
2006-06-08,1052.1404
2006-06-09,1052.1814
2006-06-12,1052.3976
2006-06-13,1052.4394
2006-06-14,1052.4793
2006-06-15,1052.5229
2006-06-16,1052.5681
2006-06-19,1052.7703
2006-06-20,1052.8152
2006-06-21,1052.8593
2006-06-22,1052.9044
2006-06-23,1052.9513
2006-06-26,1053.1547
2006-06-27,1053.1969
2006-06-28,1053.2457
2006-06-29,1053.2920
2006-06-30,1053.3385
2006-07-03,1053.5300
2006-07-04,1053.5748
2006-07-05,1053.6182
2006-07-06,1053.6632
2006-07-07,1053.7152
2006-07-10,1053.9083
2006-07-11,1053.9512
2006-07-12,1053.9989
2006-07-13,1054.0449
2006-07-14,1054.0985
2006-07-17,1054.2796
2006-07-18,1054.3285
2006-07-19,1054.3795
2006-07-20,1054.4255
2006-07-21,1054.4818
2006-07-24,1054.6670
2006-07-25,1054.7144
2006-07-26,1054.7639
2006-07-27,1054.8066
2006-07-28,1054.8588
2006-07-31,1055.0379
2006-08-01,1055.0839
2006-08-02,1055.1331
2006-08-03,1055.1758
2006-08-04,1055.2271
2006-08-07,1055.4092
2006-08-08,1055.4556
2006-08-09,1055.5130
2006-08-10,1055.5578
2006-08-11,1055.6057
2006-08-14,1055.7846
2006-08-15,1055.8334
2006-08-16,1055.8816
2006-08-17,1055.9223
2006-08-18,1055.9689
2006-08-21,1056.1414
2006-08-22,1056.1902
2006-08-23,1056.2391
2006-08-24,1056.2814
2006-08-25,1056.3286
2006-08-28,1056.4962
2006-08-29,1056.5481
2006-08-30,1056.5997
2006-08-31,1056.6430
2006-09-01,1056.6942
2006-09-04,1056.8630
2006-09-05,1056.9150
2006-09-06,1056.9698
2006-09-07,1057.0173
2006-09-08,1057.0677
2006-09-11,1057.2366
2006-09-12,1057.2900
2006-09-13,1057.3448
2006-09-14,1057.3955
2006-09-15,1057.4453
2006-09-18,1058.3583
2006-09-19,1058.4123
2006-09-20,1058.4666
2006-09-21,1058.5187
2006-09-22,1058.5701
2006-09-25,1058.7355
2006-09-26,1058.7918
2006-09-27,1058.8445
2006-09-28,1058.8954
2006-09-29,1058.9470
2006-10-09,1059.0138
2006-10-10,1059.0644
2006-10-11,1059.1145
2006-10-12,1059.1694
2006-10-13,1059.2220
2006-10-16,1059.3919
2006-10-17,1059.4446
2006-10-18,1059.4987
2006-10-19,1059.5517
2006-10-20,1059.6068
2006-10-23,1059.7808
2006-10-24,1059.8367
2006-10-25,1059.8888
2006-10-26,1059.9420
2006-10-27,1059.9941
2006-10-30,1060.1678
2006-10-31,1060.2229
2006-11-01,1060.2784
2006-11-02,1060.3324
2006-11-03,1060.3892
2006-11-06,1060.5628
2006-11-07,1060.6209
2006-11-08,1060.6783
2006-11-09,1060.7348
2006-11-10,1060.7887
2006-11-13,1060.9663
2006-11-14,1061.0192
2006-11-15,1061.0738
2006-11-16,1061.1285
2006-11-17,1061.1844
2006-11-20,1061.3612
2006-11-21,1061.4162
2006-11-22,1061.4709
2006-11-23,1061.5254
2006-11-24,1061.5820
2006-11-27,1061.7606
2006-11-28,1061.8162
2006-11-29,1061.8746
2006-11-30,1061.9290
2006-12-01,1061.9863
2006-12-04,1062.1680
2006-12-05,1062.2263
2006-12-06,1062.2836
2006-12-07,1062.3425
2006-12-08,1062.4020
2006-12-11,1062.5867
2006-12-12,1062.6451
2006-12-13,1062.7011
2006-12-14,1062.7585
2006-12-15,1062.8173
2006-12-18,1062.9955
2006-12-19,1063.0570
2006-12-20,1063.1168
2006-12-21,1063.1764
2006-12-22,1063.2331
2006-12-25,1063.4249
2006-12-26,1063.4867
2006-12-27,1063.5513
2006-12-28,1063.6086
2006-12-29,1063.6697
2007-01-04,1064.0695
2007-01-05,1064.1260
2007-01-08,1064.2842
2007-01-09,1064.3404
2007-01-10,1064.3972
2007-01-11,1064.4622
2007-01-12,1064.5265
2007-01-15,1064.7044
2007-01-16,1064.7625
2007-01-17,1064.8229
2007-01-18,1064.8878
2007-01-19,1064.9475
2007-01-22,1065.0449
2007-01-23,1065.1120
2007-01-24,1065.1821
2007-01-25,1065.2558
2007-01-26,1065.3225
2007-01-29,1065.4166
2007-01-30,1065.4855
2007-01-31,1065.5436
2007-02-01,1065.6086
2007-02-02,1065.6671
2007-02-05,1065.7528
2007-02-06,1065.8120
2007-02-07,1065.8801
2007-02-08,1065.9533
2007-02-09,1066.0321
2007-02-12,1066.1047
2007-02-13,1066.1938
2007-02-14,1066.2815
2007-02-15,1066.3602
2007-02-16,1066.4296
2007-02-26,1066.5009
2007-02-27,1066.5571
2007-02-28,1066.6162
2007-03-01,1066.6771
2007-03-02,1066.7360
2007-03-05,1066.8025
2007-03-06,1066.8648
2007-03-07,1066.9239
2007-03-08,1066.9887
2007-03-09,1067.0489
2007-03-12,1067.1173
2007-03-13,1067.1770
2007-03-14,1067.2375
2007-03-15,1067.3010
2007-03-16,1067.3625
2007-03-19,1067.4323
2007-03-20,1067.4967
2007-03-21,1067.5616
2007-03-22,1067.6278
2007-03-23,1067.6907
2007-03-26,1067.7623
2007-03-27,1067.8287
2007-03-28,1067.9006
2007-03-29,1067.9623
2007-03-30,1068.0243
2007-04-02,1068.0875
2007-04-03,1068.1473
2007-04-04,1068.2055
2007-04-05,1068.2618
2007-04-06,1068.3370
2007-04-09,1068.5278
2007-04-10,1068.5934
2007-04-11,1068.6586
2007-04-12,1068.7194
2007-04-13,1068.7866
2007-04-16,1068.9768
2007-04-17,1069.0467
2007-04-18,1069.1190
2007-04-19,1069.1972
2007-04-20,1069.2826
2007-04-23,1069.5583
2007-04-24,1069.6368
2007-04-25,1069.7191
2007-04-26,1069.7992
2007-04-27,1069.8776
2007-04-30,1070.0840
2007-05-08,1070.6346
2007-05-09,1070.6969
2007-05-10,1070.7658
2007-05-11,1070.8339
2007-05-14,1071.0204
2007-05-15,1071.0857
2007-05-16,1071.1679
2007-05-17,1071.2288
2007-05-18,1071.2947
2007-05-21,1071.4817
2007-05-22,1071.5430
2007-05-23,1071.6090
2007-05-24,1071.6722
2007-05-25,1071.7319
2007-05-28,1071.9153
2007-05-29,1071.9824
2007-05-30,1072.0485
2007-05-31,1072.1149
2007-06-01,1072.1821
2007-06-04,1072.3750
2007-06-05,1072.4417
2007-06-06,1072.5090
2007-06-07,1072.5736
2007-06-08,1072.6332
2007-06-11,1072.8131
2007-06-12,1072.8767
2007-06-13,1072.9539
2007-06-14,1073.0249
2007-06-15,1073.1045
2007-06-18,1073.4090
2007-06-19,1073.5197
2007-06-20,1073.6454
2007-06-21,1073.7529
2007-06-22,1073.8479
2007-06-25,1074.0762
2007-06-26,1074.1374
2007-06-27,1074.2057
2007-06-28,1074.2687
2007-06-29,1074.3636
2007-07-02,1074.7349
2007-07-03,1074.8513
2007-07-04,1074.9747
2007-07-05,1075.0862
2007-07-06,1075.2017
2007-07-09,1075.5054
2007-07-10,1075.5892
2007-07-11,1075.7011
2007-07-12,1075.8227
2007-07-13,1075.9498
2007-07-16,1076.3452
2007-07-17,1076.4458
2007-07-18,1076.5237
2007-07-19,1076.5872
2007-07-20,1076.6525
2007-07-23,1076.8536
2007-07-24,1076.9290
2007-07-25,1077.0059
2007-07-26,1077.0869
2007-07-27,1077.1696
2007-07-30,1077.3999
2007-07-31,1077.4753
2007-08-01,1077.5566
2007-08-02,1077.6425
2007-08-03,1077.7224
2007-08-06,1077.9446
2007-08-07,1078.0227
2007-08-08,1078.0990
2007-08-09,1078.1846
2007-08-10,1078.2520
2007-08-13,1078.4651
2007-08-14,1078.5277
2007-08-15,1078.5873
2007-08-16,1078.6491
2007-08-17,1078.7161
2007-08-20,1078.9140
2007-08-21,1078.9786
2007-08-22,1079.0441
2007-08-23,1079.1117
2007-08-24,1079.1861
2007-08-27,1079.3959
2007-08-28,1079.4633
2007-08-29,1079.5343
2007-08-30,1079.6036
2007-08-31,1079.6770
2007-09-03,1079.9093
2007-09-04,1079.9901
2007-09-05,1080.0582
2007-09-06,1080.1276
2007-09-07,1080.2140
2007-09-10,1080.5365
2007-09-11,1080.6681
2007-09-12,1080.8225
2007-09-13,1080.9766
2007-09-14,1081.1448
2007-09-17,1081.9120
2007-09-18,1082.1897
2007-09-19,1082.4633
2007-09-20,1082.7757
2007-09-21,1083.1306
2007-09-24,1084.2645
2007-09-25,1084.5777
2007-09-26,1084.9480
2007-09-27,1085.2665
2007-09-28,1085.4822
2007-10-08,1087.0333
2007-10-09,1087.0977
2007-10-10,1087.1775
2007-10-11,1087.2354
2007-10-12,1087.2928
2007-10-15,1087.4718
2007-10-16,1087.5311
2007-10-17,1087.6126
2007-10-18,1087.6766
2007-10-19,1087.7454
2007-10-22,1087.9383
2007-10-23,1088.0530
2007-10-24,1088.2303
2007-10-25,1088.4735
2007-10-26,1088.7959
2007-10-29,1089.8839
2007-10-30,1090.2191
2007-10-31,1090.4776
2007-11-01,1090.6562
2007-11-02,1090.7740
2007-11-05,1091.0843
2007-11-06,1091.1846
2007-11-07,1091.2741
2007-11-08,1091.3499
2007-11-09,1091.4195
2007-11-12,1091.6145
2007-11-13,1091.6830
2007-11-14,1091.7593
2007-11-15,1091.8353
2007-11-16,1091.9264
2007-11-19,1092.2534
2007-11-20,1092.3861
2007-11-21,1092.5500
2007-11-22,1092.7494
2007-11-23,1092.9314
2007-11-26,1093.4553
2007-11-27,1093.5786
2007-11-28,1093.6574
2007-11-29,1093.7326
2007-11-30,1093.8101
2007-12-03,1094.0553
2007-12-04,1094.2131
2007-12-05,1094.3891
2007-12-06,1094.5764
2007-12-07,1094.7764
2007-12-10,1095.3429
2007-12-11,1095.4694
2007-12-12,1095.5908
2007-12-13,1095.7402
2007-12-14,1095.9348
2007-12-17,1096.6216
2007-12-18,1096.8194
2007-12-19,1096.9957
2007-12-20,1097.0952
2007-12-21,1097.1725
2007-12-24,1097.3515
2007-12-25,1097.4190
2007-12-26,1097.4850
2007-12-27,1097.5459
2007-12-28,1097.6141
2008-01-02,1098.0742
2008-01-03,1098.1447
2008-01-04,1098.2103
2008-01-07,1098.4201
2008-01-08,1098.4899
2008-01-09,1098.5593
2008-01-10,1098.6303
2008-01-11,1098.7025
2008-01-14,1098.8977
2008-01-15,1098.9684
2008-01-16,1099.0456
2008-01-17,1099.1139
2008-01-18,1099.1915
2008-01-21,1099.4011
2008-01-22,1099.4722
2008-01-23,1099.5683
2008-01-24,1099.7102
2008-01-25,1099.9067
2008-01-28,1100.5875
2008-01-29,1100.7997
2008-01-30,1100.9734
2008-01-31,1101.1044
2008-02-01,1101.1962
2008-02-04,1101.4073
2008-02-05,1101.4837
2008-02-13,1102.1116
2008-02-14,1102.1938
2008-02-15,1102.2782
2008-02-18,1102.5106
2008-02-19,1102.5912
2008-02-20,1102.6607
2008-02-21,1102.7405
2008-02-22,1102.8494
2008-02-25,1103.1877
2008-02-26,1103.3054
2008-02-27,1103.4233
2008-02-28,1103.5223
2008-02-29,1103.5847
2008-03-03,1103.8342
2008-03-04,1103.9110
2008-03-05,1104.0066
2008-03-06,1104.0799
2008-03-07,1104.1599
2008-03-10,1104.3985
2008-03-11,1104.4703
2008-03-12,1104.5454
2008-03-13,1104.6247
2008-03-14,1104.7002
2008-03-17,1104.9378
2008-03-18,1105.0114
2008-03-19,1105.0970
2008-03-20,1105.1699
2008-03-21,1105.2512
2008-03-24,1105.4837
2008-03-25,1105.5603
2008-03-26,1105.6394
2008-03-27,1105.7157
2008-03-28,1105.7983
2008-03-31,1106.0339
2008-04-01,1106.1225
2008-04-02,1106.2067
2008-04-03,1106.2815
2008-04-07,1106.5815
2008-04-08,1106.6724
2008-04-09,1106.7800
2008-04-10,1106.8702
2008-04-11,1106.9623
2008-04-14,1107.2389
2008-04-15,1107.3438
2008-04-16,1107.4514
2008-04-17,1107.5498
2008-04-18,1107.6427
2008-04-21,1107.9217
2008-04-22,1108.0140
2008-04-23,1108.1029
2008-04-24,1108.1885
2008-04-25,1108.2821
2008-04-28,1108.5436
2008-04-29,1108.6453
2008-04-30,1108.7326
2008-05-05,1109.1863
2008-05-06,1109.2965
2008-05-07,1109.3858
2008-05-08,1109.4854
2008-05-09,1109.5868
2008-05-12,1109.8662
2008-05-13,1109.9665
2008-05-14,1110.0561
2008-05-15,1110.1499
2008-05-16,1110.2466
2008-05-19,1110.5201
2008-05-20,1110.6227
2008-05-21,1110.7311
2008-05-22,1110.8449
2008-05-23,1110.9324
2008-05-26,1111.2005
2008-05-27,1111.3083
2008-05-28,1111.4014
2008-05-29,1111.5113
2008-05-30,1111.6010
2008-06-02,1111.8705
2008-06-03,1111.9661
2008-06-04,1112.0526
2008-06-05,1112.1421
2008-06-06,1112.2286
2008-06-10,1112.5853
2008-06-11,1112.6863
2008-06-12,1112.7756
2008-06-13,1112.8679
2008-06-16,1113.1252
2008-06-17,1113.2156
2008-06-18,1113.3091
2008-06-19,1113.3978
2008-06-20,1113.4875
2008-06-23,1113.7450
2008-06-24,1113.8555
2008-06-25,1113.9617
2008-06-26,1114.0527
2008-06-27,1114.1453
2008-06-30,1114.4127
2008-07-01,1114.5033
2008-07-02,1114.5996
2008-07-03,1114.6836
2008-07-04,1114.7701
2008-07-07,1115.0411
2008-07-08,1115.1382
2008-07-09,1115.2284
2008-07-10,1115.3205
2008-07-11,1115.4130
2008-07-14,1115.6834
2008-07-15,1115.7844
2008-07-16,1115.8748
2008-07-17,1115.9655
2008-07-18,1116.0546
2008-07-21,1116.3280
2008-07-22,1116.4251
2008-07-23,1116.5195
2008-07-24,1116.6233
2008-07-25,1116.7148
2008-07-28,1116.9816
2008-07-29,1117.0720
2008-07-30,1117.1600
2008-07-31,1117.2502
2008-08-01,1117.3471
2008-08-04,1117.6346
2008-08-05,1117.7420
2008-08-06,1117.8581
2008-08-07,1117.9783
2008-08-08,1118.0757
2008-08-11,1118.3613
2008-08-12,1118.4541
2008-08-13,1118.5494
2008-08-14,1118.6511
2008-08-15,1118.7480
2008-08-18,1119.0397
2008-08-19,1119.1370
2008-08-20,1119.2310
2008-08-21,1119.3260
2008-08-22,1119.4171
2008-08-25,1119.7049
2008-08-26,1119.8087
2008-08-27,1119.9333
2008-08-28,1120.0393
2008-08-29,1120.1352
2008-09-01,1120.4195
2008-09-02,1120.5128
2008-09-03,1120.6072
2008-09-04,1120.7025
2008-09-05,1120.7986
2008-09-08,1121.0757
2008-09-09,1121.1732
2008-09-10,1121.2660
2008-09-11,1121.3633
2008-09-12,1121.4581
2008-09-16,1121.8449
2008-09-17,1121.9490
2008-09-18,1122.0515
2008-09-19,1122.1495
2008-09-22,1122.4360
2008-09-23,1122.5389
2008-09-24,1122.6410
2008-09-25,1122.7506
2008-09-26,1122.8592
2008-10-06,1123.8662
2008-10-07,1123.9732
2008-10-08,1124.0748
2008-10-09,1124.2102
2008-10-10,1124.3479
2008-10-13,1124.6759
2008-10-14,1124.8033
2008-10-15,1124.9507
2008-10-16,1125.0989
2008-10-17,1125.2200
2008-10-20,1125.5665
2008-10-21,1125.6866
2008-10-22,1125.7932
2008-10-23,1125.9639
2008-10-24,1126.1061
2008-10-27,1126.4040
2008-10-28,1126.5303
2008-10-29,1126.7046
2008-10-30,1126.8606
2008-10-31,1127.0513
2008-11-03,1127.4048
2008-11-04,1127.5377
2008-11-05,1127.6828
2008-11-06,1127.8476
2008-11-07,1128.1023
2008-11-10,1128.4199
2008-11-11,1128.7493
2008-11-12,1128.9745
2008-11-13,1129.3648
2008-11-14,1129.8393
2008-11-17,1130.1443
2008-11-18,1130.3412
2008-11-19,1130.4621
2008-11-20,1130.5667
2008-11-21,1130.6414
2008-11-24,1130.8698
2008-11-25,1130.9950
2008-11-26,1131.0839
2008-11-27,1131.8651
2008-11-28,1132.0131
2008-12-01,1132.2750
2008-12-02,1132.4170
2008-12-03,1132.5000
2008-12-04,1132.7737
2008-12-05,1132.9615
2008-12-08,1133.2444
2008-12-09,1133.3854
2008-12-10,1133.5072
2008-12-11,1133.7389
2008-12-12,1133.8751
2008-12-15,1134.2125
2008-12-16,1134.3743
2008-12-17,1134.7126
2008-12-18,1135.0729
2008-12-19,1135.2503
2008-12-22,1135.5108
2008-12-23,1135.6957
2008-12-24,1135.9586
2008-12-25,1136.1945
2008-12-26,1136.3526
2008-12-29,1136.5919
2008-12-30,1136.7019
2008-12-31,1136.7643
2009-01-05,1136.9989
2009-01-06,1137.0749
2009-01-07,1137.1480
2009-01-08,1137.1906
2009-01-09,1137.2426
2009-01-12,1137.3558
2009-01-13,1137.4152
2009-01-14,1137.4807
2009-01-15,1137.5584
2009-01-16,1137.6272
2009-01-19,1137.7440
2009-01-20,1137.7965
2009-01-21,1137.8405
2009-01-22,1137.9074
2009-01-23,1137.9458
2009-02-02,1138.3405
2009-02-03,1138.4104
2009-02-04,1138.4570
2009-02-05,1138.5244
2009-02-06,1138.5654
2009-02-09,1138.6891
2009-02-10,1138.7332
2009-02-11,1138.7828
2009-02-12,1138.8308
2009-02-13,1138.8686
2009-02-16,1138.9789
2009-02-17,1139.0426
2009-02-18,1139.0787
2009-02-19,1139.1212
2009-02-20,1139.1552
2009-02-23,1139.2746
2009-02-24,1139.3216
2009-02-25,1139.3935
2009-02-26,1139.4614
2009-02-27,1139.5081
2009-03-02,1139.6245
2009-03-03,1139.6648
2009-03-04,1139.7151
2009-03-05,1139.7633
2009-03-06,1139.8098
2009-03-09,1139.9254
2009-03-10,1139.9708
2009-03-11,1140.0209
2009-03-12,1140.0727
2009-03-13,1140.1168
2009-03-16,1140.2236
2009-03-17,1140.2802
2009-03-18,1140.3315
2009-03-19,1140.3867
2009-03-20,1140.4385
2009-03-23,1140.5488
2009-03-24,1140.5901
2009-03-25,1140.6721
2009-03-26,1140.7625
2009-03-27,1140.8407
2009-03-30,1140.9615
2009-03-31,1141.0917
2009-04-01,1141.1572
2009-04-02,1141.1927
2009-04-03,1141.2437
2009-04-07,1141.3724
2009-04-08,1141.4111
2009-04-09,1141.4481
2009-04-10,1141.4827
2009-04-13,1141.5784
2009-04-14,1141.6209
2009-04-15,1141.6521
2009-04-16,1141.6830
2009-04-17,1141.7108
2009-04-20,1141.8019
2009-04-21,1141.8416
2009-04-22,1141.8786
2009-04-23,1141.9140
2009-04-24,1141.9426
2009-04-27,1142.0274
2009-04-28,1142.0656
2009-04-29,1142.1006
2009-04-30,1142.1353
2009-05-04,1142.2585
2009-05-05,1142.3023
2009-05-06,1142.3353
2009-05-07,1142.3711
2009-05-08,1142.4103
2009-05-11,1142.5127
2009-05-12,1142.5544
2009-05-13,1142.5893
2009-05-14,1142.6183
2009-05-15,1142.6565
2009-05-18,1142.7717
2009-05-19,1142.8144
2009-05-20,1142.8542
2009-05-21,1142.8999
2009-05-22,1142.9348
2009-05-25,1143.0930
2009-05-26,1143.2172
2009-05-27,1143.2588
2009-06-01,1143.4239
2009-06-02,1143.5108
2009-06-03,1143.5562
2009-06-04,1143.6106
2009-06-05,1143.6528
2009-06-08,1143.7715
2009-06-09,1143.8347
2009-06-10,1143.8773
2009-06-11,1143.9483
2009-06-12,1143.9883
2009-06-15,1144.0878
2009-06-16,1144.1476
2009-06-17,1144.2060
2009-06-18,1144.2715
2009-06-19,1144.3199
2009-06-22,1144.4357
2009-06-23,1144.4822
2009-06-24,1144.5341
2009-06-25,1144.6056
2009-06-26,1144.6963
2009-06-29,1144.8364
2009-06-30,1144.9020
2009-07-01,1144.9471
2009-07-02,1144.9926
2009-07-03,1145.0446
2009-07-06,1145.1493
2009-07-07,1145.2064
2009-07-08,1145.2588
2009-07-09,1145.3136
2009-07-10,1145.3889
2009-07-13,1145.4726
2009-07-14,1145.5329
2009-07-15,1145.5651
2009-07-16,1145.6100
2009-07-17,1145.6897
2009-07-20,1145.8159
2009-07-21,1145.8793
2009-07-22,1145.9704
2009-07-23,1146.0499
2009-07-24,1146.1164
2009-07-27,1146.2276
2009-07-28,1146.2786
2009-07-29,1146.3432
2009-07-30,1146.4217
2009-07-31,1146.4691
2009-08-03,1146.5715
2009-08-04,1146.6142
2009-08-05,1146.6506
2009-08-06,1146.7051
2009-08-07,1146.7377
2009-08-10,1146.8245
2009-08-11,1146.8682
2009-08-12,1146.9005
2009-08-13,1146.9520
2009-08-14,1146.9819
2009-08-17,1147.1007
2009-08-18,1147.1287
2009-08-19,1147.1627
2009-08-20,1147.2097
2009-08-21,1147.2585
2009-08-24,1147.3488
2009-08-25,1147.4014
2009-08-26,1147.4637
2009-08-27,1147.4984
2009-08-28,1147.5468
2009-08-31,1147.6498
2009-09-01,1147.6865
2009-09-02,1147.7363
2009-09-03,1147.7824
2009-09-04,1147.8389
2009-09-07,1147.9332
2009-09-08,1147.9732
2009-09-09,1148.0311
2009-09-10,1148.1069
2009-09-11,1148.1824
2009-09-14,1148.2776
2009-09-15,1148.3290
2009-09-16,1148.3666
2009-09-17,1148.4093
2009-09-18,1148.4568
2009-09-21,1148.5658
2009-09-22,1148.6839
2009-09-23,1148.7308
2009-09-24,1148.8014
2009-09-25,1148.8471
2009-09-28,1148.9613
2009-09-29,1149.0049
2009-09-30,1149.0415
2009-10-09,1149.3550
2009-10-12,1149.4657
2009-10-13,1149.5170
2009-10-14,1149.5706
2009-10-15,1149.6126
2009-10-16,1149.6541
2009-10-19,1149.7552
2009-10-20,1149.7947
2009-10-21,1149.8323
2009-10-22,1149.8760
2009-10-23,1149.9174
2009-10-26,1150.0208
2009-10-27,1150.0691
2009-10-28,1150.1065
2009-10-29,1150.1500
2009-10-30,1150.1908
2009-11-02,1150.3031
2009-11-03,1150.3451
2009-11-04,1150.3778
2009-11-05,1150.4382
2009-11-06,1150.4879
2009-11-09,1150.6075
2009-11-10,1150.6614
2009-11-11,1150.7273
2009-11-12,1150.7824
2009-11-13,1150.8168
2009-11-16,1150.9229
2009-11-17,1150.9653
2009-11-18,1151.0039
2009-11-19,1151.0387
2009-11-20,1151.0726
2009-11-23,1151.1807
2009-11-24,1151.2262
2009-11-25,1151.2877
2009-11-26,1151.3598
2009-11-27,1151.4064
2009-11-30,1151.5435
2009-12-01,1151.6009
2009-12-02,1151.6756
2009-12-03,1151.7310
2009-12-04,1151.7913
2009-12-07,1151.9162
2009-12-08,1151.9809
2009-12-09,1152.0295
2009-12-10,1152.0854
2009-12-11,1152.1519
2009-12-14,1152.2577
2009-12-15,1152.2964
2009-12-16,1152.3490
2009-12-17,1152.3954
2009-12-18,1152.4459
2009-12-21,1152.5708
2009-12-22,1152.6122
2009-12-23,1152.6756
2009-12-24,1152.7270
2009-12-25,1152.7720
2009-12-28,1152.8793
2009-12-29,1152.9221
2009-12-30,1152.9777
2009-12-31,1153.0214
2010-01-04,1153.1421
2010-01-05,1153.1821
2010-01-06,1153.2160
2010-01-07,1153.2548
2010-01-08,1153.2996
2010-01-11,1153.4003
2010-01-12,1153.4443
2010-01-13,1153.4837
2010-01-14,1153.5201
2010-01-15,1153.5616
2010-01-18,1153.6689
2010-01-19,1153.7040
2010-01-20,1153.7496
2010-01-21,1153.7852
2010-01-22,1153.8476
2010-01-25,1153.9601
2010-01-26,1154.0131
2010-01-27,1154.0800
2010-01-28,1154.1460
2010-01-29,1154.1873
2010-02-01,1154.3110
2010-02-02,1154.3647
2010-02-03,1154.4135
2010-02-04,1154.4661
2010-02-05,1154.5130
2010-02-08,1154.6266
2010-02-09,1154.6674
2010-02-10,1154.7139
2010-02-11,1154.7570
2010-02-12,1154.7968
2010-02-22,1155.1783
2010-02-23,1155.2365
2010-02-24,1155.2752
2010-02-25,1155.3288
2010-02-26,1155.3762
2010-03-01,1155.4908
2010-03-02,1155.5431
2010-03-03,1155.5887
2010-03-04,1155.6345
2010-03-05,1155.6895
2010-03-08,1155.8070
2010-03-09,1155.8645
2010-03-10,1155.9372
2010-03-11,1156.0153
2010-03-12,1156.0575
2010-03-15,1156.1685
2010-03-16,1156.2201
2010-03-17,1156.2681
2010-03-18,1156.3216
2010-03-19,1156.3730
2010-03-22,1156.4902
2010-03-23,1156.5599
2010-03-24,1156.6189
2010-03-25,1156.6776
2010-03-26,1156.7546
2010-03-29,1156.9439
2010-03-30,1157.0494
2010-03-31,1157.1239
2010-04-01,1157.1944
2010-04-02,1157.2389
2010-04-06,1157.4198
2010-04-07,1157.4779
2010-04-08,1157.5479
2010-04-09,1157.5978
2010-04-12,1157.7148
2010-04-13,1157.7637
2010-04-14,1157.8260
2010-04-15,1157.8775
2010-04-16,1157.9262
2010-04-19,1157.9679
2010-04-20,1158.0187
2010-04-21,1158.0811
2010-04-22,1158.1269
2010-04-23,1158.1772
2010-04-26,1158.3047
2010-04-27,1158.3756
2010-04-28,1158.4361
2010-04-29,1158.4892
2010-04-30,1158.5403
2010-05-04,1158.7041
2010-05-05,1158.7811
2010-05-06,1158.8314
2010-05-07,1158.8934
2010-05-10,1159.0403
2010-05-11,1159.0954
2010-05-12,1159.1589
2010-05-13,1159.2159
2010-05-14,1159.2777
2010-05-17,1159.3842
2010-05-18,1159.4253
2010-05-19,1159.4780
2010-05-20,1159.5243
2010-05-21,1159.5815
2010-05-24,1159.7307
2010-05-25,1159.7807
2010-05-26,1159.8272
2010-05-27,1159.8722
2010-05-28,1159.9197
2010-05-31,1160.0504
2010-06-01,1160.1143
2010-06-02,1160.1621
2010-06-03,1160.2213
2010-06-04,1160.2716
2010-06-07,1160.4064
2010-06-08,1160.4567
2010-06-09,1160.5068
2010-06-10,1160.5573
2010-06-11,1160.6046
2010-06-17,1160.8601
2010-06-18,1160.9077
2010-06-21,1161.0479
2010-06-22,1161.1146
2010-06-23,1161.1639
2010-06-24,1161.2206
2010-06-25,1161.2697
2010-06-28,1161.4263
2010-06-29,1161.4876
2010-06-30,1161.5491
2010-07-01,1161.6072
2010-07-02,1161.6607
2010-07-05,1161.8175
2010-07-06,1161.8776
2010-07-07,1161.9331
2010-07-08,1162.0018
2010-07-09,1162.0598
2010-07-12,1162.1994
2010-07-13,1162.2541
2010-07-14,1162.3285
2010-07-15,1162.3850
2010-07-16,1162.4557
2010-07-19,1162.6045
2010-07-20,1162.6860
2010-07-21,1162.7473
2010-07-22,1162.8191
2010-07-23,1162.8818
2010-07-26,1163.0244
2010-07-27,1163.0965
2010-07-28,1163.1663
2010-07-29,1163.2613
2010-07-30,1163.3380
2010-08-02,1163.4937
2010-08-03,1163.5533
2010-08-04,1163.6072
2010-08-05,1163.6639
2010-08-06,1163.7267
2010-08-09,1163.8810
2010-08-10,1163.9503
2010-08-11,1164.0297
2010-08-12,1164.0956
2010-08-13,1164.1544
2010-08-16,1164.2957
2010-08-17,1164.3488
2010-08-18,1164.4105
2010-08-19,1164.4750
2010-08-20,1164.5436
2010-08-23,1164.7150
2010-08-24,1164.7824
2010-08-25,1164.8495
2010-08-26,1164.9121
2010-08-27,1164.9913
2010-08-30,1165.1791
2010-08-31,1165.2588
2010-09-01,1165.3605
2010-09-02,1165.4263
2010-09-03,1165.5037
2010-09-06,1165.5839
2010-09-07,1165.6510
2010-09-08,1165.7205
2010-09-09,1165.7813
2010-09-10,1165.8613
2010-09-13,1165.9273
2010-09-14,1166.0050
2010-09-15,1166.0673
2010-09-16,1166.1251
2010-09-17,1166.1867
2010-09-20,1166.3535
2010-09-21,1166.4117
2010-09-27,1166.7370
2010-09-28,1166.8087
2010-09-29,1166.8976
2010-09-30,1166.9679
2010-10-08,1167.3932
2010-10-11,1167.6014
2010-10-12,1167.6732
2010-10-13,1167.7838
2010-10-14,1167.8717
2010-10-15,1167.9434
2010-10-18,1168.1014
2010-10-19,1168.1942
2010-10-20,1168.2713
2010-10-21,1168.3567
2010-10-22,1168.4671
2010-10-25,1168.6370
2010-10-26,1168.7651
2010-10-27,1168.8617
2010-10-28,1168.9323
2010-10-29,1169.0251
2010-11-01,1169.1800
2010-11-02,1169.2525
2010-11-03,1169.3087
2010-11-04,1169.3690
2010-11-05,1169.4292
2010-11-08,1169.5864
2010-11-09,1169.6627
2010-11-10,1169.7162
2010-11-11,1169.7789
2010-11-12,1169.8572
2010-11-15,1170.0309
2010-11-16,1170.0948
2010-11-17,1170.1470
2010-11-18,1170.2007
2010-11-19,1170.2803
2010-11-22,1170.4370
2010-11-23,1170.4909
2010-11-24,1170.5475
2010-11-25,1170.6027
2010-11-26,1170.6643
2010-11-29,1170.8245
2010-11-30,1170.8927
2010-12-01,1170.9560
2010-12-02,1171.0197
2010-12-03,1171.0807
2010-12-06,1171.2588
2010-12-07,1171.3254
2010-12-08,1171.3939
2010-12-09,1171.4599
2010-12-10,1171.5214
2010-12-13,1171.6995
2010-12-14,1171.7674
2010-12-15,1171.8344
2010-12-16,1171.9025
2010-12-17,1171.9735
2010-12-20,1172.1855
2010-12-21,1172.2623
2010-12-22,1172.3497
2010-12-23,1172.4583
2010-12-24,1172.5479
2010-12-27,1172.7703
2010-12-28,1172.8528
2010-12-29,1172.9390
2010-12-30,1173.0197
2010-12-31,1173.1161
2011-01-04,1173.4331
2011-01-05,1173.5259
2011-01-06,1173.6379
2011-01-07,1173.7374
2011-01-10,1173.9656
2011-01-11,1174.0653
2011-01-12,1174.1695
2011-01-13,1174.2603
2011-01-14,1174.3513
2011-01-17,1174.5730
2011-01-18,1174.6524
2011-01-19,1174.7436
2011-01-20,1174.8317
2011-01-21,1174.9267
2011-01-24,1175.1952
2011-01-25,1175.3090
2011-01-26,1175.4210
2011-01-27,1175.5276
2011-01-28,1175.6419
2011-01-31,1175.9227
2011-02-01,1176.0372
2011-02-09,1176.1684
2011-02-10,1176.2776
2011-02-11,1176.3804
2011-02-14,1176.6725
2011-02-15,1176.7741
2011-02-16,1176.8906
2011-02-17,1177.0010
2011-02-18,1177.1121
2011-02-21,1177.2117
2011-02-22,1177.3247
2011-02-23,1177.4453
2011-02-24,1177.5778
2011-02-25,1177.7666
2011-02-28,1178.0460
2011-03-01,1178.1511
2011-03-02,1178.2519
2011-03-03,1178.3557
2011-03-04,1178.4495
2011-03-07,1178.7031
2011-03-08,1178.7828
2011-03-09,1178.8723
2011-03-10,1178.9664
2011-03-11,1179.0743
2011-03-14,1179.1540
2011-03-15,1179.2378
2011-03-16,1179.3219
2011-03-17,1179.4085
2011-03-18,1179.4968
2011-03-21,1179.6951
2011-03-22,1179.7849
2011-03-23,1179.8843
2011-03-24,1179.9755
2011-03-25,1180.0676
2011-03-28,1180.3171
2011-03-29,1180.4805
2011-03-30,1180.6434
2011-03-31,1180.8058
2011-04-01,1180.8974
2011-04-06,1181.3209
2011-04-07,1181.4149
2011-04-08,1181.5176
2011-04-11,1181.7461
2011-04-12,1181.8361
2011-04-13,1181.9211
2011-04-14,1182.0133
2011-04-15,1182.1122
2011-04-18,1182.3565
2011-04-19,1182.4694
2011-04-20,1182.5696
2011-04-21,1182.6682
2011-04-22,1182.7700
2011-04-25,1183.0004
2011-04-26,1183.0981
2011-04-27,1183.2153
2011-04-28,1183.3260
2011-04-29,1183.4488
2011-05-03,1183.7896
2011-05-04,1183.8838
2011-05-05,1183.9794
2011-05-06,1184.0779
2011-05-09,1184.3337
2011-05-10,1184.4464
2011-05-11,1184.5530
2011-05-12,1184.6476
2011-05-13,1184.7501
2011-05-16,1185.0098
2011-05-17,1185.1235
2011-05-18,1185.2223
2011-05-19,1185.3304
2011-05-20,1185.4326
2011-05-23,1185.6951
2011-05-24,1185.8143
2011-05-25,1185.9145
2011-05-26,1186.0146
2011-05-27,1186.1238
2011-05-30,1186.4136
2011-05-31,1186.5528
2011-06-01,1186.6887
2011-06-02,1186.7890
2011-06-03,1186.9316
2011-06-07,1187.3139
2011-06-08,1187.4349
2011-06-09,1187.5362
2011-06-10,1187.6391
2011-06-13,1187.9323
2011-06-14,1188.0328
2011-06-15,1188.1357
2011-06-16,1188.2374
2011-06-17,1188.3498
2011-06-20,1188.6423
2011-06-21,1188.7771
2011-06-22,1188.8853
2011-06-23,1188.9845
2011-06-24,1189.0903
2011-06-27,1189.3862
2011-06-28,1189.5104
2011-06-29,1189.6224
2011-06-30,1189.7542
2011-07-01,1189.8786
2011-07-04,1190.2142
2011-07-05,1190.3356
2011-07-06,1190.4552
2011-07-07,1190.5827
2011-07-08,1190.7023
2011-07-11,1191.0164
2011-07-12,1191.1408
2011-07-13,1191.2720
2011-07-14,1191.4057
2011-07-15,1191.5384
2011-07-18,1191.8678
2011-07-19,1191.9869
2011-07-20,1192.1078
2011-07-21,1192.2248
2011-07-22,1192.3451
2011-07-25,1192.6605
2011-07-26,1192.7792
2011-07-27,1192.8998
2011-07-28,1193.0156
2011-07-29,1193.1279
2011-08-01,1193.4637
2011-08-02,1193.5831
2011-08-03,1193.6988
2011-08-04,1193.8134
2011-08-05,1193.9282
2011-08-08,1194.2529
2011-08-09,1194.3585
2011-08-10,1194.4672
2011-08-11,1194.5800
2011-08-12,1194.6884
2011-08-15,1194.9882
2011-08-16,1195.0924
2011-08-17,1195.1928
2011-08-18,1195.3023
2011-08-19,1195.4103
2011-08-22,1195.7198
2011-08-23,1195.8287
2011-08-24,1195.9382
2011-08-25,1196.0461
2011-08-26,1196.1749
2011-08-29,1196.4871
2011-08-30,1196.5966
2011-08-31,1196.7007
2011-09-01,1196.8073
2011-09-02,1196.9088
2011-09-05,1197.2073
2011-09-06,1197.3068
2011-09-07,1197.4092
2011-09-08,1197.5135
2011-09-09,1197.6121
2011-09-13,1198.0156
2011-09-14,1198.1138
2011-09-15,1198.2079
2011-09-16,1198.3038
2011-09-19,1198.6034
2011-09-20,1198.6985
2011-09-21,1198.8036
2011-09-22,1198.9057
2011-09-23,1199.0167
2011-09-26,1199.3287
2011-09-27,1199.4405
2011-09-28,1199.5645
2011-09-29,1199.6859
2011-09-30,1199.8169
2011-10-10,1200.9735
2011-10-11,1201.0954
2011-10-12,1201.2129
2011-10-13,1201.3304
2011-10-14,1201.4481
2011-10-17,1201.7882
2011-10-18,1201.9163
2011-10-19,1202.0460
2011-10-20,1202.1651
2011-10-21,1202.3012
2011-10-24,1202.6434
2011-10-25,1202.7899
2011-10-26,1202.9397
2011-10-27,1203.0970
2011-10-28,1203.2305
2011-10-31,1203.5853
2011-11-01,1203.7725
2011-11-02,1203.9154
2011-11-03,1204.0549
2011-11-04,1204.2098
2011-11-07,1204.5842
2011-11-08,1204.7244
2011-11-09,1204.8799
2011-11-10,1205.0200
2011-11-11,1205.1730
2011-11-14,1205.5591
2011-11-15,1205.7178
2011-11-16,1205.8717
2011-11-17,1206.0165
2011-11-18,1206.1560
2011-11-21,1206.5272
2011-11-22,1206.6759
2011-11-23,1206.8168
2011-11-24,1206.9639
2011-11-25,1207.1156
2011-11-28,1207.4922
2011-11-29,1207.6912
2011-11-30,1207.8472
2011-12-01,1208.0032
2011-12-02,1208.1752
2011-12-05,1208.5775
2011-12-06,1208.7201
2011-12-07,1208.8585
2011-12-08,1208.9934
2011-12-09,1209.1289
2011-12-12,1209.4864
2011-12-13,1209.6367
2011-12-14,1209.7694
2011-12-15,1209.9006
2011-12-16,1210.0325
2011-12-19,1210.4061
2011-12-20,1210.5446
2011-12-21,1210.6816
2011-12-22,1210.8185
2011-12-23,1210.9687
2011-12-26,1211.3290
2011-12-27,1211.4809
2011-12-28,1211.6508
2011-12-29,1211.8030
2011-12-30,1211.9671
2012-01-04,1212.6099
2012-01-05,1212.8184
2012-01-06,1212.9745
2012-01-09,1213.3455
2012-01-10,1213.4819
2012-01-11,1213.6232
2012-01-12,1213.7817
2012-01-13,1213.9572
2012-01-16,1214.3560
2012-01-17,1214.5140
2012-01-18,1214.6766
2012-01-19,1214.8320
2012-01-20,1214.9887
2012-01-30,1216.3605
2012-01-31,1216.5155
2012-02-01,1216.6834
2012-02-02,1216.8403
2012-02-03,1216.9865
2012-02-06,1217.3968
2012-02-07,1217.6065
2012-02-08,1217.7820
2012-02-09,1217.9574
2012-02-10,1218.1237
2012-02-13,1218.5255
2012-02-14,1218.7017
2012-02-15,1218.8697
2012-02-16,1219.0351
2012-02-17,1219.2004
2012-02-20,1219.6300
2012-02-21,1219.7960
2012-02-22,1219.9531
2012-02-23,1220.1168
2012-02-24,1220.2963
2012-02-27,1220.7144
2012-02-28,1220.9125
2012-02-29,1221.0985
2012-03-01,1221.2586
2012-03-02,1221.4156
2012-03-05,1221.8408
2012-03-06,1221.9946
2012-03-07,1222.1513
2012-03-08,1222.2950
2012-03-09,1222.4373
2012-03-12,1222.8287
2012-03-13,1222.9781
2012-03-14,1223.1245
2012-03-15,1223.2748
2012-03-16,1223.4203
2012-03-19,1223.8019
2012-03-20,1223.9482
2012-03-21,1224.0909
2012-03-22,1224.2356
2012-03-23,1224.3724
2012-03-26,1224.7311
2012-03-27,1224.9037
2012-03-28,1225.1121
2012-03-29,1225.3003
2012-03-30,1225.4922
2012-04-05,1226.2778
2012-04-06,1226.4135
2012-04-09,1226.7503
2012-04-10,1226.9035
2012-04-11,1227.0391
2012-04-12,1227.1748
2012-04-13,1227.3049
2012-04-16,1227.6553
2012-04-17,1227.7942
2012-04-18,1227.9409
2012-04-19,1228.0769
2012-04-20,1228.2128
2012-04-23,1228.5687
2012-04-24,1228.7104
2012-04-25,1228.8535
2012-04-26,1228.9983
2012-04-27,1229.1429
2012-05-02,1229.7487
2012-05-03,1229.8845
2012-05-04,1230.0273
2012-05-07,1230.3796
2012-05-08,1230.5089
2012-05-09,1230.6489
2012-05-10,1230.7806
2012-05-11,1230.9180
2012-05-14,1231.2257
2012-05-15,1231.3725
2012-05-16,1231.5296
2012-05-17,1231.6541
2012-05-18,1231.7954
2012-05-21,1232.0904
2012-05-22,1232.2184
2012-05-23,1232.3611
2012-05-24,1232.5200
2012-05-25,1232.6668
2012-05-28,1232.9781
2012-05-29,1233.1258
2012-05-30,1233.2969
2012-05-31,1233.4531
2012-06-01,1233.6075
2012-06-04,1233.9492
2012-06-05,1234.0841
2012-06-06,1234.2264
2012-06-07,1234.3560
2012-06-08,1234.4908
2012-06-11,1234.7949
2012-06-12,1234.9286
2012-06-13,1235.0628
2012-06-14,1235.1846
2012-06-15,1235.3016
2012-06-18,1235.6128
2012-06-19,1235.7279
2012-06-20,1235.8497
2012-06-21,1236.0081
2012-06-25,1236.4244
2012-06-26,1236.5949
2012-06-27,1236.8071
2012-06-28,1237.1381
2012-06-29,1237.3379
2012-07-02,1237.7317
2012-07-03,1237.8576
2012-07-04,1237.9807
2012-07-05,1238.1241
2012-07-06,1238.2390
2012-07-09,1238.5473
2012-07-10,1238.6577
2012-07-11,1238.7740
2012-07-12,1238.8943
2012-07-13,1239.0074
2012-07-16,1239.3058
2012-07-17,1239.4239
2012-07-18,1239.5438
2012-07-19,1239.6494
2012-07-20,1239.7570
2012-07-23,1240.0336
2012-07-24,1240.1493
2012-07-25,1240.2688
2012-07-26,1240.3817
2012-07-27,1240.5057
2012-07-30,1240.7723
2012-07-31,1240.8851
2012-08-01,1241.0021
2012-08-02,1241.1034
2012-08-03,1241.2085
2012-08-06,1241.4533
2012-08-07,1241.5579
2012-08-08,1241.6656
2012-08-09,1241.7641
2012-08-10,1241.8679
2012-08-13,1242.1076
2012-08-14,1242.2189
2012-08-15,1242.3211
2012-08-16,1242.4259
2012-08-17,1242.5387
2012-08-20,1242.7869
2012-08-21,1242.8901
2012-08-22,1242.9938
2012-08-23,1243.0976
2012-08-24,1243.1998
2012-08-27,1243.4374
2012-08-28,1243.5417
2012-08-29,1243.6560
2012-08-30,1243.7542
2012-08-31,1243.8736
2012-09-03,1244.1256
2012-09-04,1244.2251
2012-09-05,1244.3362
2012-09-06,1244.4430
2012-09-07,1244.5727
2012-09-10,1244.8173
2012-09-11,1244.9284
2012-09-12,1245.0246
2012-09-13,1245.1257
2012-09-14,1245.2304
2012-09-17,1245.5102
2012-09-18,1245.6209
2012-09-19,1245.7362
2012-09-20,1245.8399
2012-09-21,1245.9676
2012-09-24,1246.2251
2012-09-25,1246.3555
2012-09-26,1246.4688
2012-09-27,1246.6053
2012-09-28,1246.7249
2012-10-08,1247.7211
2012-10-09,1247.8443
2012-10-10,1247.9616
2012-10-11,1248.0798
2012-10-12,1248.2094
2012-10-15,1248.5243
2012-10-16,1248.6508
2012-10-17,1248.7588
2012-10-18,1248.8765
2012-10-19,1248.9918
2012-10-22,1249.3043
2012-10-23,1249.4270
2012-10-24,1249.5538
2012-10-25,1249.6839
2012-10-26,1249.7901
2012-10-29,1250.0750
2012-10-30,1250.1884
2012-10-31,1250.3144
2012-11-01,1250.4274
2012-11-02,1250.5577
2012-11-05,1250.8316
2012-11-06,1250.9419
2012-11-07,1251.0529
2012-11-08,1251.1626
2012-11-09,1251.2864
2012-11-12,1251.5530
2012-11-13,1251.6687
2012-11-14,1251.7989
2012-11-15,1251.9162
2012-11-16,1252.0429
2012-11-19,1252.3370
2012-11-20,1252.4604
2012-11-21,1252.5744
2012-11-22,1252.7014
2012-11-23,1252.8173
2012-11-26,1253.0878
2012-11-27,1253.2066
2012-11-28,1253.3265
2012-11-29,1253.4425
2012-11-30,1253.5599
2012-12-03,1253.8326
2012-12-04,1253.9525
2012-12-05,1254.0815
2012-12-06,1254.2034
2012-12-07,1254.3308
2012-12-10,1254.6062
2012-12-11,1254.7336
2012-12-12,1254.8535
2012-12-13,1254.9743
2012-12-14,1255.0995
2012-12-17,1255.4047
2012-12-18,1255.5434
2012-12-19,1255.6933
2012-12-20,1255.8213
2012-12-21,1255.9688
2012-12-24,1256.2811
2012-12-25,1256.4439
2012-12-26,1256.5725
2012-12-27,1256.7253
2012-12-28,1256.8599
2012-12-31,1257.2296
2013-01-04,1257.6988
2013-01-07,1257.9566
2013-01-08,1258.1101
2013-01-09,1258.2333
2013-01-10,1258.3578
2013-01-11,1258.4854
2013-01-14,1258.7934
2013-01-15,1258.9342
2013-01-16,1259.0592
2013-01-17,1259.1832
2013-01-18,1259.3016
2013-01-21,1259.6142
2013-01-22,1259.7518
2013-01-23,1259.8886
2013-01-24,1260.0172
2013-01-25,1260.1372
2013-01-28,1260.4273
2013-01-29,1260.5618
2013-01-30,1260.7186
2013-01-31,1260.8743
2013-02-01,1261.0023
2013-02-04,1261.3223
2013-02-05,1261.4692
2013-02-06,1261.5945
2013-02-07,1261.7142
2013-02-08,1261.8431
2013-02-18,1262.7446
2013-02-19,1262.8742
2013-02-20,1263.0290
2013-02-21,1263.1774
2013-02-22,1263.3186
2013-02-25,1263.6035
2013-02-26,1263.7206
2013-02-27,1263.8797
2013-02-28,1264.0027
2013-03-01,1264.1428
2013-03-04,1264.4195
2013-03-05,1264.5549
2013-03-06,1264.7063
2013-03-07,1264.8452
2013-03-08,1264.9817
2013-03-11,1265.2586
2013-03-12,1265.3947
2013-03-13,1265.5192
2013-03-14,1265.6371
2013-03-15,1265.7668
2013-03-18,1266.0303
2013-03-19,1266.1616
2013-03-20,1266.3054
2013-03-21,1266.4307
2013-03-22,1266.5769
2013-03-25,1266.8535
2013-03-26,1266.9878
2013-03-27,1267.1618
2013-03-28,1267.3088
2013-03-29,1267.4642
2013-04-01,1267.7369
2013-04-02,1267.8590
2013-04-03,1267.9737
2013-04-08,1268.4192
2013-04-09,1268.5788
2013-04-10,1268.7055
2013-04-11,1268.8314
2013-04-12,1268.9445
2013-04-15,1269.2034
2013-04-16,1269.3281
2013-04-17,1269.4541
2013-04-18,1269.5744
2013-04-19,1269.7026
2013-04-22,1269.9669
2013-04-23,1270.1086
2013-04-24,1270.2232
2013-04-25,1270.3414
2013-04-26,1270.4607
2013-05-02,1270.9342
2013-05-03,1271.0534
2013-05-06,1271.3124
2013-05-07,1271.4442
2013-05-08,1271.5752
2013-05-09,1271.7012
2013-05-10,1271.8270
2013-05-13,1272.0842
2013-05-14,1272.2077
2013-05-15,1272.3320
2013-05-16,1272.4484
2013-05-17,1272.5666
2013-05-20,1272.8193
2013-05-21,1272.9468
2013-05-22,1273.0661
2013-05-23,1273.1967
2013-05-24,1273.3194
2013-05-27,1273.5792
2013-05-28,1273.7120
2013-05-29,1273.8297
2013-05-30,1273.9675
2013-05-31,1274.0875
2013-06-03,1274.3098
2013-06-04,1274.4255
2013-06-05,1274.5386
2013-06-06,1274.6532
2013-06-07,1274.7716
2013-06-13,1275.2670
2013-06-14,1275.3905
2013-06-17,1275.6605
2013-06-18,1275.7779
2013-06-19,1275.8925
2013-06-20,1276.0297
2013-06-21,1276.1800
2013-06-24,1276.4628
2013-06-25,1276.5840
2013-06-26,1276.7260
2013-06-27,1276.8733
2013-06-28,1277.0274
2013-07-01,1277.4420
2013-07-02,1277.5996
2013-07-03,1277.7522
2013-07-04,1277.9012
2013-07-05,1278.0719
2013-07-08,1278.4339
2013-07-09,1278.6090
2013-07-10,1278.7618
2013-07-11,1278.9185
2013-07-12,1279.0699
2013-07-15,1279.3968
2013-07-16,1279.5491
2013-07-17,1279.6986
2013-07-18,1279.8408
2013-07-19,1279.9916
2013-07-22,1280.3404
2013-07-23,1280.4829
2013-07-24,1280.6228
2013-07-25,1280.7705
2013-07-26,1280.9190
2013-07-29,1281.2615
2013-07-30,1281.4096
2013-07-31,1281.5596
2013-08-01,1281.7038
2013-08-02,1281.8509
2013-08-05,1282.1927
2013-08-06,1282.3454
2013-08-07,1282.4862
2013-08-08,1282.6291
2013-08-09,1282.7749
2013-08-12,1283.1141
2013-08-13,1283.2642
2013-08-14,1283.4067
2013-08-15,1283.5484
2013-08-16,1283.6915
2013-08-19,1284.0218
2013-08-20,1284.1641
2013-08-21,1284.3069
2013-08-22,1284.4511
2013-08-23,1284.5987
2013-08-26,1284.9238
2013-08-27,1285.0715
2013-08-28,1285.2138
2013-08-29,1285.3543
2013-08-30,1285.4928
2013-09-02,1285.8181
2013-09-03,1285.9590
2013-09-04,1286.1037
2013-09-05,1286.2450
2013-09-06,1286.3919
2013-09-09,1286.7184
2013-09-10,1286.8582
2013-09-11,1287.0048
2013-09-12,1287.1588
2013-09-13,1287.3146
2013-09-16,1287.6524
2013-09-17,1287.7993
2013-09-18,1287.9469
2013-09-23,1288.3286
2013-09-24,1288.5040
2013-09-25,1288.6668
2013-09-26,1288.8392
2013-09-27,1289.0070
2013-09-30,1289.4768
2013-10-08,1290.4779
2013-10-09,1290.6379
2013-10-10,1290.7869
2013-10-11,1290.9346
2013-10-14,1291.3171
2013-10-15,1291.4746
2013-10-16,1291.6252
2013-10-17,1291.7895
2013-10-18,1291.9477
2013-10-21,1292.2747
2013-10-22,1292.4269
2013-10-23,1292.5719
2013-10-24,1292.7251
2013-10-25,1292.8752
2013-10-28,1293.2497
2013-10-29,1293.4055
2013-10-30,1293.5658
2013-10-31,1293.7251
2013-11-01,1293.8822
2013-11-04,1294.2628
2013-11-05,1294.4184
2013-11-06,1294.5739
2013-11-07,1294.7316
2013-11-08,1294.8836
2013-11-11,1295.2537
2013-11-12,1295.4052
2013-11-13,1295.5562
2013-11-14,1295.7031
2013-11-15,1295.8585
2013-11-18,1296.2174
2013-11-19,1296.3706
2013-11-20,1296.5212
2013-11-21,1296.6775
2013-11-22,1296.8351
2013-11-25,1297.2425
2013-11-26,1297.4092
2013-11-27,1297.5645
2013-11-28,1297.7256
2013-11-29,1297.9027
2013-12-02,1298.3149
2013-12-03,1298.4752
2013-12-04,1298.6434
2013-12-05,1298.8050
2013-12-06,1298.9718
2013-12-09,1299.3601
2013-12-10,1299.5333
2013-12-11,1299.7084
2013-12-12,1299.8761
2013-12-13,1300.0514
2013-12-16,1300.3910
2013-12-17,1300.5658
2013-12-18,1300.7333
2013-12-19,1300.9131
2013-12-20,1301.0973
2013-12-23,1301.4685
2013-12-24,1301.6636
2013-12-25,1301.8671
2013-12-26,1302.0646
2013-12-27,1302.2611
2013-12-30,1302.7377
2013-12-31,1302.9483
2014-01-02,1303.1861
2014-01-03,1303.3709
2014-01-06,1303.7499
2014-01-07,1303.9329
2014-01-08,1304.1206
2014-01-09,1304.3006
2014-01-10,1304.4989
2014-01-13,1304.9451
2014-01-14,1305.1449
2014-01-15,1305.3381
2014-01-16,1305.3767
2014-01-17,1305.7650
2014-01-20,1306.1962
2014-01-21,1306.4099
2014-01-22,1306.6068
2014-01-23,1306.8101
2014-01-24,1307.0350
2014-01-27,1307.4935
2014-01-28,1307.6912
2014-01-29,1307.8818
2014-01-30,1308.0988
2014-02-07,1309.6112
2014-02-10,1310.0373
2014-02-11,1310.2411
2014-02-12,1310.4446
2014-02-13,1310.6467
2014-02-14,1310.8395
2014-02-17,1311.3199
2014-02-18,1311.5114
2014-02-19,1311.7105
2014-02-20,1311.9141
2014-02-21,1312.0964
2014-02-24,1312.5219
2014-02-25,1312.6955
2014-02-26,1312.8760
2014-02-27,1313.0829
2014-02-28,1313.2574
2014-03-03,1313.6791
2014-03-04,1313.8639
2014-03-05,1314.0329
2014-03-06,1314.2135
2014-03-07,1314.3798
2014-03-10,1314.7612
2014-03-11,1314.9366
2014-03-12,1315.0992
2014-03-13,1315.2717
2014-03-14,1315.4412
2014-03-17,1315.8229
2014-03-18,1315.9798
2014-03-19,1316.1450
2014-03-20,1316.3017
2014-03-21,1316.4746
2014-03-24,1316.8563
2014-03-25,1317.0225
2014-03-26,1317.1934
2014-03-27,1317.3686
2014-03-28,1317.5697
2014-03-31,1318.0067
2014-04-01,1318.1394
2014-04-02,1318.3076
2014-04-03,1318.4615
2014-04-04,1318.6189
2014-04-08,1319.1427
2014-04-09,1319.3204
2014-04-10,1319.4868
2014-04-11,1319.6508
2014-04-14,1320.0268
2014-04-15,1320.1835
2014-04-16,1320.3447
2014-04-17,1320.5126
2014-04-18,1320.6805
2014-04-21,1321.0467
2014-04-22,1321.2177
2014-04-23,1321.3697
2014-04-24,1321.5217
2014-04-25,1321.6820
2014-04-28,1322.0434
2014-04-29,1322.1999
2014-04-30,1322.3522
2014-05-05,1322.8332
2014-05-06,1323.0008
2014-05-07,1323.1684
2014-05-08,1323.3254
2014-05-09,1323.4925
2014-05-12,1323.8708
2014-05-13,1324.0321
2014-05-14,1324.1882
2014-05-15,1324.3292
2014-05-16,1324.4778
2014-05-19,1324.8491
2014-05-20,1325.0195
2014-05-21,1325.1727
2014-05-22,1325.3309
2014-05-23,1325.4859
2014-05-26,1325.8477
2014-05-27,1325.9991
2014-05-28,1326.1493
2014-05-29,1326.3082
2014-05-30,1326.4706
2014-06-03,1326.8410
2014-06-04,1326.9647
2014-06-05,1327.1059
2014-06-06,1327.2609
2014-06-09,1327.6142
2014-06-10,1327.7689
2014-06-11,1327.9143
2014-06-12,1328.0736
2014-06-13,1328.2352
2014-06-16,1328.5874
2014-06-17,1328.7561
2014-06-18,1328.9466
2014-06-19,1329.1248
2014-06-20,1329.3147
2014-06-23,1329.6061
2014-06-24,1329.7837
2014-06-25,1329.9561
2014-06-26,1330.1353
2014-06-27,1330.3560
2014-06-30,1330.6963
2014-07-01,1330.8960
2014-07-02,1331.0738
2014-07-03,1331.2315
2014-07-04,1331.3806
2014-07-07,1331.7596
2014-07-08,1331.9117
2014-07-09,1332.0801
2014-07-10,1332.2631
2014-07-11,1332.4277
2014-07-14,1332.7601
2014-07-15,1332.9100
2014-07-16,1333.0711
2014-07-17,1333.2244
2014-07-18,1333.3843
2014-07-21,1333.7352
2014-07-22,1333.8878
2014-07-23,1334.0360
2014-07-24,1334.2063
2014-07-25,1334.3695
2014-07-28,1334.7314
2014-07-29,1334.8971
2014-07-30,1335.0532
2014-07-31,1335.2004
2014-08-01,1335.3563
2014-08-04,1335.7088
2014-08-05,1335.8766
2014-08-06,1336.0260
2014-08-07,1336.1770
2014-08-08,1336.3500
2014-08-11,1336.6979
2014-08-12,1336.8509
2014-08-13,1337.0108
2014-08-14,1337.1655
2014-08-15,1337.3289
2014-08-18,1337.6570
2014-08-19,1337.8232
2014-08-20,1337.9732
2014-08-21,1338.1232
2014-08-22,1338.2742
2014-08-25,1338.6025
2014-08-26,1338.7697
2014-08-27,1338.9297
2014-08-28,1339.0879
2014-08-29,1339.2629
2014-09-01,1339.6288
2014-09-02,1339.7816
2014-09-03,1339.9394
2014-09-04,1340.1066
2014-09-05,1340.2639
2014-09-09,1340.7370
2014-09-10,1340.9181
2014-09-11,1341.1523
2014-09-12,1341.3220
2014-09-15,1341.6530
2014-09-16,1341.8322
2014-09-17,1342.0197
2014-09-18,1342.1978
2014-09-19,1342.3491
2014-09-22,1342.6715
2014-09-23,1342.8887
2014-09-24,1343.0627
2014-09-25,1343.2264
2014-09-26,1343.4049
2014-09-29,1343.7798
2014-09-30,1343.9693
2014-10-08,1344.7510
2014-10-09,1344.9054
2014-10-10,1345.0627
2014-10-13,1345.4171
2014-10-14,1345.5834
2014-10-15,1345.7472
2014-10-16,1345.9265
2014-10-17,1346.0689
2014-10-20,1346.4084
2014-10-21,1346.5984
2014-10-22,1346.7713
2014-10-23,1346.9633
2014-10-24,1347.1287
2014-10-27,1347.4749
2014-10-28,1347.6947
2014-10-29,1347.8911
2014-10-30,1348.0453
2014-10-31,1348.2013
2014-11-03,1348.5573
2014-11-04,1348.7575
2014-11-05,1348.9457
2014-11-06,1349.1292
2014-11-07,1349.3029
2014-11-10,1349.6573
2014-11-11,1349.8620
2014-11-12,1350.0297
2014-11-13,1350.1936
2014-11-14,1350.3449
2014-11-17,1350.6729
2014-11-18,1350.8409
2014-11-19,1350.9903
2014-11-20,1351.1401
2014-11-21,1351.3036
2014-11-24,1351.6314
2014-11-25,1351.8175
2014-11-26,1351.9971
2014-11-27,1352.1669
2014-11-28,1352.3363
2014-12-01,1352.6681
2014-12-02,1352.8198
2014-12-03,1352.9733
2014-12-04,1353.1247
2014-12-05,1353.2649
2014-12-08,1353.5733
2014-12-09,1353.7113
2014-12-10,1353.8500
2014-12-11,1353.9911
2014-12-12,1354.1328
2014-12-15,1354.5210
2014-12-16,1354.6632
2014-12-17,1354.8043
2014-12-18,1354.9546
2014-12-19,1355.1104
2014-12-22,1355.4520
2014-12-23,1355.6146
2014-12-24,1355.7901
2014-12-25,1355.9134
2014-12-26,1356.0709
2014-12-29,1356.4197
2014-12-30,1356.4484
2014-12-31,1356.6054
2015-01-05,1357.0548
2015-01-06,1357.2259
2015-01-07,1357.3885
2015-01-08,1357.5516
2015-01-09,1357.7100
2015-01-12,1358.1185
2015-01-13,1358.3084
2015-01-14,1358.4947
2015-01-15,1358.6571
2015-01-16,1358.8254
2015-01-19,1359.0520
2015-01-20,1359.2391
2015-01-21,1359.3983
2015-01-22,1359.5583
2015-01-23,1359.7358
2015-01-26,1359.9664
2015-01-27,1360.1309
2015-01-28,1360.2942
2015-01-29,1360.4589
2015-01-30,1360.6142
2015-02-02,1360.8475
2015-02-03,1361.0074
2015-02-04,1361.1746
2015-02-05,1361.3397
2015-02-06,1361.5079
2015-02-09,1361.9421
2015-02-10,1362.1073
2015-02-11,1362.3197
2015-02-12,1362.4939
2015-02-13,1362.6633
2015-02-16,1362.8920
2015-02-17,1363.0530
2015-02-25,1364.1769
2015-02-26,1364.3536
2015-02-27,1364.5234
2015-03-02,1364.9468
2015-03-03,1365.1213
2015-03-04,1365.3045
2015-03-05,1365.4786
2015-03-06,1365.6574
2015-03-09,1366.1018
2015-03-10,1366.2883
2015-03-11,1366.4627
2015-03-12,1366.6597
2015-03-13,1366.8575
2015-03-16,1367.1146
2015-03-17,1367.2821
2015-03-18,1367.4404
2015-03-19,1367.6153
2015-03-20,1367.7793
2015-03-23,1367.9306
2015-03-24,1368.0887
2015-03-25,1368.2850
2015-03-26,1368.4391
2015-03-27,1368.6039
2015-03-30,1368.7646
2015-03-31,1368.9275
2015-04-01,1369.0850
2015-04-02,1369.2387
2015-04-03,1369.3905
2015-04-07,1369.6071
2015-04-08,1369.7559
2015-04-09,1369.9078
2015-04-10,1370.0536
2015-04-13,1370.2688
2015-04-14,1370.4456
2015-04-15,1370.6318
2015-04-16,1370.8449
2015-04-17,1371.0211
2015-04-20,1371.2248
2015-04-21,1371.4177
2015-04-22,1371.8001
2015-04-23,1371.9694
2015-04-24,1372.1300
2015-04-27,1372.4110
2015-04-28,1372.5489
2015-04-29,1372.7308
2015-04-30,1372.8679
2015-05-04,1373.0725
2015-05-05,1373.2430
2015-05-06,1373.2833
2015-05-07,1373.4614
2015-05-08,1373.6591
2015-05-11,1373.8660
2015-05-12,1374.0772
2015-05-13,1374.2447
2015-05-14,1374.4156
2015-05-15,1374.6736
2015-05-18,1374.8894
2015-05-19,1375.0777
2015-05-20,1375.2199
2015-05-21,1375.3681
2015-05-22,1375.5113
2015-05-25,1375.6760
2015-05-26,1375.8297
2015-05-27,1375.9411
2015-05-28,1376.0303
2015-05-29,1376.1490
2015-06-01,1376.2952
2015-06-02,1376.4328
2015-06-03,1376.5524
2015-06-04,1376.7171
2015-06-05,1376.8707
2015-06-08,1377.0118
2015-06-09,1377.1162
2015-06-10,1377.1948
2015-06-11,1377.3097
2015-06-12,1377.4273
2015-06-15,1377.5740
2015-06-16,1377.6981
2015-06-17,1377.8109
2015-06-18,1377.9498
2015-06-19,1378.1120
2015-06-23,1378.2435
2015-06-24,1378.3951
2015-06-25,1378.5166
2015-06-26,1378.6574
2015-06-29,1378.8387
2015-06-30,1378.9560
2015-07-01,1379.0979
2015-07-02,1379.2139
2015-07-03,1379.3412
2015-07-06,1379.4953
2015-07-07,1379.6008
2015-07-08,1379.6450
2015-07-09,1379.7536
2015-07-10,1379.8860
2015-07-13,1380.0290
2015-07-14,1380.1410
2015-07-15,1380.2523
2015-07-16,1380.3653
2015-07-17,1380.4795
2015-07-20,1380.6373
2015-07-21,1380.7557
2015-07-22,1380.8694
2015-07-23,1380.9986
2015-07-24,1381.1189
2015-07-27,1381.2834
2015-07-28,1381.3888
2015-07-29,1381.4902
2015-07-30,1381.6040
2015-07-31,1381.7039
2015-08-03,1381.8473
2015-08-04,1381.9561
2015-08-05,1382.0633
2015-08-06,1382.1633
2015-08-07,1382.2702
2015-08-10,1382.4320
2015-08-11,1382.5416
2015-08-12,1382.6409
2015-08-13,1382.7350
2015-08-14,1382.8398
2015-08-17,1382.9949
2015-08-18,1383.0986
2015-08-19,1383.1928
2015-08-20,1383.2831
2015-08-21,1383.3756
2015-08-24,1383.4887
2015-08-25,1383.5918
2015-08-26,1383.6806
2015-08-27,1383.7739
2015-08-28,1383.8718
2015-08-31,1383.9905
2015-09-01,1384.0940
2015-09-02,1384.1844
2015-09-07,1384.3442
2015-09-08,1384.4568
2015-09-09,1384.5493
2015-09-10,1384.6449
2015-09-11,1384.7547
2015-09-14,1384.9026
2015-09-15,1385.0202
2015-09-16,1385.1222
2015-09-17,1385.2262
2015-09-18,1385.3358
2015-09-21,1385.4589
2015-09-22,1385.5785
2015-09-23,1385.6810
2015-09-24,1385.7871
2015-09-25,1385.9007
2015-09-28,1386.0443
2015-09-29,1386.1517
2015-09-30,1386.2570
2015-10-08,1386.4708
2015-10-09,1386.5914
2015-10-12,1386.7336
2015-10-13,1386.8485
2015-10-14,1386.9625
2015-10-15,1387.0798
2015-10-16,1387.1939
2015-10-19,1387.3407
2015-10-20,1387.4513
2015-10-21,1387.5581
2015-10-22,1387.6609
2015-10-23,1387.7762
2015-10-26,1387.9035
2015-10-27,1388.0260
2015-10-28,1388.1447
2015-10-29,1388.2619
2015-10-30,1388.3744
2015-11-02,1388.5977
2015-11-03,1388.7046
2015-11-04,1388.8090
2015-11-05,1388.9159
2015-11-06,1389.0337
2015-11-09,1389.2671
2015-11-10,1389.3731
2015-11-11,1389.4684
2015-11-12,1389.5747
2015-11-13,1389.6845
2015-11-16,1389.8196
2015-11-17,1389.9200
2015-11-18,1390.0190
2015-11-19,1390.1218
2015-11-20,1390.2215
2015-11-23,1390.4033
2015-11-24,1390.5032
2015-11-25,1390.6101
2015-11-26,1390.7097
2015-11-27,1390.8106
2015-11-30,1390.9521
2015-12-01,1391.0630
2015-12-02,1391.1638
2015-12-03,1391.2662
2015-12-04,1391.3746
2015-12-07,1391.5260
2015-12-08,1391.6370
2015-12-09,1391.7592
2015-12-10,1391.8654
2015-12-11,1391.9770
2015-12-14,1392.1360
2015-12-15,1392.2497
2015-12-16,1392.3599
2015-12-17,1392.4654
2015-12-18,1392.5839
2015-12-21,1392.7267
2015-12-22,1392.8602
2015-12-23,1392.9754
2015-12-24,1393.0880
2015-12-25,1393.2169
2015-12-28,1393.3763
2015-12-29,1393.4999
2015-12-30,1393.5154
2015-12-31,1393.6216
2016-01-04,1393.7319
2016-01-05,1393.8448
2016-01-06,1393.9431
2016-01-07,1394.0624
2016-01-08,1394.1700
2016-01-11,1394.3025
2016-01-12,1394.4150
2016-01-13,1394.5361
2016-01-14,1394.6412
2016-01-15,1394.7462
2016-01-18,1394.8987
2016-01-19,1395.0048
2016-01-20,1395.1229
2016-01-21,1395.2294
2016-01-22,1395.3417
2016-01-25,1395.4972
2016-01-26,1395.6104
2016-01-27,1395.7307
2016-01-28,1395.8364
2016-01-29,1395.9447
2016-02-01,1396.0868
2016-02-02,1396.1953
2016-02-03,1396.2987
2016-02-04,1396.4001
2016-02-05,1396.5093
2016-02-15,1396.7882
2016-02-16,1396.8895
2016-02-17,1396.9846
2016-02-18,1397.0793
2016-02-19,1397.1775
2016-02-22,1397.3177
2016-02-23,1397.4162
2016-02-24,1397.5216
2016-02-25,1397.6228
2016-02-26,1397.7290
2016-02-29,1397.8525
2016-03-01,1397.9530
2016-03-02,1398.0530
2016-03-03,1398.1545
2016-03-04,1398.2567
2016-03-07,1398.3956
2016-03-08,1398.5006
2016-03-09,1398.5970
2016-03-10,1398.6974
2016-03-11,1398.7997
2016-03-14,1398.9542
2016-03-15,1399.0595
2016-03-16,1399.1640
2016-03-17,1399.2580
2016-03-18,1399.3605
2016-03-21,1399.5054
2016-03-22,1399.6031
2016-03-23,1399.6961
2016-03-24,1399.7734
2016-03-25,1399.8734
2016-03-28,1400.0151
2016-03-29,1400.1160
2016-03-30,1400.2124
2016-03-31,1400.3186
2016-04-01,1400.4157
2016-04-05,1400.5777
2016-04-06,1400.6740
2016-04-07,1400.7742
2016-04-08,1400.8669
2016-04-11,1400.9970
2016-04-12,1401.0921
2016-04-13,1401.1899
2016-04-14,1401.2595
2016-04-15,1401.3576
2016-04-18,1401.4964
2016-04-19,1401.5882
2016-04-20,1401.6830
2016-04-21,1401.7751
2016-04-22,1401.8799
2016-04-25,1402.0211
2016-04-26,1402.1103
2016-04-27,1402.2145
2016-04-28,1402.3052
2016-04-29,1402.4062
2016-05-03,1402.5133
2016-05-04,1402.6020
2016-05-05,1402.6932
2016-05-06,1402.7871
2016-05-09,1402.9183
2016-05-10,1403.0174
2016-05-11,1403.1195
2016-05-12,1403.2093
2016-05-13,1403.3066
2016-05-16,1403.4393
2016-05-17,1403.5282
2016-05-18,1403.6276
2016-05-19,1403.7136
2016-05-20,1403.8109
2016-05-23,1403.9428
2016-05-24,1404.0351
2016-05-25,1404.1233
2016-05-26,1404.2101
2016-05-27,1404.3057
2016-05-30,1404.4346
2016-05-31,1404.5252
2016-06-01,1404.6134
2016-06-02,1404.6984
2016-06-03,1404.7853
2016-06-06,1404.9203
2016-06-07,1405.0008
2016-06-08,1405.0881
2016-06-13,1405.2409
2016-06-14,1405.3335
2016-06-15,1405.4219
2016-06-16,1405.5023
2016-06-17,1405.5963
2016-06-20,1405.7198
2016-06-21,1405.8130
2016-06-22,1405.8982
2016-06-23,1405.9917
2016-06-24,1406.0872
2016-06-27,1406.2256
2016-06-28,1406.3206
2016-06-29,1406.4150
2016-06-30,1406.4951
2016-07-01,1406.5913
2016-07-04,1406.7324
2016-07-05,1406.8270
2016-07-06,1406.9232
2016-07-07,1407.0180
2016-07-08,1407.1234
2016-07-11,1407.2628
2016-07-12,1407.3618
2016-07-13,1407.4596
2016-07-14,1407.5607
2016-07-15,1407.6656
2016-07-18,1407.7973
2016-07-19,1407.8931
2016-07-20,1407.9826
2016-07-21,1408.0800
2016-07-22,1408.1786
2016-07-25,1408.3269
2016-07-26,1408.4234
2016-07-27,1408.5192
2016-07-28,1408.6147
2016-07-29,1408.7132
2016-08-01,1408.8440
2016-08-02,1408.9414
2016-08-03,1409.0336
2016-08-04,1409.1229
2016-08-05,1409.2224
2016-08-08,1409.3633
2016-08-09,1409.4529
2016-08-10,1409.5445
2016-08-11,1409.6362
2016-08-12,1409.7249
2016-08-15,1409.8663
2016-08-16,1409.9605
2016-08-17,1410.0602
2016-08-18,1410.1601
2016-08-19,1410.2550
2016-08-22,1410.3931
2016-08-23,1410.4894
2016-08-24,1410.5812
2016-08-25,1410.6756
2016-08-26,1410.7793
2016-08-29,1410.9201
2016-08-30,1411.0137
2016-08-31,1411.1021
2016-09-01,1411.1913
2016-09-02,1411.2849
2016-09-05,1411.4144
2016-09-06,1411.5105
2016-09-07,1411.5995
2016-09-08,1411.6821
2016-09-09,1411.7797
2016-09-12,1411.9180
2016-09-13,1412.0031
2016-09-14,1412.1006
2016-09-19,1412.2621
2016-09-20,1412.3583
2016-09-21,1412.4539
2016-09-22,1412.5524
2016-09-23,1412.6537
2016-09-26,1412.7924
2016-09-27,1412.8872
2016-09-28,1412.9939
2016-09-29,1413.0939
2016-09-30,1413.1893
2016-10-10,1413.4501
2016-10-11,1413.5427
2016-10-12,1413.6401
2016-10-13,1413.7309
2016-10-14,1413.8310
2016-10-17,1413.9636
2016-10-18,1414.0639
2016-10-19,1414.1525
2016-10-20,1414.2439
2016-10-21,1414.3436
2016-10-24,1414.4855
2016-10-25,1414.5706
2016-10-26,1414.6744
2016-10-27,1414.7675
2016-10-28,1414.8664
2016-10-31,1415.0000
2016-11-01,1415.0988
2016-11-02,1415.1927
2016-11-03,1415.2892
2016-11-04,1415.3853
2016-11-07,1415.5236
2016-11-08,1415.6175
2016-11-09,1415.7122
2016-11-10,1415.8047
2016-11-11,1415.8962
2016-11-14,1416.0377
2016-11-15,1416.1244
2016-11-16,1416.2181
2016-11-17,1416.3082
2016-11-18,1416.4027
2016-11-21,1416.5389
2016-11-22,1416.6344
2016-11-23,1416.7248
2016-11-24,1416.8153
2016-11-25,1416.9164
2016-11-28,1417.0439
2016-11-29,1417.1333
2016-11-30,1417.2304
2016-12-01,1417.3096
2016-12-02,1417.4017
2016-12-05,1417.5263
2016-12-06,1417.6175
2016-12-07,1417.7127
2016-12-08,1417.8055
2016-12-09,1417.8996
2016-12-12,1418.0251
2016-12-13,1418.1229
2016-12-14,1418.2089
2016-12-15,1418.2942
2016-12-16,1418.3955
2016-12-19,1418.5326
2016-12-20,1418.6287
2016-12-21,1418.7254
2016-12-22,1418.8282
2016-12-23,1418.9542
2016-12-26,1419.1222
2016-12-27,1419.2429
2016-12-28,1419.3637
2016-12-29,1419.4901
2016-12-30,1419.6284
2017-01-03,1419.8754
2017-01-04,1419.9842
2017-01-05,1420.0961
2017-01-06,1420.2185
2017-01-09,1420.3760
2017-01-10,1420.4908
2017-01-11,1420.6128
2017-01-12,1420.7313
2017-01-13,1420.8467
2017-01-16,1421.0145
2017-01-17,1421.1299
2017-01-18,1421.2499
2017-01-19,1421.3726
2017-01-20,1421.5020
2017-01-23,1421.6735
2017-01-24,1421.8040
2017-01-25,1421.9314
2017-01-26,1422.0580
2017-02-03,1423.0529
2017-02-06,1423.2259
2017-02-07,1423.3485
2017-02-08,1423.4614
2017-02-09,1423.5804
2017-02-10,1423.7041
2017-02-13,1423.8821
2017-02-14,1424.0072
2017-02-15,1424.1243
2017-02-16,1424.2468
2017-02-17,1424.3705
2017-02-20,1424.5473
2017-02-21,1424.6790
2017-02-22,1424.8085
2017-02-23,1424.9351
2017-02-24,1425.0674
2017-02-27,1425.2507
2017-02-28,1425.3783
2017-03-01,1425.5089
2017-03-02,1425.6374
2017-03-03,1425.7722
2017-03-06,1425.9590
2017-03-07,1426.0919
2017-03-08,1426.2195
2017-03-09,1426.3474
2017-03-10,1426.4774
2017-03-13,1426.6640
2017-03-14,1426.7985
2017-03-15,1426.9260
2017-03-16,1427.0551
2017-03-17,1427.1867
2017-03-20,1427.3634
2017-03-21,1427.4943
2017-03-22,1427.8125
2017-03-23,1427.9523
2017-03-24,1428.0961
2017-03-27,1428.3003
2017-03-28,1428.4443
2017-03-29,1428.6004
2017-03-30,1428.7519
2017-03-31,1428.9112
2017-04-05,1429.1704
2017-04-06,1429.3091
2017-04-07,1429.4549
2017-04-10,1429.6548
2017-04-11,1429.7935
2017-04-12,1429.9320
2017-04-13,1430.0686
2017-04-14,1430.2069
2017-04-17,1430.3933
2017-04-18,1430.5250
2017-04-19,1430.6617
2017-04-20,1430.7966
2017-04-21,1430.9389
2017-04-24,1431.0502
2017-04-25,1431.1887
2017-04-26,1431.3297
2017-04-27,1431.4717
2017-04-28,1431.6237
2017-05-02,1431.8587
2017-05-03,1431.9932
2017-05-04,1432.1385
2017-05-05,1432.2825
2017-05-08,1432.7059
2017-05-09,1432.8475
2017-05-10,1432.9859
2017-05-11,1433.1235
2017-05-12,1433.2665
2017-05-15,1433.4615
2017-05-16,1433.6014
2017-05-17,1433.7398
2017-05-18,1433.8637
2017-05-19,1434.0080
2017-05-22,1434.2113
2017-05-23,1434.3599
2017-05-24,1434.5017
2017-05-25,1434.6427
2017-05-26,1434.7906
2017-05-31,1435.0645
2017-06-01,1435.2060
2017-06-02,1435.3536
2017-06-05,1435.5558
2017-06-06,1435.7021
2017-06-07,1435.8483
2017-06-08,1435.9930
2017-06-09,1436.1443
2017-06-12,1436.3554
2017-06-13,1436.4972
2017-06-14,1436.6421
2017-06-15,1436.7937
2017-06-16,1436.9520
2017-06-19,1437.1711
2017-06-20,1437.3277
2017-06-21,1437.4862
2017-06-22,1437.6437
2017-06-23,1437.8085
2017-06-26,1438.0425
2017-06-27,1438.2152
2017-06-28,1438.3836
2017-06-29,1438.5506
2017-06-30,1438.7216
2017-07-03,1439.0509
2017-07-04,1439.2111
2017-07-05,1439.3694
2017-07-06,1439.5254
2017-07-07,1439.6798
2017-07-10,1439.9032
2017-07-11,1440.0508
2017-07-12,1440.2011
2017-07-13,1440.3523
2017-07-14,1440.5086
2017-07-17,1440.7333
2017-07-18,1440.8865
2017-07-19,1441.0399
2017-07-20,1441.1937
2017-07-21,1441.3485
2017-07-24,1441.5651
2017-07-25,1441.7217
2017-07-26,1441.8751
2017-07-27,1442.0279
2017-07-28,1442.1881
2017-07-31,1442.4506
2017-08-01,1442.6021
2017-08-02,1442.7548
2017-08-03,1442.9054
2017-08-04,1443.0565
2017-08-07,1443.2729
2017-08-08,1443.4220
2017-08-09,1443.5691
2017-08-10,1443.7114
2017-08-11,1443.8636
2017-08-14,1444.0773
2017-08-15,1444.2269
2017-08-16,1444.3754
2017-08-17,1444.5275
2017-08-18,1444.6795
2017-08-21,1444.9047
2017-08-22,1445.0561
2017-08-23,1445.2065
2017-08-24,1445.3550
2017-08-25,1445.5102
2017-08-28,1445.7428
2017-08-29,1445.8935
2017-08-30,1446.0457
2017-08-31,1446.1966
2017-09-01,1446.3553
2017-09-04,1446.5862
2017-09-05,1446.7405
2017-09-06,1446.8911
2017-09-07,1447.0405
2017-09-08,1447.1942
2017-09-11,1447.4182
2017-09-12,1447.5710
2017-09-13,1447.7251
2017-09-14,1447.8827
2017-09-15,1448.0419
2017-09-18,1448.2709
2017-09-19,1448.4256
2017-09-20,1448.5790
2017-09-21,1448.7348
2017-09-22,1448.8959
2017-09-25,1449.1273
2017-09-26,1449.2864
2017-09-27,1449.4411
2017-09-28,1449.5997
2017-09-29,1449.7694
2017-10-09,1450.2171
2017-10-10,1450.3779
2017-10-11,1450.5380
2017-10-12,1450.6917
2017-10-13,1450.8471
2017-10-16,1451.0707
2017-10-17,1451.2248
2017-10-18,1451.3768
2017-10-19,1451.5267
2017-10-20,1451.6797
2017-10-23,1451.9067
2017-10-24,1452.0594
2017-10-25,1452.2098
2017-10-26,1452.3614
2017-10-27,1452.5131
2017-10-30,1452.7325
2017-10-31,1452.8809
2017-11-01,1453.0294
2017-11-02,1453.1839
2017-11-03,1453.3382
2017-11-06,1453.5610
2017-11-07,1453.7144
2017-11-08,1453.8609
2017-11-09,1454.0084
2017-11-10,1454.1604
2017-11-13,1454.3874
2017-11-14,1454.5345
2017-11-15,1454.6835
2017-11-16,1454.8320
2017-11-17,1454.9862
2017-11-20,1455.2189
2017-11-21,1455.3830
2017-11-22,1455.5357
2017-11-23,1455.6904
2017-11-24,1455.8471
2017-11-27,1456.0800
2017-11-28,1456.2398
2017-11-29,1456.3966
2017-11-30,1456.5531
2017-12-01,1456.7111
2017-12-04,1456.9407
2017-12-05,1457.0961
2017-12-06,1457.2542
2017-12-07,1457.4109
2017-12-08,1457.5695
2017-12-11,1457.8096
2017-12-12,1457.9715
2017-12-13,1458.1318
2017-12-14,1458.2901
2017-12-15,1458.4520
2017-12-18,1458.6905
2017-12-19,1458.8543
2017-12-20,1459.0070
2017-12-21,1459.1688
2017-12-22,1459.3362
2017-12-25,1459.5835
2017-12-26,1459.7441
2017-12-27,1459.8093
2017-12-28,1459.9863
2017-12-29,1460.1725
2018-01-02,1460.6315
2018-01-03,1460.7889
2018-01-04,1460.9450
2018-01-05,1461.1187
2018-01-08,1461.3511
2018-01-09,1461.5227
2018-01-10,1461.6918
2018-01-11,1461.8564
2018-01-12,1462.0210
2018-01-15,1462.3011
2018-01-16,1462.4590
2018-01-17,1462.6221
2018-01-18,1462.7869
2018-01-19,1462.9542
2018-01-22,1463.1913
2018-01-23,1463.3548
2018-01-24,1463.5170
2018-01-25,1463.6813
2018-01-26,1463.8486
2018-01-29,1464.0844
2018-01-30,1464.2504
2018-01-31,1464.4019
2018-02-01,1464.5563
2018-02-02,1464.7208
2018-02-05,1465.1256
2018-02-06,1465.2888
2018-02-07,1465.4514
2018-02-08,1465.6174
2018-02-09,1465.7843
2018-02-12,1466.2008
2018-02-13,1466.3667
2018-02-14,1466.5362
2018-02-22,1467.0065
2018-02-23,1467.1715
2018-02-26,1467.4086
2018-02-27,1467.5689
2018-02-28,1467.7319
2018-03-01,1467.8959
2018-03-02,1468.0587
2018-03-05,1468.5269
2018-03-06,1468.6875
2018-03-07,1468.8461
2018-03-08,1469.0151
2018-03-09,1469.1829
2018-03-12,1469.6179
2018-03-13,1469.7715
2018-03-14,1469.9300
2018-03-15,1470.0888
2018-03-16,1470.2556
2018-03-19,1470.5025
2018-03-20,1470.6731
2018-03-21,1470.8364
2018-03-22,1471.0041
2018-03-23,1471.1682
2018-03-26,1471.4031
2018-03-27,1471.5766
2018-03-28,1471.7515
2018-03-29,1471.9341
2018-03-30,1472.1188
2018-04-02,1472.5710
2018-04-03,1472.7389
2018-04-04,1472.8996
2018-04-09,1473.6496
2018-04-10,1473.8078
2018-04-11,1473.9635
2018-04-12,1474.1150
2018-04-13,1474.2635
2018-04-16,1474.6579
2018-04-17,1474.8143
2018-04-18,1474.9600
2018-04-19,1475.1161
2018-04-20,1475.2758
2018-04-23,1475.5097
2018-04-24,1475.6699
2018-04-25,1475.8392
2018-04-26,1475.9976
2018-04-27,1476.1774
2018-05-02,1476.9455
2018-05-03,1477.1025
2018-05-04,1477.2627
2018-05-07,1477.7069
2018-05-08,1477.8620
2018-05-09,1478.0115
2018-05-10,1478.1573
2018-05-11,1478.3032
2018-05-14,1478.5308
2018-05-15,1478.6769
2018-05-16,1478.8119
2018-05-17,1478.9600
2018-05-18,1479.1115
2018-05-21,1479.3380
2018-05-22,1479.4872
2018-05-23,1479.6234
2018-05-24,1479.7665
2018-05-25,1479.9150
2018-05-28,1480.3405
2018-05-29,1480.4886
2018-05-30,1480.6388
2018-05-31,1480.7921
2018-06-01,1480.9498
2018-06-04,1481.4010
2018-06-05,1481.5571
2018-06-06,1481.7074
2018-06-07,1481.8567
2018-06-08,1482.0071
2018-06-11,1482.2380
2018-06-12,1482.3864
2018-06-13,1482.5310
2018-06-14,1482.6649
2018-06-15,1482.8188
2018-06-19,1483.0860
2018-06-20,1483.2321
2018-06-21,1483.3752
2018-06-22,1483.5288
2018-06-25,1483.9810
2018-06-26,1484.1424
2018-06-27,1484.3096
2018-06-28,1484.4771
2018-06-29,1484.6497
2018-07-02,1485.1210
2018-07-03,1485.2861
2018-07-04,1485.4418
2018-07-05,1485.5901
2018-07-06,1485.7330
2018-07-09,1486.1223
2018-07-10,1486.2670
2018-07-11,1486.4047
2018-07-12,1486.5441
2018-07-13,1486.6865
2018-07-16,1486.9545
2018-07-17,1487.0948
2018-07-18,1487.2335
2018-07-19,1487.3528
2018-07-20,1487.4928
2018-07-23,1487.7036
2018-07-24,1487.8476
2018-07-25,1487.9882
2018-07-26,1488.1262
2018-07-27,1488.2664
2018-07-30,1488.4631
2018-07-31,1488.6099
2018-08-01,1488.7448
2018-08-02,1488.8790
2018-08-03,1489.0249
2018-08-06,1489.2329
2018-08-07,1489.3786
2018-08-08,1489.5147
2018-08-09,1489.6504
2018-08-10,1489.7868
2018-08-13,1489.9819
2018-08-14,1490.1084
2018-08-15,1490.2342
2018-08-16,1490.3618
2018-08-17,1490.4938
2018-08-20,1490.8241
2018-08-21,1490.9464
2018-08-22,1491.0742
2018-08-23,1491.2032
2018-08-24,1491.3361
2018-08-27,1491.5307
2018-08-28,1491.6587
2018-08-29,1491.7882
2018-08-30,1491.9149
2018-08-31,1492.0453
2018-09-03,1492.2482
2018-09-04,1492.3720
2018-09-05,1492.5018
2018-09-06,1492.6107
2018-09-07,1492.7332
2018-09-10,1492.9242
2018-09-11,1493.0523
2018-09-12,1493.1678
2018-09-13,1493.2870
2018-09-14,1493.4036
2018-09-17,1493.5926
2018-09-18,1493.7111
2018-09-19,1493.8328
2018-09-20,1493.9492
2018-09-21,1494.0734
2018-09-25,1494.3160
2018-09-26,1494.4363
2018-09-27,1494.5567
2018-09-28,1494.6829
2018-10-08,1495.1396
2018-10-09,1495.2629
2018-10-10,1495.3805
2018-10-11,1495.4915
2018-10-12,1495.6087
2018-10-15,1495.9322
2018-10-16,1496.0524
2018-10-17,1496.1679
2018-10-18,1496.2771
2018-10-19,1496.3904
2018-10-22,1496.7054
2018-10-23,1496.8214
2018-10-24,1496.9321
2018-10-25,1497.0383
2018-10-26,1497.1519
2018-10-29,1497.3361
2018-10-30,1497.4449
2018-10-31,1497.5604
2018-11-01,1497.6675
2018-11-02,1497.7782
2018-11-05,1498.0483
2018-11-06,1498.1592
2018-11-07,1498.2685
2018-11-08,1498.3819
2018-11-09,1498.4928
2018-11-12,1498.7474
2018-11-13,1498.8566
2018-11-14,1498.9669
2018-11-15,1499.0739
2018-11-16,1499.1826
2018-11-19,1499.4567
2018-11-20,1499.5642
2018-11-21,1499.6745
2018-11-22,1499.7860
2018-11-23,1499.8978
2018-11-26,1500.2131
2018-11-27,1500.3278
2018-11-28,1500.4380
2018-11-29,1500.5494
2018-11-30,1500.6653
2018-12-03,1500.9940
2018-12-04,1501.1073
2018-12-05,1501.2185
2018-12-06,1501.3301
2018-12-07,1501.4436
2018-12-10,1501.7677
2018-12-11,1501.8812
2018-12-12,1501.9992
2018-12-13,1502.1105
2018-12-14,1502.2325
2018-12-17,1502.4198
2018-12-18,1502.5344
2018-12-19,1502.6472
2018-12-20,1502.7668
2018-12-21,1502.8992
2018-12-24,1503.1185
2018-12-25,1503.2487
2018-12-26,1503.3870
2018-12-27,1503.5229
2018-12-28,1503.6649
2019-01-02,1504.2409
2019-01-03,1504.3659
2019-01-04,1504.4927
2019-01-07,1504.8474
2019-01-08,1504.9672
2019-01-09,1505.0833
2019-01-10,1505.1964
2019-01-11,1505.3119
2019-01-14,1505.6291
2019-01-15,1505.7425
2019-01-16,1505.8560
2019-01-17,1505.9664
2019-01-18,1506.0868
2019-01-21,1506.2885
2019-01-22,1506.4044
2019-01-23,1506.5235
2019-01-24,1506.6377
2019-01-25,1506.7542
2019-01-28,1506.9619
2019-01-29,1507.0818
2019-01-30,1507.1975
2019-01-31,1507.3114
2019-02-01,1507.4312
2019-02-11,1507.9363
2019-02-12,1508.0502
2019-02-13,1508.1639
2019-02-14,1508.2733
2019-02-15,1508.3842
2019-02-18,1508.5530
2019-02-19,1508.6683
2019-02-20,1508.7771
2019-02-21,1508.8821
2019-02-22,1508.9923
2019-02-25,1509.1908
2019-02-26,1509.3038
2019-02-27,1509.4160
2019-02-28,1509.5240
2019-03-01,1509.6331
2019-03-04,1509.8241
2019-03-05,1509.9363
2019-03-06,1510.0433
2019-03-07,1510.1460
2019-03-08,1510.2505
2019-03-11,1510.4420
2019-03-12,1510.4425
2019-03-13,1510.5481
2019-03-14,1510.6539
2019-03-15,1510.7631
2019-03-18,1510.9562
2019-03-19,1511.0625
2019-03-20,1511.1662
2019-03-21,1511.2733
2019-03-22,1511.3850
2019-03-25,1511.5870
2019-03-26,1511.7012
2019-03-27,1511.8165
2019-03-28,1511.9308
2019-03-29,1512.0529
2019-04-01,1512.2402
2019-04-02,1512.3481
2019-04-03,1512.4481
2019-04-04,1512.5537
2019-04-08,1512.7816
2019-04-09,1512.8811
2019-04-10,1512.9786
2019-04-11,1513.0738
2019-04-12,1513.1769
2019-04-15,1513.3512
2019-04-16,1513.4557
2019-04-17,1513.5566
2019-04-18,1513.6584
2019-04-19,1513.7620
2019-04-22,1513.9422
2019-04-23,1514.0471
2019-04-24,1514.1478
2019-04-25,1514.2501
2019-04-26,1514.3520
2019-04-29,1514.5323
2019-04-30,1514.6406
2019-05-06,1514.9586
2019-05-07,1515.0611
2019-05-08,1515.1650
2019-05-09,1515.2648
2019-05-10,1515.3689
2019-05-13,1515.5656
2019-05-14,1515.6640
2019-05-15,1515.7594
2019-05-16,1515.8594
2019-05-17,1515.9584
2019-05-20,1516.2347
2019-05-21,1516.3353
2019-05-22,1516.4329
2019-05-23,1516.5363
2019-05-24,1516.6370
2019-05-27,1516.8166
2019-05-28,1516.9165
2019-05-29,1517.0130
2019-05-30,1517.1122
2019-05-31,1517.2121
2019-06-03,1517.4968
2019-06-04,1517.6003
2019-06-05,1517.7009
2019-06-06,1517.7977
2019-06-10,1518.0188
2019-06-11,1518.1139
2019-06-12,1518.2103
2019-06-13,1518.3092
2019-06-14,1518.4111
2019-06-17,1518.6455
2019-06-18,1518.7489
2019-06-19,1518.8517
2019-06-20,1518.9577
2019-06-21,1519.0632
2019-06-24,1519.3736
2019-06-25,1519.4818
2019-06-26,1519.5857
2019-06-27,1519.6910
2019-06-28,1519.7978
2019-07-01,1520.0982
2019-07-02,1520.1972
2019-07-03,1520.2986
2019-07-04,1520.3957
2019-07-05,1520.4921
2019-07-08,1520.7696
2019-07-09,1520.8637
2019-07-10,1520.9550
2019-07-11,1521.0499
2019-07-12,1521.1454
2019-07-15,1521.4225
2019-07-16,1521.5195
2019-07-17,1521.6175
2019-07-18,1521.7147
2019-07-19,1521.8154
2019-07-22,1522.1027
2019-07-23,1522.2031
2019-07-24,1522.3015
2019-07-25,1522.3979
2019-07-26,1522.4989
2019-07-29,1522.7823
2019-07-30,1522.8799
2019-07-31,1522.9761
2019-08-01,1523.0727
2019-08-02,1523.1724
2019-08-05,1523.4490
2019-08-06,1523.5482
2019-08-07,1523.6497
2019-08-08,1523.7435
2019-08-09,1523.8385
2019-08-12,1524.1145
2019-08-13,1524.2092
2019-08-14,1524.3024
2019-08-15,1524.3978
2019-08-16,1524.4977
2019-08-19,1524.7819
2019-08-20,1524.8842
2019-08-21,1524.9817
2019-08-22,1525.0836
2019-08-23,1525.1857
2019-08-26,1525.4690
2019-08-27,1525.5657
2019-08-28,1525.6607
2019-08-29,1525.7554
2019-08-30,1525.8565
2019-09-02,1526.1387
2019-09-03,1526.2370
2019-09-04,1526.3338
2019-09-05,1526.4307
2019-09-06,1526.5338
2019-09-09,1526.8202
2019-09-10,1526.9196
2019-09-11,1527.0202
2019-09-12,1527.1203
2019-09-16,1527.4397
2019-09-17,1527.5373
2019-09-18,1527.6373
2019-09-19,1527.7414
2019-09-20,1527.8436
2019-09-23,1528.1307
2019-09-24,1528.2332
2019-09-25,1528.3394
2019-09-26,1528.4460
2019-09-27,1528.5534
2019-09-30,1528.8472
2019-10-08,1529.6105
2019-10-09,1529.7105
2019-10-10,1529.8085
2019-10-11,1529.9093
2019-10-14,1530.2010
2019-10-15,1530.3032
2019-10-16,1530.3998
2019-10-17,1530.4991
2019-10-18,1530.6003
2019-10-21,1530.8842
2019-10-22,1530.9846
2019-10-23,1531.0802
2019-10-24,1531.1778
2019-10-25,1531.2834
2019-10-28,1531.5721
2019-10-29,1531.6694
2019-10-30,1531.7650
2019-10-31,1531.8615
2019-11-01,1531.9614
2019-11-04,1532.2481
2019-11-05,1532.3453
2019-11-06,1532.4426
2019-11-07,1532.5413
2019-11-08,1532.6429
2019-11-11,1532.9208
2019-11-12,1533.0177
2019-11-13,1533.1125
2019-11-14,1533.2094
2019-11-15,1533.3093
2019-11-18,1533.5980
2019-11-19,1533.6991
2019-11-20,1533.8005
2019-11-21,1533.9022
2019-11-22,1534.0096
2019-11-25,1534.3060
2019-11-26,1534.4130
2019-11-27,1534.5111
2019-11-28,1534.6145
2019-11-29,1534.7164
2019-12-02,1535.0175
2019-12-03,1535.1195
2019-12-04,1535.2195
2019-12-05,1535.3231
2019-12-06,1535.4243
2019-12-09,1535.7189
2019-12-10,1535.8219
2019-12-11,1535.9268
2019-12-12,1536.0279
2019-12-13,1536.1384
2019-12-16,1536.4399
2019-12-17,1536.5443
2019-12-18,1536.6495
2019-12-19,1536.7545
2019-12-20,1536.8709
2019-12-23,1537.1914
2019-12-24,1537.3043
2019-12-25,1537.4206
2019-12-26,1537.5334
2019-12-27,1537.6523
2019-12-30,1537.9805
2019-12-31,1538.0933
2020-01-02,1538.3112
2020-01-03,1538.4230
2020-01-06,1538.7358
2020-01-07,1538.8417
2020-01-08,1538.9486
2020-01-09,1539.0546
2020-01-10,1539.1638
2020-01-13,1539.4694
2020-01-14,1539.5749
2020-01-15,1539.6787
2020-01-16,1539.7902
2020-01-17,1539.9044
2020-01-20,1540.2185
2020-01-21,1540.3254
2020-01-22,1540.4346
2020-01-23,1540.5422
2020-02-03,1541.6706
2020-02-04,1541.7771
2020-02-05,1541.8840
2020-02-06,1541.9909
2020-02-07,1542.0947
2020-02-10,1542.3998
2020-02-11,1542.5061
2020-02-12,1542.6086
2020-02-13,1542.7099
2020-02-14,1542.8155
2020-02-17,1543.1145
2020-02-18,1543.2181
2020-02-19,1543.3185
2020-02-20,1543.4206
2020-02-21,1543.5256
2020-02-24,1543.7890
2020-02-25,1543.8905
2020-02-26,1543.9889
2020-02-27,1544.0888
2020-02-28,1544.1901
2020-03-02,1544.3741
2020-03-03,1544.4723
2020-03-04,1544.5687
2020-03-05,1544.6724
2020-03-06,1544.7722
2020-03-09,1545.0024
2020-03-10,1545.0986
2020-03-11,1545.1971
2020-03-12,1545.2891
2020-03-13,1545.3873
2020-03-16,1545.6583
2020-03-17,1545.7545
2020-03-18,1545.8461
2020-03-19,1545.9382
2020-03-20,1546.0292
2020-03-23,1546.2854
2020-03-24,1546.3734
2020-03-25,1546.4713
2020-03-26,1546.5608
2020-03-27,1546.6508
2020-03-30,1546.8903
2020-03-31,1546.9790
2020-04-01,1547.0671
2020-04-02,1547.1505
2020-04-03,1547.2364
2020-04-07,1547.5560
2020-04-08,1547.6498
2020-04-09,1547.7481
2020-04-10,1547.8324
2020-04-13,1548.0503
2020-04-14,1548.1319
2020-04-15,1548.2094
2020-04-16,1548.2888
2020-04-17,1548.3737
2020-04-20,1548.5897
2020-04-21,1548.6664
2020-04-22,1548.7381
2020-04-23,1548.8081
2020-04-24,1548.8845
2020-04-27,1549.0808
2020-04-28,1549.1561
2020-04-29,1549.2344
2020-04-30,1549.3070
2020-05-06,1549.6969
2020-05-07,1549.7645
2020-05-08,1549.8331
2020-05-11,1550.0335
2020-05-12,1550.1072
2020-05-13,1550.1784
2020-05-14,1550.2440
2020-05-15,1550.3133
2020-05-18,1550.5074
2020-05-19,1550.5783
2020-05-20,1550.6452
2020-05-21,1550.7162
2020-05-22,1550.7852
2020-05-25,1550.9706
2020-05-26,1551.0333
2020-05-27,1551.0979
2020-05-28,1551.1620
2020-05-29,1551.2286
2020-06-01,1551.4181
2020-06-02,1551.4806
2020-06-03,1551.5400
2020-06-04,1551.6008
2020-06-05,1551.6637
2020-06-08,1551.8380
2020-06-09,1551.8982
2020-06-10,1551.9619
2020-06-11,1552.0261
2020-06-12,1552.0980
2020-06-15,1552.2869
2020-06-16,1552.3504
2020-06-17,1552.4167
2020-06-18,1552.4803
2020-06-19,1552.5505
2020-06-22,1552.7512
2020-06-23,1552.8186
2020-06-24,1552.8956
2020-06-29,1553.2541
2020-06-30,1553.3371
2020-07-01,1553.4206
2020-07-02,1553.4943
2020-07-03,1553.5734
2020-07-06,1553.7837
2020-07-07,1553.8533
2020-07-08,1553.9180
2020-07-09,1553.9822
2020-07-10,1554.0496
2020-07-13,1554.2447
2020-07-14,1554.3115
2020-07-15,1554.3790
2020-07-16,1554.4458
2020-07-17,1554.5144
2020-07-20,1554.7164
2020-07-21,1554.7914
2020-07-22,1554.8595
2020-07-23,1554.9269
2020-07-24,1554.9994
2020-07-27,1555.2014
2020-07-28,1555.2696
2020-07-29,1555.3415
2020-07-30,1555.4121
2020-07-31,1555.4828
2020-08-03,1555.6957
2020-08-04,1555.7695
2020-08-05,1555.8411
2020-08-06,1555.9126
2020-08-07,1555.9846
2020-08-10,1556.1924
2020-08-11,1556.2657
2020-08-12,1556.3383
2020-08-13,1556.4096
2020-08-14,1556.4849
2020-08-17,1556.7018
2020-08-18,1556.7781
2020-08-19,1556.8525
2020-08-20,1556.9263
2020-08-21,1557.0040
2020-08-24,1557.2316
2020-08-25,1557.3115
2020-08-26,1557.3891
2020-08-27,1557.4661
2020-08-28,1557.5476
2020-08-31,1557.7806
2020-09-01,1557.8581
2020-09-02,1557.9345
2020-09-03,1558.0114
2020-09-04,1558.0922
2020-09-07,1558.3219
2020-09-08,1558.4033
2020-09-09,1558.4840
2020-09-10,1558.5640
2020-09-11,1558.6476
2020-09-14,1558.8860
2020-09-15,1558.9667
2020-09-16,1559.0541
2020-09-17,1559.1379
2020-09-18,1559.2272
2020-09-21,1559.4763
2020-09-22,1559.5849
2020-09-23,1559.6798
2020-09-24,1559.7696
2020-09-25,1559.8731
2020-09-28,1560.1492
2020-09-29,1560.2482
2020-09-30,1560.3536
2020-10-09,1561.1965
2020-10-12,1561.4789
2020-10-13,1561.5721
2020-10-14,1561.6618
2020-10-15,1561.7499
2020-10-16,1561.8439
2020-10-19,1562.1041
2020-10-20,1562.1925
2020-10-21,1562.2825
2020-10-22,1562.3698
2020-10-23,1562.4623
2020-10-26,1562.7275
2020-10-27,1562.8213
2020-10-28,1562.9153
2020-10-29,1563.0090
2020-10-30,1563.1101
2020-11-02,1563.3982
2020-11-03,1563.4931
2020-11-04,1563.5863
2020-11-05,1563.6790
2020-11-06,1563.7704
2020-11-09,1564.0405
2020-11-10,1564.1305
2020-11-11,1564.2207
2020-11-12,1564.3124
2020-11-13,1564.4129
2020-11-16,1564.6954
2020-11-17,1564.7929
2020-11-18,1564.8884
2020-11-19,1564.9831
2020-11-20,1565.0846
2020-11-23,1565.3656
2020-11-24,1565.4633
2020-11-25,1565.5603
2020-11-26,1565.6596
2020-11-27,1565.7653
2020-11-30,1566.0679
2020-12-01,1566.1738
2020-12-02,1566.2732
2020-12-03,1566.3734
2020-12-04,1566.5016
2020-12-07,1566.7911
2020-12-08,1566.8977
2020-12-09,1567.0020
2020-12-10,1567.1032
2020-12-11,1567.2142
2020-12-14,1567.5145
2020-12-15,1567.6294
2020-12-16,1567.7378
2020-12-17,1567.8395
2020-12-18,1567.9483
2020-12-21,1568.2519
2020-12-22,1568.3658
2020-12-23,1568.4763
2020-12-24,1568.5855
2020-12-25,1568.7051
2020-12-28,1568.9114
2020-12-29,1569.0329
2020-12-30,1569.1509
2020-12-31,1569.2720
2021-01-04,1569.7108
2021-01-05,1569.8210
2021-01-06,1569.9284
2021-01-07,1570.0315
2021-01-08,1570.1336
2021-01-11,1570.4228
2021-01-12,1570.5224
2021-01-13,1570.6219
2021-01-14,1570.7187
2021-01-15,1570.8177
2021-01-18,1571.0988
2021-01-19,1571.2000
2021-01-20,1571.2989
2021-01-21,1571.3968
2021-01-22,1571.5025
2021-01-25,1571.7992
2021-01-26,1571.9014
2021-01-27,1572.0024
2021-01-28,1572.1052
2021-01-29,1572.2146
2021-02-01,1572.5448
2021-02-02,1572.6560
2021-02-03,1572.7629
2021-02-04,1572.8673
2021-02-05,1572.9731
2021-02-08,1573.2753
2021-02-09,1573.3869
2021-02-10,1573.4936
2021-02-18,1574.2773
2021-02-19,1574.3797
2021-02-22,1574.6646
2021-02-23,1574.7622
2021-02-24,1574.8645
2021-02-25,1574.9664
2021-02-26,1575.0665
2021-03-01,1575.2483
2021-03-02,1575.3456
2021-03-03,1575.4412
2021-03-04,1575.5378
2021-03-05,1575.6333
2021-03-08,1575.9059
2021-03-09,1576.0043
2021-03-10,1576.0986
2021-03-11,1576.1951
2021-03-12,1576.2909
2021-03-15,1576.5671
2021-03-16,1576.6611
2021-03-17,1576.7565
2021-03-18,1576.8515
2021-03-19,1576.9500
2021-03-22,1577.2349
2021-03-23,1577.3337
2021-03-24,1577.4308
2021-03-25,1577.5274
2021-03-26,1577.6267
2021-03-29,1577.9105
2021-03-30,1578.0108
2021-03-31,1578.1121
2021-04-01,1578.2098
2021-04-02,1578.3062
2021-04-06,1578.6749
2021-04-07,1578.7673
2021-04-08,1578.8577
2021-04-09,1578.9553
2021-04-12,1579.2202
2021-04-13,1579.3116
2021-04-14,1579.4043
2021-04-15,1579.4941
2021-04-16,1579.5862
2021-04-19,1579.8565
2021-04-20,1579.9521
2021-04-21,1580.0457
2021-04-22,1580.1375
2021-04-23,1580.2353
2021-04-26,1580.4688
2021-04-27,1580.5690
2021-04-28,1580.6662
2021-04-29,1580.7611
2021-04-30,1580.8621
2021-05-06,1581.3988
2021-05-07,1581.4939
2021-05-10,1581.7628
2021-05-11,1581.8515
2021-05-12,1581.9436
2021-05-13,1582.0331
2021-05-14,1582.1259
2021-05-17,1582.3882
2021-05-18,1582.4769
2021-05-19,1582.5686
2021-05-20,1582.6589
2021-05-21,1582.7509
2021-05-24,1583.0205
2021-05-25,1583.1145
2021-05-26,1583.2054
2021-05-27,1583.2949
2021-05-28,1583.3908
2021-05-31,1583.6595
2021-06-01,1583.7539
2021-06-02,1583.8453
2021-06-03,1583.9358
2021-06-04,1584.0261
2021-06-07,1584.2923
2021-06-08,1584.3863
2021-06-09,1584.4754
2021-06-10,1584.5665
2021-06-11,1584.6587
2021-06-15,1585.0077
2021-06-16,1585.0969
2021-06-17,1585.1860
2021-06-18,1585.2801
2021-06-21,1585.5425
2021-06-22,1585.6393
2021-06-23,1585.7334
2021-06-24,1585.8325
2021-06-25,1585.9338
2021-06-28,1586.2793
2021-06-29,1586.3784
2021-06-30,1586.4782
2021-07-01,1586.5782
2021-07-02,1586.6788
2021-07-05,1586.9575
2021-07-06,1587.0462
2021-07-07,1587.1346
2021-07-08,1587.2215
2021-07-09,1587.3132
2021-07-12,1587.5704
2021-07-13,1587.6625
2021-07-14,1587.7527
2021-07-15,1587.8433
2021-07-16,1587.9402
2021-07-19,1588.1997
2021-07-20,1588.2898
2021-07-21,1588.3799
2021-07-22,1588.4689
2021-07-23,1588.5661
2021-07-26,1588.8249
2021-07-27,1588.9168
2021-07-28,1589.0074
2021-07-29,1589.0971
2021-07-30,1589.1946
2021-08-02,1589.4604
2021-08-03,1589.5512
2021-08-04,1589.6420
2021-08-05,1589.7288
2021-08-06,1589.8171
2021-08-09,1590.0698
2021-08-10,1590.1575
2021-08-11,1590.2424
2021-08-12,1590.3294
2021-08-13,1590.4193
2021-08-16,1590.6760
2021-08-17,1590.7640
2021-08-18,1590.8494
2021-08-19,1590.9359
2021-08-20,1591.0266
2021-08-23,1591.2842
2021-08-24,1591.3732
2021-08-25,1591.4639
2021-08-26,1591.5523
2021-08-27,1591.6426
2021-08-30,1591.9048
2021-08-31,1592.0000
2021-09-01,1592.0899
2021-09-02,1592.1791
2021-09-03,1592.2723
2021-09-06,1592.5264
2021-09-07,1592.6150
2021-09-08,1592.7023
2021-09-09,1592.7879
2021-09-10,1592.8832
2021-09-13,1593.1394
2021-09-14,1593.2302
2021-09-15,1593.3204
2021-09-16,1593.4057
2021-09-17,1593.5042
2021-09-22,1593.9437
2021-09-23,1594.0368
2021-09-24,1594.1306
2021-09-27,1594.4005
2021-09-28,1594.4963
2021-09-29,1594.5954
2021-09-30,1594.7042
2021-10-08,1595.4629
2021-10-11,1595.7450
2021-10-12,1595.8389
2021-10-13,1595.9328
2021-10-14,1596.0237
2021-10-15,1596.1181
2021-10-18,1596.3778
2021-10-19,1596.4679
2021-10-20,1596.5609
2021-10-21,1596.6484
2021-10-22,1596.7398
2021-10-25,1597.0000
2021-10-26,1597.0942
2021-10-27,1597.1841
2021-10-28,1597.2770
2021-10-29,1597.3730
2021-11-01,1597.6424
2021-11-02,1597.7296
2021-11-03,1597.8198
2021-11-04,1597.9084
2021-11-05,1598.0007
2021-11-08,1598.2610
2021-11-09,1598.3495
2021-11-10,1598.4367
2021-11-11,1598.5239
2021-11-12,1598.6177
2021-11-15,1598.8798
2021-11-16,1598.9686
2021-11-17,1599.0596
2021-11-18,1599.1492
2021-11-19,1599.2454
2021-11-22,1599.5148
2021-11-23,1599.6080
2021-11-24,1599.6996
2021-11-25,1599.7910
2021-11-26,1599.8904
2021-11-29,1600.1607
2021-11-30,1600.2564
2021-12-01,1600.3522
2021-12-02,1600.4429
2021-12-03,1600.5361
2021-12-06,1600.8125
2021-12-07,1600.9113
2021-12-08,1601.0029
2021-12-09,1601.0922
2021-12-10,1601.1884
2021-12-13,1601.4611
2021-12-14,1601.5614
2021-12-15,1601.6558
2021-12-16,1601.7505
2021-12-17,1601.8500
2021-12-20,1602.1315
2021-12-21,1602.2245
2021-12-22,1602.3265
2021-12-23,1602.4231
2021-12-24,1602.5339
2021-12-27,1602.8288
2021-12-28,1602.9346
2021-12-29,1603.0457
2021-12-30,1603.1604
2021-12-31,1603.2755
2022-01-04,1603.7016
2022-01-05,1603.8049
2022-01-06,1603.9010
2022-01-07,1603.9966
2022-01-10,1604.2694
2022-01-11,1604.3611
2022-01-12,1604.4498
2022-01-13,1604.5395
2022-01-14,1604.6349
2022-01-17,1604.9023
2022-01-18,1604.9979
2022-01-19,1605.0905
2022-01-20,1605.1829
2022-01-21,1605.2851
2022-01-24,1605.5620
2022-01-25,1605.6616
2022-01-26,1605.7561
2022-01-27,1605.8556
2022-01-28,1605.9568
2022-02-07,1606.8597
2022-02-08,1606.9507
2022-02-09,1607.0408
2022-02-10,1607.1285
2022-02-11,1607.2176
2022-02-14,1607.4769
2022-02-15,1607.5639
2022-02-16,1607.6486
2022-02-17,1607.7333
2022-02-18,1607.8215
2022-02-21,1608.0749
2022-02-22,1608.1648
2022-02-23,1608.2523
2022-02-24,1608.3395
2022-02-25,1608.4331
2022-02-28,1608.6963
2022-03-01,1608.7887
2022-03-02,1608.8771
2022-03-03,1608.9618
2022-03-04,1609.0484
2022-03-07,1609.3016
2022-03-08,1609.3900
2022-03-09,1609.4780
2022-03-10,1609.5638
2022-03-11,1609.6519
2022-03-14,1609.9057
2022-03-15,1610.0012
2022-03-16,1610.0895
2022-03-17,1610.1756
2022-03-18,1610.2671
2022-03-21,1610.5288
2022-03-22,1610.6183
2022-03-23,1610.7090
2022-03-24,1610.8004
2022-03-25,1610.8971
2022-03-28,1611.1599
2022-03-29,1611.2580
2022-03-30,1611.3541
2022-03-31,1611.4520
2022-04-01,1611.5519
2022-04-06,1612.0102
2022-04-07,1612.0968
2022-04-08,1612.1854
2022-04-11,1612.4376
2022-04-12,1612.5257
2022-04-13,1612.6108
2022-04-14,1612.6939
2022-04-15,1612.7802
2022-04-18,1613.0217
2022-04-19,1613.1046
2022-04-20,1613.1901
2022-04-21,1613.2713
2022-04-22,1613.3616
2022-04-25,1613.6058
2022-04-26,1613.6891
2022-04-27,1613.7729
2022-04-28,1613.8550
2022-04-29,1613.9492
2022-05-05,1614.4220
2022-05-06,1614.5030
2022-05-09,1614.7342
2022-05-10,1614.8178
2022-05-11,1614.8948
2022-05-12,1614.9721
2022-05-13,1615.0552
2022-05-16,1615.2808
2022-05-17,1615.3618
2022-05-18,1615.4391
2022-05-19,1615.5143
2022-05-20,1615.5935
2022-05-23,1615.8149
2022-05-24,1615.8927
2022-05-25,1615.9710
2022-05-26,1616.0466
2022-05-27,1616.1298
2022-05-30,1616.3551
2022-05-31,1616.4374
2022-06-01,1616.5131
2022-06-02,1616.5915
2022-06-06,1616.8777
2022-06-07,1616.9545
2022-06-08,1617.0287
2022-06-09,1617.1084
2022-06-10,1617.1839
2022-06-13,1617.3983
2022-06-14,1617.4762
2022-06-15,1617.5536
2022-06-16,1617.6309
2022-06-17,1617.7116
2022-06-20,1617.9344
2022-06-21,1618.0136
2022-06-22,1618.0903
2022-06-23,1618.0917
2022-06-24,1618.1791
2022-06-27,1618.4063
2022-06-28,1618.4908
2022-06-29,1618.5715
2022-06-30,1618.6632
2022-07-01,1618.7467
2022-07-04,1618.9807
2022-07-05,1619.0554
2022-07-06,1619.1298
2022-07-07,1619.2041
2022-07-08,1619.2774
2022-07-11,1619.4860
2022-07-12,1619.5596
2022-07-13,1619.6318
2022-07-14,1619.7065
2022-07-15,1619.7814
2022-07-18,1619.9886
2022-07-19,1620.0649
2022-07-20,1620.1352
2022-07-21,1620.2076
2022-07-22,1620.2818
2022-07-25,1620.4867
2022-07-26,1620.5596
2022-07-27,1620.6331
2022-07-28,1620.7073
2022-07-29,1620.7837
2022-08-01,1620.9865
2022-08-02,1621.0574
2022-08-03,1621.1279
2022-08-04,1621.2033
2022-08-05,1621.2723
2022-08-08,1621.4689
2022-08-09,1621.5370
2022-08-10,1621.6043
2022-08-11,1621.6715
2022-08-12,1621.7406
2022-08-15,1621.9336
2022-08-16,1622.0003
2022-08-17,1622.0697
2022-08-18,1622.1392
2022-08-19,1622.2084
2022-08-22,1622.3997
2022-08-23,1622.4656
2022-08-24,1622.5339
2022-08-25,1622.6003
2022-08-26,1622.6701
2022-08-29,1622.8648
2022-08-30,1622.9392
2022-08-31,1623.0175
2022-09-01,1623.0879
2022-09-02,1623.1573
2022-09-05,1623.3534
2022-09-06,1623.4212
2022-09-07,1623.4886
2022-09-08,1623.5547
2022-09-09,1623.6219
2022-09-13,1623.8737
2022-09-14,1623.9407
2022-09-15,1624.0051
2022-09-16,1624.0800
2022-09-19,1624.2704
2022-09-20,1624.3421
2022-09-21,1624.4129
2022-09-22,1624.4815
2022-09-23,1624.5626
2022-09-26,1624.7631
2022-09-27,1624.8393
2022-09-28,1624.9147
2022-09-29,1624.9919
2022-09-30,1625.0738
2022-10-10,1625.8057
2022-10-11,1625.8803
2022-10-12,1625.9478
2022-10-13,1626.0135
2022-10-14,1626.0847
2022-10-17,1626.2751
2022-10-18,1626.3402
2022-10-19,1626.4049
2022-10-20,1626.4698
2022-10-21,1626.5412
2022-10-24,1626.7269
2022-10-25,1626.7948
2022-10-26,1626.8666
2022-10-27,1626.9389
2022-10-28,1627.0147
2022-10-31,1627.2147
2022-11-01,1627.2825
2022-11-02,1627.3467
2022-11-03,1627.4107
2022-11-04,1627.4746
2022-11-07,1627.6589
2022-11-08,1627.7221
2022-11-09,1627.7839
2022-11-10,1627.8460
2022-11-11,1627.9153
2022-11-14,1628.1041
2022-11-15,1628.1676
2022-11-16,1628.2292
2022-11-17,1628.2931
2022-11-18,1628.3608
2022-11-21,1628.5595
2022-11-22,1628.6278
2022-11-23,1628.6983
2022-11-24,1628.7711
2022-11-25,1628.8465
2022-11-28,1629.0532
2022-11-29,1629.1214
2022-11-30,1629.1952
2022-12-01,1629.2655
2022-12-02,1629.3375
2022-12-05,1629.5431
2022-12-06,1629.6132
2022-12-07,1629.6805
2022-12-08,1629.7500
2022-12-09,1629.8235
2022-12-12,1630.0243
2022-12-13,1630.0958
2022-12-14,1630.1693
2022-12-15,1630.2454
2022-12-16,1630.3243
2022-12-19,1630.5439
2022-12-20,1630.6223
2022-12-21,1630.7006
2022-12-22,1630.7886
2022-12-23,1630.8781
2022-12-26,1631.1340
2022-12-27,1631.2303
2022-12-28,1631.3281
2022-12-29,1631.4259
2022-12-30,1631.5304
2023-01-03,1631.9103
2023-01-04,1632.0037
2023-01-05,1632.0887
2023-01-06,1632.1750
2023-01-09,1632.4218
2023-01-10,1632.5025
2023-01-11,1632.5831
2023-01-12,1632.6650
2023-01-13,1632.7488
2023-01-16,1632.9957
2023-01-17,1633.0808
2023-01-18,1633.1701
2023-01-19,1633.2596
2023-01-20,1633.3538
2023-01-30,1634.1946
2023-01-31,1634.2790
2023-02-01,1634.3639
2023-02-02,1634.4454
2023-02-03,1634.5277
2023-02-06,1634.7662
2023-02-07,1634.8463
2023-02-08,1634.9278
2023-02-09,1635.0092
2023-02-10,1635.0944
2023-02-13,1635.3366
2023-02-14,1635.4188
2023-02-15,1635.5003
2023-02-16,1635.5814
2023-02-17,1635.6663
2023-02-20,1635.9097
2023-02-21,1635.9911
2023-02-22,1636.0738
2023-02-23,1636.1589
2023-02-24,1636.2459
2023-02-27,1636.4983
2023-02-28,1636.5878
2023-03-01,1636.6775
2023-03-02,1636.7608
2023-03-03,1636.8467
2023-03-06,1637.0994
2023-03-07,1637.1814
2023-03-08,1637.2650
2023-03-09,1637.3472
2023-03-10,1637.4329
2023-03-13,1637.6813
2023-03-14,1637.7679
2023-03-15,1637.8520
2023-03-16,1637.9429
2023-03-17,1638.0308
2023-03-20,1638.2911
2023-03-21,1638.3789
2023-03-22,1638.4656
2023-03-23,1638.5610
2023-03-24,1638.6533
2023-03-27,1638.9243
2023-03-28,1639.0220
2023-03-29,1639.1181
2023-03-30,1639.2197
2023-03-31,1639.3367
2023-04-03,1639.6384
2023-04-04,1639.7360
2023-04-06,1639.9233
2023-04-07,1640.0126
2023-04-10,1640.2722
2023-04-11,1640.3615
2023-04-12,1640.4517
2023-04-13,1640.5398
2023-04-14,1640.6282
2023-04-17,1640.8824
2023-04-18,1640.9700
2023-04-19,1641.0555
2023-04-20,1641.1426
2023-04-21,1641.2344
2023-04-24,1641.4909
2023-04-25,1641.5807
2023-04-26,1641.6732
2023-04-27,1641.7666
2023-04-28,1641.8697
2023-05-04,1642.3945
2023-05-05,1642.4814
2023-05-08,1642.7373
2023-05-09,1642.8253
2023-05-10,1642.9130
2023-05-11,1643.0006
2023-05-12,1643.0873
2023-05-15,1643.3354
2023-05-16,1643.4196
2023-05-17,1643.5041
2023-05-18,1643.5910
2023-05-19,1643.6771
2023-05-22,1643.9293
2023-05-23,1644.0156
2023-05-24,1644.1006
2023-05-25,1644.1883
2023-05-26,1644.2769
2023-05-29,1644.5288
2023-05-30,1644.6151
2023-05-31,1644.7062
2023-06-01,1644.7956
2023-06-02,1644.8816
2023-06-05,1645.1306
2023-06-06,1645.2151
2023-06-07,1645.3026
2023-06-08,1645.3901
2023-06-09,1645.4777
2023-06-12,1645.7238
2023-06-13,1645.8095
2023-06-14,1645.8926
2023-06-15,1645.9811
2023-06-16,1646.0667
2023-06-19,1646.3108
2023-06-20,1646.3973
2023-06-21,1646.4861
2023-06-26,1646.9020
2023-06-27,1646.9897
2023-06-28,1647.0857
2023-06-29,1647.1795
2023-06-30,1647.2878
2023-07-03,1647.5661
2023-07-04,1647.6549
2023-07-05,1647.7422
2023-07-06,1647.8268
2023-07-07,1647.9121
2023-07-10,1648.1558
2023-07-11,1648.2364
2023-07-12,1648.3185
2023-07-13,1648.3972
2023-07-14,1648.4778
2023-07-17,1648.7132
2023-07-18,1648.7934
2023-07-19,1648.8742
2023-07-20,1648.9550
2023-07-21,1649.0369
2023-07-24,1649.2686
2023-07-25,1649.3471
2023-07-26,1649.4265
2023-07-27,1649.5062
2023-07-28,1649.5943
2023-07-31,1649.8310
2023-08-01,1649.9129
2023-08-02,1649.9922
2023-08-03,1650.0702
2023-08-04,1650.1507
2023-08-07,1650.3818
2023-08-08,1650.4578
2023-08-09,1650.5334
2023-08-10,1650.6102
2023-08-11,1650.6905
2023-08-14,1650.9150
2023-08-15,1650.9903
2023-08-16,1651.0676
2023-08-17,1651.1464
2023-08-18,1651.2255
2023-08-21,1651.4531
2023-08-22,1651.5312
2023-08-23,1651.6087
2023-08-24,1651.6876
2023-08-25,1651.7669
2023-08-28,1651.9962
2023-08-29,1652.0752
2023-08-30,1652.1560
2023-08-31,1652.2424
2023-09-01,1652.3285
2023-09-04,1652.5672
2023-09-05,1652.6461
2023-09-06,1652.7253
2023-09-07,1652.8028
2023-09-08,1652.8819
2023-09-11,1653.1095
2023-09-12,1653.1879
2023-09-13,1653.2696
2023-09-14,1653.3516
2023-09-15,1653.4340
2023-09-18,1653.6729
2023-09-19,1653.7537
2023-09-20,1653.8342
2023-09-21,1653.9197
2023-09-22,1654.0115
2023-09-25,1654.2604
2023-09-26,1654.3466
2023-09-27,1654.4392
2023-09-28,1654.5401
2023-10-09,1655.5308
2023-10-10,1655.6206
2023-10-11,1655.7022
2023-10-12,1655.7816
2023-10-13,1655.8643
2023-10-16,1656.1033
2023-10-17,1656.1829
2023-10-18,1656.2626
2023-10-19,1656.3413
2023-10-20,1656.4250
2023-10-23,1656.6750
2023-10-24,1656.7615
2023-10-25,1656.8490
2023-10-26,1656.9338
2023-10-27,1657.0206
2023-10-30,1657.2748
2023-10-31,1657.3636
2023-11-01,1657.4496
2023-11-02,1657.5326
2023-11-03,1657.6194
2023-11-06,1657.8689
2023-11-07,1657.9509
2023-11-08,1658.0318
2023-11-09,1658.1130
2023-11-10,1658.1949
2023-11-13,1658.4358
2023-11-14,1658.5170
2023-11-15,1658.5985
2023-11-16,1658.6811
2023-11-17,1658.7672
2023-11-20,1659.0181
2023-11-21,1659.1045
2023-11-22,1659.1890
2023-11-23,1659.2744
2023-11-24,1659.3650
2023-11-27,1659.6213
2023-11-28,1659.7105
2023-11-29,1659.7994
2023-11-30,1659.8937
2023-12-01,1659.9906
2023-12-04,1660.2652
2023-12-05,1660.3541
2023-12-06,1660.4403
2023-12-07,1660.5271
2023-12-08,1660.6173
2023-12-11,1660.8817
2023-12-12,1660.9773
2023-12-13,1661.0681
2023-12-14,1661.1582
2023-12-15,1661.2605
2023-12-18,1661.5484
2023-12-19,1661.6417
2023-12-20,1661.7384
2023-12-21,1661.8370
2023-12-22,1661.9378
2023-12-25,1662.2294
2023-12-26,1662.3425
2023-12-27,1662.4560
2023-12-28,1662.5688
2023-12-29,1662.6869
2024-01-02,1663.1142
2024-01-03,1663.2164
2024-01-04,1663.3121
2024-01-05,1663.4092
2024-01-08,1663.6865
2024-01-09,1663.7798
2024-01-10,1663.8724
2024-01-11,1663.9670
2024-01-12,1664.0605
2024-01-15,1664.3300
2024-01-16,1664.4225
2024-01-17,1664.5141
2024-01-18,1664.6065
2024-01-19,1664.7032
2024-01-22,1664.9751
2024-01-23,1665.0678
2024-01-24,1665.1594
2024-01-25,1665.2528
2024-01-26,1665.3538
2024-01-29,1665.6338
2024-01-30,1665.7319
2024-01-31,1665.8313
2024-02-01,1665.9311
2024-02-02,1666.0276
2024-02-05,1666.3070
2024-02-06,1666.4009
2024-02-07,1666.4937
2024-02-08,1666.5867
2024-02-19,1667.5600
2024-02-20,1667.6499
2024-02-21,1667.7409
2024-02-22,1667.8336
2024-02-23,1667.9274
2024-02-26,1668.1871
2024-02-27,1668.2786
2024-02-28,1668.3695
2024-02-29,1668.4614
2024-03-01,1668.5532
2024-03-04,1668.8160
2024-03-05,1668.9072
2024-03-06,1668.9939
2024-03-07,1669.0789
2024-03-08,1669.1722
2024-03-11,1669.4292
2024-03-12,1669.5217
2024-03-13,1669.6066
2024-03-14,1669.6892
2024-03-15,1669.7841
2024-03-18,1670.0423
2024-03-19,1670.1304
2024-03-20,1670.2175
2024-03-21,1670.3045
2024-03-22,1670.3978
2024-03-25,1670.6647
2024-03-26,1670.7524
2024-03-27,1670.8433
2024-03-28,1670.9354
2024-03-29,1671.0356
2024-04-01,1671.2976
2024-04-02,1671.3883
2024-04-03,1671.4737
2024-04-08,1671.8835
2024-04-09,1671.9714
2024-04-10,1672.0553
2024-04-11,1672.1360
2024-04-12,1672.2223
2024-04-15,1672.4648
2024-04-16,1672.5498
2024-04-17,1672.6342
2024-04-18,1672.7154
2024-04-19,1672.7985
2024-04-22,1673.0365
2024-04-23,1673.1230
2024-04-24,1673.2041
2024-04-25,1673.2855
2024-04-26,1673.3706
2024-04-29,1673.6028
2024-04-30,1673.6884
2024-05-06,1674.1472
2024-05-07,1674.2271
2024-05-08,1674.3054
2024-05-09,1674.3828
2024-05-10,1674.4597
2024-05-13,1674.6861
2024-05-14,1674.7641
2024-05-15,1674.8420
2024-05-16,1674.9181
2024-05-17,1674.9960
2024-05-20,1675.2208
2024-05-21,1675.2982
2024-05-22,1675.3747
2024-05-23,1675.4501
2024-05-24,1675.5285
2024-05-27,1675.7537
2024-05-28,1675.8287
2024-05-29,1675.9046
2024-05-30,1675.9813
2024-05-31,1676.0613
2024-06-03,1676.2845
2024-06-04,1676.3643
2024-06-05,1676.4411
2024-06-06,1676.5154
2024-06-07,1676.5998
2024-06-11,1676.8990
2024-06-12,1676.9736
2024-06-13,1677.0536
2024-06-14,1677.1320
2024-06-17,1677.3524
2024-06-18,1677.4358
2024-06-19,1677.5168
2024-06-20,1677.5952
2024-06-21,1677.6759
2024-06-24,1677.8989
2024-06-25,1677.9828
2024-06-26,1678.0617
2024-06-27,1678.1404
2024-06-28,1678.2243
2024-07-01,1678.4461
2024-07-02,1678.5216
2024-07-03,1678.5945
2024-07-04,1678.6655
2024-07-05,1678.7380
2024-07-08,1678.9457
2024-07-09,1679.0168
2024-07-10,1679.0878
2024-07-11,1679.1590
2024-07-12,1679.2303
2024-07-15,1679.4367
2024-07-16,1679.5077
2024-07-17,1679.5798
2024-07-18,1679.6508
2024-07-19,1679.7232
2024-07-22,1679.9336
2024-07-23,1680.0043
2024-07-24,1680.0743
2024-07-25,1680.1480
2024-07-26,1680.2213
2024-07-29,1680.4301
2024-07-30,1680.5029
2024-07-31,1680.5740
2024-08-01,1680.6464
2024-08-02,1680.7194
2024-08-05,1680.9250
2024-08-06,1680.9954
2024-08-07,1681.0634
2024-08-08,1681.1322
2024-08-09,1681.2058
2024-08-12,1681.4092
2024-08-13,1681.4816
2024-08-14,1681.5510
2024-08-15,1681.6214
2024-08-16,1681.6938
2024-08-19,1681.8988
2024-08-20,1681.9731
2024-08-21,1682.0406
2024-08-22,1682.1094
2024-08-23,1682.1826
2024-08-26,1682.3869
2024-08-27,1682.4587
2024-08-28,1682.5273
2024-08-29,1682.5964
2024-08-30,1682.6715
2024-09-02,1682.8775
2024-09-03,1682.9507
2024-09-04,1683.0201
2024-09-05,1683.0886
2024-09-06,1683.1609
2024-09-09,1683.3652
2024-09-10,1683.4379
2024-09-11,1683.5072
2024-09-12,1683.5779
2024-09-13,1683.6553
2024-09-18,1683.9987
2024-09-19,1684.0785
2024-09-20,1684.1581
2024-09-23,1684.3652
2024-09-24,1684.4427
2024-09-25,1684.5216
2024-09-26,1684.5957
2024-09-27,1684.6753
2024-09-30,1684.8924
2024-10-08,1685.4559
2024-10-09,1685.5258
2024-10-10,1685.5968
2024-10-11,1685.6692
2024-10-14,1685.8793
2024-10-15,1685.9525
2024-10-16,1686.0229
2024-10-17,1686.0934
2024-10-18,1686.1640
2024-10-21,1686.3655
2024-10-22,1686.4360
2024-10-23,1686.5063
2024-10-24,1686.5760
2024-10-25,1686.6464
2024-10-28,1686.8474
2024-10-29,1686.9192
2024-10-30,1686.9873
2024-10-31,1687.0612
2024-11-01,1687.1312
2024-11-04,1687.3328
2024-11-05,1687.4035
2024-11-06,1687.4714
2024-11-07,1687.5400
2024-11-08,1687.6079
2024-11-11,1687.8079
2024-11-12,1687.8793
2024-11-13,1687.9481
2024-11-14,1688.0170
2024-11-15,1688.0868
2024-11-18,1688.2875
2024-11-19,1688.3569
2024-11-20,1688.4247
2024-11-21,1688.4936
2024-11-22,1688.5640
2024-11-25,1688.7659
2024-11-26,1688.8352
2024-11-27,1688.9046
2024-11-28,1688.9757
2024-11-29,1689.0498
2024-12-02,1689.2534
2024-12-03,1689.3280
2024-12-04,1689.4001
2024-12-05,1689.4715
2024-12-06,1689.5471
2024-12-09,1689.7509
2024-12-10,1689.8262
2024-12-11,1689.8967
2024-12-12,1689.9692
2024-12-13,1690.0440
2024-12-16,1690.2542
2024-12-17,1690.3288
2024-12-18,1690.3989
2024-12-19,1690.4754
2024-12-20,1690.5518
2024-12-23,1690.7636
2024-12-24,1690.8381
2024-12-25,1690.9097
2024-12-26,1690.9838
2024-12-27,1691.0631
2024-12-30,1691.2700
2024-12-31,1691.3400
2025-01-02,1691.4761
2025-01-03,1691.5449
2025-01-06,1691.7397
2025-01-07,1691.8033
2025-01-08,1691.8665
2025-01-09,1691.9328
2025-01-10,1691.9960
2025-01-13,1692.1807
2025-01-14,1692.2477
2025-01-15,1692.3131
2025-01-16,1692.3862
2025-01-17,1692.4601
2025-01-20,1692.6701
2025-01-21,1692.7450
2025-01-22,1692.8161
2025-01-23,1692.8861
2025-01-24,1692.9570
2025-01-27,1693.1781
2025-02-05,1693.8091
2025-02-06,1693.8791
2025-02-07,1693.9446
2025-02-10,1694.1344
2025-02-11,1694.1983
2025-02-12,1694.2628
2025-02-13,1694.3287
2025-02-14,1694.3923
2025-02-17,1694.5788
2025-02-18,1694.6467
2025-02-19,1694.7113
2025-02-20,1694.7798
2025-02-21,1694.8483
2025-02-24,1695.0460
2025-02-25,1695.1120
2025-02-26,1695.1785
2025-02-27,1695.2464
2025-02-28,1695.3144
2025-03-03,1695.5147
2025-03-04,1695.5813
2025-03-05,1695.6454
2025-03-06,1695.7125
2025-03-07,1695.7744
2025-03-10,1695.9634
2025-03-11,1696.0279
2025-03-12,1696.0911
2025-03-13,1696.1588
2025-03-14,1696.2276
2025-03-17,1696.4189
2025-03-18,1696.4880
2025-03-19,1696.5538
2025-03-20,1696.6246
2025-03-21,1696.6946
2025-03-24,1696.8909
2025-03-25,1696.9642
2025-03-26,1697.0315
2025-03-27,1697.1012
2025-03-28,1697.1713
2025-03-31,1697.3726
2025-04-01,1697.4418
2025-04-02,1697.5111
2025-04-03,1697.5784
2025-04-07,1697.8397
2025-04-08,1697.9055
2025-04-09,1697.9715
2025-04-10,1698.0384
2025-04-11,1698.1040
2025-04-14,1698.2916
2025-04-15,1698.3567
2025-04-16,1698.4204
2025-04-17,1698.4854
2025-04-18,1698.5497
2025-04-21,1698.7367
2025-04-22,1698.8027
2025-04-23,1698.8659
2025-04-24,1698.9341
2025-04-25,1698.9979
2025-04-28,1699.1861
2025-04-29,1699.2513
2025-04-30,1699.3164
2025-05-06,1699.6865
2025-05-07,1699.7502
2025-05-08,1699.8153
2025-05-09,1699.8779
2025-05-12,1700.0602
2025-05-13,1700.1250
2025-05-14,1700.1889
2025-05-15,1700.2520
2025-05-16,1700.3132
2025-05-19,1700.4897
2025-05-20,1700.5549
2025-05-21,1700.6166
2025-05-22,1700.6817
2025-05-23,1700.7431
2025-05-26,1700.9190
2025-05-27,1700.9824
2025-05-28,1701.0447
2025-05-29,1701.1053
2025-05-30,1701.1706
2025-06-03,1701.4092
2025-06-04,1701.4709
2025-06-05,1701.5328
2025-06-06,1701.5934
2025-06-09,1701.7702
2025-06-10,1701.8340
2025-06-11,1701.8943
2025-06-12,1701.9555
2025-06-13,1702.0181
2025-06-16,1702.1958
2025-06-17,1702.2625
2025-06-18,1702.3228
2025-06-19,1702.3868
2025-06-20,1702.4534
2025-06-23,1702.6328
2025-06-24,1702.7003
2025-06-25,1702.7618
2025-06-26,1702.8248
2025-06-27,1702.8873
2025-06-30,1703.0657
2025-07-01,1703.1274
2025-07-02,1703.1877
2025-07-03,1703.2478
2025-07-04,1703.3065
2025-07-07,1703.4755
2025-07-08,1703.5331
2025-07-09,1703.5909
2025-07-10,1703.6494
2025-07-11,1703.7072
2025-07-14,1703.8713
2025-07-15,1703.9285
2025-07-16,1703.9856
2025-07-17,1704.0440
2025-07-18,1704.1028
2025-07-21,1704.2681
2025-07-22,1704.3255
2025-07-23,1704.3806
2025-07-24,1704.4391
2025-07-25,1704.4965
2025-07-28,1704.6632
2025-07-29,1704.7190
2025-07-30,1704.7754
2025-07-31,1704.8356
2025-08-01,1704.8922
2025-08-04,1705.0577
2025-08-05,1705.1160
2025-08-06,1705.1711
2025-08-07,1705.2297
2025-08-08,1705.2856
2025-08-11,1705.4468
2025-08-12,1705.5037
2025-08-13,1705.5589
2025-08-14,1705.6166
2025-08-15,1705.6737
2025-08-18,1705.8333
2025-08-19,1705.8899
2025-08-20,1705.9469
2025-08-21,1706.0033
2025-08-22,1706.0592
2025-08-25,1706.2201
2025-08-26,1706.2765
2025-08-27,1706.3317
2025-08-28,1706.3879
2025-08-29,1706.4449
2025-09-01,1706.6076
2025-09-02,1706.6627
2025-09-03,1706.7180
2025-09-04,1706.7732
2025-09-05,1706.8295
2025-09-08,1706.9916
2025-09-09,1707.0471
2025-09-10,1707.1012
2025-09-11,1707.1561
2025-09-12,1707.2128
2025-09-15,1707.3749
2025-09-16,1707.4306
2025-09-17,1707.4851
2025-09-18,1707.5416
2025-09-19,1707.6027
2025-09-22,1707.7703
2025-09-23,1707.8290
2025-09-24,1707.8855
2025-09-25,1707.9439
2025-09-26,1708.0031
2025-09-29,1708.1706
2025-09-30,1708.2304
2025-10-09,1708.7314
2025-10-10,1708.7869
2025-10-13,1708.9503
2025-10-14,1709.0070
2025-10-15,1709.0614
2025-10-16,1709.1174
2025-10-17,1709.1725
2025-10-20,1709.3364
2025-10-21,1709.3914
2025-10-22,1709.4453
2025-10-23,1709.5011
2025-10-24,1709.5563
2025-10-27,1709.7153
2025-10-28,1709.7713
2025-10-29,1709.8260
2025-10-30,1709.8822
2025-10-31,1709.9366
2025-11-03,1710.0987
2025-11-04,1710.1534
2025-11-05,1710.2068
2025-11-06,1710.2623
2025-11-07,1710.3189
2025-11-10,1710.4787
2025-11-11,1710.5357
2025-11-12,1710.5907
2025-11-13,1710.6466
2025-11-14,1710.7038
2025-11-17,1710.8629
2025-11-18,1710.9217
2025-11-19,1710.9755
2025-11-20,1711.0326
2025-11-21,1711.0894
2025-11-24,1711.2500
2025-11-25,1711.3058
2025-11-26,1711.3604
2025-11-27,1711.4152
2025-11-28,1711.4727
2025-12-01,1711.6348
2025-12-02,1711.6898
2025-12-03,1711.7435
2025-12-04,1711.7979
2025-12-05,1711.8555
2025-12-08,1712.0205
2025-12-09,1712.0777
2025-12-10,1712.1330
2025-12-11,1712.1879
2025-12-12,1712.2483
2025-12-15,1712.4159
2025-12-16,1712.4743
2025-12-17,1712.5306
2025-12-18,1712.5863
2025-12-19,1712.6500
2025-12-22,1712.8176
2025-12-23,1712.8798
2025-12-24,1712.9365
2025-12-25,1712.9957
2025-12-26,1713.0563
2025-12-29,1713.2250
2025-12-30,1713.2862
2025-12-31,1713.3457
2026-01-05,1713.6300
2026-01-06,1713.6869
2026-01-07,1713.7440
2026-01-08,1713.8012
2026-01-09,1713.8583
2026-01-12,1714.0219
2026-01-13,1714.0769
2026-01-14,1714.1310
2026-01-15,1714.1885
2026-01-16,1714.2467
2026-01-19,1714.4092
2026-01-20,1714.4642
2026-01-21,1714.5188
2026-01-22,1714.5743
2026-01-23,1714.6325
2026-01-26,1714.7960
2026-01-27,1714.8513
2026-01-28,1714.9061
2026-01-29,1714.9622
2026-01-30,1715.0182
2026-02-02,1715.1811
2026-02-03,1715.2378
2026-02-04,1715.2929
2026-02-05,1715.3498
2026-02-06,1715.4070
2026-02-09,1715.5711
2026-02-10,1715.6282
2026-02-11,1715.6840
2026-02-12,1715.7405
2026-02-13,1715.7988
2026-02-24,1716.3937
2026-02-25,1716.4496
2026-02-26,1716.5050
2026-02-27,1716.5614
2026-03-02,1716.7246
2026-03-03,1716.7817
2026-03-04,1716.8369
2026-03-05,1716.8930
2026-03-06,1716.9499
2026-03-09,1717.1113
2026-03-10,1717.1702
2026-03-11,1717.2244
2026-03-12,1717.2793
2026-03-13,1717.3384
2026-03-16,1717.5036
2026-03-17,1717.5624
2026-03-18,1717.6172
2026-03-19,1717.6734
2026-03-20,1717.7323
2026-03-23,1717.9005
2026-03-24,1717.9599
2026-03-25,1718.0161
2026-03-26,1718.0737
2026-03-27,1718.1331
2026-03-30,1718.2992
2026-03-31,1718.3556
2026-04-01,1718.4105
2026-04-02,1718.4649
2026-04-03,1718.5201
2026-04-07,1718.7296
2026-04-08,1718.7838
2026-04-09,1718.8376
2026-04-10,1718.8935
2026-04-13,1719.0534
2026-04-14,1719.1075
2026-04-15,1719.1609
2026-04-16,1719.2144
2026-04-17,1719.2710
2026-04-20,1719.4257
2026-04-21,1719.4795
2026-04-22,1719.5336
2026-04-23,1719.5869
2026-04-24,1719.6439
2026-04-27,1719.7973
2026-04-28,1719.8511
2026-04-29,1719.9048
2026-04-30,1719.9611
2026-05-06,1720.2619
2026-05-07,1720.3166
2026-05-08,1720.3682
2026-05-11,1720.5173
2026-05-12,1720.5678
2026-05-13,1720.6210
2026-05-14,1720.6751
2026-05-15,1720.7271
2026-05-18,1720.8780
2026-05-19,1720.9296
2026-05-20,1720.9824
2026-05-21,1721.0362
2026-05-22,1721.0906
2026-05-25,1721.2425
2026-05-26,1721.2943
2026-05-27,1721.3465
2026-05-28,1721.3987
2026-05-29,1721.4505
2026-06-01,1721.6030
2026-06-02,1721.6533
2026-06-03,1721.7044
2026-06-04,1721.7568
2026-06-05,1721.8118
2026-06-08,1721.9597
2026-06-09,1722.0116
2026-06-10,1722.0620
2026-06-11,1722.1170
2026-06-12,1722.1706
2026-06-15,1722.3205
2026-06-16,1722.3734
2026-06-17,1722.4252
2026-06-18,1722.4795
2026-06-22,1722.6816
2026-06-23,1722.7344
2026-06-24,1722.7887
2026-06-25,1722.8434
2026-06-26,1722.8982
2026-06-29,1723.0498
2026-06-30,1723.1025
2026-07-01,1723.1538
2026-07-02,1723.2043
2026-07-03,1723.2552
2026-07-06,1723.4017
2026-07-07,1723.4518
2026-07-08,1723.5017
2026-07-09,1723.5514
2026-07-10,1723.6017
2026-07-13,1723.7480
2026-07-14,1723.7972
2026-07-15,1723.8460
2026-07-16,1723.8959
2026-07-17,1723.9453
2026-07-20,1724.0934
2026-07-21,1724.1430
2026-07-22,1724.1920
2026-07-23,1724.2418
2026-07-24,1724.2918
2026-07-27,1724.4380
2026-07-28,1724.4883
2026-07-29,1724.5372
2026-07-30,1724.5860
2026-07-31,1724.6348
2026-08-03,1724.7808
2026-08-04,1724.8300
2026-08-05,1724.8788
2026-08-06,1724.9287
2026-08-07,1724.9797
2026-08-10,1725.1235
2026-08-11,1725.1719
2026-08-12,1725.2202
2026-08-13,1725.2688
2026-08-14,1725.3189
2026-08-17,1725.4641
2026-08-18,1725.5142
2026-08-19,1725.5621
2026-08-20,1725.6106
2026-08-21,1725.6611
2026-08-24,1725.8069
2026-08-25,1725.8589
2026-08-26,1725.9077
2026-08-27,1725.9563
2026-08-28,1726.0096
2026-08-31,1726.1550
2026-09-01,1726.2035
2026-09-02,1726.2512
2026-09-03,1726.2991
2026-09-04,1726.3488
2026-09-07,1726.4932
2026-09-08,1726.5435
2026-09-09,1726.5930
2026-09-10,1726.6419
2026-09-11,1726.6936
2026-09-14,1726.8402
2026-09-15,1726.8900
2026-09-16,1726.9405
2026-09-17,1726.9902
2026-09-18,1727.0416
2026-09-21,1727.1917
2026-09-22,1727.2455
2026-09-23,1727.2965
2026-09-24,1727.3506
