date,close
1999-01-04,551.4077
1999-01-08,558.2623
1999-01-11,558.2623
1999-01-15,559.9004
1999-01-18,559.9004
1999-01-22,568.4473
1999-01-25,568.4473
1999-01-29,558.8862
1999-02-01,558.8862
1999-02-05,546.8285
1999-02-08,546.8285
1999-03-05,553.7203
1999-03-08,553.7203
1999-03-12,560.1933
1999-03-15,560.1933
1999-03-19,566.7758
1999-03-22,566.7758
1999-03-26,568.7556
1999-03-29,568.7556
1999-03-31,563.6131
1999-04-01,563.6131
1999-04-02,566.8752
1999-04-05,566.8752
1999-04-09,568.7007
1999-04-12,568.7007
1999-04-16,563.4796
1999-04-19,563.4796
1999-04-23,561.6326
1999-04-26,561.6326
1999-04-30,559.9311
1999-05-04,559.9311
1999-05-07,563.4867
1999-05-10,563.4867
1999-05-14,547.3790
1999-05-17,547.3790
1999-05-21,572.9214
1999-05-24,572.9214
1999-05-28,609.6399
1999-05-31,609.6399
1999-06-04,617.2961
1999-06-07,617.2961
1999-06-11,649.1297
1999-06-14,649.1297
1999-06-18,707.2957
1999-06-21,707.2957
1999-06-25,789.6433
1999-06-28,789.6433
1999-06-30,814.9182
1999-07-01,814.9182
1999-07-02,777.9157
1999-07-05,777.9157
1999-07-09,778.6174
1999-07-12,778.6174
1999-07-16,764.9814
1999-07-19,764.9814
1999-07-23,802.1857
1999-07-26,802.1857
1999-07-30,807.9565
1999-08-02,807.9565
1999-08-06,813.5229
1999-08-09,813.5229
1999-08-13,786.7087
1999-08-16,786.7087
1999-08-20,805.9294
1999-08-23,805.9294
1999-08-27,801.9138
1999-08-30,801.9138
1999-09-03,787.2562
1999-09-06,787.2562
1999-09-10,830.4779
1999-09-13,830.4779
1999-09-17,813.8786
1999-09-20,813.8786
1999-09-24,806.5713
1999-09-27,806.5713
1999-09-30,798.9881
1999-10-08,786.3803
1999-10-11,786.3803
1999-10-15,780.2957
1999-10-18,780.2957
1999-10-22,762.6740
1999-10-25,762.6740
1999-10-29,762.1065
1999-11-01,762.1065
1999-11-05,749.8444
1999-11-08,749.8444
1999-11-12,761.8931
1999-11-15,761.8931
1999-11-19,765.8668
1999-11-22,765.8668
1999-11-26,755.1796
1999-11-29,755.1796
1999-12-03,749.8372
1999-12-06,749.8372
1999-12-10,750.9146
1999-12-13,750.9146
1999-12-17,753.6354
1999-12-21,753.6354
1999-12-24,735.5066
1999-12-27,735.5066
2000-01-07,786.0199
2000-01-10,786.0199
2000-01-14,756.4918
2000-01-17,756.4918
2000-01-21,797.6709
2000-01-24,797.6709
2000-01-28,847.0169
2000-02-14,847.0169
2000-02-18,895.5552
2000-02-21,895.5552
2000-02-25,902.7362
2000-02-28,902.7362
2000-03-03,945.6932
2000-03-06,945.6932
2000-03-10,935.4683
2000-03-13,935.4683
2000-03-17,908.2109
2000-03-20,908.2109
2000-03-24,953.2995
2000-03-27,953.2995
2000-03-31,948.5117
2000-04-03,948.5117
2000-04-07,945.1121
2000-04-10,945.1121
2000-04-14,938.1790
2000-04-17,938.1790
2000-04-21,937.7056
2000-04-24,937.7056
2000-04-28,950.2459
2000-05-08,950.2459
2000-05-12,923.6625
2000-05-15,923.6625
2000-05-19,939.4114
2000-05-22,939.4114
2000-05-26,975.2532
2000-05-29,975.2532
2000-06-02,984.3953
2000-06-05,984.3953
2000-06-09,990.7712
2000-06-12,990.7712
2000-06-16,974.5664
2000-06-19,974.5664
2000-06-23,989.8023
2000-06-26,989.8023
2000-06-30,992.8643
2000-07-03,992.8643
2000-07-07,984.3569
2000-07-10,984.3569
2000-07-14,1010.7991
2000-07-17,1010.7991
2000-07-21,1009.5704
2000-07-24,1009.5704
2000-07-28,1021.9913
2000-07-31,1021.9913
2000-08-04,1038.8637
2000-08-07,1038.8637
2000-08-11,1060.4342
2000-08-14,1060.4342
2000-08-18,1052.2824
2000-08-21,1052.2824
2000-08-25,1043.4108
2000-08-28,1043.4108
2000-09-01,1020.1752
2000-09-04,1020.1752
2000-09-08,1005.8289
2000-09-11,1005.8289
2000-09-15,1009.6250
2000-09-18,1009.6250
2000-09-22,984.0648
2000-09-25,984.0648
2000-09-29,992.7968
2000-10-09,992.7968
2000-10-13,987.4673
2000-10-16,987.4673
2000-10-20,1000.0463
2000-10-23,1000.0463
2000-10-27,1005.2406
2000-10-30,1005.2406
2000-11-03,1013.9849
2000-11-06,1013.9849
2000-11-10,1040.1417
2000-11-13,1040.1417
2000-11-17,1052.3781
2000-11-20,1052.3781
2000-11-24,1044.4340
2000-11-27,1044.4340
2000-12-01,1041.6910
2000-12-04,1041.6910
2000-12-08,1037.3358
2000-12-11,1037.3358
2000-12-15,1039.0718
2000-12-18,1039.0718
2000-12-22,1053.8456
2000-12-25,1053.8456
2000-12-29,1059.8609
2001-01-02,1059.8609
2001-01-05,1076.7375
2001-01-08,1076.7375
2001-01-12,1057.0126
2001-01-15,1057.0126
2001-01-19,1042.6177
2001-02-05,1042.6177
2001-02-09,989.5196
2001-02-12,989.5196
2001-02-16,983.8548
2001-02-19,983.8548
2001-02-23,986.6613
2001-02-26,986.6613
2001-03-02,1001.9268
2001-03-05,1001.9268
2001-03-09,1011.3654
2001-03-12,1011.3654
2001-03-16,1012.7440
2001-03-19,1012.7440
2001-03-23,1027.4468
2001-03-26,1027.4468
2001-03-30,1038.8258
2001-04-02,1038.8258
2001-04-06,1041.9629
2001-04-09,1041.9629
2001-04-13,1065.6584
2001-04-16,1065.6584
2001-04-20,1079.2191
2001-04-23,1079.2191
2001-04-27,1056.0900
2001-04-30,1056.0900
2001-05-11,1062.0129
2001-05-14,1062.0129
2001-05-18,1086.1153
2001-05-21,1086.1153
2001-05-25,1073.3391
2001-05-28,1073.3391
2001-06-01,1078.3317
2001-06-04,1078.3317
2001-06-08,1077.2546
2001-06-11,1077.2546
2001-06-15,1073.5973
2001-06-18,1073.5973
2001-06-22,1072.7459
2001-06-25,1072.7459
2001-06-29,1076.6000
2001-07-02,1076.6000
2001-07-06,1064.5415
2001-07-09,1064.5415
2001-07-13,1062.5585
2001-07-16,1062.5585
2001-07-20,1061.8124
2001-07-23,1061.8124
2001-07-27,1028.1316
2001-07-30,1028.1316
2001-08-03,992.7956
2001-08-06,992.7956
2001-08-10,992.4956
2001-08-13,992.4956
2001-08-17,985.3460
2001-08-20,985.3460
2001-08-24,984.7342
2001-08-27,984.7342
2001-08-31,971.4331
2001-09-03,971.4331
2001-09-05,971.7011
2001-09-06,971.7011
2001-09-07,974.3582
2001-09-10,974.2891
2001-09-11,974.3775
2001-09-12,974.3775
2001-09-14,977.3327
2001-09-17,977.3327
2001-09-21,974.8862
2001-09-24,974.8862
2001-09-28,965.1188
2001-10-08,965.1188
2001-10-12,935.4107
2001-10-15,935.4107
2001-10-18,933.4045
2001-10-19,907.2594
2001-10-22,907.2594
2001-10-26,932.5127
2001-10-29,932.5127
2001-11-02,938.5375
2001-11-05,938.5375
2001-11-09,920.4047
2001-11-12,920.4047
2001-11-16,935.4793
2001-11-19,935.4793
2001-11-23,944.7612
2001-11-26,944.7612
2001-11-29,944.7593
2001-11-30,951.3840
2001-12-03,951.3840
2001-12-07,954.6521
2001-12-10,954.6190
2001-12-11,954.4587
2001-12-12,954.4114
2001-12-13,954.3225
2001-12-14,935.0374
2001-12-17,934.9926
2001-12-18,935.0824
2001-12-19,935.0329
2001-12-20,934.8556
2001-12-21,923.8449
2001-12-24,923.7237
2001-12-25,923.9151
2001-12-26,924.0379
2001-12-27,924.0491
2001-12-28,928.0649
2001-12-31,933.3200
2002-01-04,925.5231
2002-01-07,925.4513
2002-01-08,925.4380
2002-01-09,925.3850
2002-01-10,925.4457
2002-01-11,906.1956
2002-01-14,905.9927
2002-01-15,905.9196
2002-01-16,906.0677
2002-01-17,905.8754
2002-01-18,873.1613
2002-01-21,873.0313
2002-01-22,873.0405
2002-01-23,873.5168
2002-01-24,873.5615
2002-01-25,894.1080
2002-01-28,893.6289
2002-01-29,893.8403
2002-01-30,893.8734
2002-01-31,894.3818
2002-02-01,907.0572
2002-02-04,907.2009
2002-02-05,907.2009
2002-02-06,907.0905
2002-02-07,907.2601
2002-02-08,914.2375
2002-02-25,914.4486
2002-02-26,914.4751
2002-02-27,914.4787
2002-02-28,914.3532
2002-03-01,910.7756
2002-03-04,911.0023
2002-03-05,911.3586
2002-03-06,911.4129
2002-03-07,911.7820
2002-03-08,940.9948
2002-03-11,941.2039
2002-03-12,940.9349
2002-03-13,940.7363
2002-03-14,941.1637
2002-03-15,946.0686
2002-03-18,946.1085
2002-03-19,946.5940
2002-03-20,946.7462
2002-03-21,946.7820
2002-03-22,951.6081
2002-03-25,951.6224
2002-03-26,951.3670
2002-03-27,951.4447
2002-03-28,951.4285
2002-03-29,937.4386
2002-04-01,937.4798
2002-04-02,937.2631
2002-04-03,937.3493
2002-04-04,937.7965
2002-04-05,942.2596
2002-04-08,942.3294
2002-04-09,942.9079
2002-04-10,943.1047
2002-04-11,942.8396
2002-04-12,951.7736
2002-04-15,951.6752
2002-04-16,951.5981
2002-04-17,951.6609
2002-04-18,951.4975
2002-04-19,939.2277
2002-04-22,939.1119
2002-04-23,939.0610
2002-04-24,938.8889
2002-04-25,938.9383
2002-04-26,947.0780
2002-04-29,947.3575
2002-04-30,956.9618
2002-05-08,956.8249
2002-05-09,956.8108
2002-05-10,948.7182
2002-05-13,948.4718
2002-05-14,948.4598
2002-05-15,948.3517
2002-05-16,947.9558
2002-05-17,923.9502
2002-05-20,923.6701
2002-05-21,924.1365
2002-05-22,923.9799
2002-05-23,924.0568
2002-05-24,923.6187
2002-05-27,923.6990
2002-05-28,923.7931
2002-05-29,923.4426
2002-05-30,923.4575
2002-05-31,916.6328
2002-06-03,916.2634
2002-06-04,916.3392
2002-06-05,916.0701
2002-06-06,916.8320
2002-06-07,922.3134
2002-06-10,922.2148
2002-06-11,922.3371
2002-06-12,922.2219
2002-06-13,922.0512
2002-06-14,912.9231
2002-06-17,912.9015
2002-06-18,913.2441
2002-06-19,913.0120
2002-06-20,913.1154
2002-06-21,930.7365
2002-06-24,932.5141
2002-06-25,932.5090
2002-06-26,932.6765
2002-06-27,932.7514
2002-06-28,977.4055
2002-07-01,977.1652
2002-07-02,977.3255
2002-07-03,977.3601
2002-07-04,977.1204
2002-07-05,972.9083
2002-07-08,973.1685
2002-07-09,973.0624
2002-07-10,972.4982
2002-07-11,972.4866
2002-07-12,968.0711
2002-07-15,967.7687
2002-07-16,967.7178
2002-07-17,967.8385
2002-07-18,967.9247
2002-07-19,969.2313
2002-07-22,968.6886
2002-07-23,968.5182
2002-07-24,968.4877
2002-07-25,968.2675
2002-07-26,953.7570
2002-07-29,953.9323
2002-07-30,953.9840
2002-07-31,953.6132
2002-08-01,953.6583
2002-08-02,951.7470
2002-08-05,951.5423
2002-08-06,951.9335
2002-08-07,951.9035
2002-08-08,951.6530
2002-08-09,948.0454
2002-08-12,947.6825
2002-08-13,947.7212
2002-08-14,948.0637
2002-08-15,947.7785
2002-08-16,945.8204
2002-08-19,945.7874
2002-08-20,946.4348
2002-08-21,946.5055
2002-08-22,946.9421
2002-08-23,961.6635
2002-08-26,961.3443
2002-08-27,961.6252
2002-08-28,961.5242
2002-08-29,961.2285
2002-08-30,955.5434
2002-09-02,955.5714
2002-09-03,955.7353
2002-09-04,955.4153
2002-09-05,954.7849
2002-09-06,943.6005
2002-09-09,943.3281
2002-09-10,943.3799
2002-09-11,943.2178
2002-09-12,943.3543
2002-09-13,937.8916
2002-09-16,937.1632
2002-09-17,937.2378
2002-09-18,936.9068
2002-09-19,937.6238
2002-09-20,933.2775
2002-09-23,933.2244
2002-09-24,933.0484
2002-09-25,933.1051
2002-09-26,932.8140
2002-09-27,925.6370
2002-10-08,925.0756
2002-10-09,924.5161
2002-10-10,924.2818
2002-10-11,904.8972
2002-10-14,904.9946
2002-10-15,904.7675
2002-10-16,905.1488
2002-10-17,904.4395
2002-10-18,898.0468
2002-10-21,898.1579
2002-10-22,898.7767
2002-10-23,898.7142
2002-10-24,898.3258
2002-10-25,901.1812
2002-10-28,900.4751
2002-10-29,900.6966
2002-10-30,900.6546
2002-10-31,900.6079
2002-11-01,892.8766
2002-11-04,893.5611
2002-11-05,894.3376
2002-11-06,894.1235
2002-11-07,894.1243
2002-11-08,903.1748
2002-11-11,902.7170
2002-11-12,902.2510
2002-11-13,902.2926
2002-11-14,901.5867
2002-11-15,882.2397
2002-11-18,881.7587
2002-11-19,882.0207
2002-11-20,880.9622
2002-11-21,879.8248
2002-11-22,856.7739
2002-11-25,856.8175
2002-11-26,855.7877
2002-11-27,855.9432
2002-11-28,857.2242
2002-11-29,868.1245
2002-12-02,866.7820
2002-12-03,867.2219
2002-12-04,867.5344
2002-12-05,867.1770
2002-12-06,858.5288
2002-12-09,858.6514
2002-12-10,857.9687
2002-12-11,857.7684
2002-12-12,857.9262
2002-12-13,850.9406
2002-12-16,851.3404
2002-12-17,851.5889
2002-12-18,851.4363
2002-12-19,851.3872
2002-12-20,861.9960
2002-12-23,862.0810
2002-12-24,862.0793
2002-12-25,861.6684
2002-12-26,860.1126
2002-12-27,847.6292
2002-12-30,846.8508
2002-12-31,841.6950
2003-01-02,839.7390
2003-01-03,824.9201
2003-01-06,825.5552
2003-01-07,825.4991
2003-01-08,827.7708
2003-01-09,829.0202
2003-01-10,850.5863
2003-01-13,850.7265
2003-01-14,855.2313
2003-01-15,855.5520
2003-01-16,856.8590
2003-01-17,880.5818
2003-01-20,880.7837
2003-01-21,879.4961
2003-01-22,879.4274
2003-01-23,879.0106
2003-01-24,875.3479
2003-01-27,876.6501
2003-01-28,876.9316
2003-01-29,889.0154
2003-02-10,887.7400
2003-02-11,888.3638
2003-02-12,889.3456
2003-02-13,888.9818
2003-02-14,888.7918
2003-02-17,888.0149
2003-02-18,887.9077
2003-02-19,888.6026
2003-02-20,888.7343
2003-02-21,881.3346
2003-02-24,881.5277
2003-02-25,883.0570
2003-02-26,883.2883
2003-02-27,883.3522
2003-02-28,890.0734
2003-03-03,891.1170
2003-03-04,891.2139
2003-03-05,890.9254
2003-03-06,889.9766
2003-03-07,889.0508
2003-03-10,887.5425
2003-03-11,887.4575
2003-03-12,887.9963
2003-03-13,887.7393
2003-03-14,882.1377
2003-03-17,882.3743
2003-03-18,882.0413
2003-03-19,882.4623
2003-03-20,882.3054
2003-03-21,884.6374
2003-03-24,884.8952
2003-03-25,884.0722
2003-03-26,883.8814
2003-03-27,886.2181
2003-03-28,895.7271
2003-03-31,900.7031
2003-04-01,901.3209
2003-04-02,901.3185
2003-04-03,900.7319
2003-04-04,906.3469
2003-04-07,906.5645
2003-04-08,906.9801
2003-04-09,909.4407
2003-04-10,910.7436
2003-04-11,938.7555
2003-04-14,941.8405
2003-04-15,944.3764
2003-04-16,943.5260
2003-04-17,943.5247
2003-04-18,959.3179
2003-04-21,955.8253
2003-04-22,955.9437
2003-04-23,953.5525
2003-04-24,949.1179
2003-04-25,907.6007
2003-04-28,913.9857
2003-04-29,912.8156
2003-04-30,940.2775
2003-05-12,942.8398
2003-05-13,939.7339
2003-05-14,942.1162
2003-05-15,944.8193
2003-05-16,965.4748
2003-05-19,965.1958
2003-05-20,963.6229
2003-05-21,963.5303
2003-05-22,965.3068
2003-05-23,973.2427
2003-05-26,973.9349
2003-05-27,973.6252
2003-05-28,971.4151
2003-05-29,972.1946
2003-05-30,968.1426
2003-06-02,968.1952
2003-06-03,966.8159
2003-06-04,967.6518
2003-06-05,966.0166
2003-06-06,951.6857
2003-06-09,950.8687
2003-06-10,951.0873
2003-06-11,953.5404
2003-06-12,953.1861
2003-06-13,957.3094
2003-06-16,956.5346
2003-06-17,955.7859
2003-06-18,955.8475
2003-06-19,954.3483
2003-06-20,939.3928
2003-06-23,937.9312
2003-06-24,937.9958
2003-06-25,937.1422
2003-06-26,938.7037
2003-06-27,930.4193
2003-06-30,927.0123
2003-07-01,927.5568
2003-07-02,929.5553
2003-07-03,930.3087
2003-07-04,941.5260
2003-07-07,942.2331
2003-07-08,942.6996
2003-07-09,941.9287
2003-07-10,945.8420
2003-07-11,956.7164
2003-07-14,956.5939
2003-07-15,957.1504
2003-07-16,958.2465
2003-07-17,960.3987
2003-07-18,961.1206
2003-07-21,960.4517
2003-07-22,960.3381
2003-07-23,960.5163
2003-07-24,959.7642
2003-07-25,944.0113
2003-07-28,943.5896
2003-07-29,944.4505
2003-07-30,945.1981
2003-07-31,945.3075
2003-08-01,946.0504
2003-08-04,947.7668
2003-08-05,947.6827
2003-08-06,946.3569
2003-08-07,946.3151
2003-08-08,942.4584
2003-08-11,942.5333
2003-08-12,943.3960
2003-08-13,941.3531
2003-08-14,939.6054
2003-08-15,927.9697
2003-08-18,927.8406
2003-08-19,928.4246
2003-08-20,927.3753
2003-08-21,927.1284
2003-08-22,925.1033
2003-08-25,923.5218
2003-08-26,923.7632
2003-08-27,923.5779
2003-08-28,922.8217
2003-08-29,919.1467
2003-09-01,922.3681
2003-09-02,921.9299
2003-09-03,921.3441
2003-09-04,920.8879
2003-09-05,921.6406
2003-09-08,920.8402
2003-09-09,919.4121
2003-09-10,919.7675
2003-09-11,920.3265
2003-09-12,914.3513
2003-09-15,913.0321
2003-09-16,913.2627
2003-09-17,911.5026
2003-09-18,911.6772
2003-09-19,904.7836
2003-09-22,903.2247
2003-09-23,903.4462
2003-09-24,903.6343
2003-09-25,901.7209
2003-09-26,895.5903
2003-09-29,894.1748
2003-09-30,895.3293
2003-10-08,895.9614
2003-10-09,895.9400
2003-10-10,909.3241
2003-10-13,908.6664
2003-10-14,907.7423
2003-10-15,906.9045
2003-10-16,905.0614
2003-10-17,899.5986
2003-10-20,898.6385
2003-10-21,899.4307
2003-10-22,904.5091
2003-10-23,903.3735
2003-10-24,911.9781
2003-10-27,911.6330
2003-10-28,913.5996
2003-10-29,914.5365
2003-10-30,913.2029
2003-10-31,915.4531
2003-11-03,918.2910
2003-11-04,922.9059
2003-11-05,922.7405
2003-11-06,921.0743
2003-11-07,922.9547
2003-11-10,924.4327
2003-11-11,923.8136
2003-11-12,920.2378
2003-11-13,919.7864
2003-11-14,914.5938
2003-11-17,913.5961
2003-11-18,912.0138
2003-11-19,913.8691
2003-11-20,917.3475
2003-11-21,923.1033
2003-11-24,928.0422
2003-11-25,928.0245
2003-11-26,928.8268
2003-11-27,926.2632
2003-11-28,931.7865
2003-12-01,936.9571
2003-12-02,937.6300
2003-12-03,939.1063
2003-12-04,940.2247
2003-12-05,954.6327
2003-12-08,952.4937
2003-12-09,953.5083
2003-12-10,957.4669
2003-12-11,957.7878
2003-12-12,961.5278
2003-12-15,962.2173
2003-12-16,961.9322
2003-12-17,960.4541
2003-12-18,963.4986
2003-12-19,972.4660
2003-12-22,979.4118
2003-12-23,982.0378
2003-12-24,985.9390
2003-12-25,986.1570
2003-12-26,1005.2404
2003-12-29,1002.3756
2003-12-30,1005.0707
2003-12-31,1000.0000
2004-01-02,1005.9643
2004-01-05,1017.8979
2004-01-06,1021.0180
2004-01-07,1023.8243
2004-01-08,1027.7112
2004-01-09,1060.0615
2004-01-12,1068.3376
2004-01-13,1066.8431
2004-01-14,1063.1942
2004-01-15,1062.1256
2004-01-16,1059.0683
2004-01-29,1062.7448
2004-01-30,1054.5800
2004-02-02,1060.7281
2004-02-03,1063.8832
2004-02-04,1070.9318
2004-02-05,1070.9772
2004-02-06,1083.3120
2004-02-09,1087.4687
2004-02-10,1084.7567
2004-02-11,1081.7949
2004-02-12,1077.9023
2004-02-13,1071.2915
2004-02-16,1078.6299
2004-02-17,1079.9479
2004-02-18,1083.1322
2004-02-19,1082.0986
2004-02-20,1095.2517
2004-02-23,1086.0523
2004-02-24,1087.9572
2004-02-25,1082.3859
2004-02-26,1086.3815
2004-02-27,1085.4282
2004-03-01,1088.2021
2004-03-02,1087.1776
2004-03-03,1082.4532
2004-03-04,1083.1617
2004-03-05,1079.4007
2004-03-08,1075.5742
2004-03-09,1076.0002
2004-03-10,1083.9025
2004-03-11,1087.2975
2004-03-12,1099.5392
2004-03-15,1108.1343
2004-03-16,1109.6341
2004-03-17,1110.2178
2004-03-18,1104.0977
2004-03-19,1119.1465
2004-03-22,1118.9293
2004-03-23,1115.0105
2004-03-24,1115.4235
2004-03-25,1116.1179
2004-03-26,1117.2176
2004-03-29,1114.0949
2004-03-30,1113.7871
2004-03-31,1115.8438
2004-04-01,1120.1692
2004-04-02,1134.1239
2004-04-05,1135.0087
2004-04-06,1136.9307
2004-04-07,1137.0801
2004-04-08,1137.4189
2004-04-09,1125.5439
2004-04-12,1123.4667
2004-04-13,1120.5938
2004-04-14,1115.4821
2004-04-15,1113.0218
2004-04-16,1099.7839
2004-04-19,1097.0924
2004-04-20,1094.8673
2004-04-21,1090.2882
2004-04-22,1091.1198
2004-04-23,1078.3387
2004-04-26,1080.7641
2004-04-27,1078.7713
2004-04-28,1074.6182
2004-04-29,1066.1783
2004-04-30,1056.7946
2004-05-10,1048.9519
2004-05-11,1049.0165
2004-05-12,1055.5420
2004-05-13,1054.8108
2004-05-14,1041.7470
2004-05-17,1038.2308
2004-05-18,1038.0865
2004-05-19,1038.9501
2004-05-20,1037.6332
2004-05-21,1033.8332
2004-05-24,1032.7881
2004-05-25,1028.8940
2004-05-26,1030.9403
2004-05-27,1037.0685
2004-05-28,1041.2560
2004-05-31,1042.3585
2004-06-01,1047.1101
2004-06-02,1044.4992
2004-06-03,1040.4784
2004-06-04,1036.6781
2004-06-07,1033.1074
2004-06-08,1029.7941
2004-06-09,1026.2093
2004-06-10,1026.4646
2004-06-11,1016.6941
2004-06-14,1012.0934
2004-06-15,1015.8026
2004-06-16,1018.3381
2004-06-17,1012.1920
2004-06-18,992.2428
2004-06-21,992.1808
2004-06-22,995.3506
2004-06-23,992.9817
2004-06-24,991.2479
2004-06-25,985.4158
2004-06-28,983.0742
2004-06-29,987.2882
2004-06-30,988.1934
2004-07-01,995.8732
2004-07-02,1004.8517
2004-07-05,1005.4330
2004-07-06,1006.9303
2004-07-07,1005.3091
2004-07-08,1005.7396
2004-07-09,1006.3352
2004-07-12,1002.2240
2004-07-13,1003.3434
2004-07-14,1005.4239
2004-07-15,1010.5449
2004-07-16,1024.4654
2004-07-19,1025.7857
2004-07-20,1023.5699
2004-07-21,1023.5614
2004-07-22,1016.1380
2004-07-23,1006.6817
2004-07-26,1004.1462
2004-07-27,1002.7243
2004-07-28,1003.8596
2004-07-29,1006.4330
2004-07-30,1003.8713
2004-08-02,1001.2975
2004-08-03,997.7898
2004-08-04,1005.0836
2004-08-05,1001.3199
2004-08-06,997.6701
2004-08-09,999.4500
2004-08-10,1000.6813
2004-08-11,998.2166
2004-08-12,996.3173
2004-08-13,997.3796
2004-08-16,995.4932
2004-08-17,997.0085
2004-08-18,997.4512
2004-08-19,996.2388
2004-08-20,994.4315
2004-08-23,990.5981
2004-08-24,991.7843
2004-08-25,990.9088
2004-08-26,990.7251
2004-08-27,981.5032
2004-08-30,980.1505
2004-08-31,984.1382
2004-09-01,979.8335
2004-09-02,980.2633
2004-09-03,976.8507
2004-09-06,975.3922
2004-09-07,975.6131
2004-09-08,973.4805
2004-09-09,969.2736
2004-09-10,962.4941
2004-09-13,957.8143
2004-09-14,964.6329
2004-09-15,974.9623
2004-09-16,977.3259
2004-09-17,1009.1788
2004-09-20,1018.4804
2004-09-21,1015.9433
2004-09-22,1011.2179
2004-09-23,1023.2069
2004-09-24,1043.3784
2004-09-27,1043.6697
2004-09-28,1047.8238
2004-09-29,1044.8893
2004-09-30,1034.4658
2004-10-08,1042.3815
2004-10-11,1040.3389
2004-10-12,1032.3501
2004-10-13,1032.4325
2004-10-14,1022.7497
2004-10-15,1011.0905
2004-10-18,1011.1422
2004-10-19,1012.4574
2004-10-20,1014.1426
2004-10-21,1013.8985
2004-10-22,1027.1485
2004-10-25,1023.6673
2004-10-26,1027.0601
2004-10-27,1028.6218
2004-10-28,1026.8518
2004-10-29,1020.3184
2004-11-01,1017.4728
2004-11-02,1016.4357
2004-11-03,1020.8721
2004-11-04,1013.7859
2004-11-05,1006.7103
2004-11-08,1007.5071
2004-11-09,1008.9811
2004-11-10,1020.0619
2004-11-11,1017.2405
2004-11-12,1027.3651
2004-11-15,1030.8289
2004-11-16,1031.1137
2004-11-17,1028.5282
2004-11-18,1032.1515
2004-11-19,1037.4099
2004-11-22,1035.9377
2004-11-23,1031.1501
2004-11-24,1030.2324
2004-11-25,1030.6731
2004-11-26,1025.1374
2004-11-29,1021.8823
2004-11-30,1021.2928
2004-12-01,1019.5169
2004-12-02,1016.7340
2004-12-03,1010.5304
2004-12-06,1010.0340
2004-12-07,1007.1716
2004-12-08,1008.4963
2004-12-09,1011.6014
2004-12-10,1009.5105
2004-12-13,1008.2397
2004-12-14,1008.1228
2004-12-15,1010.0120
2004-12-16,1008.7351
2004-12-17,1001.4867
2004-12-20,995.2793
2004-12-21,994.1822
2004-12-22,1001.1932
2004-12-23,996.5517
2004-12-24,993.0601
2004-12-27,992.2792
2004-12-28,993.8759
2004-12-29,993.6179
2004-12-30,994.5596
2004-12-31,996.1250
2005-01-04,989.0546
2005-01-05,990.6969
2005-01-06,987.6239
2005-01-07,980.1442
2005-01-10,983.0846
2005-01-11,984.3342
2005-01-12,984.8832
2005-01-13,985.2547
2005-01-14,986.2884
2005-01-17,981.2501
2005-01-18,981.4733
2005-01-19,978.4401
2005-01-20,975.6042
2005-01-21,977.5803
2005-01-24,982.4785
2005-01-25,984.3917
2005-01-26,983.3029
2005-01-27,979.7441
2005-01-28,982.1636
2005-01-31,981.1737
2005-02-01,981.7021
2005-02-02,997.5003
2005-02-03,995.3590
2005-02-04,1016.9071
2005-02-16,1018.8281
2005-02-17,1015.2853
2005-02-18,1010.4203
2005-02-21,1017.5247
2005-02-22,1024.3238
2005-02-23,1022.9656
2005-02-24,1021.9980
2005-02-25,1033.2308
2005-02-28,1031.1628
2005-03-01,1029.2363
2005-03-02,1024.5483
2005-03-03,1026.3730
2005-03-04,1020.8505
2005-03-07,1024.0057
2005-03-08,1030.9733
2005-03-09,1031.2406
2005-03-10,1024.6266
2005-03-11,1031.3761
2005-03-14,1037.5930
2005-03-15,1031.4654
2005-03-16,1027.2480
2005-03-17,1024.6468
2005-03-18,1014.6792
2005-03-21,1017.0362
2005-03-22,1018.3042
2005-03-23,1015.2811
2005-03-24,1013.3936
2005-03-25,1011.7451
2005-03-28,1013.5360
2005-03-29,1011.3714
2005-03-30,1006.1436
2005-03-31,1003.6183
2005-04-01,1024.6414
2005-04-04,1022.4256
2005-04-05,1022.1360
2005-04-06,1031.7826
2005-04-07,1032.6244
2005-04-08,1046.7720
2005-04-11,1040.0897
2005-04-12,1036.7891
2005-04-13,1042.8048
2005-04-14,1039.8779
2005-04-15,1033.1629
2005-04-18,1030.1649
2005-04-19,1029.3292
2005-04-20,1026.5289
2005-04-21,1029.3225
2005-04-22,1027.1500
2005-04-25,1027.6611
2005-04-26,1029.7968
2005-04-27,1027.9452
2005-04-28,1032.2845
2005-04-29,1029.2033
2005-05-09,1019.9913
2005-05-10,1019.3628
2005-05-11,1011.9238
2005-05-12,1004.0961
2005-05-13,985.6612
2005-05-16,981.3585
2005-05-17,983.2363
2005-05-18,981.1285
2005-05-19,981.2485
2005-05-20,980.7525
2005-05-23,974.2942
2005-05-24,973.3088
2005-05-25,972.2748
2005-05-26,966.2506
2005-05-27,948.0096
2005-05-30,949.4228
2005-05-31,950.3638
2005-06-01,942.3160
2005-06-02,929.5030
2005-06-03,918.3484
2005-06-06,930.9425
2005-06-07,929.2449
2005-06-08,957.8681
2005-06-09,959.2472
2005-06-10,975.5313
2005-06-13,972.9657
2005-06-14,969.8178
2005-06-15,965.3963
2005-06-16,971.0453
2005-06-17,967.9115
2005-06-20,980.2488
2005-06-21,977.0822
2005-06-22,980.3022
2005-06-23,978.3649
2005-06-24,985.2255
2005-06-27,991.9316
2005-06-28,987.9145
2005-06-29,985.9128
2005-06-30,978.5548
2005-07-01,970.2630
2005-07-04,971.1693
2005-07-05,969.7777
2005-07-06,965.4808
2005-07-07,965.6090
2005-07-08,957.4141
2005-07-11,956.2622
2005-07-12,966.4505
2005-07-13,964.6300
2005-07-14,966.8019
2005-07-15,970.7368
2005-07-18,968.8888
2005-07-19,968.6078
2005-07-20,971.8465
2005-07-21,971.9897
2005-07-22,979.4416
2005-07-25,978.4465
2005-07-26,985.5503
2005-07-27,992.0173
2005-07-28,991.2796
2005-07-29,996.1596
2005-08-01,997.5482
2005-08-02,1001.0573
2005-08-03,1002.0563
2005-08-04,1000.4125
2005-08-05,1013.4838
2005-08-08,1013.0273
2005-08-09,1013.3692
2005-08-10,1016.1502
2005-08-11,1023.5084
2005-08-12,1023.4118
2005-08-15,1031.7334
2005-08-16,1027.5290
2005-08-17,1030.0992
2005-08-18,1019.6371
2005-08-19,1015.8962
2005-08-22,1019.2845
2005-08-23,1018.0053
2005-08-24,1020.1511
2005-08-25,1018.4804
2005-08-26,1018.1602
2005-08-29,1014.1515
2005-08-30,1013.5333
2005-08-31,1018.4325
2005-09-01,1024.1931
2005-09-02,1029.1950
2005-09-05,1029.3746
2005-09-06,1024.9668
2005-09-07,1030.8950
2005-09-08,1032.6667
2005-09-09,1032.6030
2005-09-12,1032.2633
2005-09-13,1037.4936
2005-09-14,1039.6893
2005-09-15,1039.3798
2005-09-16,1040.2732
2005-09-19,1040.3944
2005-09-20,1037.3702
2005-09-21,1031.3757
2005-09-22,1025.4600
2005-09-23,1015.3431
2005-09-26,1016.3426
2005-09-27,1013.0279
2005-09-28,1013.6280
2005-09-29,1018.3785
2005-09-30,1021.2160
2005-10-10,1018.2766
2005-10-11,1021.9067
2005-10-12,1023.4424
2005-10-13,1021.2685
2005-10-14,1015.5729
2005-10-17,1013.8263
2005-10-18,1015.1016
2005-10-19,1013.3338
2005-10-20,1014.5931
2005-10-21,1014.2820
2005-10-24,1014.9327
2005-10-25,1010.2619
2005-10-26,1004.5977
2005-10-27,1005.7904
2005-10-28,996.3455
2005-10-31,999.1972
2005-11-01,997.7490
2005-11-02,999.5936
2005-11-03,995.5614
2005-11-04,996.0713
2005-11-07,994.3744
2005-11-08,995.7261
2005-11-09,996.3251
2005-11-10,991.5853
2005-11-11,990.3850
2005-11-14,988.6694
2005-11-15,985.3157
2005-11-16,986.2496
2005-11-17,985.8435
2005-11-18,993.4417
2005-11-21,994.0927
2005-11-22,990.4010
2005-11-23,992.8919
2005-11-24,994.2544
2005-11-25,995.5412
2005-11-28,993.9174
2005-11-29,990.2530
2005-11-30,990.4180
2005-12-01,989.4965
2005-12-02,986.6713
2005-12-05,983.2484
2005-12-06,985.0477
2005-12-07,988.6081
2005-12-08,989.0270
2005-12-09,997.2247
2005-12-12,997.3805
2005-12-13,997.1814
2005-12-14,1000.9905
2005-12-15,1001.1935
2005-12-16,1007.3669
2005-12-19,1007.5510
2005-12-20,1009.0006
2005-12-21,1008.3233
2005-12-22,1011.8622
2005-12-23,1019.3181
2005-12-26,1022.0006
2005-12-27,1021.3510
2005-12-28,1022.8396
2005-12-29,1031.7847
2005-12-30,1034.9530
2006-01-04,1043.2732
2006-01-05,1051.0360
2006-01-06,1065.0207
2006-01-09,1066.6113
2006-01-10,1068.0873
2006-01-11,1067.0435
2006-01-12,1070.7417
2006-01-13,1070.4708
2006-01-16,1063.6773
2006-01-17,1064.9855
2006-01-18,1073.1035
2006-01-19,1076.7405
2006-01-20,1081.1418
2006-01-23,1081.3566
2006-01-24,1084.2167
2006-01-25,1094.3454
2006-02-06,1105.2890
2006-02-07,1102.6673
2006-02-08,1100.2117
2006-02-09,1094.6346
2006-02-10,1103.1071
2006-02-13,1103.4877
2006-02-14,1107.4482
2006-02-15,1108.2622
2006-02-16,1098.7452
2006-02-17,1097.7675
2006-02-20,1096.8171
2006-02-21,1102.6105
2006-02-22,1101.7072
2006-02-23,1101.2374
2006-02-24,1108.5015
2006-02-27,1110.8336
2006-02-28,1113.6820
2006-03-01,1117.1127
2006-03-02,1112.1510
2006-03-03,1115.1419
2006-03-06,1114.2997
2006-03-07,1104.0434
2006-03-08,1100.8021
2006-03-09,1099.3077
2006-03-10,1096.4162
2006-03-13,1102.0763
2006-03-14,1102.5002
2006-03-15,1108.1794
2006-03-16,1108.7994
2006-03-17,1112.7842
2006-03-20,1118.1855
2006-03-21,1120.5857
2006-03-22,1125.1139
2006-03-23,1126.2217
2006-03-24,1129.9666
2006-03-27,1133.6661
2006-03-28,1138.6959
2006-03-29,1145.8797
2006-03-30,1143.7520
2006-03-31,1156.2961
2006-04-03,1167.8935
2006-04-04,1172.7237
2006-04-05,1179.7960
2006-04-06,1183.8614
2006-04-07,1195.9311
2006-04-10,1200.7866
2006-04-11,1204.1615
2006-04-12,1200.6668
2006-04-13,1187.1985
2006-04-14,1196.7855
2006-04-17,1199.5098
2006-04-18,1203.8129
2006-04-19,1214.0209
2006-04-20,1214.7122
2006-04-21,1236.2656
2006-04-24,1242.0814
2006-04-25,1246.5859
2006-04-26,1252.7464
2006-04-27,1254.0616
2006-04-28,1275.9330
2006-05-08,1299.1270
2006-05-09,1314.8151
2006-05-10,1320.9272
2006-05-11,1319.6076
2006-05-12,1369.2133
2006-05-15,1396.5751
2006-05-16,1381.2257
2006-05-17,1378.3169
2006-05-18,1380.8372
2006-05-19,1411.7575
2006-05-22,1405.4687
2006-05-23,1382.6069
2006-05-24,1381.3113
2006-05-25,1383.0046
2006-05-26,1389.6678
2006-05-29,1407.2137
2006-05-30,1419.4637
2006-05-31,1415.9522
2006-06-01,1433.3163
2006-06-02,1441.2771
2006-06-05,1442.0393
2006-06-06,1434.9141
2006-06-07,1401.2644
2006-06-08,1404.6717
2006-06-09,1379.0683
2006-06-12,1386.8959
2006-06-13,1388.1804
2006-06-14,1382.2670
2006-06-15,1384.7714
2006-06-16,1404.6346
2006-06-19,1415.3424
2006-06-20,1418.5610
2006-06-21,1415.6963
2006-06-22,1414.5755
2006-06-23,1426.0127
2006-06-26,1436.1532
2006-06-27,1438.1690
2006-06-28,1435.4291
2006-06-29,1448.7726
2006-06-30,1460.4879
2006-07-03,1468.9610
2006-07-04,1465.9521
2006-07-05,1460.9941
2006-07-06,1474.3820
2006-07-07,1475.3042
2006-07-10,1473.7205
2006-07-11,1477.7059
2006-07-12,1479.8031
2006-07-13,1448.3204
2006-07-14,1443.5680
2006-07-17,1449.0329
2006-07-18,1448.1915
2006-07-19,1432.0330
2006-07-20,1434.7848
2006-07-21,1439.1580
2006-07-24,1442.9298
2006-07-25,1451.0007
2006-07-26,1449.4598
2006-07-27,1442.1885
2006-07-28,1432.0222
2006-07-31,1410.8886
2006-08-01,1406.2684
2006-08-02,1402.5738
2006-08-03,1399.8697
2006-08-04,1372.0281
2006-08-07,1366.8459
2006-08-08,1379.4712
2006-08-09,1378.5865
2006-08-10,1386.7028
2006-08-11,1392.6912
2006-08-14,1378.7944
2006-08-15,1386.8286
2006-08-16,1394.9017
2006-08-17,1390.5336
2006-08-18,1389.7064
2006-08-21,1392.5718
2006-08-22,1400.3895
2006-08-23,1400.6977
2006-08-24,1404.7246
2006-08-25,1412.7537
2006-08-28,1426.7402
2006-08-29,1430.8183
2006-08-30,1432.9054
2006-08-31,1434.5951
2006-09-01,1432.4901
2006-09-04,1442.1207
2006-09-05,1442.8445
2006-09-06,1444.1130
2006-09-07,1437.6989
2006-09-08,1440.4948
2006-09-11,1443.4036
2006-09-12,1446.9356
2006-09-13,1441.2964
2006-09-14,1440.4865
2006-09-15,1452.2625
2006-09-18,1457.4012
2006-09-19,1461.8922
2006-09-20,1464.5728
2006-09-21,1470.8752
2006-09-22,1475.6387
2006-09-25,1475.9530
2006-09-26,1468.8644
2006-09-27,1473.5827
2006-09-28,1484.1417
2006-09-29,1496.1091
2006-10-09,1510.3688
2006-10-10,1511.4408
2006-10-11,1508.7344
2006-10-12,1499.0734
2006-10-13,1502.9934
2006-10-16,1494.5079
2006-10-17,1494.1604
2006-10-18,1505.4979
2006-10-19,1510.0370
2006-10-20,1514.7496
2006-10-23,1500.8601
2006-10-24,1515.8884
2006-10-25,1520.6966
2006-10-26,1525.2190
2006-10-27,1519.4611
2006-10-30,1517.1352
2006-10-31,1524.8641
2006-11-01,1528.4678
2006-11-02,1526.9894
2006-11-03,1533.1817
2006-11-06,1538.1589
2006-11-07,1540.5695
2006-11-08,1535.8611
2006-11-09,1548.4347
2006-11-10,1544.3585
2006-11-13,1530.5574
2006-11-14,1538.2863
2006-11-15,1559.4459
2006-11-16,1559.9747
2006-11-17,1578.5476
2006-11-20,1589.1805
2006-11-21,1595.9637
2006-11-22,1602.7749
2006-11-23,1605.9875
2006-11-24,1617.8897
2006-11-27,1625.4472
2006-11-28,1626.0301
2006-11-29,1638.6769
2006-11-30,1662.2798
2006-12-01,1690.8045
2006-12-04,1707.7265
2006-12-05,1711.6205
2006-12-06,1702.5684
2006-12-07,1697.4831
2006-12-08,1671.8632
2006-12-11,1704.0820
2006-12-12,1711.5111
2006-12-13,1714.2211
2006-12-14,1727.8694
2006-12-15,1765.7699
2006-12-18,1793.4804
2006-12-19,1792.4854
2006-12-20,1799.3607
2006-12-21,1787.0616
2006-12-22,1789.1392
2006-12-25,1808.5337
2006-12-26,1809.2626
2006-12-27,1827.4772
2006-12-28,1826.4466
2006-12-29,1867.9061
2007-01-04,1873.9385
2007-01-05,1873.0968
2007-01-08,1892.4918
2007-01-09,1924.6766
2007-01-10,1945.6482
2007-01-11,1937.2156
2007-01-12,1941.5485
2007-01-15,1989.0703
2007-01-16,2021.9341
2007-01-17,2007.3864
2007-01-18,2011.1437
2007-01-19,2066.6926
2007-01-22,2103.4260
2007-01-23,2101.9005
2007-01-24,2111.6645
2007-01-25,2080.7267
2007-01-26,2106.8625
2007-01-29,2125.9067
2007-01-30,2118.6768
2007-01-31,2056.9333
2007-02-01,2060.1928
2007-02-02,2009.2513
2007-02-05,2000.4774
2007-02-06,2011.2192
2007-02-07,2033.3282
2007-02-08,2048.5536
2007-02-09,2049.1796
2007-02-12,2084.1171
2007-02-13,2101.1309
2007-02-14,2125.8009
2007-02-15,2154.8615
2007-02-16,2190.3187
2007-02-26,2190.2925
2007-02-27,2088.9110
2007-02-28,2113.8635
2007-03-01,2082.8272
2007-03-02,2074.2608
2007-03-05,2063.6018
2007-03-06,2081.6055
2007-03-07,2111.2881
2007-03-08,2126.3130
2007-03-09,2135.4670
2007-03-12,2136.1716
2007-03-13,2141.2734
2007-03-14,2124.3562
2007-03-15,2145.4343
2007-03-16,2131.1228
2007-03-19,2151.7433
2007-03-20,2152.5149
2007-03-21,2161.7519
2007-03-22,2164.6298
2007-03-23,2166.5811
2007-03-26,2183.1881
2007-03-27,2187.5800
2007-03-28,2188.8385
2007-03-29,2184.0764
2007-03-30,2188.6537
2007-04-02,2213.1469
2007-04-03,2230.4248
2007-04-04,2242.6738
2007-04-05,2254.2476
2007-04-06,2278.5390
2007-04-09,2300.6568
2007-04-10,2314.8703
2007-04-11,2329.0025
2007-04-12,2349.6205
2007-04-13,2369.4083
2007-04-16,2401.7503
2007-04-17,2407.1310
2007-04-18,2412.3644
2007-04-19,2358.1014
2007-04-20,2411.1071
2007-04-23,2456.1739
2007-04-24,2458.1678
2007-04-25,2457.0102
2007-04-26,2470.0342
2007-04-27,2467.7409
2007-04-30,2502.0739
2007-05-08,2545.8645
2007-05-09,2545.4655
2007-05-10,2549.2026
2007-05-11,2549.0936
2007-05-14,2564.1353
2007-05-15,2526.2199
2007-05-16,2559.5453
2007-05-17,2590.7965
2007-05-18,2604.7611
2007-05-21,2627.1592
2007-05-22,2638.7113
2007-05-23,2661.6361
2007-05-24,2649.6166
2007-05-25,2682.4456
2007-05-28,2716.6333
2007-05-29,2753.5983
2007-05-30,2661.8609
2007-05-31,2698.1460
2007-06-01,2669.7829
2007-06-04,2571.9366
2007-06-05,2617.1782
2007-06-06,2641.0495
2007-06-07,2687.5491
2007-06-08,2697.6705
2007-06-11,2741.7170
2007-06-12,2781.4855
2007-06-13,2806.1914
2007-06-14,2791.3694
2007-06-15,2820.0267
2007-06-18,2861.6345
2007-06-19,2869.3789
2007-06-20,2838.3316
2007-06-21,2854.9752
2007-06-22,2817.9238
2007-06-25,2769.8771
2007-06-26,2788.1697
2007-06-27,2831.2480
2007-06-28,2771.1190
2007-06-29,2740.6090
2007-07-02,2732.2815
2007-07-03,2758.3016
2007-07-04,2730.7710
2007-07-05,2659.2181
2007-07-06,2711.3807
2007-07-09,2755.7842
2007-07-10,2737.4397
2007-07-11,2742.7341
2007-07-12,2753.5637
2007-07-13,2760.8844
2007-07-16,2723.5919
2007-07-17,2759.8015
2007-07-18,2768.8309
2007-07-19,2769.7522
2007-07-20,2845.1570
2007-07-23,2905.5210
2007-07-24,2908.0858
2007-07-25,2935.2574
2007-07-26,2945.9618
2007-07-27,2963.8837
2007-07-30,3000.8077
2007-07-31,3019.2727
2007-08-01,2967.9390
2007-08-02,3028.1267
2007-08-03,3115.0359
2007-08-06,3147.7138
2007-08-07,3156.7757
2007-08-08,3132.8152
2007-08-09,3173.0155
2007-08-10,3154.1631
2007-08-13,3144.5275
2007-08-14,3167.3179
2007-08-15,3174.2588
2007-08-16,3144.5908
2007-08-17,3100.3634
2007-08-20,3190.1090
2007-08-21,3217.9753
2007-08-22,3244.1608
2007-08-23,3274.1344
2007-08-24,3336.1678
2007-08-27,3340.1933
2007-08-28,3340.5444
2007-08-29,3313.7146
2007-08-30,3336.8266
2007-08-31,3363.3438
2007-09-03,3406.5407
2007-09-04,3389.4703
2007-09-05,3389.4568
2007-09-06,3408.2476
2007-09-07,3371.1820
2007-09-10,3398.1640
2007-09-11,3322.2507
2007-09-12,3348.6331
2007-09-13,3398.6665
2007-09-14,3425.3981
2007-09-17,3457.8882
2007-09-18,3441.9749
2007-09-19,3427.9167
2007-09-20,3454.0294
2007-09-21,3450.0320
2007-09-24,3462.1349
2007-09-25,3444.6795
2007-09-26,3416.1152
2007-09-27,3443.2364
2007-09-28,3507.3581
2007-10-08,3532.0632
2007-10-09,3541.9213
2007-10-10,3545.4649
2007-10-11,3571.5978
2007-10-12,3575.0945
2007-10-15,3588.1442
2007-10-16,3609.5277
2007-10-17,3586.6282
2007-10-18,3520.6705
2007-10-19,3521.7327
2007-10-22,3483.0056
2007-10-23,3503.6801
2007-10-24,3520.9226
2007-10-25,3447.7767
2007-10-26,3457.7478
2007-10-29,3491.5631
2007-10-30,3514.4973
2007-10-31,3548.2590
2007-11-01,3520.5740
2007-11-02,3467.4652
2007-11-05,3443.1481
2007-11-06,3432.3245
2007-11-07,3444.4281
2007-11-08,3368.1642
2007-11-09,3333.5787
2007-11-12,3316.2714
2007-11-13,3295.1594
2007-11-14,3363.6028
2007-11-15,3341.4040
2007-11-16,3308.5251
2007-11-19,3301.2896
2007-11-20,3327.9501
2007-11-21,3308.4359
2007-11-22,3232.9811
2007-11-23,3253.1143
2007-11-26,3237.6349
2007-11-27,3206.3151
2007-11-28,3185.7531
2007-11-29,3248.0978
2007-11-30,3209.6171
2007-12-03,3227.1524
2007-12-04,3247.5962
2007-12-05,3295.1855
2007-12-06,3298.2716
2007-12-07,3337.8302
2007-12-10,3372.1545
2007-12-11,3374.5694
2007-12-12,3351.6552
2007-12-13,3284.1833
2007-12-14,3319.3950
2007-12-17,3280.1278
2007-12-18,3271.6818
2007-12-19,3311.1674
2007-12-20,3342.6225
2007-12-21,3372.0634
2007-12-24,3409.2681
2007-12-25,3415.3608
2007-12-26,3432.8613
2007-12-27,3468.1777
2007-12-28,3474.0197
2008-01-02,3492.7949
2008-01-03,3501.1724
2008-01-04,3524.2165
2008-01-07,3551.7923
2008-01-08,3539.8808
2008-01-09,3572.1915
2008-01-10,3596.3831
2008-01-11,3617.2343
2008-01-14,3629.0285
2008-01-15,3617.0451
2008-01-16,3555.6923
2008-01-17,3514.5636
2008-01-18,3518.4629
2008-01-21,3435.0229
2008-01-22,3305.7056
2008-01-23,3398.0222
2008-01-24,3428.0036
2008-01-25,3434.9120
2008-01-28,3323.9317
2008-01-29,3330.2810
2008-01-30,3309.6356
2008-01-31,3269.6969
2008-02-01,3234.7686
2008-02-04,3371.8454
2008-02-05,3371.9630
2008-02-13,3335.0304
2008-02-14,3359.4853
2008-02-15,3336.0342
2008-02-18,3377.7062
2008-02-19,3414.7047
2008-02-20,3375.2203
2008-02-21,3370.0607
2008-02-22,3304.8346
2008-02-25,3242.3646
2008-02-26,3223.6397
2008-02-27,3266.7512
2008-02-28,3265.1016
2008-02-29,3280.7375
2008-03-03,3326.7668
2008-03-04,3286.7208
2008-03-05,3267.8978
2008-03-06,3282.9543
2008-03-07,3256.4558
2008-03-10,3183.1096
2008-03-11,3183.5566
2008-03-12,3133.7242
2008-03-13,3093.4915
2008-03-14,3051.2950
2008-03-17,2973.9120
2008-03-18,2900.4611
2008-03-19,2950.3979
2008-03-20,2996.5553
2008-03-21,3004.2456
2008-03-24,2939.3892
2008-03-25,2959.9867
2008-03-26,2966.1817
2008-03-27,2914.8203
2008-03-28,2968.0523
2008-03-31,2916.1788
2008-04-01,2834.8707
2008-04-02,2812.6312
2008-04-03,2842.3202
2008-04-07,2919.3303
2008-04-08,2939.2374
2008-04-09,2866.7779
2008-04-10,2892.0944
2008-04-11,2910.1629
2008-04-14,2819.5041
2008-04-15,2833.1661
2008-04-16,2805.7327
2008-04-17,2768.0285
2008-04-18,2709.4482
2008-04-21,2701.2216
2008-04-22,2708.6574
2008-04-23,2773.9054
2008-04-24,2896.1388
2008-04-25,2915.7003
2008-04-28,2888.9758
2008-04-29,2903.3414
2008-04-30,2976.4309
2008-05-05,3014.4945
2008-05-06,3000.8455
2008-05-07,2933.5097
2008-05-08,2977.5729
2008-05-09,2965.0656
2008-05-12,2980.4473
2008-05-13,2975.9486
2008-05-14,3014.6731
2008-05-15,3000.1866
2008-05-16,2996.4649
2008-05-19,2991.8479
2008-05-20,2914.9259
2008-05-21,2941.8455
2008-05-22,2915.0924
2008-05-23,2889.8460
2008-05-26,2846.7534
2008-05-27,2851.0722
2008-05-28,2886.8165
2008-05-29,2854.8432
2008-05-30,2856.2027
2008-06-02,2861.1770
2008-06-03,2856.2295
2008-06-04,2830.0766
2008-06-05,2812.5470
2008-06-06,2799.7357
2008-06-10,2695.2659
2008-06-11,2674.5330
2008-06-12,2651.5956
2008-06-13,2592.9742
2008-06-16,2581.2740
2008-06-17,2542.2423
2008-06-18,2601.2235
2008-06-19,2515.8876
2008-06-20,2537.5721
2008-06-23,2511.0356
2008-06-24,2538.5683
2008-06-25,2588.9097
2008-06-26,2593.6106
2008-06-27,2531.1341
2008-06-30,2524.1540
2008-07-01,2490.0974
2008-07-02,2494.1750
2008-07-03,2523.8652
2008-07-04,2515.8529
2008-07-07,2571.7676
2008-07-08,2578.6496
2008-07-09,2617.7478
2008-07-10,2604.3333
2008-07-11,2604.6594
2008-07-14,2615.7982
2008-07-15,2570.7518
2008-07-16,2531.9841
2008-07-17,2525.2678
2008-07-18,2553.8247
2008-07-21,2592.8642
2008-07-22,2590.6357
2008-07-23,2579.1089
2008-07-24,2611.8825
2008-07-25,2605.6496
2008-07-28,2613.7790
2008-07-29,2595.3688
2008-07-30,2586.6332
2008-07-31,2555.8970
2008-08-01,2562.1190
2008-08-04,2538.4382
2008-08-05,2508.1920
2008-08-06,2510.7035
2008-08-07,2507.3622
2008-08-08,2451.8865
2008-08-11,2402.8619
2008-08-12,2402.8389
2008-08-13,2407.2630
2008-08-14,2409.8550
2008-08-15,2403.5551
2008-08-18,2351.2996
2008-08-19,2363.6100
2008-08-20,2438.9775
2008-08-21,2396.6096
2008-08-22,2372.8578
2008-08-25,2370.4242
2008-08-26,2340.0198
2008-08-27,2328.6215
2008-08-28,2330.1493
2008-08-29,2350.6629
2008-09-01,2317.4614
2008-09-02,2303.5064
2008-09-03,2281.8732
2008-09-04,2282.1804
2008-09-05,2245.4033
2008-09-08,2222.2113
2008-09-09,2224.7265
2008-09-10,2224.5121
2008-09-11,2198.4006
2008-09-12,2195.7641
2008-09-16,2157.2267
2008-09-17,2134.6195
2008-09-18,2118.3843
2008-09-19,2204.5425
2008-09-22,2249.6288
2008-09-23,2205.5217
2008-09-24,2212.0675
2008-09-25,2246.7558
2008-09-26,2263.7312
2008-10-06,2211.7434
2008-10-07,2205.5307
2008-10-08,2175.8805
2008-10-09,2164.7529
2008-10-10,2111.5460
2008-10-13,2138.3487
2008-10-14,2119.5125
2008-10-15,2106.5785
2008-10-16,2066.6011
2008-10-17,2064.5777
2008-10-20,2090.4955
2008-10-21,2085.8261
2008-10-22,2065.6196
2008-10-23,2066.7676
2008-10-24,2043.3587
2008-10-27,1987.3445
2008-10-28,2010.0036
2008-10-29,1992.4093
2008-10-30,2010.7999
2008-10-31,1991.8839
2008-11-03,1988.4427
2008-11-04,1976.5976
2008-11-05,2004.3623
2008-11-06,1983.3083
2008-11-07,1992.6365
2008-11-10,2050.7640
2008-11-11,2042.4399
2008-11-12,2050.1374
2008-11-13,2086.5822
2008-11-14,2133.7655
2008-11-17,2156.7154
2008-11-18,2092.8247
2008-11-19,2143.9440
2008-11-20,2134.0555
2008-11-21,2130.4567
2008-11-24,2097.9251
2008-11-25,2094.7275
2008-11-26,2100.1789
2008-11-27,2117.6317
2008-11-28,2103.0595
2008-12-01,2121.5561
2008-12-02,2127.0253
2008-12-03,2166.0739
2008-12-04,2177.0743
2008-12-05,2202.7680
2008-12-08,2241.6999
2008-12-09,2216.3769
2008-12-10,2243.3018
2008-12-11,2221.3270
2008-12-12,2179.2260
2008-12-15,2189.5747
2008-12-16,2205.3404
2008-12-17,2215.2721
2008-12-18,2236.4617
2008-12-19,2249.8599
2008-12-22,2237.0170
2008-12-23,2187.9322
2008-12-24,2173.7657
2008-12-25,2166.9367
2008-12-26,2155.1423
2008-12-29,2156.3171
2008-12-30,2153.2211
2008-12-31,2149.1320
2009-01-05,2180.4430
2009-01-06,2205.4261
2009-01-07,2200.1614
2009-01-08,2180.3482
2009-01-09,2200.4492
2009-01-12,2199.7276
2009-01-13,2173.5525
2009-01-14,2209.8021
2009-01-15,2206.6121
2009-01-16,2220.6918
2009-01-19,2226.0718
2009-01-20,2230.4709
2009-01-21,2226.9113
2009-01-22,2241.7424
2009-01-23,2238.3109
2009-02-02,2252.5385
2009-02-03,2275.7714
2009-02-04,2298.9107
2009-02-05,2285.2225
2009-02-06,2337.5655
2009-02-09,2369.8002
2009-02-10,2383.2823
2009-02-11,2385.4084
2009-02-12,2385.7141
2009-02-13,2432.3024
2009-02-16,2454.9568
2009-02-17,2414.1278
2009-02-18,2368.4595
2009-02-19,2385.4508
2009-02-20,2406.3962
2009-02-23,2439.3836
2009-02-24,2390.1752
2009-02-25,2387.5564
2009-02-26,2327.3845
2009-02-27,2294.9129
2009-03-02,2311.4664
2009-03-03,2306.5495
2009-03-04,2375.3201
2009-03-05,2378.3833
2009-03-06,2375.7381
2009-03-09,2335.2484
2009-03-10,2353.5873
2009-03-11,2345.0651
2009-03-12,2343.7268
2009-03-13,2336.6123
2009-03-16,2354.1057
2009-03-17,2392.0339
2009-03-18,2397.8943
2009-03-19,2419.5052
2009-03-20,2420.1396
2009-03-23,2450.7438
2009-03-24,2457.8403
2009-03-25,2432.9662
2009-03-26,2463.3568
2009-03-27,2473.6785
2009-03-30,2464.7346
2009-03-31,2480.1342
2009-04-01,2497.8400
2009-04-02,2512.5925
2009-04-03,2508.7232
2009-04-07,2509.9774
2009-04-08,2466.3668
2009-04-09,2488.3575
2009-04-10,2531.1061
2009-04-13,2557.2982
2009-04-14,2572.5902
2009-04-15,2581.2075
2009-04-16,2577.5478
2009-04-17,2565.7014
2009-04-20,2591.7697
2009-04-21,2577.4228
2009-04-22,2525.0518
2009-04-23,2537.2946
2009-04-24,2528.5416
2009-04-27,2495.1865
2009-04-28,2498.4207
2009-04-29,2539.1540
2009-04-30,2559.3757
2009-05-04,2603.6488
2009-05-05,2611.8567
2009-05-06,2633.1220
2009-05-07,2629.9657
2009-05-08,2641.0002
2009-05-11,2602.7124
2009-05-12,2634.9387
2009-05-13,2645.3045
2009-05-14,2639.2754
2009-05-15,2643.9201
2009-05-18,2655.2745
2009-05-19,2669.8080
2009-05-20,2660.0859
2009-05-21,2629.1366
2009-05-22,2621.8293
2009-05-25,2628.1366
2009-05-26,2617.5082
2009-05-27,2634.8632
2009-06-01,2679.1166
2009-06-02,2682.2883
2009-06-03,2712.1703
2009-06-04,2714.2867
2009-06-05,2714.1948
2009-06-08,2713.8302
2009-06-09,2720.1968
2009-06-10,2732.2520
2009-06-11,2720.9597
2009-06-12,2695.5418
2009-06-15,2721.8219
2009-06-16,2717.1975
2009-06-17,2741.8281
2009-06-18,2760.8229
2009-06-19,2775.7353
2009-06-22,2771.3808
2009-06-23,2770.3138
2009-06-24,2787.5930
2009-06-25,2790.7888
2009-06-26,2799.9963
2009-06-29,2824.3123
2009-06-30,2820.0229
2009-07-01,2853.8563
2009-07-02,2872.5685
2009-07-03,2902.4532
2009-07-06,2918.2516
2009-07-07,2902.6018
2009-07-08,2911.6193
2009-07-09,2934.8504
2009-07-10,2942.7776
2009-07-13,2928.4198
2009-07-14,2971.9974
2009-07-15,2985.6062
2009-07-16,2987.4360
2009-07-17,2998.7899
2009-07-20,3030.8999
2009-07-21,3007.5431
2009-07-22,3036.0629
2009-07-23,3055.7061
2009-07-24,3061.6680
2009-07-27,3092.8555
2009-07-28,3097.1382
2009-07-29,3011.7775
2009-07-30,3041.2140
2009-07-31,3088.5863
2009-08-03,3114.7448
2009-08-04,3119.3217
2009-08-05,3096.1740
2009-08-06,3062.2261
2009-08-07,3006.2179
2009-08-10,3005.5347
2009-08-11,3011.9880
2009-08-12,2941.3886
2009-08-13,2960.4766
2009-08-14,2909.3936
2009-08-17,2810.9646
2009-08-18,2826.9484
2009-08-19,2757.6690
2009-08-20,2819.3241
2009-08-21,2848.4348
2009-08-24,2868.0987
2009-08-25,2820.2045
2009-08-26,2851.1712
2009-08-27,2843.7995
2009-08-28,2786.5102
2009-08-31,2684.3859
2009-09-01,2689.3813
2009-09-02,2708.0248
2009-09-03,2780.2231
2009-09-04,2796.6257
2009-09-07,2811.9385
2009-09-08,2843.1008
2009-09-09,2854.3880
2009-09-10,2841.2746
2009-09-11,2877.6872
2009-09-14,2903.7978
2009-09-15,2907.7873
2009-09-16,2891.7036
2009-09-17,2918.6620
2009-09-18,2866.0835
2009-09-21,2879.7019
2009-09-22,2852.4986
2009-09-23,2819.9370
2009-09-24,2819.4028
2009-09-25,2807.6785
2009-09-28,2772.2879
2009-09-29,2770.4726
2009-09-30,2784.1793
2009-10-09,2857.8799
2009-10-12,2856.7141
2009-10-13,2876.4062
2009-10-14,2887.9185
2009-10-15,2892.0186
2009-10-16,2896.5417
2009-10-19,2935.7286
2009-10-20,2956.7094
2009-10-21,2949.8977
2009-10-22,2942.7957
2009-10-23,2975.3384
2009-10-26,2979.0516
2009-10-27,2938.2437
2009-10-28,2943.4673
2009-10-29,2908.7562
2009-10-30,2927.8225
2009-11-02,2983.4041
2009-11-03,3004.3226
2009-11-04,3012.3290
2009-11-05,3017.5435
2009-11-06,3030.3944
2009-11-09,3036.5832
2009-11-10,3045.2404
2009-11-11,3043.3509
2009-11-12,3046.8596
2009-11-13,3059.7142
2009-11-16,3106.9771
2009-11-17,3107.8607
2009-11-18,3106.9846
2009-11-19,3112.9382
2009-11-20,3113.4570
2009-11-23,3133.8742
2009-11-24,3074.0223
2009-11-25,3119.2984
2009-11-26,3052.0759
2009-11-27,3003.8497
2009-11-30,3072.5430
2009-12-01,3103.0033
2009-12-02,3120.4636
2009-12-03,3120.5583
2009-12-04,3128.6592
2009-12-07,3144.2665
2009-12-08,3129.2502
2009-12-09,3101.2804
2009-12-10,3110.2584
2009-12-11,3110.2648
2009-12-14,3119.5088
2009-12-15,3112.7403
2009-12-16,3101.7606
2009-12-17,3056.7179
2009-12-18,3004.8638
2009-12-21,3009.3851
2009-12-22,2972.4104
2009-12-23,2993.9147
2009-12-24,3047.3030
2009-12-25,3051.5187
2009-12-28,3075.0551
2009-12-29,3085.3005
2009-12-30,3098.9768
2009-12-31,3111.4285
2010-01-04,3099.1781
2010-01-05,3110.8604
2010-01-06,3102.8438
2010-01-07,3067.4570
2010-01-08,3071.3209
2010-01-11,3072.4892
2010-01-12,3100.6947
2010-01-13,3061.3243
2010-01-14,3094.2587
2010-01-15,3104.2204
2010-01-18,3118.7938
2010-01-19,3117.4219
2010-01-20,3058.0010
2010-01-21,3060.2485
2010-01-22,3022.4902
2010-01-25,3001.7221
2010-01-26,2957.2166
2010-01-27,2942.8335
2010-01-28,2957.4953
2010-01-29,2960.1662
2010-02-01,2941.5864
2010-02-02,2933.4845
2010-02-03,2960.2780
2010-02-04,2958.5395
2010-02-05,2925.0678
2010-02-08,2921.7067
2010-02-09,2926.0725
2010-02-10,2951.2130
2010-02-11,2954.6706
2010-02-12,2975.3083
2010-02-22,2968.0666
2010-02-23,2962.3017
2010-02-24,2992.9662
2010-02-25,3016.2250
2010-02-26,3018.2139
2010-03-01,3034.5608
2010-03-02,3030.5044
2010-03-03,3043.6701
2010-03-04,2997.8874
2010-03-05,3001.0218
2010-03-08,3015.6884
2010-03-09,3020.9297
2010-03-10,3005.6610
2010-03-11,3000.2989
2010-03-12,2978.1714
2010-03-15,2954.9622
2010-03-16,2964.9958
2010-03-17,3003.5948
2010-03-18,3001.6844
2010-03-19,3014.6034
2010-03-22,3021.4408
2010-03-23,3012.8944
2010-03-24,3018.9793
2010-03-25,3000.2977
2010-03-26,3021.9895
2010-03-29,3053.9338
2010-03-30,3061.2229
2010-03-31,3060.5488
2010-04-01,3086.3288
2010-04-02,3093.8451
2010-04-06,3092.7399
2010-04-07,3091.3599
2010-04-08,3080.1202
2010-04-09,3104.4036
2010-04-12,3105.4622
2010-04-13,3108.2520
2010-04-14,3118.2370
2010-04-15,3104.2895
2010-04-16,3093.4733
2010-04-19,3018.9390
2010-04-20,3034.2276
2010-04-21,3078.2878
2010-04-22,3075.3821
2010-04-23,3063.9160
2010-04-26,3057.6810
2010-04-27,3022.5649
2010-04-28,3016.3153
2010-04-29,2981.1290
2010-04-30,2963.9943
2010-05-04,2956.4979
2010-05-05,2982.0214
2010-05-06,2926.4566
2010-05-07,2893.6242
2010-05-10,2878.1633
2010-05-11,2842.3168
2010-05-12,2830.1693
2010-05-13,2873.7492
2010-05-14,2875.9803
2010-05-17,2802.1470
2010-05-18,2825.0622
2010-05-19,2829.9854
2010-05-20,2809.3925
2010-05-21,2834.6997
2010-05-24,2889.3651
2010-05-25,2866.3074
2010-05-26,2864.6129
2010-05-27,2891.8211
2010-05-28,2898.7149
2010-05-31,2863.3693
2010-06-01,2842.0348
2010-06-02,2852.4115
2010-06-03,2847.8671
2010-06-04,2851.6921
2010-06-07,2843.6508
2010-06-08,2849.8076
2010-06-09,2885.8868
2010-06-10,2884.0888
2010-06-11,2883.1977
2010-06-17,2860.5225
2010-06-18,2811.0653
2010-06-21,2850.9281
2010-06-22,2855.9432
2010-06-23,2847.6788
2010-06-24,2848.5629
2010-06-25,2832.2927
2010-06-28,2814.5469
2010-06-29,2747.1813
2010-06-30,2734.3645
2010-07-01,2711.3543
2010-07-02,2700.9451
2010-07-05,2693.8750
2010-07-06,2725.9942
2010-07-07,2741.5529
2010-07-08,2739.4724
2010-07-09,2783.6807
2010-07-12,2794.8659
2010-07-13,2776.9528
2010-07-14,2783.8669
2010-07-15,2758.5287
2010-07-16,2761.1267
2010-07-19,2794.2123
2010-07-20,2828.6403
2010-07-21,2831.7901
2010-07-22,2851.5108
2010-07-23,2864.0213
2010-07-26,2878.2322
2010-07-27,2876.4129
2010-07-28,2911.5067
2010-07-29,2914.4988
2010-07-30,2913.8748
2010-08-02,2944.8768
2010-08-03,2917.6915
2010-08-04,2927.2418
2010-08-05,2927.4143
2010-08-06,2957.6233
2010-08-09,2973.0923
2010-08-10,2922.8403
2010-08-11,2935.6041
2010-08-12,2919.7836
2010-08-13,2945.0522
2010-08-16,2983.7970
2010-08-17,2996.9019
2010-08-18,2995.0740
2010-08-19,2997.8237
2010-08-20,2962.9648
2010-08-23,2967.4338
2010-08-24,2981.3574
2010-08-25,2949.2638
2010-08-26,2956.8552
2010-08-27,2971.3098
2010-08-30,3014.7536
2010-08-31,3020.9978
2010-09-01,3005.3224
2010-09-02,3034.3283
2010-09-03,3045.3685
2010-09-06,3054.7090
2010-09-07,3059.8458
2010-09-08,3069.5374
2010-09-09,3045.1985
2010-09-10,3061.1923
2010-09-13,3086.8651
2010-09-14,3091.5705
2010-09-15,3058.8834
2010-09-16,3024.5309
2010-09-17,3031.3394
2010-09-20,3022.1658
2010-09-21,3023.5837
2010-09-27,3062.9299
2010-09-28,3057.7646
2010-09-29,3041.7390
2010-09-30,3076.2386
2010-10-08,3132.1912
2010-10-11,3141.7709
2010-10-12,3150.7555
2010-10-13,3167.1892
2010-10-14,3142.8400
2010-10-15,3170.6997
2010-10-18,3147.1806
2010-10-19,3197.8240
2010-10-20,3215.2151
2010-10-21,3209.1240
2010-10-22,3227.0153
2010-10-25,3284.3494
2010-10-26,3279.0931
2010-10-27,3249.0576
2010-10-28,3247.7225
2010-10-29,3257.1149
2010-11-01,3314.1379
2010-11-02,3300.3219
2010-11-03,3273.3918
2010-11-04,3312.8579
2010-11-05,3342.5106
2010-11-08,3369.1963
2010-11-09,3369.0784
2010-11-10,3369.7270
2010-11-11,3366.4782
2010-11-12,3245.2280
2010-11-15,3284.7359
2010-11-16,3214.2418
2010-11-17,3150.9829
2010-11-18,3179.4814
2010-11-19,3224.7442
2010-11-22,3237.3284
2010-11-23,3210.3062
2010-11-24,3257.8718
2010-11-25,3274.0206
2010-11-26,3264.7263
2010-11-29,3272.1452
2010-11-30,3234.7471
2010-12-01,3230.9576
2010-12-02,3236.3083
2010-12-03,3226.8641
2010-12-06,3212.8153
2010-12-07,3244.1853
2010-12-08,3236.0260
2010-12-09,3205.3352
2010-12-10,3230.0745
2010-12-13,3288.6881
2010-12-14,3301.3333
2010-12-15,3289.5814
2010-12-16,3284.6103
2010-12-17,3287.0887
2010-12-20,3262.7057
2010-12-21,3290.1594
2010-12-22,3272.5144
2010-12-23,3243.0241
2010-12-24,3214.8201
2010-12-27,3171.7140
2010-12-28,3140.1072
2010-12-29,3165.7233
2010-12-30,3176.6089
2010-12-31,3220.0745
2011-01-04,3252.9432
2011-01-05,3248.2678
2011-01-06,3235.7073
2011-01-07,3225.7132
2011-01-10,3179.2925
2011-01-11,3174.1822
2011-01-12,3179.5653
2011-01-13,3182.1137
2011-01-14,3145.9077
2011-01-17,3072.6988
2011-01-18,3077.8318
2011-01-19,3121.0631
2011-01-20,3061.3647
2011-01-21,3068.0244
2011-01-24,3032.9680
2011-01-25,3018.8419
2011-01-26,3046.6341
2011-01-27,3076.6799
2011-01-28,3089.5738
2011-01-31,3112.8061
2011-02-01,3115.0374
2011-02-09,3097.1731
2011-02-10,3137.6335
2011-02-11,3154.4242
2011-02-14,3199.9787
2011-02-15,3197.6741
2011-02-16,3219.2777
2011-02-17,3222.1434
2011-02-18,3203.8655
2011-02-21,3234.5084
2011-02-22,3181.4400
2011-02-23,3191.2171
2011-02-24,3198.4961
2011-02-25,3201.4385
2011-02-28,3228.2678
2011-03-01,3235.4159
2011-03-02,3226.7122
2011-03-03,3203.6674
2011-03-04,3227.2470
2011-03-07,3255.3029
2011-03-08,3257.3706
2011-03-09,3263.6043
2011-03-10,3240.2743
2011-03-11,3225.6056
2011-03-14,3239.8538
2011-03-15,3209.9286
2011-03-16,3233.2135
2011-03-17,3202.4896
2011-03-18,3210.2709
2011-03-21,3199.8047
2011-03-22,3205.4165
2011-03-23,3228.6265
2011-03-24,3227.3092
2011-03-25,3247.5370
2011-03-28,3233.6857
2011-03-29,3205.2340
2011-03-30,3198.4998
2011-03-31,3181.0955
2011-04-01,3205.5022
2011-04-06,3209.1841
2011-04-07,3220.2171
2011-04-08,3242.8706
2011-04-11,3227.8625
2011-04-12,3220.5713
2011-04-13,3244.8981
2011-04-14,3237.6927
2011-04-15,3237.0260
2011-04-18,3237.3852
2011-04-19,3209.6799
2011-04-20,3215.9988
2011-04-21,3230.2140
2011-04-22,3220.8166
2011-04-25,3194.5592
2011-04-26,3178.3644
2011-04-27,3164.7290
2011-04-28,3127.2056
2011-04-29,3145.1052
2011-05-03,3160.9533
2011-05-04,3118.3993
2011-05-05,3119.7762
2011-05-06,3123.1429
2011-05-09,3130.2871
2011-05-10,3139.7879
2011-05-11,3140.0271
2011-05-12,3119.7732
2011-05-13,3126.5665
2011-05-16,3114.3840
2011-05-17,3114.6943
2011-05-18,3128.4759
2011-05-19,3120.2298
2011-05-20,3116.7314
2011-05-23,3059.9366
2011-05-24,3060.4352
2011-05-25,3040.7845
2011-05-26,3028.1023
2011-05-27,3007.2272
2011-05-30,3001.0538
2011-05-31,3028.1375
2011-06-01,3037.4840
2011-06-02,3013.9856
2011-06-03,3037.1674
2011-06-07,3045.9681
2011-06-08,3046.9057
2011-06-09,3013.1329
2011-06-10,3016.0804
2011-06-13,3010.1323
2011-06-14,3035.6195
2011-06-15,3019.2183
2011-06-16,2991.0092
2011-06-17,2975.4756
2011-06-20,2961.9411
2011-06-21,2984.9237
2011-06-22,2984.7359
2011-06-23,3015.1128
2011-06-24,3054.7001
2011-06-27,3065.1945
2011-06-28,3069.1929
2011-06-29,3049.7497
2011-06-30,3076.8171
2011-07-01,3083.6294
2011-07-04,3121.9660
2011-07-05,3126.4347
2011-07-06,3125.7644
2011-07-07,3125.4277
2011-07-08,3128.5416
2011-07-11,3135.9348
2011-07-12,3109.7006
2011-07-13,3138.6789
2011-07-14,3144.7681
2011-07-15,3156.4445
2011-07-18,3152.5754
2011-07-19,3134.5172
2011-07-20,3132.2844
2011-07-21,3115.5267
2011-07-22,3123.6057
2011-07-25,3068.5035
2011-07-26,3073.9062
2011-07-27,3093.9751
2011-07-28,3086.8509
2011-07-29,3072.4013
2011-08-01,3075.3880
2011-08-02,3063.2798
2011-08-03,3064.6195
2011-08-04,3066.9859
2011-08-05,3038.8475
2011-08-08,2982.6872
2011-08-09,2988.4370
2011-08-10,3008.8988
2011-08-11,3040.2235
2011-08-12,3048.4893
2011-08-15,3070.7444
2011-08-16,3058.0892
2011-08-17,3050.4440
2011-08-18,3018.1120
2011-08-19,3002.4769
2011-08-22,2980.3523
2011-08-23,3004.4888
2011-08-24,3001.5889
2011-08-25,3039.7511
2011-08-26,3042.2925
2011-08-29,3020.7909
2011-08-30,3009.7305
2011-08-31,3008.2595
2011-09-01,2997.8798
2011-09-02,2973.7549
2011-09-05,2934.8222
2011-09-06,2916.9046
2011-09-07,2952.2873
2011-09-08,2939.4204
2011-09-09,2927.5284
2011-09-13,2905.1879
2011-09-14,2912.4613
2011-09-15,2913.6666
2011-09-16,2915.9307
2011-09-19,2885.2052
2011-09-20,2888.3940
2011-09-21,2927.7933
2011-09-22,2876.4386
2011-09-23,2859.6727
2011-09-26,2827.4164
2011-09-27,2839.3061
2011-09-28,2820.9177
2011-09-29,2796.0037
2011-09-30,2792.3484
2011-10-10,2781.6563
2011-10-11,2773.1376
2011-10-12,2823.7793
2011-10-13,2841.2536
2011-10-14,2838.0099
2011-10-17,2850.2841
2011-10-18,2811.3859
2011-10-19,2803.6351
2011-10-20,2765.7440
2011-10-21,2753.9338
2011-10-24,2789.2306
2011-10-25,2821.3185
2011-10-26,2840.3277
2011-10-27,2844.0857
2011-10-28,2880.1824
2011-10-31,2880.8582
2011-11-01,2882.3958
2011-11-02,2913.1072
2011-11-03,2916.3236
2011-11-04,2927.6513
2011-11-07,2916.0209
2011-11-08,2906.3105
2011-11-09,2924.2351
2011-11-10,2903.4721
2011-11-11,2900.0861
2011-11-14,2933.8403
2011-11-15,2933.9148
2011-11-16,2892.0153
2011-11-17,2888.8039
2011-11-18,2851.2983
2011-11-21,2848.0037
2011-11-22,2850.5392
2011-11-23,2841.7298
2011-11-24,2846.8858
2011-11-25,2838.7305
2011-11-28,2844.7512
2011-11-29,2863.9712
2011-11-30,2817.9494
2011-12-01,2854.6339
2011-12-02,2834.3980
2011-12-05,2802.0014
2011-12-06,2798.8911
2011-12-07,2806.3781
2011-12-08,2803.7427
2011-12-09,2787.5161
2011-12-12,2769.7717
2011-12-13,2735.6647
2011-12-14,2718.3611
2011-12-15,2692.5705
2011-12-16,2726.5061
2011-12-19,2727.1072
2011-12-20,2723.8345
2011-12-21,2699.2086
2011-12-22,2696.2166
2011-12-23,2705.6714
2011-12-26,2690.7315
2011-12-27,2662.6321
2011-12-28,2655.8045
2011-12-29,2661.5161
2011-12-30,2686.0865
2012-01-04,2654.7995
2012-01-05,2621.8139
2012-01-06,2620.9106
2012-01-09,2666.2959
2012-01-10,2715.0492
2012-01-11,2709.7645
2012-01-12,2705.3652
2012-01-13,2668.4924
2012-01-16,2627.6293
2012-01-17,2689.7424
2012-01-18,2656.0275
2012-01-19,2680.2180
2012-01-20,2710.1281
2012-01-30,2691.9099
2012-01-31,2694.2472
2012-02-01,2682.9195
2012-02-02,2712.3184
2012-02-03,2729.0977
2012-02-06,2734.0689
2012-02-07,2709.5462
2012-02-08,2744.8574
2012-02-09,2749.3481
2012-02-10,2752.1963
2012-02-13,2757.1058
2012-02-14,2753.6875
2012-02-15,2770.0525
2012-02-16,2764.3303
2012-02-17,2762.6753
2012-02-20,2766.9369
2012-02-21,2781.9045
2012-02-22,2807.0606
2012-02-23,2811.6350
2012-02-24,2836.1637
2012-02-27,2839.8297
2012-02-28,2838.2971
2012-02-29,2821.3694
2012-03-01,2823.8398
2012-03-02,2853.0198
2012-03-05,2844.4050
2012-03-06,2823.6572
2012-03-07,2815.5591
2012-03-08,2835.6979
2012-03-09,2858.2944
2012-03-12,2859.7193
2012-03-13,2875.7648
2012-03-14,2826.5220
2012-03-15,2821.5969
2012-03-16,2851.3738
2012-03-19,2856.0624
2012-03-20,2825.2663
2012-03-21,2820.0860
2012-03-22,2817.3031
2012-03-23,2796.2779
2012-03-26,2800.0567
2012-03-27,2791.6568
2012-03-28,2747.2983
2012-03-29,2733.3008
2012-03-30,2736.3784
2012-04-05,2774.1154
2012-04-06,2782.3232
2012-04-09,2768.3130
2012-04-10,2779.4440
2012-04-11,2781.3899
2012-04-12,2809.9864
2012-04-13,2817.1095
2012-04-16,2815.2259
2012-04-17,2795.8611
2012-04-18,2827.6571
2012-04-19,2824.4788
2012-04-20,2838.2008
2012-04-23,2820.4337
2012-04-24,2815.9504
2012-04-25,2828.8772
2012-04-26,2830.4377
2012-04-27,2829.4530
2012-05-02,2859.1250
2012-05-03,2865.8499
2012-05-04,2882.6818
2012-05-07,2889.0209
2012-05-08,2881.8749
2012-05-09,2854.5532
2012-05-10,2857.2053
2012-05-11,2847.2346
2012-05-14,2838.1785
2012-05-15,2842.0880
2012-05-16,2818.9654
2012-05-17,2838.4940
2012-05-18,2814.8100
2012-05-21,2822.7507
2012-05-22,2848.7894
2012-05-23,2847.4943
2012-05-24,2834.2516
2012-05-25,2820.1342
2012-05-28,2845.9886
2012-05-29,2868.9788
2012-05-30,2867.3416
2012-05-31,2868.0313
2012-06-01,2868.9634
2012-06-04,2829.5004
2012-06-05,2830.6274
2012-06-06,2828.9225
2012-06-07,2824.4095
2012-06-08,2819.3785
2012-06-11,2846.7998
2012-06-12,2845.1777
2012-06-13,2873.1785
2012-06-14,2865.3282
2012-06-15,2866.0719
2012-06-18,2878.8170
2012-06-19,2864.6074
2012-06-20,2857.6798
2012-06-21,2835.1524
2012-06-25,2800.4438
2012-06-26,2801.0778
2012-06-27,2805.7320
2012-06-28,2793.9940
2012-06-29,2819.8548
2012-07-02,2832.1117
2012-07-03,2839.6438
2012-07-04,2832.8566
2012-07-05,2814.5796
2012-07-06,2849.6020
2012-07-09,2824.7613
2012-07-10,2810.1286
2012-07-11,2824.0708
2012-07-12,2841.7510
2012-07-13,2844.0030
2012-07-16,2804.9144
2012-07-17,2809.1650
2012-07-18,2804.5332
2012-07-19,2814.7212
2012-07-20,2800.2260
2012-07-23,2781.5288
2012-07-24,2790.2837
2012-07-25,2782.1078
2012-07-26,2771.6352
2012-07-27,2765.9057
2012-07-30,2753.0526
2012-07-31,2745.6577
2012-08-01,2764.9063
2012-08-02,2751.6649
2012-08-03,2770.8871
2012-08-06,2796.7743
2012-08-07,2801.2040
2012-08-08,2797.3603
2012-08-09,2819.7247
2012-08-10,2814.2250
2012-08-13,2785.5417
2012-08-14,2789.4132
2012-08-15,2777.6739
2012-08-16,2767.2139
2012-08-17,2758.1494
2012-08-20,2755.6981
2012-08-21,2771.7945
2012-08-22,2759.0866
2012-08-23,2760.5242
2012-08-24,2740.7734
2012-08-27,2713.3712
2012-08-28,2716.1308
2012-08-29,2705.8388
2012-08-30,2688.2614
2012-08-31,2689.7017
2012-09-03,2716.0852
2012-09-04,2704.8210
2012-09-05,2706.4240
2012-09-06,2716.6426
2012-09-07,2773.2554
2012-09-10,2779.1532
2012-09-11,2771.5984
2012-09-12,2776.4603
2012-09-13,2762.5022
2012-09-14,2766.6511
2012-09-17,2729.6698
2012-09-18,2721.5687
2012-09-19,2727.7107
2012-09-20,2695.0148
2012-09-21,2690.0488
2012-09-24,2700.4626
2012-09-25,2696.5853
2012-09-26,2674.9251
2012-09-27,2712.3638
2012-09-28,2741.5612
2012-10-08,2731.4957
2012-10-09,2764.6629
2012-10-10,2771.6407
2012-10-11,2757.0026
2012-10-12,2754.4636
2012-10-15,2750.7130
2012-10-16,2757.5783
2012-10-17,2759.0526
2012-10-18,2783.0144
2012-10-19,2780.5485
2012-10-22,2786.9300
2012-10-23,2763.7901
2012-10-24,2757.8196
2012-10-25,2744.0168
2012-10-26,2719.6851
2012-10-29,2717.8337
2012-10-30,2720.9851
2012-10-31,2730.9701
2012-11-01,2756.4415
2012-11-02,2761.0869
2012-11-05,2752.6955
2012-11-06,2745.5664
2012-11-07,2741.7259
2012-11-08,2715.8007
2012-11-09,2708.2535
2012-11-12,2710.5874
2012-11-13,2686.9110
2012-11-14,2690.9135
2012-11-15,2674.5374
2012-11-16,2663.7069
2012-11-19,2661.3612
2012-11-20,2658.6036
2012-11-21,2671.5532
2012-11-22,2658.5985
2012-11-23,2667.8535
2012-11-26,2653.4140
2012-11-27,2629.3817
2012-11-28,2611.2022
2012-11-29,2606.3079
2012-11-30,2623.0686
2012-12-03,2601.8475
2012-12-04,2613.9917
2012-12-05,2659.2066
2012-12-06,2657.2732
2012-12-07,2682.1498
2012-12-10,2698.1264
2012-12-11,2690.6993
2012-12-12,2693.3406
2012-12-13,2680.5736
2012-12-14,2741.3580
2012-12-17,2742.0430
2012-12-18,2737.1141
2012-12-19,2742.7776
2012-12-20,2751.1697
2012-12-21,2751.5551
2012-12-24,2760.2023
2012-12-25,2797.0263
2012-12-26,2809.6892
2012-12-27,2801.6736
2012-12-28,2822.8604
2012-12-31,2846.2420
2013-01-04,2839.0586
2013-01-07,2846.8646
2013-01-08,2853.1181
2013-01-09,2859.0127
2013-01-10,2864.5346
2013-01-11,2837.4974
2013-01-14,2894.4461
2013-01-15,2912.9305
2013-01-16,2907.3980
2013-01-17,2895.5235
2013-01-18,2925.8821
2013-01-21,2933.8600
2013-01-22,2916.6730
2013-01-23,2920.7264
2013-01-24,2897.3778
2013-01-25,2895.1247
2013-01-28,2938.9324
2013-01-29,2951.5094
2013-01-30,2956.0883
2013-01-31,2949.9125
2013-02-01,2974.5959
2013-02-04,2965.8953
2013-02-05,2983.4031
2013-02-06,2990.4311
2013-02-07,2995.0312
2013-02-08,3017.1742
2013-02-18,3008.3820
2013-02-19,2974.9701
2013-02-20,3002.4947
2013-02-21,2963.6862
2013-02-22,2954.9693
2013-02-25,2965.3560
2013-02-26,2945.5062
2013-02-27,2950.4124
2013-02-28,2989.4717
2013-03-01,3001.6884
2013-03-04,2940.2352
2013-03-05,2979.2341
2013-03-06,3001.3071
2013-03-07,2981.1078
2013-03-08,2967.1350
2013-03-11,2964.8584
2013-03-12,2937.8537
2013-03-13,2923.3727
2013-03-14,2932.6743
2013-03-15,2937.0808
2013-03-18,2921.4003
2013-03-19,2925.8197
2013-03-20,2969.0683
2013-03-21,2982.4083
2013-03-22,2989.0833
2013-03-25,2987.8944
2013-03-26,2978.3225
2013-03-27,2984.1019
2013-03-28,2947.3756
2013-03-29,2943.5648
2013-04-01,2948.0259
2013-04-02,2926.8608
2013-04-03,2917.7489
2013-04-08,2926.8620
2013-04-09,2936.4081
2013-04-10,2931.3198
2013-04-11,2929.7948
2013-04-12,2924.2738
2013-04-15,2908.3447
2013-04-16,2923.1089
2013-04-17,2937.3050
2013-04-18,2939.4714
2013-04-19,2973.2410
2013-04-22,2976.2518
2013-04-23,2934.8215
2013-04-24,2966.1827
2013-04-25,2946.3199
2013-04-26,2928.0969
2013-05-02,2939.2279
2013-05-03,2966.9154
2013-05-06,2989.6250
2013-05-07,2992.3904
2013-05-08,3006.4237
2013-05-09,3002.8339
2013-05-10,3007.5346
2013-05-13,3007.4441
2013-05-14,2986.0987
2013-05-15,3005.9222
2013-05-16,3026.9322
2013-05-17,3053.7551
2013-05-20,3067.7277
2013-05-21,3079.5410
2013-05-22,3067.8010
2013-05-23,3057.8126
2013-05-24,3075.8943
2013-05-27,3085.9976
2013-05-28,3093.7015
2013-05-29,3099.6456
2013-05-30,3098.7758
2013-05-31,3085.3018
2013-06-03,3074.7684
2013-06-04,3047.4978
2013-06-05,3052.1322
2013-06-06,3032.0522
2013-06-07,3010.5853
2013-06-13,2974.8539
2013-06-14,2998.9950
2013-06-17,2999.6846
2013-06-18,3005.1213
2013-06-19,2995.6253
2013-06-20,2943.7586
2013-06-21,2940.9161
2013-06-24,2862.2512
2013-06-25,2866.1919
2013-06-26,2898.6473
2013-06-27,2888.2954
2013-06-28,2899.3970
2013-07-01,2926.8213
2013-07-02,2945.9669
2013-07-03,2948.3319
2013-07-04,2952.0707
2013-07-05,2946.6383
2013-07-08,2908.5882
2013-07-09,2910.5742
2013-07-10,2944.1778
2013-07-11,2986.3490
2013-07-12,2973.6055
2013-07-15,3002.2708
2013-07-16,3010.7140
2013-07-17,2988.6292
2013-07-18,2975.6694
2013-07-19,2945.8102
2013-07-22,2964.5626
2013-07-23,3001.6473
2013-07-24,3004.7678
2013-07-25,2980.4464
2013-07-26,2977.4741
2013-07-29,2950.4267
2013-07-30,2944.2011
2013-07-31,2949.4230
2013-08-01,2990.1790
2013-08-02,2996.1128
2013-08-05,3017.7607
2013-08-06,3030.2188
2013-08-07,3014.6304
2013-08-08,3017.3434
2013-08-09,3019.7545
2013-08-12,3039.7604
2013-08-13,3042.5281
2013-08-14,3037.8996
2013-08-15,3017.7141
2013-08-16,2992.9261
2013-08-19,3018.6909
2013-08-20,3012.3156
2013-08-21,3011.6034
2013-08-22,3015.9955
2013-08-23,3015.9547
2013-08-26,3042.3147
2013-08-27,3046.1919
2013-08-28,3029.2123
2013-08-29,3023.9580
2013-08-30,3005.5972
2013-09-02,3018.4281
2013-09-03,3041.4472
2013-09-04,3039.7531
2013-09-05,3044.0308
2013-09-06,3051.9949
2013-09-09,3072.7335
2013-09-10,3080.1862
2013-09-11,3070.8856
2013-09-12,3075.4713
2013-09-13,3079.6205
2013-09-16,3083.2686
2013-09-17,3061.9785
2013-09-18,3069.0440
2013-09-23,3087.6200
2013-09-24,3084.8402
2013-09-25,3076.0595
2013-09-26,3055.8704
2013-09-27,3064.3808
2013-09-30,3080.1358
2013-10-08,3101.6376
2013-10-09,3112.5209
2013-10-10,3100.1287
2013-10-11,3115.9418
2013-10-14,3123.0023
2013-10-15,3119.4579
2013-10-16,3085.8019
2013-10-17,3079.1581
2013-10-18,3087.9795
2013-10-21,3121.4542
2013-10-22,3101.6495
2013-10-23,3072.9602
2013-10-24,3061.8264
2013-10-25,3033.9056
2013-10-28,3031.5672
2013-10-29,3020.5071
2013-10-30,3041.9311
2013-10-31,3017.1842
2013-11-01,3016.6064
2013-11-04,3019.0155
2013-11-05,3029.4846
2013-11-06,3012.7105
2013-11-07,2995.6119
2013-11-08,2975.2024
2013-11-11,2983.3810
2013-11-12,2994.8552
2013-11-13,2969.3156
2013-11-14,2985.5133
2013-11-15,3007.9396
2013-11-18,3040.0750
2013-11-19,3034.1689
2013-11-20,3039.3738
2013-11-21,3030.5928
2013-11-22,3024.2042
2013-11-25,3020.1660
2013-11-26,3019.8026
2013-11-27,3036.8593
2013-11-28,3051.9050
2013-11-29,3060.7418
2013-12-02,3015.7268
2013-12-03,3035.5644
2013-12-04,3051.4218
2013-12-05,3041.3176
2013-12-06,3033.0819
2013-12-09,3039.4471
2013-12-10,3039.1049
2013-12-11,3024.8099
2013-12-12,3031.4484
2013-12-13,3033.6289
2013-12-16,3017.4893
2013-12-17,3008.9524
2013-12-18,3007.2370
2013-12-19,2993.4027
2013-12-20,2972.8039
2013-12-23,2975.4098
2013-12-24,2984.0547
2013-12-25,2999.8363
2013-12-26,2979.8713
2013-12-27,3000.8799
2013-12-30,3002.3731
2013-12-31,3012.2828
2014-01-02,3016.1415
2014-01-03,3007.9655
2014-01-06,2985.6697
2014-01-07,2993.0424
2014-01-08,3002.9155
2014-01-09,2987.9049
2014-01-10,2968.8139
2014-01-13,2963.4116
2014-01-14,2982.9288
2014-01-15,2991.9743
2014-01-16,2988.3818
2014-01-17,2971.8993
2014-01-20,2960.6893
2014-01-21,2978.4775
2014-01-22,3011.7567
2014-01-23,3019.4755
2014-01-24,3036.1936
2014-01-27,3025.8542
2014-01-28,3023.4107
2014-01-29,3036.7187
2014-01-30,3027.5044
2014-02-07,3046.5254
2014-02-10,3077.9271
2014-02-11,3075.9027
2014-02-12,3084.1665
2014-02-13,3065.0126
2014-02-14,3086.2931
2014-02-17,3108.7053
2014-02-18,3099.7743
2014-02-19,3103.6354
2014-02-20,3089.7631
2014-02-21,3084.4114
2014-02-24,3075.8514
2014-02-25,3032.8538
2014-02-26,3037.5420
2014-02-27,3020.1170
2014-02-28,3033.2552
2014-03-03,3052.0715
2014-03-04,3045.2307
2014-03-05,3035.9546
2014-03-06,3034.5594
2014-03-07,3034.1277
2014-03-10,2993.8851
2014-03-11,2995.9110
2014-03-12,2995.0638
2014-03-13,3014.3941
2014-03-14,3009.0605
2014-03-17,3030.8734
2014-03-18,3033.0242
2014-03-19,3020.1801
2014-03-20,2989.3682
2014-03-21,3014.8071
2014-03-24,3016.3073
2014-03-25,3014.4053
2014-03-26,3021.0324
2014-03-27,3000.5434
2014-03-28,2979.2044
2014-03-31,2977.0599
2014-04-01,2990.8132
2014-04-02,2989.3790
2014-04-03,2985.1136
2014-04-04,3000.4232
2014-04-08,3020.3129
2014-04-09,3029.2133
2014-04-10,3041.4053
2014-04-11,3038.1955
2014-04-14,3043.4029
2014-04-15,3029.7412
2014-04-16,3028.4319
2014-04-17,3028.9711
2014-04-18,3032.8095
2014-04-21,3016.3219
2014-04-22,3009.5980
2014-04-23,3005.8354
2014-04-24,2998.9522
2014-04-25,2978.3092
2014-04-28,2950.2254
2014-04-29,2965.9171
2014-04-30,2975.0380
2014-05-05,2981.0267
2014-05-06,2988.1030
2014-05-07,2971.3133
2014-05-08,2969.6873
2014-05-09,2962.6092
2014-05-12,2987.0103
2014-05-13,2985.8008
2014-05-14,2986.1044
2014-05-15,2966.8532
2014-05-16,2961.4958
2014-05-19,2950.4754
2014-05-20,2954.1665
2014-05-21,2966.6895
2014-05-22,2969.6246
2014-05-23,2984.6050
2014-05-26,2996.8470
2014-05-27,2992.8936
2014-05-28,3010.1107
2014-05-29,3000.2008
2014-05-30,3003.6681
2014-06-03,3003.0754
2014-06-04,2994.5334
2014-06-05,3010.5685
2014-06-06,3007.6536
2014-06-09,3001.9097
2014-06-10,3020.3553
2014-06-11,3025.8890
2014-06-12,3023.8587
2014-06-13,3039.9661
2014-06-16,3049.0193
2014-06-17,3033.5374
2014-06-18,3025.8410
2014-06-19,2999.9459
2014-06-20,3011.0124
2014-06-23,3016.6454
2014-06-24,3025.2622
2014-06-25,3020.1109
2014-06-26,3035.7642
2014-06-27,3041.1369
2014-06-30,3048.9089
2014-07-01,3050.3679
2014-07-02,3055.6855
2014-07-03,3063.8816
2014-07-04,3060.4608
2014-07-07,3056.9420
2014-07-08,3064.5310
2014-07-09,3044.4961
2014-07-10,3038.6657
2014-07-11,3045.4491
2014-07-14,3060.7179
2014-07-15,3057.4461
2014-07-16,3046.3419
2014-07-17,3038.5465
2014-07-18,3042.1119
2014-07-21,3043.2962
2014-07-22,3062.1626
2014-07-23,3054.1102
2014-07-24,3059.2957
2014-07-25,3071.5135
2014-07-28,3098.6350
2014-07-29,3109.4500
2014-07-30,3111.0951
2014-07-31,3123.3423
2014-08-01,3113.7093
2014-08-04,3133.7563
2014-08-05,3137.1258
2014-08-06,3139.6759
2014-08-07,3126.2247
2014-08-08,3133.5662
2014-08-11,3154.8495
2014-08-12,3156.6258
2014-08-13,3155.5161
2014-08-14,3145.4680
2014-08-15,3160.2373
2014-08-18,3175.5638
2014-08-19,3178.4096
2014-08-20,3174.0357
2014-08-21,3172.4809
2014-08-22,3181.8503
2014-08-25,3172.1297
2014-08-26,3154.2244
2014-08-27,3159.3963
2014-08-28,3149.8760
2014-08-29,3165.9876
2014-09-01,3186.3624
2014-09-02,3204.4291
2014-09-03,3217.5315
2014-09-04,3227.7481
2014-09-05,3236.5068
2014-09-09,3238.6735
2014-09-10,3238.0109
2014-09-11,3235.0780
2014-09-12,3247.3362
2014-09-15,3252.7693
2014-09-16,3211.0273
2014-09-17,3218.8414
2014-09-18,3228.5196
2014-09-19,3242.9376
2014-09-22,3224.3338
2014-09-23,3239.8656
2014-09-24,3260.0329
2014-09-25,3259.4284
2014-09-26,3262.0977
2014-09-29,3272.3262
2014-09-30,3279.7512
2014-10-08,3297.6754
2014-10-09,3300.5795
2014-10-10,3291.7096
2014-10-13,3287.1230
2014-10-14,3282.2716
2014-10-15,3291.3675
2014-10-16,3276.5905
2014-10-17,3271.1619
2014-10-20,3289.6153
2014-10-21,3280.0009
2014-10-22,3269.0745
2014-10-23,3253.1224
2014-10-24,3255.4715
2014-10-27,3259.1302
2014-10-28,3291.1087
2014-10-29,3310.6579
2014-10-30,3314.9480
2014-10-31,3323.2196
2014-11-03,3331.7226
2014-11-04,3327.7696
2014-11-05,3325.7068
2014-11-06,3336.1381
2014-11-07,3334.0076
2014-11-10,3357.8490
2014-11-11,3330.4307
2014-11-12,3352.2002
2014-11-13,3335.9980
2014-11-14,3331.0152
2014-11-17,3336.0068
2014-11-18,3329.3739
2014-11-19,3334.8456
2014-11-20,3333.7289
2014-11-21,3354.7368
2014-11-24,3385.1156
2014-11-25,3406.8863
2014-11-26,3421.8293
2014-11-27,3434.6845
2014-11-28,3449.4968
2014-12-01,3443.1084
2014-12-02,3480.7968
2014-12-03,3495.4517
2014-12-04,3548.0078
2014-12-05,3534.7679
2014-12-08,3566.1905
2014-12-09,3472.6138
2014-12-10,3524.4818
2014-12-11,3521.3914
2014-12-12,3532.8959
2014-12-15,3553.1226
2014-12-16,3575.3496
2014-12-17,3579.9869
2014-12-18,3576.2756
2014-12-19,3574.7741
2014-12-22,3547.3539
2014-12-23,3516.5746
2014-12-24,3513.3315
2014-12-25,3550.8305
2014-12-26,3587.0931
2014-12-29,3583.1705
2014-12-30,3571.0333
2014-12-31,3602.4104
2015-01-05,3634.9757
2015-01-06,3648.8187
2015-01-07,3652.6220
2015-01-08,3631.0828
2015-01-09,3629.4985
2015-01-12,3620.0518
2015-01-13,3635.9763
2015-01-14,3631.4813
2015-01-15,3662.0286
2015-01-16,3686.2693
2015-01-19,3602.1495
2015-01-20,3646.9704
2015-01-21,3700.8684
2015-01-22,3717.5696
2015-01-23,3706.6992
2015-01-26,3729.5632
2015-01-27,3724.4643
2015-01-28,3702.7443
2015-01-29,3686.0943
2015-01-30,3665.3385
2015-02-02,3647.1501
2015-02-03,3683.2307
2015-02-04,3675.9305
2015-02-05,3669.6195
2015-02-06,3637.5858
2015-02-09,3636.7798
2015-02-10,3664.5694
2015-02-11,3685.8045
2015-02-12,3694.9215
2015-02-13,3719.4607
2015-02-16,3749.2034
2015-02-17,3761.2734
2015-02-25,3742.8098
2015-02-26,3764.4495
2015-02-27,3777.2596
2015-03-02,3804.8607
2015-03-03,3779.3499
2015-03-04,3800.6663
2015-03-05,3795.0374
2015-03-06,3769.7443
2015-03-09,3795.6955
2015-03-10,3809.4668
2015-03-11,3807.9691
2015-03-12,3813.9504
2015-03-13,3836.3113
2015-03-16,3891.7151
2015-03-17,3909.7674
2015-03-18,3942.3792
2015-03-19,3944.7589
2015-03-20,3970.7360
2015-03-23,4008.1800
2015-03-24,4021.5883
2015-03-25,4025.4860
2015-03-26,3999.7137
2015-03-27,4016.7678
2015-03-30,4033.6231
2015-03-31,4033.8001
2015-04-01,4075.8324
2015-04-02,4101.1147
2015-04-03,4129.1569
2015-04-07,4162.9866
2015-04-08,4148.6038
2015-04-09,4134.1128
2015-04-10,4178.5496
2015-04-13,4210.8402
2015-04-14,4206.3761
2015-04-15,4149.5107
2015-04-16,4185.9572
2015-04-17,4202.0041
2015-04-20,4164.6953
2015-04-21,4229.0751
2015-04-22,4286.1234
2015-04-23,4298.8385
2015-04-24,4292.7504
2015-04-27,4314.8920
2015-04-28,4268.7381
2015-04-29,4304.3877
2015-04-30,4316.9000
2015-05-04,4325.7047
2015-05-05,4262.9287
2015-05-06,4262.3611
2015-05-07,4242.2172
2015-05-08,4310.4262
2015-05-11,4391.9474
2015-05-12,4438.5603
2015-05-13,4441.0117
2015-05-14,4439.8436
2015-05-15,4431.9078
2015-05-18,4464.2536
2015-05-19,4512.5828
2015-05-20,4548.0047
2015-05-21,4607.8512
2015-05-22,4633.5370
2015-05-25,4673.5337
2015-05-26,4734.2661
2015-05-27,4742.6540
2015-05-28,4625.9101
2015-05-29,4655.4980
2015-06-01,4754.5727
2015-06-02,4817.8605
2015-06-03,4821.7144
2015-06-04,4812.8175
2015-06-05,4826.0829
2015-06-08,4803.4756
2015-06-09,4792.8221
2015-06-10,4818.2479
2015-06-11,4837.7881
2015-06-12,4862.6436
2015-06-15,4810.3807
2015-06-16,4726.2448
2015-06-17,4764.2594
2015-06-18,4679.2094
2015-06-19,4551.2917
2015-06-23,4569.7175
2015-06-24,4603.8334
2015-06-25,4519.1900
2015-06-26,4347.9721
2015-06-29,4236.6658
2015-06-30,4338.6482
2015-07-01,4238.9372
2015-07-02,4141.2315
2015-07-03,4044.8409
2015-07-06,4022.4486
2015-07-07,3940.8243
2015-07-08,3922.1050
2015-07-09,3997.5925
2015-07-10,4091.3179
2015-07-13,4179.6786
2015-07-14,4196.6853
2015-07-15,4108.4501
2015-07-16,4133.5663
2015-07-17,4233.2352
2015-07-20,4269.4382
2015-07-21,4297.4744
2015-07-22,4313.4314
2015-07-23,4369.6299
2015-07-24,4342.0624
2015-07-27,4191.9456
2015-07-28,4153.7783
2015-07-29,4228.2976
2015-07-30,4169.6926
2015-07-31,4148.0345
2015-08-03,4102.3164
2015-08-04,4187.8978
2015-08-05,4164.9738
2015-08-06,4155.5541
2015-08-07,4212.0021
2015-08-10,4303.1614
2015-08-11,4302.4869
2015-08-12,4269.7077
2015-08-13,4308.1893
2015-08-14,4313.8255
2015-08-17,4328.4117
2015-08-18,4197.7230
2015-08-19,4234.0744
2015-08-20,4175.7683
2015-08-21,4080.3021
2015-08-24,3941.6012
2015-08-25,3819.3220
2015-08-26,3786.4581
2015-08-27,3849.7199
2015-08-28,3939.4017
2015-08-31,3906.5531
2015-09-01,3840.2432
2015-09-02,3817.3272
2015-09-07,3808.3094
2015-09-08,3875.5653
2015-09-09,3927.7853
2015-09-10,3904.6645
2015-09-11,3913.1012
2015-09-14,3829.2669
2015-09-15,3752.4118
2015-09-16,3859.0009
2015-09-17,3833.7811
2015-09-18,3854.6322
2015-09-21,3901.5866
2015-09-22,3913.6814
2015-09-23,3891.5346
2015-09-24,3909.8308
2015-09-25,3863.2527
2015-09-28,3897.8031
2015-09-29,3871.9694
2015-09-30,3878.8693
2015-10-08,3942.7662
2015-10-09,3970.3378
2015-10-12,4035.6635
2015-10-13,4052.0816
2015-10-14,4030.0437
2015-10-15,4084.0820
2015-10-16,4112.2350
2015-10-19,4110.9714
2015-10-20,4144.8996
2015-10-21,4048.8004
2015-10-22,4106.5615
2015-10-23,4152.8471
2015-10-26,4165.9264
2015-10-27,4178.1219
2015-10-28,4136.4519
2015-10-29,4146.9012
2015-10-30,4150.7090
2015-11-02,4114.7035
2015-11-03,4111.1365
2015-11-04,4203.6146
2015-11-05,4215.5354
2015-11-06,4269.9217
2015-11-09,4298.0692
2015-11-10,4305.8113
2015-11-11,4329.4421
2015-11-12,4324.6662
2015-11-13,4282.9726
2015-11-16,4314.9075
2015-11-17,4300.3449
2015-11-18,4268.4037
2015-11-19,4318.3877
2015-11-20,4338.3107
2015-11-23,4320.9571
2015-11-24,4335.6651
2015-11-25,4370.4911
2015-11-26,4357.7361
2015-11-27,4244.4637
2015-11-30,4255.4564
2015-12-01,4253.1908
2015-12-02,4262.0244
2015-12-03,4300.2408
2015-12-04,4283.2743
2015-12-07,4305.1072
2015-12-08,4274.1195
2015-12-09,4273.7856
2015-12-10,4270.2353
2015-12-11,4255.9611
2015-12-14,4293.8256
2015-12-15,4308.0091
2015-12-16,4318.2701
2015-12-17,4364.8347
2015-12-18,4363.3069
2015-12-21,4390.0343
2015-12-22,4404.4120
2015-12-23,4383.7733
2015-12-24,4378.2092
2015-12-25,4389.9522
2015-12-28,4347.2757
2015-12-29,4364.8761
2015-12-30,4381.7137
2015-12-31,4354.6503
2016-01-04,4241.7421
2016-01-05,4216.4975
2016-01-06,4259.4816
2016-01-07,4106.3179
2016-01-08,4126.9148
2016-01-11,4008.8278
2016-01-12,4017.0130
2016-01-13,3960.0658
2016-01-14,4024.8658
2016-01-15,3963.2984
2016-01-18,3990.5765
2016-01-19,4055.2499
2016-01-20,4029.3211
2016-01-21,3956.9422
2016-01-22,3983.2801
2016-01-25,4002.4658
2016-01-26,3871.6204
2016-01-27,3854.5548
2016-01-28,3782.4224
2016-01-29,3849.4652
2016-02-01,3830.3715
2016-02-02,3890.0529
2016-02-03,3893.8708
2016-02-04,3929.6887
2016-02-05,3911.9341
2016-02-15,3915.8654
2016-02-16,3987.8293
2016-02-17,4007.9572
2016-02-18,4001.0580
2016-02-19,4007.6638
2016-02-22,4045.8521
2016-02-23,4032.9404
2016-02-24,4031.8655
2016-02-25,3897.7471
2016-02-26,3903.4223
2016-02-29,3823.4547
2016-03-01,3861.3419
2016-03-02,3944.6824
2016-03-03,3945.0472
2016-03-04,3912.0733
2016-03-07,3939.0005
2016-03-08,3945.4267
2016-03-09,3912.7906
2016-03-10,3883.2674
2016-03-11,3883.2303
2016-03-14,3938.2944
2016-03-15,3929.7548
2016-03-16,3919.6502
2016-03-17,3975.0260
2016-03-18,4033.5685
2016-03-21,4078.1280
2016-03-22,4070.9772
2016-03-23,4083.9402
2016-03-24,4058.3018
2016-03-25,4067.8913
2016-03-28,4056.0348
2016-03-29,4024.8828
2016-03-30,4086.0089
2016-03-31,4090.3358
2016-04-01,4083.0121
2016-04-05,4124.5881
2016-04-06,4130.1044
2016-04-07,4101.7270
2016-04-08,4086.3067
2016-04-11,4123.2274
2016-04-12,4110.5287
2016-04-13,4136.0068
2016-04-14,4147.6231
2016-04-15,4143.8711
2016-04-18,4118.3484
2016-04-19,4124.0354
2016-04-20,4058.0855
2016-04-21,4040.5994
2016-04-22,4051.1330
2016-04-25,4041.3573
2016-04-26,4056.9961
2016-04-27,4052.6513
2016-04-28,4049.4055
2016-04-29,4053.4130
2016-05-03,4094.3596
2016-05-04,4093.6945
2016-05-05,4100.8308
2016-05-06,4040.0443
2016-05-09,3989.0808
2016-05-10,3990.0486
2016-05-11,3987.1319
2016-05-12,3991.2340
2016-05-13,3985.7837
2016-05-16,4012.9747
2016-05-17,4008.4610
2016-05-18,3972.4389
2016-05-19,3977.8002
2016-05-20,3992.8607
2016-05-23,4014.5521
2016-05-24,3997.5940
2016-05-25,3990.8860
2016-05-26,3998.5896
2016-05-27,3996.2624
2016-05-30,3991.5984
2016-05-31,4059.8891
2016-06-01,4067.9867
2016-06-02,4078.8188
2016-06-03,4091.3427
2016-06-06,4096.8650
2016-06-07,4098.5379
2016-06-08,4092.8258
2016-06-13,4022.6078
2016-06-14,4030.8159
2016-06-15,4078.7576
2016-06-16,4074.4171
2016-06-17,4086.1745
2016-06-20,4093.1712
2016-06-21,4079.5616
2016-06-22,4104.7552
2016-06-23,4097.5233
2016-06-24,4083.8771
2016-06-27,4124.5958
2016-06-28,4138.1232
2016-06-29,4141.8791
2016-06-30,4142.8778
2016-07-01,4142.0003
2016-07-04,4177.5152
2016-07-05,4183.7049
2016-07-06,4194.8359
2016-07-07,4198.7748
2016-07-08,4193.8763
2016-07-11,4193.9825
2016-07-12,4219.2134
2016-07-13,4229.9763
2016-07-14,4228.9816
2016-07-15,4225.8149
2016-07-18,4217.7014
2016-07-19,4218.4494
2016-07-20,4216.9235
2016-07-21,4221.8545
2016-07-22,4205.7629
2016-07-25,4205.8098
2016-07-26,4229.3546
2016-07-27,4172.5133
2016-07-28,4173.8681
2016-07-29,4163.9922
2016-08-01,4144.1121
2016-08-02,4156.7534
2016-08-03,4161.8059
2016-08-04,4170.1950
2016-08-05,4165.4029
2016-08-08,4184.3485
2016-08-09,4199.5080
2016-08-10,4194.9138
2016-08-11,4175.6817
2016-08-12,4197.7437
2016-08-15,4241.5326
2016-08-16,4245.0987
2016-08-17,4247.1432
2016-08-18,4243.3802
2016-08-19,4245.3919
2016-08-22,4227.6043
2016-08-23,4229.8185
2016-08-24,4230.1045
2016-08-25,4221.0684
2016-08-26,4226.8159
2016-08-29,4228.4186
2016-08-30,4228.7971
2016-08-31,4231.1946
2016-09-01,4218.7055
2016-09-02,4214.3004
2016-09-05,4222.5086
2016-09-06,4245.8336
2016-09-07,4244.4996
2016-09-08,4248.5864
2016-09-09,4237.6652
2016-09-12,4196.5581
2016-09-13,4201.4967
2016-09-14,4191.8332
2016-09-19,4209.1033
2016-09-20,4208.7698
2016-09-21,4212.7469
2016-09-22,4224.0558
2016-09-23,4219.3536
2016-09-26,4189.6274
2016-09-27,4199.5109
2016-09-28,4197.2579
2016-09-29,4204.9586
2016-09-30,4212.2988
2016-10-10,4241.6265
2016-10-11,4250.9121
2016-10-12,4249.1110
2016-10-13,4250.6582
2016-10-14,4249.7277
2016-10-17,4237.4389
2016-10-18,4262.2257
2016-10-19,4258.9592
2016-10-20,4262.4491
2016-10-21,4259.4651
2016-10-24,4274.4854
2016-10-25,4277.5793
2016-10-26,4268.4737
2016-10-27,4265.2352
2016-10-28,4255.8754
2016-10-31,4254.3312
2016-11-01,4270.8290
2016-11-02,4259.1910
2016-11-03,4269.1042
2016-11-04,4263.3962
2016-11-07,4263.7231
2016-11-08,4272.3313
2016-11-09,4261.5041
2016-11-10,4280.3209
2016-11-11,4287.9477
2016-11-14,4292.0196
2016-11-15,4293.8585
2016-11-16,4294.7071
2016-11-17,4291.3370
2016-11-18,4282.8111
2016-11-21,4288.2168
2016-11-22,4302.1927
2016-11-23,4297.5453
2016-11-24,4296.2058
2016-11-25,4305.7773
2016-11-28,4309.5040
2016-11-29,4304.0363
2016-11-30,4291.2717
2016-12-01,4298.4588
2016-12-02,4273.1842
2016-12-05,4258.6793
2016-12-06,4255.7003
2016-12-07,4269.0969
2016-12-08,4263.9778
2016-12-09,4263.1900
2016-12-12,4203.0567
2016-12-13,4205.1139
2016-12-14,4190.4507
2016-12-15,4180.7769
2016-12-16,4187.4063
2016-12-19,4180.9438
2016-12-20,4171.8126
2016-12-21,4186.9288
2016-12-22,4187.9664
2016-12-23,4174.8708
2016-12-26,4182.1663
2016-12-27,4182.9379
2016-12-28,4177.2213
2016-12-29,4175.5359
2016-12-30,4183.1917
2017-01-03,4191.5149
2017-01-04,4208.6165
2017-01-05,4209.1551
2017-01-06,4198.6901
2017-01-09,4207.6839
2017-01-10,4204.0804
2017-01-11,4189.8681
2017-01-12,4177.5208
2017-01-13,4163.6083
2017-01-16,4137.3900
2017-01-17,4148.9480
2017-01-18,4148.1329
2017-01-19,4141.0276
2017-01-20,4160.4478
2017-01-23,4170.9124
2017-01-24,4167.9723
2017-01-25,4172.8364
2017-01-26,4183.7657
2017-02-03,4174.7403
2017-02-06,4184.8636
2017-02-07,4181.1698
2017-02-08,4190.8930
2017-02-09,4199.5659
2017-02-10,4202.0363
2017-02-13,4214.3358
2017-02-14,4215.3218
2017-02-15,4203.0899
2017-02-16,4212.4974
2017-02-17,4201.2919
2017-02-20,4221.8038
2017-02-21,4231.1733
2017-02-22,4238.1067
2017-02-23,4235.7247
2017-02-24,4238.1180
2017-02-27,4227.1707
2017-02-28,4231.6703
2017-03-01,4234.8197
2017-03-02,4227.4100
2017-03-03,4230.1001
2017-03-06,4244.7799
2017-03-07,4248.7595
2017-03-08,4243.5925
2017-03-09,4231.7570
2017-03-10,4233.8817
2017-03-13,4250.2923
2017-03-14,4247.9366
2017-03-15,4249.6060
2017-03-16,4262.4395
2017-03-17,4247.1615
2017-03-20,4251.6472
2017-03-21,4260.0133
2017-03-22,4257.4733
2017-03-23,4261.5637
2017-03-24,4271.6030
2017-03-27,4263.8392
2017-03-28,4260.6751
2017-03-29,4255.8369
2017-03-30,4234.9720
2017-03-31,4244.7687
2017-04-05,4272.4259
2017-04-06,4276.9571
2017-04-07,4281.0855
2017-04-10,4272.2909
2017-04-11,4278.9940
2017-04-12,4271.1129
2017-04-13,4277.6989
2017-04-14,4260.2486
2017-04-17,4250.7629
2017-04-18,4246.3794
2017-04-19,4237.5517
2017-04-20,4244.1856
2017-04-21,4237.7193
2017-04-24,4208.8325
2017-04-25,4216.8522
2017-04-26,4220.1698
2017-04-27,4227.0974
2017-04-28,4226.9108
2017-05-02,4224.9304
2017-05-03,4219.6149
2017-05-04,4213.2433
2017-05-05,4196.2907
2017-05-08,4173.4152
2017-05-09,4179.4096
2017-05-10,4163.4890
2017-05-11,4168.0202
2017-05-12,4171.4358
2017-05-15,4180.4650
2017-05-16,4206.0571
2017-05-17,4202.2484
2017-05-18,4194.7995
2017-05-19,4193.8015
2017-05-22,4184.8944
2017-05-23,4170.2243
2017-05-24,4173.4029
2017-05-25,4188.4941
2017-05-26,4185.6484
2017-05-31,4186.8858
2017-06-01,4173.9052
2017-06-02,4178.1836
2017-06-05,4182.4827
2017-06-06,4193.0464
2017-06-07,4220.6518
2017-06-08,4229.0281
2017-06-09,4236.1067
2017-06-12,4228.1765
2017-06-13,4241.1603
2017-06-14,4230.2680
2017-06-15,4236.7137
2017-06-16,4235.9448
2017-06-19,4251.5921
2017-06-20,4253.9832
2017-06-21,4267.2824
2017-06-22,4255.4155
2017-06-23,4267.6073
2017-06-26,4292.5128
2017-06-27,4296.8839
2017-06-28,4284.2067
2017-06-29,4294.0674
2017-06-30,4298.5264
2017-07-03,4299.2944
2017-07-04,4289.0956
2017-07-05,4307.2556
2017-07-06,4309.8974
2017-07-07,4312.0857
2017-07-10,4306.3885
2017-07-11,4302.7458
2017-07-12,4301.7685
2017-07-13,4307.9450
2017-07-14,4310.6120
2017-07-17,4271.7910
2017-07-18,4277.6128
2017-07-19,4309.6333
2017-07-20,4319.7498
2017-07-21,4319.6615
2017-07-24,4326.2288
2017-07-25,4318.7110
2017-07-26,4313.9324
2017-07-27,4322.1141
2017-07-28,4330.4132
2017-07-31,4343.3161
2017-08-01,4348.5068
2017-08-02,4341.8821
2017-08-03,4334.2972
2017-08-04,4325.4768
2017-08-07,4339.7585
2017-08-08,4342.5633
2017-08-09,4350.5230
2017-08-10,4342.5211
2017-08-11,4312.6844
2017-08-14,4342.7220
2017-08-15,4348.9022
2017-08-16,4350.3728
2017-08-17,4357.5802
2017-08-18,4353.7486
2017-08-21,4363.8063
2017-08-22,4361.9282
2017-08-23,4356.7922
2017-08-24,4346.3413
2017-08-25,4368.1102
2017-08-28,4388.5075
2017-08-29,4385.6377
2017-08-30,4392.5084
2017-08-31,4393.5413
2017-09-01,4404.3823
2017-09-04,4413.4744
2017-09-05,4417.3366
2017-09-06,4420.2552
2017-09-07,4410.2513
2017-09-08,4411.6401
2017-09-11,4423.4773
2017-09-12,4423.5532
2017-09-13,4430.1909
2017-09-14,4425.0167
2017-09-15,4419.7708
2017-09-18,4431.4929
2017-09-19,4423.3628
2017-09-20,4433.9630
2017-09-21,4423.8382
2017-09-22,4421.4088
2017-09-25,4408.8439
2017-09-26,4410.7226
2017-09-27,4420.9952
2017-09-28,4423.1876
2017-09-29,4433.6042
2017-10-09,4453.3917
2017-10-10,4458.2277
2017-10-11,4459.4881
2017-10-12,4461.5446
2017-10-13,4471.2959
2017-10-16,4459.7313
2017-10-17,4459.1746
2017-10-18,4464.3057
2017-10-19,4456.0388
2017-10-20,4462.3726
2017-10-23,4472.4050
2017-10-24,4477.9689
2017-10-25,4488.6213
2017-10-26,4494.1410
2017-10-27,4497.6301
2017-10-30,4482.1763
2017-10-31,4487.1190
2017-11-01,4484.9783
2017-11-02,4476.7514
2017-11-03,4469.5598
2017-11-06,4491.4254
2017-11-07,4502.7258
2017-11-08,4501.0540
2017-11-09,4516.1297
2017-11-10,4534.9459
2017-11-13,4543.7212
2017-11-14,4529.7121
2017-11-15,4511.0806
2017-11-16,4525.1569
2017-11-17,4501.0447
2017-11-20,4519.2507
2017-11-21,4537.4056
2017-11-22,4532.6099
2017-11-23,4476.1087
2017-11-24,4473.4382
2017-11-27,4447.0706
2017-11-28,4464.1240
2017-11-29,4464.1456
2017-11-30,4445.5525
2017-12-01,4452.4707
2017-12-04,4456.6388
2017-12-05,4442.5974
2017-12-06,4442.5558
2017-12-07,4427.2827
2017-12-08,4447.1416
2017-12-11,4476.9870
2017-12-12,4458.3225
2017-12-13,4473.7631
2017-12-14,4469.1576
2017-12-15,4451.8076
2017-12-18,4448.9251
2017-12-19,4468.1395
2017-12-20,4462.8370
2017-12-21,4480.6396
2017-12-22,4477.4224
2017-12-25,4466.0080
2017-12-26,4471.8162
2017-12-27,4451.2680
2017-12-28,4463.1336
2017-12-29,4474.0443
2018-01-02,4487.0843
2018-01-03,4501.3054
2018-01-04,4510.2909
2018-01-05,4511.9997
2018-01-08,4519.7982
2018-01-09,4528.7584
2018-01-10,4526.8079
2018-01-11,4525.4135
2018-01-12,4527.9939
2018-01-15,4509.7106
2018-01-16,4523.2441
2018-01-17,4513.2130
2018-01-18,4522.8757
2018-01-19,4522.2077
2018-01-22,4549.7758
2018-01-23,4564.3167
2018-01-24,4570.6269
2018-01-25,4562.6438
2018-01-26,4568.3647
2018-01-29,4537.0156
2018-01-30,4522.9028
2018-01-31,4521.4952
2018-02-01,4494.3458
2018-02-02,4508.6132
2018-02-05,4505.1950
2018-02-06,4435.3207
2018-02-07,4401.1698
2018-02-08,4403.1119
2018-02-09,4332.5553
2018-02-12,4371.3119
2018-02-13,4389.0293
2018-02-14,4402.7226
2018-02-22,4446.7197
2018-02-23,4452.4093
2018-02-26,4483.7447
2018-02-27,4465.8302
2018-02-28,4458.6063
2018-03-01,4475.5308
2018-03-02,4459.0095
2018-03-05,4461.1745
2018-03-06,4484.9548
2018-03-07,4470.4130
2018-03-08,4486.3991
2018-03-09,4508.7419
2018-03-12,4526.8406
2018-03-13,4511.2578
2018-03-14,4498.5794
2018-03-15,4505.4275
2018-03-16,4488.3574
2018-03-19,4496.0950
2018-03-20,4502.1302
2018-03-21,4488.5398
2018-03-22,4471.4280
2018-03-23,4406.1936
2018-03-26,4420.9526
2018-03-27,4449.6163
2018-03-28,4422.1831
2018-03-29,4438.7666
2018-03-30,4460.4251
2018-04-02,4460.6775
2018-04-03,4449.1504
2018-04-04,4441.3974
2018-04-09,4444.7271
2018-04-10,4466.7999
2018-04-11,4475.2333
2018-04-12,4461.9129
2018-04-13,4453.2534
2018-04-16,4441.3239
2018-04-17,4403.9943
2018-04-18,4426.9461
2018-04-19,4441.0992
2018-04-20,4410.8956
2018-04-23,4393.9483
2018-04-24,4437.5036
2018-04-25,4439.1742
2018-04-26,4407.0196
2018-04-27,4411.7088
2018-05-02,4416.0263
2018-05-03,4430.7389
2018-05-04,4429.6068
2018-05-07,4463.8615
2018-05-08,4475.8155
2018-05-09,4472.4537
2018-05-10,4480.4785
2018-05-11,4465.7352
2018-05-14,4472.2643
2018-05-15,4487.8030
2018-05-16,4479.5969
2018-05-17,4464.2319
2018-05-18,4476.5263
2018-05-21,4492.7294
2018-05-22,4495.4213
2018-05-23,4473.2927
2018-05-24,4463.4009
2018-05-25,4451.6188
2018-05-28,4455.9320
2018-05-29,4436.7019
2018-05-30,4400.3801
2018-05-31,4434.2585
2018-06-01,4410.3046
2018-06-04,4416.9396
2018-06-05,4447.0602
2018-06-06,4450.2320
2018-06-07,4442.8429
2018-06-08,4425.4100
2018-06-11,4416.3812
2018-06-12,4439.8175
2018-06-13,4419.0365
2018-06-14,4409.7421
2018-06-15,4390.1220
2018-06-19,4314.5508
2018-06-20,4334.7392
2018-06-21,4309.5997
2018-06-22,4328.3383
2018-06-25,4311.7537
2018-06-26,4311.2630
2018-06-27,4280.3518
2018-06-28,4262.9706
2018-06-29,4322.2941
2018-07-02,4291.4366
2018-07-03,4296.4944
2018-07-04,4268.8129
2018-07-05,4242.6270
2018-07-06,4251.3538
2018-07-09,4300.8979
2018-07-10,4310.5995
2018-07-11,4284.1597
2018-07-12,4329.5360
2018-07-13,4344.0603
2018-07-16,4341.4226
2018-07-17,4335.8972
2018-07-18,4323.7498
2018-07-19,4316.1003
2018-07-20,4342.7802
2018-07-23,4353.8683
2018-07-24,4378.0350
2018-07-25,4379.4424
2018-07-26,4357.4314
2018-07-27,4351.5700
2018-07-30,4335.9849
2018-07-31,4336.4462
2018-08-01,4306.8168
2018-08-02,4272.5321
2018-08-03,4240.0704
2018-08-06,4207.8555
2018-08-07,4257.7352
2018-08-08,4226.6149
2018-08-09,4274.1894
2018-08-10,4283.2277
2018-08-13,4286.4361
2018-08-14,4273.7782
2018-08-15,4233.6007
2018-08-16,4219.3624
2018-08-17,4188.1228
2018-08-20,4201.1900
2018-08-21,4231.1290
2018-08-22,4217.0791
2018-08-23,4228.8838
2018-08-24,4228.5225
2018-08-27,4274.1986
2018-08-28,4274.4104
2018-08-29,4264.0097
2018-08-30,4242.2772
2018-08-31,4227.8285
2018-09-03,4227.9659
2018-09-04,4247.7369
2018-09-05,4216.1108
2018-09-06,4202.0980
2018-09-07,4203.7172
2018-09-10,4174.3101
2018-09-11,4172.7845
2018-09-12,4161.0456
2018-09-13,4174.1852
2018-09-14,4163.1074
2018-09-17,4141.7083
2018-09-18,4174.0171
2018-09-19,4199.3091
2018-09-20,4195.9762
2018-09-21,4236.6386
2018-09-25,4227.0528
2018-09-26,4244.4915
2018-09-27,4232.1659
2018-09-28,4247.6547
2018-10-08,4175.5846
2018-10-09,4169.3530
2018-10-10,4164.8989
2018-10-11,4076.3779
2018-10-12,4095.9173
2018-10-15,4073.0153
2018-10-16,4046.7392
2018-10-17,4057.5456
2018-10-18,4019.7733
2018-10-19,4069.7109
2018-10-22,4145.8269
2018-10-23,4106.9738
2018-10-24,4101.3891
2018-10-25,4097.9305
2018-10-26,4086.2370
2018-10-29,4051.5983
2018-10-30,4065.6497
2018-10-31,4091.9330
2018-11-01,4106.0878
2018-11-02,4167.2157
2018-11-05,4158.5551
2018-11-06,4153.9840
2018-11-07,4147.5157
2018-11-08,4137.3211
2018-11-09,4124.8554
2018-11-12,4156.5647
2018-11-13,4175.3478
2018-11-14,4164.5267
2018-11-15,4186.9917
2018-11-16,4197.6275
2018-11-19,4206.3339
2018-11-20,4166.4328
2018-11-21,4172.7684
2018-11-22,4168.2332
2018-11-23,4124.5064
2018-11-26,4121.2115
2018-11-27,4125.2051
2018-11-28,4149.0414
2018-11-29,4124.1232
2018-11-30,4141.2511
2018-12-03,4189.0850
2018-12-04,4194.4828
2018-12-05,4190.1659
2018-12-06,4153.2623
2018-12-07,4152.4893
2018-12-10,4137.3903
2018-12-11,4148.7663
2018-12-12,4151.8395
2018-12-13,4174.1290
2018-12-14,4139.5477
2018-12-17,4130.0726
2018-12-18,4115.4045
2018-12-19,4092.6741
2018-12-20,4089.9979
2018-12-21,4074.0812
2018-12-24,4087.5001
2018-12-25,4079.5130
2018-12-26,4071.6297
2018-12-27,4060.6481
2018-12-28,4069.0252
2019-01-02,4051.3385
2019-01-03,4042.2654
2019-01-04,4081.3941
2019-01-07,4103.6556
2019-01-08,4101.4000
2019-01-09,4112.0186
2019-01-10,4109.8381
2019-01-11,4120.1942
2019-01-14,4105.8790
2019-01-15,4134.0708
2019-01-16,4137.5872
2019-01-17,4126.0861
2019-01-18,4150.8433
2019-01-21,4161.2755
2019-01-22,4139.9908
2019-01-23,4143.2792
2019-01-24,4154.4751
2019-01-25,4163.3931
2019-01-28,4161.5683
2019-01-29,4158.8492
2019-01-30,4145.8219
2019-01-31,4151.2663
2019-02-01,4187.1797
2019-02-11,4226.5493
2019-02-12,4240.1222
2019-02-13,4269.7698
2019-02-14,4274.8371
2019-02-15,4251.1958
2019-02-18,4311.6357
2019-02-19,4305.3924
2019-02-20,4309.9350
2019-02-21,4308.8688
2019-02-22,4352.1287
2019-02-25,4445.5905
2019-02-26,4430.5143
2019-02-27,4415.8511
2019-02-28,4419.9239
2019-03-01,4447.6294
2019-03-04,4477.8789
2019-03-05,4505.2659
2019-03-06,4522.5015
2019-03-07,4513.6822
2019-03-08,4455.9277
2019-03-11,4514.4057
2019-03-12,4544.4608
2019-03-13,4507.2853
2019-03-14,4478.9474
2019-03-15,4503.9178
2019-03-18,4556.3240
2019-03-19,4554.7374
2019-03-20,4547.1868
2019-03-21,4557.1473
2019-03-22,4559.4704
2019-03-25,4529.1890
2019-03-26,4499.2791
2019-03-27,4518.8578
2019-03-28,4509.3816
2019-03-29,4575.7724
2019-04-01,4636.4691
2019-04-02,4634.5482
2019-04-03,4652.3192
2019-04-04,4665.9281
2019-04-08,4654.1893
2019-04-09,4658.5658
2019-04-10,4659.6622
2019-04-11,4615.5125
2019-04-12,4610.2175
2019-04-15,4593.9739
2019-04-16,4634.2477
2019-04-17,4643.1688
2019-04-18,4635.9648
2019-04-19,4652.7056
2019-04-22,4620.6685
2019-04-23,4606.8547
2019-04-24,4619.2530
2019-04-25,4572.2216
2019-04-26,4552.4488
2019-04-29,4539.4950
2019-04-30,4549.6781
2019-05-06,4434.1894
2019-05-07,4455.2361
2019-05-08,4435.4112
2019-05-09,4409.9242
2019-05-10,4479.6569
2019-05-13,4458.9587
2019-05-14,4447.4388
2019-05-15,4491.2649
2019-05-16,4499.0867
2019-05-17,4449.6541
2019-05-20,4430.8003
2019-05-21,4457.6176
2019-05-22,4453.0629
2019-05-23,4415.3963
2019-05-24,4411.5692
2019-05-27,4442.9920
2019-05-28,4456.3321
2019-05-29,4454.2360
2019-05-30,4444.6304
2019-05-31,4444.6055
2019-06-03,4436.1312
2019-06-04,4415.3004
2019-06-05,4413.1443
2019-06-06,4387.2356
2019-06-10,4411.2807
2019-06-11,4468.3394
2019-06-12,4454.6296
2019-06-13,4455.0274
2019-06-14,4435.4999
2019-06-17,4431.3873
2019-06-18,4438.2870
2019-06-19,4465.6595
2019-06-20,4514.1541
2019-06-21,4528.9087
2019-06-24,4533.0156
2019-06-25,4517.1360
2019-06-26,4522.4466
2019-06-27,4547.4641
2019-06-28,4542.0269
2019-07-01,4597.1476
2019-07-02,4602.5181
2019-07-03,4582.1661
2019-07-04,4569.0589
2019-07-05,4584.0464
2019-07-08,4538.5020
2019-07-09,4538.3540
2019-07-10,4535.2613
2019-07-11,4535.6118
2019-07-12,4546.2633
2019-07-15,4561.1376
2019-07-16,4555.0086
2019-07-17,4554.2947
2019-07-18,4531.7462
2019-07-19,4549.1603
2019-07-22,4552.7032
2019-07-23,4564.2641
2019-07-24,4583.0675
2019-07-25,4597.6029
2019-07-26,4603.7495
2019-07-29,4605.2342
2019-07-30,4613.0314
2019-07-31,4600.7405
2019-08-01,4588.2693
2019-08-02,4567.1264
2019-08-05,4537.0452
2019-08-06,4518.0299
2019-08-07,4513.8007
2019-08-08,4544.2275
2019-08-09,4527.1292
2019-08-12,4564.6444
2019-08-13,4552.0455
2019-08-14,4563.5352
2019-08-15,4575.2913
2019-08-16,4587.5234
2019-08-19,4635.5935
2019-08-20,4633.3542
2019-08-21,4634.0084
2019-08-22,4637.8782
2019-08-23,4650.4531
2019-08-26,4632.4973
2019-08-27,4661.3083
2019-08-28,4656.2013
2019-08-29,4656.7268
2019-08-30,4653.0593
2019-09-02,4689.5162
2019-09-03,4698.1436
2019-09-04,4711.9258
2019-09-05,4730.6389
2019-09-06,4740.1085
2019-09-09,4767.6754
2019-09-10,4759.1723
2019-09-11,4740.7365
2019-09-12,4754.5142
2019-09-16,4754.0226
2019-09-17,4720.2164
2019-09-18,4731.5507
2019-09-19,4746.1866
2019-09-20,4753.6111
2019-09-23,4735.4416
2019-09-24,4747.1776
2019-09-25,4724.5493
2019-09-26,4693.8688
2019-09-27,4704.7549
2019-09-30,4686.5805
2019-10-08,4691.0107
2019-10-09,4698.1257
2019-10-10,4727.4324
2019-10-11,4739.8418
2019-10-14,4761.8483
2019-10-15,4746.0404
2019-10-16,4741.1625
2019-10-17,4744.2032
2019-10-18,4719.8155
2019-10-21,4717.0256
2019-10-22,4733.1204
2019-10-23,4716.1356
2019-10-24,4712.9944
2019-10-25,4732.0152
2019-10-28,4756.9348
2019-10-29,4745.6108
2019-10-30,4736.2769
2019-10-31,4730.4629
2019-11-01,4758.2525
2019-11-04,4776.6444
2019-11-05,4793.0309
2019-11-06,4781.3290
2019-11-07,4790.2068
2019-11-08,4784.4019
2019-11-11,4746.1139
2019-11-12,4746.7602
2019-11-13,4754.1789
2019-11-14,4764.5622
2019-11-15,4749.9028
2019-11-18,4769.8324
2019-11-19,4802.5927
2019-11-20,4789.4605
2019-11-21,4779.4796
2019-11-22,4751.7346
2019-11-25,4751.0224
2019-11-26,4758.8973
2019-11-27,4757.2826
2019-11-28,4752.4974
2019-11-29,4736.5330
2019-12-02,4741.6402
2019-12-03,4750.4090
2019-12-04,4752.2313
2019-12-05,4774.5288
2019-12-06,4791.7933
2019-12-09,4791.1000
2019-12-10,4800.9404
2019-12-11,4798.2250
2019-12-12,4796.7867
2019-12-13,4833.6907
2019-12-16,4855.2772
2019-12-17,4879.6630
2019-12-18,4874.5140
2019-12-19,4869.6811
2019-12-20,4860.0390
2019-12-23,4834.2290
2019-12-24,4859.0613
2019-12-25,4866.4770
2019-12-26,4882.3988
2019-12-27,4874.2052
2019-12-30,4901.4986
2019-12-31,4912.9922
2020-01-02,4948.3568
2020-01-03,4948.7710
2020-01-06,4954.1577
2020-01-07,4975.6080
2020-01-08,4952.5708
2020-01-09,4988.8284
2020-01-10,4990.9529
2020-01-13,5019.4857
2020-01-14,5011.0046
2020-01-15,5006.9050
2020-01-16,5008.6960
2020-01-17,5014.5145
2020-01-20,5042.6209
2020-01-21,5013.6476
2020-01-22,5038.7913
2020-01-23,4971.1088
2020-02-03,4804.5550
2020-02-04,4880.8867
2020-02-05,4917.8418
2020-02-06,4974.0697
2020-02-07,4984.8027
2020-02-10,5001.9150
2020-02-11,5012.6570
2020-02-12,5049.8090
2020-02-13,5038.5773
2020-02-14,5045.9930
2020-02-17,5106.5295
2020-02-18,5117.8598
2020-02-19,5101.9639
2020-02-20,5146.5491
2020-02-21,5169.8238
2020-02-24,5183.8820
2020-02-25,5191.0720
2020-02-26,5130.4306
2020-02-27,5144.4025
2020-02-28,5051.1181
2020-03-02,5121.4654
2020-03-03,5141.6618
2020-03-04,5144.5800
2020-03-05,5181.5760
2020-03-06,5158.1832
2020-03-09,5068.7022
2020-03-10,5120.4482
2020-03-11,5088.0352
2020-03-12,5040.9235
2020-03-13,5017.1526
2020-03-16,4910.1217
2020-03-17,4904.4545
2020-03-18,4868.9959
2020-03-19,4860.5089
2020-03-20,4899.9223
2020-03-23,4816.9116
2020-03-24,4869.9750
2020-03-25,4934.4744
2020-03-26,4924.2663
2020-03-27,4923.1048
2020-03-30,4889.9776
2020-03-31,4902.8404
2020-04-01,4895.0045
2020-04-02,4938.5252
2020-04-03,4927.5004
2020-04-07,4994.7152
2020-04-08,4989.1918
2020-04-09,5007.9808
2020-04-10,4977.5090
2020-04-13,4964.1631
2020-04-14,5012.7260
2020-04-15,5001.3360
2020-04-16,5015.9065
2020-04-17,5031.8060
2020-04-20,5053.4279
2020-04-21,5032.8355
2020-04-22,5054.7936
2020-04-23,5048.1379
2020-04-24,5025.1069
2020-04-27,5038.3384
2020-04-28,5051.9816
2020-04-29,5054.9580
2020-04-30,5088.5452
2020-05-06,5115.9205
2020-05-07,5113.3981
2020-05-08,5137.4512
2020-05-11,5128.7110
2020-05-12,5138.2414
2020-05-13,5153.3855
2020-05-14,5130.3823
2020-05-15,5132.5692
2020-05-18,5132.7953
2020-05-19,5161.5571
2020-05-20,5139.5233
2020-05-21,5120.5524
2020-05-22,5071.7349
2020-05-25,5075.4583
2020-05-26,5116.1778
2020-05-27,5093.1413
2020-05-28,5091.9970
2020-05-29,5115.0691
2020-06-01,5179.5917
2020-06-02,5169.9907
2020-06-03,5168.8755
2020-06-04,5171.2651
2020-06-05,5178.3488
2020-06-08,5176.9737
2020-06-09,5197.0077
2020-06-10,5209.1536
2020-06-11,5196.9158
2020-06-12,5204.7740
2020-06-15,5188.4234
2020-06-16,5231.9219
2020-06-17,5236.9141
2020-06-18,5244.5341
2020-06-19,5280.8768
2020-06-22,5287.0711
2020-06-23,5309.7200
2020-06-24,5317.7311
2020-06-29,5310.8906
2020-06-30,5355.4057
2020-07-01,5377.7044
2020-07-02,5406.9026
2020-07-03,5439.0615
2020-07-06,5535.8515
2020-07-07,5570.6859
2020-07-08,5615.2010
2020-07-09,5668.6328
2020-07-10,5651.2480
2020-07-13,5721.6695
2020-07-14,5695.1589
2020-07-15,5667.6139
2020-07-16,5550.1658
2020-07-17,5576.4524
2020-07-20,5636.8002
2020-07-21,5665.6467
2020-07-22,5689.5559
2020-07-23,5702.1112
2020-07-24,5577.1946
2020-07-27,5585.5751
2020-07-28,5617.3364
2020-07-29,5687.0646
2020-07-30,5679.0970
2020-07-31,5714.1414
2020-08-03,5765.0170
2020-08-04,5753.5869
2020-08-05,5776.6755
2020-08-06,5765.6397
2020-08-07,5736.9833
2020-08-10,5741.1791
2020-08-11,5710.7032
2020-08-12,5675.8874
2020-08-13,5674.5290
2020-08-14,5711.1444
2020-08-17,5759.0799
2020-08-18,5776.4232
2020-08-19,5729.3391
2020-08-20,5697.9630
2020-08-21,5724.9247
2020-08-24,5760.7818
2020-08-25,5758.7480
2020-08-26,5718.3012
2020-08-27,5741.6670
2020-08-28,5796.4156
2020-08-31,5784.6794
2020-09-01,5805.3826
2020-09-02,5807.7216
2020-09-03,5788.1161
2020-09-04,5761.7964
2020-09-07,5694.1813
2020-09-08,5694.6833
2020-09-09,5625.0764
2020-09-10,5616.3894
2020-09-11,5654.7503
2020-09-14,5673.5057
2020-09-15,5696.7962
2020-09-16,5680.2877
2020-09-17,5677.5119
2020-09-18,5720.8714
2020-09-21,5701.4954
2020-09-22,5676.2153
2020-09-23,5696.4344
2020-09-24,5642.9133
2020-09-25,5640.2550
2020-09-28,5641.2631
2020-09-29,5660.2972
2020-09-30,5665.5193
2020-10-09,5735.1537
2020-10-12,5806.4673
2020-10-13,5821.2941
2020-10-14,5807.4251
2020-10-15,5792.9222
2020-10-16,5783.6458
2020-10-19,5757.3048
2020-10-20,5786.1013
2020-10-21,5769.5212
2020-10-22,5756.3398
2020-10-23,5709.3186
2020-10-26,5714.5156
2020-10-27,5733.3866
2020-10-28,5757.5831
2020-10-29,5777.7141
2020-10-30,5735.5751
2020-11-02,5761.0733
2020-11-03,5788.6455
2020-11-04,5803.5016
2020-11-05,5848.6135
2020-11-06,5834.9579
2020-11-09,5882.9593
2020-11-10,5860.7055
2020-11-11,5821.3409
2020-11-12,5833.1795
2020-11-13,5818.5521
2020-11-16,5838.9491
2020-11-17,5817.2355
2020-11-18,5805.5668
2020-11-19,5822.5022
2020-11-20,5839.7655
2020-11-23,5863.0722
2020-11-24,5853.8833
2020-11-25,5809.2021
2020-11-26,5807.0203
2020-11-27,5827.7480
2020-11-30,5818.2570
2020-12-01,5866.5737
2020-12-02,5865.2422
2020-12-03,5864.7751
2020-12-04,5880.9032
2020-12-07,5874.6644
2020-12-08,5878.8386
2020-12-09,5846.5359
2020-12-10,5854.0869
2020-12-11,5828.9693
2020-12-14,5857.9802
2020-12-15,5868.8233
2020-12-16,5875.2478
2020-12-17,5903.2093
2020-12-18,5902.0814
2020-12-21,5947.6949
2020-12-22,5906.7991
2020-12-23,5936.0446
2020-12-24,5922.9027
2020-12-25,5955.0677
2020-12-28,5964.4509
2020-12-29,5944.1134
2020-12-30,5991.8281
2020-12-31,6043.9132
2021-01-04,6099.4365
2021-01-05,6140.4003
2021-01-06,6153.0497
2021-01-07,6189.2975
2021-01-08,6177.4412
2021-01-11,6148.4690
2021-01-12,6212.8018
2021-01-13,6190.2405
2021-01-14,6148.5925
2021-01-15,6149.0818
2021-01-18,6191.8745
2021-01-19,6156.7777
2021-01-20,6202.8008
2021-01-21,6247.8069
2021-01-22,6274.3263
2021-01-25,6299.2139
2021-01-26,6233.4905
2021-01-27,6240.0216
2021-01-28,6156.0087
2021-01-29,6134.5779
2021-02-01,6170.4826
2021-02-02,6222.4070
2021-02-03,6215.0919
2021-02-04,6192.2979
2021-02-05,6180.6819
2021-02-08,6225.0294
2021-02-09,6290.7727
2021-02-10,6345.4638
2021-02-18,6327.7991
2021-02-19,6321.3082
2021-02-22,6243.1528
2021-02-23,6232.9265
2021-02-24,6155.4265
2021-02-25,6160.2397
2021-02-26,6089.8055
2021-03-01,6147.4131
2021-03-02,6119.4897
2021-03-03,6162.6115
2021-03-04,6068.2725
2021-03-05,6060.1063
2021-03-08,5963.2119
2021-03-09,5905.0168
2021-03-10,5929.1247
2021-03-11,5995.0283
2021-03-12,5998.4530
2021-03-15,5939.8279
2021-03-16,5963.2261
2021-03-17,5985.9090
2021-03-18,6014.9142
2021-03-19,5958.4780
2021-03-22,5982.8743
2021-03-23,5950.3277
2021-03-24,5905.8546
2021-03-25,5914.7879
2021-03-26,5978.6142
2021-03-29,5987.3188
2021-03-30,6014.7385
2021-03-31,5993.9569
2021-04-01,6034.2886
2021-04-02,6059.5980
2021-04-06,6055.7528
2021-04-07,6037.8445
2021-04-08,6048.9672
2021-04-09,6019.3794
2021-04-12,5965.7978
2021-04-13,5965.6927
2021-04-14,5999.6482
2021-04-15,5991.6591
2021-04-16,6001.8023
2021-04-19,6064.9576
2021-04-20,6068.6069
2021-04-21,6075.5892
2021-04-22,6084.0908
2021-04-23,6109.5830
2021-04-26,6091.1509
2021-04-27,6102.4059
2021-04-28,6127.3967
2021-04-29,6135.7425
2021-04-30,6130.0495
2021-05-06,6107.0453
2021-05-07,6057.6873
2021-05-10,6059.1111
2021-05-11,6060.7029
2021-05-12,6081.6231
2021-05-13,6053.4155
2021-05-14,6102.2386
2021-05-17,6151.0075
2021-05-18,6155.3765
2021-05-19,6155.8344
2021-05-20,6165.1980
2021-05-21,6150.7176
2021-05-24,6164.4488
2021-05-25,6231.1258
2021-05-26,6227.2629
2021-05-27,6245.5450
2021-05-28,6239.7669
2021-05-31,6275.8481
2021-06-01,6285.9491
2021-06-02,6256.2494
2021-06-03,6239.3106
2021-06-04,6258.3935
2021-06-07,6263.5512
2021-06-08,6236.8623
2021-06-09,6243.9340
2021-06-10,6276.0699
2021-06-11,6262.7873
2021-06-15,6243.5102
2021-06-16,6177.7179
2021-06-17,6211.2930
2021-06-18,6233.4933
2021-06-21,6251.6168
2021-06-22,6269.7583
2021-06-23,6295.3758
2021-06-24,6283.0485
2021-06-25,6325.5408
2021-06-28,6345.3181
2021-06-29,6328.9791
2021-06-30,6358.8644
2021-07-01,6352.3836
2021-07-02,6282.8525
2021-07-05,6302.1186
2021-07-06,6285.0259
2021-07-07,6342.0144
2021-07-08,6331.7934
2021-07-09,6336.2558
2021-07-12,6392.6298
2021-07-13,6401.1204
2021-07-14,6374.3608
2021-07-15,6406.5072
2021-07-16,6374.7205
2021-07-19,6373.1657
2021-07-20,6378.7636
2021-07-21,6430.3729
2021-07-22,6443.4982
2021-07-23,6406.8041
2021-07-26,6338.6185
2021-07-27,6237.3679
2021-07-28,6240.3504
2021-07-29,6335.2693
2021-07-30,6321.5319
2021-08-02,6374.3273
2021-08-03,6346.6838
2021-08-04,6409.6192
2021-08-05,6398.7517
2021-08-06,6390.0034
2021-08-09,6397.9501
2021-08-10,6417.0849
2021-08-11,6417.5263
2021-08-12,6407.1590
2021-08-13,6393.1482
2021-08-16,6369.9500
2021-08-17,6302.2223
2021-08-18,6324.8281
2021-08-19,6336.2562
2021-08-20,6297.3568
2021-08-23,6356.5568
2021-08-24,6397.0414
2021-08-25,6411.6450
2021-08-26,6362.1136
2021-08-27,6380.4698
2021-08-30,6392.7749
2021-08-31,6387.0489
2021-09-01,6369.9215
2021-09-02,6384.1640
2021-09-03,6353.3686
2021-09-06,6406.7550
2021-09-07,6448.9290
2021-09-08,6433.5630
2021-09-09,6433.0749
2021-09-10,6457.2068
2021-09-13,6444.9887
2021-09-14,6431.3039
2021-09-15,6421.7807
2021-09-16,6359.0222
2021-09-17,6379.8117
2021-09-22,6377.1560
2021-09-23,6380.4767
2021-09-24,6365.4928
2021-09-27,6340.1923
2021-09-28,6340.3976
2021-09-29,6285.5561
2021-09-30,6337.9007
2021-10-08,6330.6068
2021-10-11,6321.0118
2021-10-12,6275.5335
2021-10-13,6319.7418
2021-10-14,6323.3735
2021-10-15,6350.0574
2021-10-18,6347.8552
2021-10-19,6373.2207
2021-10-20,6374.5509
2021-10-21,6369.7015
2021-10-22,6369.1385
2021-10-25,6400.8820
2021-10-26,6392.8709
2021-10-27,6374.1245
2021-10-28,6344.7326
2021-10-29,6383.5213
2021-11-01,6377.6571
2021-11-02,6359.8704
2021-11-03,6349.2478
2021-11-04,6382.7649
2021-11-05,6354.7580
2021-11-08,6365.8573
2021-11-09,6386.5001
2021-11-10,6375.8289
2021-11-11,6411.1407
2021-11-12,6425.1945
2021-11-15,6403.7467
2021-11-16,6395.8998
2021-11-17,6422.0281
2021-11-18,6405.0787
2021-11-19,6436.0939
2021-11-22,6476.9886
2021-11-23,6464.5960
2021-11-24,6459.2430
2021-11-25,6450.5006
2021-11-26,6444.7910
2021-11-29,6463.5100
2021-11-30,6459.2614
2021-12-01,6453.5190
2021-12-02,6443.1748
2021-12-03,6467.8116
2021-12-06,6432.7170
2021-12-07,6415.3077
2021-12-08,6469.6675
2021-12-09,6495.2835
2021-12-10,6496.4225
2021-12-13,6508.8278
2021-12-14,6494.6969
2021-12-15,6467.6439
2021-12-16,6484.8628
2021-12-17,6433.6610
2021-12-20,6375.5318
2021-12-21,6402.2798
2021-12-22,6418.3979
2021-12-23,6436.4814
2021-12-24,6406.7552
2021-12-27,6403.0822
2021-12-28,6426.0102
2021-12-29,6395.7899
2021-12-30,6423.8803
2021-12-31,6446.1602
2022-01-04,6410.1756
2022-01-05,6346.3380
2022-01-06,6335.4678
2022-01-07,6307.6755
2022-01-10,6321.9672
2022-01-11,6286.7447
2022-01-12,6334.0056
2022-01-13,6280.7837
2022-01-14,6284.1507
2022-01-17,6319.0201
2022-01-18,6331.6289
2022-01-19,6299.8351
2022-01-20,6295.3814
2022-01-21,6266.9454
2022-01-24,6284.7916
2022-01-25,6210.9014
2022-01-26,6227.7528
2022-01-27,6161.1966
2022-01-28,6137.8917
2022-02-07,6172.4724
2022-02-08,6187.8208
2022-02-09,6226.1950
2022-02-10,6207.6526
2022-02-11,6161.2430
2022-02-14,6135.9334
2022-02-15,6184.5135
2022-02-16,6194.5316
2022-02-17,6211.4504
2022-02-18,6215.8974
2022-02-21,6210.8603
2022-02-22,6178.0904
2022-02-23,6231.2140
2022-02-24,6176.4437
2022-02-25,6211.4934
2022-02-28,6225.2972
2022-03-01,6237.5567
2022-03-02,6211.7700
2022-03-03,6178.7283
2022-03-04,6142.8099
2022-03-07,6058.8298
2022-03-08,5990.2551
2022-03-09,5968.0629
2022-03-10,6024.1482
2022-03-11,6024.7995
2022-03-14,5936.2701
2022-03-15,5819.7927
2022-03-16,5937.9560
2022-03-17,5999.9643
2022-03-18,6009.0025
2022-03-21,6020.6749
2022-03-22,6012.2009
2022-03-23,6030.9127
2022-03-24,6010.5914
2022-03-25,5954.7780
2022-03-28,5936.3877
2022-03-29,5931.1358
2022-03-30,6004.3013
2022-03-31,5969.1965
2022-04-01,5990.9265
2022-04-06,5970.0633
2022-04-07,5926.0496
2022-04-08,5923.8401
2022-04-11,5830.7222
2022-04-12,5870.2225
2022-04-13,5836.6671
2022-04-14,5871.1933
2022-04-15,5861.5332
2022-04-18,5874.5435
2022-04-19,5856.2023
2022-04-20,5806.4254
2022-04-21,5739.1098
2022-04-22,5735.0919
2022-04-25,5589.7780
2022-04-26,5564.1500
2022-04-27,5665.6807
2022-04-28,5676.5219
2022-04-29,5767.2801
2022-05-05,5772.3440
2022-05-06,5710.4484
2022-05-09,5707.2002
2022-05-10,5745.5934
2022-05-11,5790.9607
2022-05-12,5785.1945
2022-05-13,5810.6804
2022-05-16,5798.8826
2022-05-17,5838.8165
2022-05-18,5833.2482
2022-05-19,5847.0264
2022-05-20,5892.8230
2022-05-23,5889.4175
2022-05-24,5805.0006
2022-05-25,5827.1271
2022-05-26,5839.9692
2022-05-27,5845.5079
2022-05-30,5876.0043
2022-05-31,5923.0050
2022-06-01,5921.8210
2022-06-02,5945.6820
2022-06-06,6016.6967
2022-06-07,6017.5303
2022-06-08,6042.0465
2022-06-09,6000.3031
2022-06-10,6053.3607
2022-06-13,6036.0101
2022-06-14,6040.2853
2022-06-15,6049.5498
2022-06-16,6053.1264
2022-06-17,6099.3424
2022-06-20,6124.0973
2022-06-21,6109.3636
2022-06-22,6076.9367
2022-06-23,6151.1671
2022-06-24,6196.4910
2022-06-27,6232.6238
2022-06-28,6261.4635
2022-06-29,6197.9409
2022-06-30,6248.2282
2022-07-01,6237.5370
2022-07-04,6272.2480
2022-07-05,6261.5225
2022-07-06,6227.4832
2022-07-07,6251.9922
2022-07-08,6232.0728
2022-07-11,6179.9924
2022-07-12,6138.1339
2022-07-13,6152.2595
2022-07-14,6184.3310
2022-07-15,6155.8787
2022-07-18,6185.4824
2022-07-19,6173.4177
2022-07-20,6199.2349
2022-07-21,6174.2341
2022-07-22,6164.4224
2022-07-25,6138.4590
2022-07-26,6171.8853
2022-07-27,6180.0357
2022-07-28,6182.7981
2022-07-29,6151.7852
2022-08-01,6181.0888
2022-08-02,6126.5651
2022-08-03,6098.9826
2022-08-04,6116.8266
2022-08-05,6156.1256
2022-08-08,6171.1915
2022-08-09,6183.9152
2022-08-10,6161.2827
2022-08-11,6203.4343
2022-08-12,6184.7553
2022-08-15,6203.0602
2022-08-16,6209.7220
2022-08-17,6225.4379
2022-08-18,6224.8289
2022-08-19,6184.5386
2022-08-22,6212.3273
2022-08-23,6212.5445
2022-08-24,6127.5322
2022-08-25,6133.9485
2022-08-26,6123.5890
2022-08-29,6128.3376
2022-08-30,6110.6976
2022-08-31,6060.1268
2022-09-01,6041.2254
2022-09-02,6040.0449
2022-09-05,6041.6392
2022-09-06,6088.0612
2022-09-07,6104.9333
2022-09-08,6085.3515
2022-09-09,6105.6402
2022-09-13,6107.0943
2022-09-14,6080.3776
2022-09-15,6014.4547
2022-09-16,5961.1322
2022-09-19,5945.2565
2022-09-20,5970.0872
2022-09-21,5945.0734
2022-09-22,5939.1214
2022-09-23,5903.5780
2022-09-26,5906.8357
2022-09-27,5955.5693
2022-09-28,5888.9528
2022-09-29,5897.4387
2022-09-30,5853.8550
2022-10-10,5788.7523
2022-10-11,5795.3814
2022-10-12,5853.4229
2022-10-13,5850.6968
2022-10-14,5923.9524
2022-10-17,5930.0461
2022-10-18,5943.2859
2022-10-19,5907.0706
2022-10-20,5886.3281
2022-10-21,5889.5352
2022-10-24,5835.3337
2022-10-25,5832.9240
2022-10-26,5874.4944
2022-10-27,5845.4039
2022-10-28,5771.5894
2022-10-31,5764.4425
2022-11-01,5842.2040
2022-11-02,5881.9622
2022-11-03,5881.4963
2022-11-04,5967.9194
2022-11-07,5965.5566
2022-11-08,5943.5017
2022-11-09,5921.0960
2022-11-10,5884.0790
2022-11-11,5933.4030
2022-11-14,5912.2325
2022-11-15,5974.4477
2022-11-16,5943.9981
2022-11-17,5936.1899
2022-11-18,5921.1627
2022-11-21,5916.1357
2022-11-22,5882.9416
2022-11-23,5884.2969
2022-11-24,5887.7741
2022-11-25,5865.4415
2022-11-28,5848.9634
2022-11-29,5902.0097
2022-11-30,5906.0323
2022-12-01,5937.3861
2022-12-02,5929.2002
2022-12-05,5949.7947
2022-12-06,5953.2333
2022-12-07,5942.8452
2022-12-08,5944.7317
2022-12-09,5961.5261
2022-12-12,5939.4136
2022-12-13,5914.0886
2022-12-14,5913.7229
2022-12-15,5915.1394
2022-12-16,5893.3892
2022-12-19,5851.2068
2022-12-20,5813.1988
2022-12-21,5804.1702
2022-12-22,5796.9739
2022-12-23,5784.0211
2022-12-26,5830.1623
2022-12-27,5864.7096
2022-12-28,5853.0320
2022-12-29,5855.3354
2022-12-30,5861.9555
2023-01-03,5902.9103
2023-01-04,5905.6541
2023-01-05,5956.5952
2023-01-06,5968.8310
2023-01-09,5987.7924
2023-01-10,5993.0007
2023-01-11,5976.1414
2023-01-12,5977.5884
2023-01-13,6003.3018
2023-01-16,6036.7059
2023-01-17,6039.0264
2023-01-18,6040.1801
2023-01-19,6063.1980
2023-01-20,6087.1312
2023-01-30,6104.5934
2023-01-31,6081.1977
2023-02-01,6117.4402
2023-02-02,6120.0271
2023-02-03,6103.5738
2023-02-06,6068.0403
2023-02-07,6069.3881
2023-02-08,6053.7740
2023-02-09,6101.5498
2023-02-10,6078.1895
2023-02-13,6108.9670
2023-02-14,6106.0479
2023-02-15,6094.3179
2023-02-16,6059.4600
2023-02-17,6016.5731
2023-02-20,6069.7869
2023-02-21,6066.2661
2023-02-22,6054.3147
2023-02-23,6053.5318
2023-02-24,6027.5658
2023-02-27,6017.2762
2023-02-28,6032.1490
2023-03-01,6065.0919
2023-03-02,6045.8440
2023-03-03,6051.2204
2023-03-06,6059.8529
2023-03-07,6006.7406
2023-03-08,6001.1090
2023-03-09,5994.6927
2023-03-10,5954.0528
2023-03-13,5981.4136
2023-03-14,5956.2841
2023-03-15,5955.9025
2023-03-16,5913.9886
2023-03-17,5926.7835
2023-03-20,5910.9334
2023-03-21,5952.8871
2023-03-22,5962.0565
2023-03-23,5987.6986
2023-03-24,5982.3006
2023-03-27,5980.4846
2023-03-28,5965.1761
2023-03-29,5976.0723
2023-03-30,5992.0856
2023-03-31,6015.5707
2023-04-03,6049.9525
2023-04-04,6045.1231
2023-04-06,6053.1992
2023-04-07,6082.6802
2023-04-10,6056.8173
2023-04-11,6056.7734
2023-04-12,6059.9369
2023-04-13,6038.4956
2023-04-14,6059.5788
2023-04-17,6076.4491
2023-04-18,6076.8242
2023-04-19,6058.2510
2023-04-20,6058.9226
2023-04-21,5989.3574
2023-04-24,5960.0083
2023-04-25,5927.6726
2023-04-26,5936.5342
2023-04-27,5943.9881
2023-04-28,5976.3050
2023-05-04,5967.5146
2023-05-05,5943.1876
2023-05-08,5958.1733
2023-05-09,5917.8456
2023-05-10,5910.2114
2023-05-11,5908.5857
2023-05-12,5874.3264
2023-05-15,5911.6327
2023-05-16,5898.2589
2023-05-17,5895.3069
2023-05-18,5905.7878
2023-05-19,5910.6584
2023-05-22,5920.2615
2023-05-23,5888.3843
2023-05-24,5869.3594
2023-05-25,5863.7367
2023-05-26,5877.6265
2023-05-29,5865.4867
2023-05-30,5879.8692
2023-05-31,5865.4885
2023-06-01,5871.5625
2023-06-02,5903.7837
2023-06-05,5898.9924
2023-06-06,5857.6724
2023-06-07,5852.9131
2023-06-08,5847.0530
2023-06-09,5876.1556
2023-06-12,5888.7143
2023-06-13,5908.4295
2023-06-14,5919.6133
2023-06-15,5952.2915
2023-06-16,5985.2867
2023-06-19,5986.1190
2023-06-20,5987.3497
2023-06-21,5924.0053
2023-06-26,5872.1473
2023-06-27,5901.9220
2023-06-28,5893.6553
2023-06-29,5897.9034
2023-06-30,5921.7455
2023-07-03,5936.4092
2023-07-04,5947.7528
2023-07-05,5918.2405
2023-07-06,5902.6431
2023-07-07,5883.4265
2023-07-10,5889.3517
2023-07-11,5912.2904
2023-07-12,5882.0725
2023-07-13,5924.6198
2023-07-14,5922.9613
2023-07-17,5908.9463
2023-07-18,5896.9610
2023-07-19,5888.3776
2023-07-20,5852.9520
2023-07-21,5849.2204
2023-07-24,5841.5950
2023-07-25,5899.5851
2023-07-26,5884.5970
2023-07-27,5875.0060
2023-07-28,5913.4840
2023-07-31,5926.3999
2023-08-01,5918.8152
2023-08-02,5903.1871
2023-08-03,5914.8200
2023-08-04,5930.6569
2023-08-07,5910.8184
2023-08-08,5899.1943
2023-08-09,5882.5917
2023-08-10,5887.1509
2023-08-11,5834.3298
2023-08-14,5830.4503
2023-08-15,5810.9610
2023-08-16,5780.7656
2023-08-17,5802.6819
2023-08-18,5757.7842
2023-08-21,5726.2969
2023-08-22,5747.9894
2023-08-23,5697.5369
2023-08-24,5724.4625
2023-08-25,5685.7781
2023-08-28,5705.5727
2023-08-29,5772.4090
2023-08-30,5786.8383
2023-08-31,5773.0747
2023-09-01,5780.0920
2023-09-04,5811.8222
2023-09-05,5790.7365
2023-09-06,5789.1065
2023-09-07,5740.3581
2023-09-08,5736.5272
2023-09-11,5760.8798
2023-09-12,5754.7341
2023-09-13,5728.9328
2023-09-14,5718.0594
2023-09-15,5713.0204
2023-09-18,5718.9319
2023-09-19,5705.5504
2023-09-20,5687.1939
2023-09-21,5663.7352
2023-09-22,5715.6194
2023-09-25,5701.6177
2023-09-26,5689.6353
2023-09-27,5703.2205
2023-09-28,5706.9350
2023-10-09,5700.6771
2023-10-10,5682.7426
2023-10-11,5694.2359
2023-10-12,5711.5787
2023-10-13,5685.1613
2023-10-16,5655.5304
2023-10-17,5660.0149
2023-10-18,5626.0149
2023-10-19,5584.2153
2023-10-20,5556.5083
2023-10-23,5516.1384
2023-10-24,5539.9661
2023-10-25,5551.0014
2023-10-26,5558.3546
2023-10-27,5608.7879
2023-10-30,5645.7683
2023-10-31,5630.3940
2023-11-01,5624.4992
2023-11-02,5601.9062
2023-11-03,5637.2277
2023-11-06,5689.0737
2023-11-07,5686.7380
2023-11-08,5689.7159
2023-11-09,5680.5675
2023-11-10,5666.2680
2023-11-13,5674.4560
2023-11-14,5681.7571
2023-11-15,5703.3164
2023-11-16,5672.6344
2023-11-17,5683.4487
2023-11-20,5698.6143
2023-11-21,5687.1743
2023-11-22,5653.9527
2023-11-23,5677.0963
2023-11-24,5647.7547
2023-11-27,5647.1908
2023-11-28,5657.0222
2023-11-29,5637.5184
2023-11-30,5636.9679
2023-12-01,5636.1566
2023-12-04,5618.6328
2023-12-05,5569.6283
2023-12-06,5580.2129
2023-12-07,5573.9067
2023-12-08,5582.3042
2023-12-11,5607.1151
2023-12-12,5609.5187
2023-12-13,5577.6704
2023-12-14,5567.8159
2023-12-15,5556.6752
2023-12-18,5533.9089
2023-12-19,5536.7791
2023-12-20,5506.8078
2023-12-21,5525.4675
2023-12-22,5506.4286
2023-12-25,5514.3624
2023-12-26,5488.0544
2023-12-27,5508.1183
2023-12-28,5560.4537
2023-12-29,5590.6247
2024-01-02,5563.2989
2024-01-03,5543.0926
2024-01-04,5522.3997
2024-01-05,5484.9926
2024-01-08,5435.8379
2024-01-09,5443.6108
2024-01-10,5429.3557
2024-01-11,5458.6547
2024-01-12,5443.8479
2024-01-15,5439.0481
2024-01-16,5439.0053
2024-01-17,5370.4086
2024-01-18,5391.4782
2024-01-19,5371.2994
2024-01-22,5278.0701
2024-01-23,5305.7687
2024-01-24,5329.6052
2024-01-25,5387.6731
2024-01-26,5356.1436
2024-01-29,5308.1503
2024-01-30,5252.1173
2024-01-31,5200.8102
2024-02-01,5205.1309
2024-02-02,5153.5941
2024-02-05,5115.1195
2024-02-06,5237.9300
2024-02-07,5289.2195
2024-02-08,5337.2061
2024-02-19,5373.7209
2024-02-20,5383.7453
2024-02-21,5401.9929
2024-02-22,5432.2488
2024-02-23,5449.1660
2024-02-26,5449.5668
2024-02-27,5502.3363
2024-02-28,5427.2097
2024-02-29,5499.3770
2024-03-01,5520.6311
2024-03-04,5538.8914
2024-03-05,5526.9491
2024-03-06,5529.8904
2024-03-07,5500.0222
2024-03-08,5530.9398
2024-03-11,5571.7858
2024-03-12,5579.0726
2024-03-13,5578.1750
2024-03-14,5567.5072
2024-03-15,5584.8254
2024-03-18,5621.0285
2024-03-19,5600.9778
2024-03-20,5609.4765
2024-03-21,5606.6554
2024-03-22,5576.7113
2024-03-25,5543.8616
2024-03-26,5541.8285
2024-03-27,5492.4142
2024-03-28,5523.2805
2024-03-29,5544.8872
2024-04-01,5588.6810
2024-04-02,5579.3569
2024-04-03,5569.0262
2024-04-08,5538.9477
2024-04-09,5552.5185
2024-04-10,5525.5370
2024-04-11,5531.5891
2024-04-12,5524.5813
2024-04-15,5544.6705
2024-04-16,5480.8460
2024-04-17,5542.4641
2024-04-18,5544.1806
2024-04-19,5523.4688
2024-04-22,5515.3193
2024-04-23,5506.4464
2024-04-24,5536.3698
2024-04-25,5537.2549
2024-04-26,5586.1937
2024-04-29,5622.4025
2024-04-30,5614.6203
2024-05-06,5669.3234
2024-05-07,5669.4890
2024-05-08,5641.3852
2024-05-09,5679.8180
2024-05-10,5673.6228
2024-05-13,5666.2048
2024-05-14,5668.4158
2024-05-15,5648.9025
2024-05-16,5651.0226
2024-05-17,5672.3272
2024-05-20,5691.7393
2024-05-21,5668.9241
2024-05-22,5667.8243
2024-05-23,5628.5297
2024-05-24,5596.2011
2024-05-27,5627.2366
2024-05-28,5606.1499
2024-05-29,5606.9273
2024-05-30,5595.3603
2024-05-31,5591.6291
2024-06-03,5597.2768
2024-06-04,5620.8526
2024-06-05,5596.3014
2024-06-06,5584.0535
2024-06-07,5572.8640
2024-06-11,5571.1645
2024-06-12,5577.4500
2024-06-13,5574.2411
2024-06-14,5581.6246
2024-06-17,5582.5716
2024-06-18,5593.8535
2024-06-19,5580.7016
2024-06-20,5556.8421
2024-06-21,5551.4270
2024-06-24,5509.4729
2024-06-25,5489.4443
2024-06-26,5522.2575
2024-06-27,5482.4316
2024-06-28,5496.4747
2024-07-01,5513.4086
2024-07-02,5490.8800
2024-07-03,5478.2084
2024-07-04,5456.3800
2024-07-05,5465.5796
2024-07-08,5432.4177
2024-07-09,5475.0882
2024-07-10,5464.5601
2024-07-11,5507.0913
2024-07-12,5506.9228
2024-07-15,5494.8701
2024-07-16,5508.8684
2024-07-17,5488.6139
2024-07-18,5502.1297
2024-07-19,5500.7387
2024-07-22,5498.3789
2024-07-23,5429.6034
2024-07-24,5404.7073
2024-07-25,5385.3229
2024-07-26,5410.1664
2024-07-29,5398.7473
2024-07-30,5384.0440
2024-07-31,5461.3240
2024-08-01,5448.0247
2024-08-02,5411.7820
2024-08-05,5359.3090
2024-08-06,5380.8911
2024-08-07,5383.9791
2024-08-08,5380.5009
2024-08-09,5372.1729
2024-08-12,5366.2583
2024-08-13,5376.8134
2024-08-14,5350.8799
2024-08-15,5363.0485
2024-08-16,5363.5791
2024-08-19,5368.4454
2024-08-20,5338.7159
2024-08-21,5332.8734
2024-08-22,5321.2380
2024-08-23,5320.5388
2024-08-26,5320.3255
2024-08-27,5301.1175
2024-08-28,5295.4992
2024-08-29,5312.8905
2024-08-30,5353.7482
2024-09-02,5306.8802
2024-09-03,5324.2919
2024-09-04,5310.1309
2024-09-05,5316.8077
2024-09-06,5284.4163
2024-09-09,5261.9648
2024-09-10,5265.9572
2024-09-11,5271.6209
2024-09-12,5260.9004
2024-09-13,5250.1663
2024-09-18,5257.9085
2024-09-19,5279.1087
2024-09-20,5275.7712
2024-09-23,5272.2872
2024-09-24,5367.9129
2024-09-25,5388.3864
2024-09-26,5487.7899
2024-09-27,5614.4394
2024-09-30,5863.5633
2024-10-08,6053.2660
2024-10-09,5854.5457
2024-10-10,5866.0916
2024-10-11,5780.6946
2024-10-14,5840.1764
2024-10-15,5770.6621
2024-10-16,5755.8936
2024-10-17,5738.8549
2024-10-18,5857.5197
2024-10-21,5877.6279
2024-10-22,5892.9150
2024-10-23,5897.8103
2024-10-24,5868.2000
2024-10-25,5899.8722
2024-10-28,5913.1067
2024-10-29,5879.9938
2024-10-30,5863.7692
2024-10-31,5868.6792
2024-11-01,5844.8773
2024-11-04,5890.0278
2024-11-05,5965.3584
2024-11-06,5955.8299
2024-11-07,6016.2908
2024-11-08,6006.1907
2024-11-11,6049.6615
2024-11-12,6014.3174
2024-11-13,6023.6525
2024-11-14,5952.5708
2024-11-15,5894.3180
2024-11-18,5855.9919
2024-11-19,5901.5875
2024-11-20,5927.4785
2024-11-21,5927.2737
2024-11-22,5836.6069
2024-11-25,5832.8657
2024-11-26,5818.2894
2024-11-27,5879.6129
2024-11-28,5855.7048
2024-11-29,5899.5320
2024-12-02,5937.1931
2024-12-03,5933.5894
2024-12-04,5909.8157
2024-12-05,5915.3124
2024-12-06,5947.1960
2024-12-09,5948.2457
2024-12-10,5967.3014
2024-12-11,5980.4507
2024-12-12,6008.3297
2024-12-13,5954.4418
2024-12-16,5925.8101
2024-12-17,5904.8273
2024-12-18,5920.4118
2024-12-19,5926.6303
2024-12-20,5936.8806
2024-12-23,5908.1008
2024-12-24,5941.9064
2024-12-25,5928.0392
2024-12-26,5947.9919
2024-12-27,5944.2809
2024-12-30,5944.2815
2024-12-31,5894.6268
2025-01-02,5827.3103
2025-01-03,5787.1519
2025-01-06,5782.0297
2025-01-07,5811.9782
2025-01-08,5806.2340
2025-01-09,5807.8710
2025-01-10,5768.3104
2025-01-13,5760.9291
2025-01-14,5850.9212
2025-01-15,5832.1355
2025-01-16,5839.3583
2025-01-17,5860.4491
2025-01-20,5882.4311
2025-01-21,5900.7062
2025-01-22,5882.6016
2025-01-23,5868.2164
2025-01-24,5906.4469
2025-01-27,5883.6306
2025-02-05,5883.2436
2025-02-06,5943.9460
2025-02-07,5982.0608
2025-02-10,5999.3443
2025-02-11,5984.9410
2025-02-12,6019.8039
2025-02-13,5988.4786
2025-02-14,6020.0195
2025-02-17,6031.1672
2025-02-18,5998.7199
2025-02-19,6044.4001
2025-02-20,6046.7096
2025-02-21,6106.0087
2025-02-24,6093.8090
2025-02-25,6068.9201
2025-02-26,6107.9277
2025-02-27,6100.0707
2025-02-28,6010.5035
2025-03-03,6013.9594
2025-03-04,6029.8262
2025-03-05,6055.4509
2025-03-06,6110.1577
2025-03-07,6100.1862
2025-03-10,6090.9539
2025-03-11,6096.1889
2025-03-12,6089.7741
2025-03-13,6060.3050
2025-03-14,6122.3449
2025-03-17,6121.6757
2025-03-18,6144.6036
2025-03-19,6132.5937
2025-03-20,6109.9864
2025-03-21,6051.9833
2025-03-24,6060.2534
2025-03-25,6038.9710
2025-03-26,6043.9134
2025-03-27,6056.1559
2025-03-28,6037.6222
2025-03-31,6016.7145
2025-04-01,6031.3194
2025-04-02,6035.5829
2025-04-03,6001.6257
2025-04-07,5723.7182
2025-04-08,5750.2381
2025-04-09,5799.4103
2025-04-10,5858.4139
2025-04-11,5890.5373
2025-04-14,5917.5984
2025-04-15,5910.5169
2025-04-16,5888.9551
2025-04-17,5895.9388
2025-04-18,5891.9952
2025-04-21,5928.5459
2025-04-22,5932.6792
2025-04-23,5948.0073
2025-04-24,5937.0767
2025-04-25,5939.6227
2025-04-28,5928.7381
2025-04-29,5938.1425
2025-04-30,5954.3372
2025-05-06,6002.6859
2025-05-07,6002.4340
2025-05-08,6016.4264
2025-05-09,5998.4596
2025-05-12,6033.6553
2025-05-13,6028.5002
2025-05-14,6042.9327
2025-05-15,6008.5259
2025-05-16,6008.9838
2025-05-19,6010.9552
2025-05-20,6036.0627
2025-05-21,6046.5180
2025-05-22,6028.3100
2025-05-23,6007.6748
2025-05-26,5999.9572
2025-05-27,5988.7358
2025-05-28,5984.9055
2025-05-29,6019.7898
2025-05-30,5997.7055
2025-06-03,6016.2917
2025-06-04,6043.2493
2025-06-05,6058.3072
2025-06-06,6056.1497
2025-06-09,6081.7068
2025-06-10,6065.4485
2025-06-11,6083.7800
2025-06-12,6089.7966
2025-06-13,6062.1591
2025-06-16,6073.9036
2025-06-17,6058.8593
2025-06-18,6063.6317
2025-06-19,6028.4456
2025-06-20,6019.6680
2025-06-23,6037.1443
2025-06-24,6081.1056
2025-06-25,6119.9652
2025-06-26,6107.2309
2025-06-27,6112.0036
2025-06-30,6139.8405
2025-07-01,6151.1021
2025-07-02,6133.7963
2025-07-03,6156.8997
2025-07-04,6155.1604
2025-07-07,6143.6532
2025-07-08,6179.7156
2025-07-09,6170.9969
2025-07-10,6175.8852
2025-07-11,6188.6650
2025-07-14,6198.5829
2025-07-15,6219.0960
2025-07-16,6220.3512
2025-07-17,6258.3378
2025-07-18,6273.0772
2025-07-21,6294.8187
2025-07-22,6311.6074
2025-07-23,6310.3290
2025-07-24,6337.4274
2025-07-25,6336.8153
2025-07-28,6354.4009
2025-07-29,6382.1572
2025-07-30,6364.1912
2025-07-31,6327.5447
2025-08-01,6313.7139
2025-08-04,6341.8658
2025-08-05,6365.7477
2025-08-06,6387.3380
2025-08-07,6381.5089
2025-08-08,6371.1775
2025-08-11,6397.7540
2025-08-12,6412.1471
2025-08-13,6466.3436
2025-08-14,6440.8405
2025-08-15,6487.7453
2025-08-18,6528.7243
2025-08-19,6524.0941
2025-08-20,6551.1803
2025-08-21,6547.9425
2025-08-22,6615.8645
2025-08-25,6684.5790
2025-08-26,6674.1198
2025-08-27,6626.1182
2025-08-28,6686.5207
2025-08-29,6709.2858
2025-09-01,6751.7686
2025-09-02,6694.8932
2025-09-03,6680.0764
2025-09-04,6584.8705
2025-09-05,6690.0987
2025-09-08,6704.6809
2025-09-09,6678.5711
2025-09-10,6686.9964
2025-09-11,6767.5555
2025-09-12,6768.6244
2025-09-15,6769.9975
2025-09-16,6784.1727
2025-09-17,6816.6892
2025-09-18,6790.0014
2025-09-19,6783.3215
2025-09-22,6807.9979
2025-09-23,6792.5810
2025-09-24,6842.6148
2025-09-25,6855.8295
2025-09-26,6805.8983
2025-09-29,6860.8339
2025-09-30,6894.2539
2025-10-09,6932.8210
2025-10-10,6851.7647
2025-10-13,6834.4272
2025-10-14,6750.4493
2025-10-15,6813.1910
2025-10-16,6803.8406
2025-10-17,6709.7618
2025-10-20,6739.1278
2025-10-21,6800.4962
2025-10-22,6781.1322
2025-10-23,6777.2540
2025-10-24,6840.7335
2025-10-27,6891.7948
2025-10-28,6874.3799
2025-10-29,6920.8862
2025-10-30,6882.6771
2025-10-31,6851.9600
2025-11-03,6860.0149
2025-11-04,6809.5388
2025-11-05,6821.2572
2025-11-06,6878.7116
2025-11-07,6859.3792
2025-11-10,6870.8859
2025-11-11,6847.1941
2025-11-12,6842.1789
2025-11-13,6892.0849
2025-11-14,6833.9860
2025-11-17,6819.4598
2025-11-18,6784.8028
2025-11-19,6782.6348
2025-11-20,6761.9563
2025-11-21,6654.5756
2025-11-24,6676.8101
2025-11-25,6718.0729
2025-11-26,6737.5860
2025-11-27,6735.0081
2025-11-28,6759.1836
2025-12-01,6789.0732
2025-12-02,6764.7318
2025-12-03,6744.3543
2025-12-04,6756.2954
2025-12-05,6790.4772
2025-12-08,6822.0932
2025-12-09,6802.8364
2025-12-10,6810.9464
2025-12-11,6777.1604
2025-12-12,6812.6481
2025-12-15,6775.5026
2025-12-16,6724.0467
2025-12-17,6794.4081
2025-12-18,6772.6917
2025-12-19,6795.8033
2025-12-22,6839.0507
2025-12-23,6845.2458
2025-12-24,6870.3206
2025-12-25,6883.8922
2025-12-26,6892.9147
2025-12-29,6875.3200
2025-12-30,6886.3029
2025-12-31,6871.5401
2026-01-05,6956.9733
2026-01-06,7007.1792
2026-01-07,7022.7239
2026-01-08,7013.4134
2026-01-09,7053.9536
2026-01-12,7103.6336
2026-01-13,7073.4003
2026-01-14,7090.1361
2026-01-15,7099.3515
2026-01-16,7105.5279
2026-01-19,7115.3914
2026-01-20,7091.5484
2026-01-21,7127.5492
2026-01-22,7138.3058
2026-01-23,7169.8051
2026-01-26,7148.7966
2026-01-27,7166.9581
2026-01-28,7189.8753
2026-01-29,7171.4819
2026-01-30,7134.6950
2026-02-02,7017.0016
2026-02-03,7093.9253
2026-02-04,7101.2586
2026-02-05,7059.7048
2026-02-06,7049.9554
2026-02-09,7124.3213
2026-02-10,7132.9961
2026-02-11,7129.6514
2026-02-12,7154.6829
2026-02-13,7105.9071
2026-02-24,7138.4090
2026-02-25,7170.9117
2026-02-26,7169.9522
2026-02-27,7179.6083
2026-03-02,7171.5127
2026-03-03,7059.1444
2026-03-04,7026.0954
2026-03-05,7057.5874
2026-03-06,7082.8812
2026-03-09,7041.5308
2026-03-10,7109.4255
2026-03-11,7113.3514
2026-03-12,7089.7681
2026-03-13,7054.8132
2026-03-16,7056.1418
2026-03-17,6997.9754
2026-03-18,7032.3645
2026-03-19,6949.4716
2026-03-20,6923.7532
2026-03-23,6790.9667
2026-03-24,6862.7232
2026-03-25,6921.3700
2026-03-26,6869.0510
2026-03-27,6907.9101
2026-03-30,6909.4150
2026-03-31,6852.4657
2026-04-01,6932.4496
2026-04-02,6886.2950
2026-04-03,6864.0885
2026-04-07,6930.1968
2026-04-08,7074.5842
2026-04-09,7058.7673
2026-04-10,7105.8825
2026-04-13,7106.9085
2026-04-14,7153.8311
2026-04-15,7143.7510
2026-04-16,7205.8430
2026-04-17,7216.8842
2026-04-20,7234.6848
2026-04-21,7239.6160
2026-04-22,7278.2063
2026-04-23,7239.8413
2026-04-24,7231.3107
2026-04-27,7246.9476
2026-04-28,7217.6280
2026-04-29,7271.8048
2026-04-30,7284.3000
2026-05-06,7357.6154
2026-05-07,7401.2465
2026-05-08,7385.8996
2026-05-11,7447.9508
2026-05-12,7440.7777
2026-05-13,7483.8122
2026-05-14,7408.5089
2026-05-15,7362.9457
2026-05-18,7352.7841
2026-05-19,7382.6310
2026-05-20,7404.1394
2026-05-21,7315.4296
2026-05-22,7383.4513
2026-05-25,7434.6355
2026-05-26,7424.1950
2026-05-27,7379.5924
2026-05-28,7399.0115
2026-05-29,7341.3854
2026-06-01,7299.3242
2026-06-02,7344.4718
2026-06-03,7361.0811
2026-06-04,7351.0766
2026-06-05,7285.6586
2026-06-08,7187.0120
2026-06-09,7273.2078
2026-06-10,7224.3282
2026-06-11,7212.9422
2026-06-12,7246.5764
2026-06-15,7361.8727
2026-06-16,7374.7112
2026-06-17,7416.3324
2026-06-18,7441.8065
2026-06-22,7499.7610
2026-06-23,7408.6040
2026-06-24,7462.0678
2026-06-25,7503.2587
2026-06-26,7404.3343
2026-06-29,7456.4298
2026-06-30,7516.6553
2026-07-01,7508.5951
2026-07-02,7395.3101
2026-07-03,7425.7197
2026-07-06,7408.6090
2026-07-07,7353.7558
2026-07-08,7317.6770
2026-07-09,7411.7138
2026-07-10,7344.2628
2026-07-13,7233.2142
2026-07-14,7312.4564
2026-07-15,7290.8709
2026-07-16,7220.8819
2026-07-17,7035.1596
2026-07-20,7031.0328
2026-07-21,7180.0197
2026-07-22,7146.7403
2026-07-23,7148.9999
2026-07-24,7076.9165
2026-07-27,7159.6111
2026-07-28,7037.0267
2026-07-29,7066.7394
2026-07-30,6977.8772
2026-07-31,7043.9213
2026-08-03,7002.8187
2026-08-04,7092.1189
2026-08-05,7173.7038
2026-08-06,7179.6386
2026-08-07,7249.0312
2026-08-10,7265.2457
2026-08-11,7236.2973
2026-08-12,7268.2938
2026-08-13,7240.2583
2026-08-14,7253.0160
2026-08-17,7343.5237
2026-08-18,7338.7890
2026-08-19,7185.7023
2026-08-20,7212.5351
2026-08-21,7230.6599
2026-08-24,7162.5662
2026-08-25,7165.4818
2026-08-26,7186.9539
2026-08-27,7246.1114
2026-08-28,7223.3583
2026-08-31,7239.5486
2026-09-01,7203.5231
2026-09-02,7154.8537
2026-09-03,7164.9789
2026-09-04,7138.5737
2026-09-07,7185.2481
2026-09-08,7177.4589
2026-09-09,7176.9647
2026-09-10,7143.4724
2026-09-11,7096.0153
2026-09-14,7090.1743
2026-09-15,7074.3978
2026-09-16,7123.0808
2026-09-17,7112.2923
2026-09-18,7173.6499
2026-09-21,7208.8104
2026-09-22,7204.7470
2026-09-23,7193.7017
2026-09-24,7120.6524
