date,close
2003-12-31,1000.00
2004-01-02,1006.5644
2004-01-05,1037.3137
2004-01-06,1045.9301
2004-01-07,1054.4685
2004-01-08,1064.8942
2004-01-09,1051.2600
2004-01-12,1073.6617
2004-01-13,1069.7394
2004-01-14,1060.8661
2004-01-15,1056.6694
2004-01-16,1060.5218
2004-01-29,1068.8806
2004-01-30,1048.4023
2004-02-02,1063.3823
2004-02-03,1072.0852
2004-02-04,1089.4599
2004-02-05,1089.6319
2004-02-06,1084.0967
2004-02-09,1095.1130
2004-02-10,1087.0692
2004-02-11,1079.5456
2004-02-12,1069.8361
2004-02-13,1073.6073
2004-02-16,1092.1746
2004-02-17,1094.5877
2004-02-18,1102.5490
2004-02-19,1099.2919
2004-02-20,1100.6163
2004-02-23,1078.3071
2004-02-24,1084.9860
2004-02-25,1071.7274
2004-02-26,1083.5905
2004-02-27,1091.8836
2004-03-01,1098.4283
2004-03-02,1096.2555
2004-03-03,1084.4309
2004-03-04,1086.5816
2004-03-05,1083.2306
2004-03-08,1073.8422
2004-03-09,1075.3619
2004-03-10,1094.8771
2004-03-11,1101.9603
2004-03-12,1107.1146
2004-03-15,1128.7705
2004-03-16,1132.4975
2004-03-17,1133.3363
2004-03-18,1118.0990
2004-03-19,1131.8890
2004-03-22,1132.0607
2004-03-23,1122.0329
2004-03-24,1124.4421
2004-03-25,1126.4323
2004-03-26,1129.2573
2004-03-29,1121.2927
2004-03-30,1121.1342
2004-03-31,1127.9919
2004-04-01,1139.2669
2004-04-02,1149.4275
2004-04-05,1151.4640
2004-04-06,1155.7050
2004-04-07,1155.0904
2004-04-08,1155.3444
2004-04-09,1133.7522
2004-04-12,1129.1285
2004-04-13,1121.5176
2004-04-14,1110.5619
2004-04-15,1104.6166
2004-04-16,1116.6735
2004-04-19,1111.5223
2004-04-20,1106.6071
2004-04-21,1093.4833
2004-04-22,1096.0347
2004-04-23,1089.5137
2004-04-26,1096.8572
2004-04-27,1091.9305
2004-04-28,1080.7279
2004-04-29,1060.7731
2004-04-30,1071.2068
2004-05-10,1050.8967
2004-05-11,1051.4145
2004-05-12,1067.8952
2004-05-13,1066.2244
2004-05-14,1051.7090
2004-05-17,1042.0862
2004-05-18,1040.9714
2004-05-19,1042.9282
2004-05-20,1039.4288
2004-05-21,1045.6905
2004-05-24,1043.0612
2004-05-25,1032.4606
2004-05-26,1037.8909
2004-05-27,1053.6324
2004-05-28,1051.8165
2004-05-31,1054.6867
2004-06-01,1067.5312
2004-06-02,1060.8846
2004-06-03,1049.6822
2004-06-04,1047.4679
2004-06-07,1037.8200
2004-06-08,1029.0702
2004-06-09,1020.5012
2004-06-10,1021.0655
2004-06-11,1019.7613
2004-06-14,1008.3448
2004-06-15,1017.7109
2004-06-16,1024.3936
2004-06-17,1008.2054
2004-06-18,996.4688
2004-06-21,996.1993
2004-06-22,1004.2683
2004-06-23,997.8802
2004-06-24,993.2721
2004-06-25,985.5446
2004-06-28,979.4951
2004-06-29,989.8342
2004-06-30,986.4031
2004-07-01,1005.2161
2004-07-02,1007.5253
2004-07-05,1009.0101
2004-07-06,1012.9471
2004-07-07,1009.7779
2004-07-08,1010.9553
2004-07-09,1008.5833
2004-07-12,999.2551
2004-07-13,1002.2207
2004-07-14,1007.0317
2004-07-15,1019.7846
2004-07-16,1033.5171
2004-07-19,1037.7583
2004-07-20,1033.0721
2004-07-21,1032.8538
2004-07-22,1016.5274
2004-07-23,1019.8937
2004-07-26,1013.9990
2004-07-27,1010.9500
2004-07-28,1013.3961
2004-07-29,1018.0963
2004-07-30,1011.0282
2004-08-02,1004.7538
2004-08-03,995.5436
2004-08-04,1011.6605
2004-08-05,1002.8685
2004-08-06,1002.8889
2004-08-09,1007.1171
2004-08-10,1009.9914
2004-08-11,1004.3307
2004-08-12,999.9768
2004-08-13,1003.2998
2004-08-16,999.0425
2004-08-17,1002.2666
2004-08-18,1003.2364
2004-08-19,1000.8698
2004-08-20,1001.7795
2004-08-23,993.9005
2004-08-24,996.5021
2004-08-25,994.4472
2004-08-26,993.9896
2004-08-27,987.2528
2004-08-30,984.4801
2004-08-31,992.9904
2004-09-01,983.5491
2004-09-02,984.7662
2004-09-03,983.1689
2004-09-06,980.3225
2004-09-07,980.8907
2004-09-08,976.6647
2004-09-09,967.9751
2004-09-10,970.1069
2004-09-13,960.6815
2004-09-14,974.8668
2004-09-15,996.2026
2004-09-16,1000.9722
2004-09-17,1020.8819
2004-09-20,1039.4359
2004-09-21,1034.1997
2004-09-22,1024.5065
2004-09-23,1050.7523
2004-09-24,1043.3948
2004-09-27,1044.0249
2004-09-28,1052.8913
2004-09-29,1046.8710
2004-09-30,1042.3013
2004-10-08,1057.7825
2004-10-11,1053.2100
2004-10-12,1036.8542
2004-10-13,1037.5274
2004-10-14,1017.2700
2004-10-15,1020.4400
2004-10-18,1020.2382
2004-10-19,1022.6105
2004-10-20,1026.2417
2004-10-21,1026.0865
2004-10-22,1039.7840
2004-10-25,1033.1002
2004-10-26,1041.0931
2004-10-27,1044.0212
2004-10-28,1039.7911
2004-10-29,1030.5628
2004-11-01,1025.2389
2004-11-02,1023.2398
2004-11-03,1032.1816
2004-11-04,1017.2213
2004-11-05,1015.3814
2004-11-08,1016.8781
2004-11-09,1020.1107
2004-11-10,1042.8924
2004-11-11,1036.7371
2004-11-12,1038.0319
2004-11-15,1044.8769
2004-11-16,1045.2387
2004-11-17,1039.9728
2004-11-18,1047.2113
2004-11-19,1049.2636
2004-11-22,1045.6507
2004-11-23,1036.1180
2004-11-24,1034.3821
2004-11-25,1035.5696
2004-11-26,1034.4749
2004-11-29,1027.8575
2004-11-30,1026.6676
2004-12-01,1022.8365
2004-12-02,1017.6567
2004-12-03,1017.7044
2004-12-06,1016.4945
2004-12-07,1010.6636
2004-12-08,1013.4572
2004-12-09,1019.6012
2004-12-10,1015.6185
2004-12-13,1013.2737
2004-12-14,1013.0551
2004-12-15,1016.5865
2004-12-16,1014.4038
2004-12-17,1006.4963
2004-12-20,994.3968
2004-12-21,992.0102
2004-12-22,1005.6052
2004-12-23,996.9217
2004-12-24,998.1590
2004-12-27,996.8099
2004-12-28,999.9764
2004-12-29,999.6948
2004-12-30,1001.4874
2004-12-31,1002.6325
2005-01-04,988.7209
2005-01-05,991.4252
2005-01-06,985.2193
2005-01-07,984.0171
2005-01-10,989.6333
2005-01-11,991.5945
2005-01-12,992.7864
2005-01-13,993.5701
2005-01-14,989.9185
2005-01-17,980.1716
2005-01-18,980.4454
2005-01-19,974.6870
2005-01-20,969.1008
2005-01-21,984.7263
2005-01-24,993.6742
2005-01-25,997.5732
2005-01-26,995.6922
2005-01-27,989.1344
2005-01-28,987.1553
2005-01-31,985.2594
2005-02-01,985.9971
2005-02-02,1015.7090
2005-02-03,1012.0618
2005-02-04,1026.7224
2005-02-16,1029.7863
2005-02-17,1022.7073
2005-02-18,1015.3622
2005-02-21,1028.9776
2005-02-22,1042.2764
2005-02-23,1039.7748
2005-02-24,1037.7577
2005-02-25,1041.0072
2005-02-28,1037.1611
2005-03-01,1033.1495
2005-03-02,1024.2658
2005-03-03,1027.8909
2005-03-04,1028.3267
2005-03-07,1034.6193
2005-03-08,1048.7109
2005-03-09,1049.2183
2005-03-10,1036.1573
2005-03-11,1044.0336
2005-03-14,1057.6730
2005-03-15,1044.9512
2005-03-16,1036.2237
2005-03-17,1031.5028
2005-03-18,1021.7963
2005-03-21,1026.5934
2005-03-22,1030.3051
2005-03-23,1023.9539
2005-03-24,1019.2510
2005-03-25,1019.8485
2005-03-28,1024.1271
2005-03-29,1019.5179
2005-03-30,1008.6827
2005-03-31,1012.4561
2005-04-01,1037.6432
2005-04-04,1034.1707
2005-04-05,1034.2936
2005-04-06,1053.4481
2005-04-07,1053.9634
2005-04-08,1063.3675
2005-04-11,1049.3116
2005-04-12,1042.7278
2005-04-13,1054.1797
2005-04-14,1048.4555
2005-04-15,1043.7537
2005-04-18,1037.6159
2005-04-19,1035.5602
2005-04-20,1030.5682
2005-04-21,1037.7950
2005-04-22,1037.9715
2005-04-25,1039.1375
2005-04-26,1042.6853
2005-04-27,1039.4421
2005-04-28,1047.3785
2005-04-29,1039.2647
2005-05-09,1021.2012
2005-05-10,1019.4176
2005-05-11,1004.5774
2005-05-12,989.3755
2005-05-13,987.8840
2005-05-16,979.8142
2005-05-17,983.0784
2005-05-18,978.7189
2005-05-19,978.6054
2005-05-20,981.2508
2005-05-23,968.9234
2005-05-24,966.6035
2005-05-25,964.2828
2005-05-26,952.0408
2005-05-27,939.8787
2005-05-30,942.4220
2005-05-31,944.0029
2005-06-01,928.2111
2005-06-02,902.6358
2005-06-03,906.1018
2005-06-06,931.5652
2005-06-07,927.6555
2005-06-08,983.2486
2005-06-09,986.4382
2005-06-10,971.7047
2005-06-13,966.3024
2005-06-14,959.6485
2005-06-15,951.1990
2005-06-16,961.9218
2005-06-17,961.7255
2005-06-20,985.8545
2005-06-21,979.6040
2005-06-22,985.9718
2005-06-23,982.2202
2005-06-24,984.4250
2005-06-27,997.2337
2005-06-28,989.6196
2005-06-29,985.4261
2005-06-30,974.4499
2005-07-01,965.0138
2005-07-04,966.4370
2005-07-05,963.8972
2005-07-06,955.6725
2005-07-07,955.6773
2005-07-08,949.6086
2005-07-11,947.2013
2005-07-12,966.6048
2005-07-13,962.3208
2005-07-14,966.3387
2005-07-15,963.4650
2005-07-18,959.8461
2005-07-19,959.3372
2005-07-20,965.5616
2005-07-21,965.6986
2005-07-22,975.2663
2005-07-25,972.9027
2005-07-26,986.7160
2005-07-27,999.1828
2005-07-28,997.3444
2005-07-29,994.0275
2005-08-01,996.7811
2005-08-02,1003.4258
2005-08-03,1005.1148
2005-08-04,1002.1409
2005-08-05,1016.9461
2005-08-08,1015.8586
2005-08-09,1016.0078
2005-08-10,1021.3519
2005-08-11,1036.3401
2005-08-12,1024.9954
2005-08-15,1040.3139
2005-08-16,1032.3877
2005-08-17,1037.2559
2005-08-18,1016.3153
2005-08-19,1016.5298
2005-08-22,1022.8226
2005-08-23,1020.3075
2005-08-24,1024.4206
2005-08-25,1020.9211
2005-08-26,1018.9574
2005-08-29,1011.4381
2005-08-30,1010.2380
2005-08-31,1019.7230
2005-09-01,1031.1237
2005-09-02,1033.6242
2005-09-05,1034.1329
2005-09-06,1025.3714
2005-09-07,1037.5385
2005-09-08,1041.4693
2005-09-09,1037.6978
2005-09-12,1037.0478
2005-09-13,1047.7786
2005-09-14,1051.8820
2005-09-15,1051.3207
2005-09-16,1047.5455
2005-09-19,1047.7899
2005-09-20,1041.8012
2005-09-21,1029.3656
2005-09-22,1017.7610
2005-09-23,1015.1347
2005-09-26,1017.3658
2005-09-27,1011.1133
2005-09-28,1011.4837
2005-09-29,1021.5664
2005-09-30,1023.6478
2005-10-10,1017.5065
2005-10-11,1024.7785
2005-10-12,1027.5925
2005-10-13,1023.3966
2005-10-14,1014.3339
2005-10-17,1011.0294
2005-10-18,1013.3040
2005-10-19,1009.7110
2005-10-20,1012.0947
2005-10-21,1014.2250
2005-10-24,1015.4813
2005-10-25,1005.7963
2005-10-26,995.1227
2005-10-27,997.6240
2005-10-28,992.1337
2005-10-31,997.0968
2005-11-01,994.3997
2005-11-02,998.0976
2005-11-03,989.8284
2005-11-04,991.3701
2005-11-07,988.2724
2005-11-08,991.3328
2005-11-09,992.5868
2005-11-10,983.2590
2005-11-11,984.6056
2005-11-14,980.8279
2005-11-15,974.1369
2005-11-16,975.7891
2005-11-17,975.4719
2005-11-18,987.8747
2005-11-21,989.1953
2005-11-22,981.7959
2005-11-23,986.1187
2005-11-24,988.6414
2005-11-25,989.4167
2005-11-28,986.4998
2005-11-29,979.4502
2005-11-30,979.6239
2005-12-01,978.0497
2005-12-02,976.8356
2005-12-05,969.5240
2005-12-06,972.6282
2005-12-07,979.1397
2005-12-08,979.6188
2005-12-09,989.9485
2005-12-12,990.3035
2005-12-13,989.8116
2005-12-14,996.9851
2005-12-15,997.1995
2005-12-16,1002.3376
2005-12-19,1002.4268
2005-12-20,1005.0654
2005-12-21,1003.7291
2005-12-22,1010.3122
2005-12-23,1017.3232
2005-12-26,1021.9624
2005-12-27,1021.1495
2005-12-28,1023.6934
2005-12-29,1040.4951
2005-12-30,1033.7188
2006-01-04,1048.9794
2006-01-05,1063.6735
2006-01-06,1074.3498
2006-01-09,1077.4518
2006-01-10,1080.0917
2006-01-11,1077.8680
2006-01-12,1085.5804
2006-01-13,1081.2185
2006-01-16,1067.8201
2006-01-17,1069.7859
2006-01-18,1085.1115
2006-01-19,1092.2550
2006-01-20,1095.7653
2006-01-23,1096.3110
2006-01-24,1101.2602
2006-01-25,1113.2402
2006-02-06,1134.1376
2006-02-07,1129.5728
2006-02-08,1124.7510
2006-02-09,1114.2335
2006-02-10,1124.5980
2006-02-13,1124.8966
2006-02-14,1132.5259
2006-02-15,1133.5969
2006-02-16,1115.1495
2006-02-17,1112.3957
2006-02-20,1110.2260
2006-02-21,1121.4699
2006-02-22,1119.7427
2006-02-23,1118.3135
2006-02-24,1127.4609
2006-02-27,1131.7027
2006-02-28,1136.7727
2006-03-01,1143.6909
2006-03-02,1134.9739
2006-03-03,1136.8721
2006-03-06,1135.0655
2006-03-07,1115.7398
2006-03-08,1109.8754
2006-03-09,1107.2116
2006-03-10,1111.0832
2006-03-13,1120.8707
2006-03-14,1121.9271
2006-03-15,1132.7995
2006-03-16,1134.3708
2006-03-17,1131.1692
2006-03-20,1140.9834
2006-03-21,1145.5610
2006-03-22,1154.1063
2006-03-23,1156.4137
2006-03-24,1153.3077
2006-03-27,1160.2267
2006-03-28,1170.3900
2006-03-29,1184.6945
2006-03-30,1180.7687
2006-03-31,1194.0223
2006-04-03,1216.5156
2006-04-04,1225.2058
2006-04-05,1239.2765
2006-04-06,1247.9692
2006-04-07,1249.0310
2006-04-10,1258.4308
2006-04-11,1264.7445
2006-04-12,1257.6214
2006-04-13,1231.8401
2006-04-14,1253.7409
2006-04-17,1259.7812
2006-04-18,1267.5806
2006-04-19,1285.2731
2006-04-20,1286.6721
2006-04-21,1306.3731
2006-04-24,1317.6003
2006-04-25,1326.6296
2006-04-26,1340.1708
2006-04-27,1343.0398
2006-04-28,1367.9607
2006-05-08,1415.4543
2006-05-09,1449.1397
2006-05-10,1463.6728
2006-05-11,1461.5533
2006-05-12,1508.3610
2006-05-15,1561.9370
2006-05-16,1529.3461
2006-05-17,1522.6829
2006-05-18,1526.7281
2006-05-19,1564.3518
2006-05-22,1549.8813
2006-05-23,1503.2641
2006-05-24,1501.0218
2006-05-25,1504.7993
2006-05-26,1530.9986
2006-05-29,1565.5707
2006-05-30,1591.0003
2006-05-31,1583.3437
2006-06-01,1620.0835
2006-06-02,1602.5046
2006-06-05,1606.5247
2006-06-06,1592.3761
2006-06-07,1522.5134
2006-06-08,1528.5694
2006-06-09,1512.1781
2006-06-12,1527.6778
2006-06-13,1530.0503
2006-06-14,1518.8983
2006-06-15,1524.1838
2006-06-16,1554.1924
2006-06-19,1575.9800
2006-06-20,1583.4471
2006-06-21,1577.2905
2006-06-22,1575.5634
2006-06-23,1587.1731
2006-06-26,1607.9114
2006-06-27,1613.1879
2006-06-28,1607.2712
2006-06-29,1634.2464
2006-06-30,1633.9593
2006-07-03,1653.6138
2006-07-04,1647.7812
2006-07-05,1637.3354
2006-07-06,1665.3529
2006-07-07,1660.4256
2006-07-10,1658.2917
2006-07-11,1667.8602
2006-07-12,1672.8721
2006-07-13,1603.5678
2006-07-14,1615.3922
2006-07-17,1626.7648
2006-07-18,1626.4327
2006-07-19,1592.4586
2006-07-20,1597.7264
2006-07-21,1608.0380
2006-07-24,1615.2517
2006-07-25,1632.2391
2006-07-26,1628.9059
2006-07-27,1611.9848
2006-07-28,1595.7127
2006-07-31,1552.2629
2006-08-01,1542.1709
2006-08-02,1533.7710
2006-08-03,1527.1887
2006-08-04,1499.9402
2006-08-07,1488.8343
2006-08-08,1515.6745
2006-08-09,1513.9464
2006-08-10,1529.7504
2006-08-11,1535.0819
2006-08-14,1506.0053
2006-08-15,1521.8600
2006-08-16,1537.9313
2006-08-17,1529.4255
2006-08-18,1526.7475
2006-08-21,1533.1116
2006-08-22,1548.8417
2006-08-23,1549.7708
2006-08-24,1558.2834
2006-08-25,1561.7678
2006-08-28,1590.2175
2006-08-29,1598.2231
2006-08-30,1603.3602
2006-08-31,1607.0552
2006-09-01,1590.0421
2006-09-04,1610.9294
2006-09-05,1612.6039
2006-09-06,1614.6930
2006-09-07,1601.7709
2006-09-08,1605.6915
2006-09-11,1611.5830
2006-09-12,1618.7566
2006-09-13,1605.1823
2006-09-14,1603.4274
2006-09-15,1620.3663
2006-09-18,1630.6674
2006-09-19,1639.1810
2006-09-20,1646.0285
2006-09-21,1658.6977
2006-09-22,1654.5590
2006-09-25,1657.0993
2006-09-26,1643.2674
2006-09-27,1651.9388
2006-09-28,1672.8230
2006-09-29,1687.5536
2006-10-09,1715.6755
2006-10-10,1718.3087
2006-10-11,1712.8667
2006-10-12,1690.8298
2006-10-13,1695.8274
2006-10-16,1677.9140
2006-10-17,1676.9821
2006-10-18,1699.8739
2006-10-19,1709.6184
2006-10-20,1711.6874
2006-10-23,1681.6850
2006-10-24,1713.2241
2006-10-25,1722.7663
2006-10-26,1732.0860
2006-10-27,1715.2226
2006-10-30,1708.2450
2006-10-31,1723.8209
2006-11-01,1730.1569
2006-11-02,1726.9509
2006-11-03,1735.4206
2006-11-06,1743.3549
2006-11-07,1747.0591
2006-11-08,1737.6605
2006-11-09,1763.0187
2006-11-10,1743.7103
2006-11-13,1714.6361
2006-11-14,1730.9071
2006-11-15,1774.7114
2006-11-16,1775.2282
2006-11-17,1802.5259
2006-11-20,1824.6420
2006-11-21,1837.5763
2006-11-22,1853.9930
2006-11-23,1858.7535
2006-11-24,1862.2901
2006-11-27,1879.0180
2006-11-28,1881.7656
2006-11-29,1908.6145
2006-11-30,1957.9709
2006-12-01,1978.0347
2006-12-04,2013.2527
2006-12-05,2023.1391
2006-12-06,2002.9705
2006-12-07,1989.1510
2006-12-08,1938.4954
2006-12-11,2006.0637
2006-12-12,2021.1497
2006-12-13,2027.9383
2006-12-14,2057.6224
2006-12-15,2098.5851
2006-12-18,2159.3520
2006-12-19,2155.3457
2006-12-20,2171.4886
2006-12-21,2145.2415
2006-12-22,2130.7068
2006-12-25,2171.6874
2006-12-26,2172.3765
2006-12-27,2209.0453
2006-12-28,2205.5330
2006-12-29,2252.2165
2007-01-04,2261.3893
2007-01-05,2257.3394
2007-01-08,2299.2009
2007-01-09,2366.8499
2007-01-10,2413.6788
2007-01-11,2397.1726
2007-01-12,2366.4140
2007-01-15,2470.5465
2007-01-16,2546.7493
2007-01-17,2510.5070
2007-01-18,2521.9307
2007-01-19,2593.0081
2007-01-22,2671.7795
2007-01-23,2662.2634
2007-01-24,2681.5144
2007-01-25,2617.3509
2007-01-26,2661.3098
2007-01-29,2700.1122
2007-01-30,2686.8088
2007-01-31,2552.7770
2007-02-01,2561.6231
2007-02-02,2481.9409
2007-02-05,2463.1803
2007-02-06,2481.9148
2007-02-07,2527.2996
2007-02-08,2559.6520
2007-02-09,2551.8624
2007-02-12,2626.2473
2007-02-13,2664.5099
2007-02-14,2717.5145
2007-02-15,2778.8827
2007-02-16,2783.5622
2007-02-26,2777.4722
2007-02-27,2561.4746
2007-02-28,2610.2716
2007-03-01,2547.5108
2007-03-02,2582.2360
2007-03-05,2560.9795
2007-03-06,2596.6758
2007-03-07,2659.0518
2007-03-08,2693.4465
2007-03-09,2680.2234
2007-03-12,2681.0017
2007-03-13,2689.6347
2007-03-14,2657.2674
2007-03-15,2698.5734
2007-03-16,2670.2479
2007-03-19,2711.9320
2007-03-20,2713.4987
2007-03-21,2733.7859
2007-03-22,2738.0259
2007-03-23,2735.1553
2007-03-26,2769.2668
2007-03-27,2780.1690
2007-03-28,2779.6460
2007-03-29,2767.6716
2007-03-30,2766.6887
2007-04-02,2814.7993
2007-04-03,2852.2052
2007-04-04,2879.6612
2007-04-05,2906.3551
2007-04-06,2922.8516
2007-04-09,2968.3746
2007-04-10,2994.7740
2007-04-11,3023.9853
2007-04-12,3071.3231
2007-04-13,3076.4566
2007-04-16,3145.3459
2007-04-17,3156.4486
2007-04-18,3167.0082
2007-04-19,3048.3856
2007-04-20,3153.5283
2007-04-23,3248.1796
2007-04-24,3253.0793
2007-04-25,3248.3820
2007-04-26,3277.3882
2007-04-27,3249.6618
2007-04-30,3313.3764
2007-05-08,3407.1966
2007-05-09,3401.4934
2007-05-10,3406.5593
2007-05-11,3390.5586
2007-05-14,3422.6335
2007-05-15,3339.5145
2007-05-16,3411.0916
2007-05-17,3479.1304
2007-05-18,3484.6916
2007-05-21,3535.9138
2007-05-22,3562.7858
2007-05-23,3614.7765
2007-05-24,3586.1615
2007-05-25,3637.5715
2007-05-28,3713.4887
2007-05-29,3794.7151
2007-05-30,3588.9905
2007-05-31,3660.4255
2007-06-01,3576.6103
2007-06-04,3365.8018
2007-06-05,3460.1101
2007-06-06,3513.4614
2007-06-07,3616.3883
2007-06-08,3652.4714
2007-06-11,3745.1084
2007-06-12,3830.9457
2007-06-13,3885.0265
2007-06-14,3852.3739
2007-06-15,3870.6561
2007-06-18,3961.8875
2007-06-19,3981.3533
2007-06-20,3908.2807
2007-06-21,3941.9068
2007-06-22,3849.6390
2007-06-25,3741.8947
2007-06-26,3783.2125
2007-06-27,3874.4580
2007-06-28,3739.3187
2007-06-29,3698.7140
2007-07-02,3679.1513
2007-07-03,3733.7781
2007-07-04,3676.7899
2007-07-05,3525.4594
2007-07-06,3651.3150
2007-07-09,3744.4830
2007-07-10,3700.4020
2007-07-11,3713.0798
2007-07-12,3733.7648
2007-07-13,3735.6716
2007-07-16,3655.8381
2007-07-17,3731.6909
2007-07-18,3748.5257
2007-07-19,3751.0061
2007-07-20,3884.5108
2007-07-23,4011.5871
2007-07-24,4015.2046
2007-07-25,4072.3130
2007-07-26,4094.9046
2007-07-27,4101.6380
2007-07-30,4179.3480
2007-07-31,4220.9342
2007-08-01,4109.3527
2007-08-02,4238.9837
2007-08-03,4373.6309
2007-08-06,4440.5445
2007-08-07,4458.2857
2007-08-08,4400.8752
2007-08-09,4485.5110
2007-08-10,4429.4242
2007-08-13,4402.4590
2007-08-14,4453.5610
2007-08-15,4469.8017
2007-08-16,4408.9493
2007-08-17,4330.8322
2007-08-20,4521.0056
2007-08-21,4580.5391
2007-08-22,4641.0556
2007-08-23,4707.4169
2007-08-24,4763.1608
2007-08-27,4767.6177
2007-08-28,4767.2515
2007-08-29,4709.7100
2007-08-30,4761.1543
2007-08-31,4811.9214
2007-09-03,4905.1156
2007-09-04,4870.8870
2007-09-05,4871.5411
2007-09-06,4911.6086
2007-09-07,4825.6433
2007-09-10,4885.4711
2007-09-11,4717.1891
2007-09-12,4778.0633
2007-09-13,4888.8362
2007-09-14,4934.5460
2007-09-17,5004.6584
2007-09-18,4970.4321
2007-09-19,4936.8465
2007-09-20,4992.4280
2007-09-21,4980.2384
2007-09-24,5003.8189
2007-09-25,4963.4657
2007-09-26,4898.0600
2007-09-27,4956.4117
2007-09-28,5073.6740
2007-10-08,5124.2344
2007-10-09,5140.6148
2007-10-10,5144.2186
2007-10-11,5196.5778
2007-10-12,5180.0195
2007-10-15,5198.9941
2007-10-16,5248.7051
2007-10-17,5200.8014
2007-10-18,5055.7532
2007-10-19,5074.3214
2007-10-22,4987.8904
2007-10-23,5029.2479
2007-10-24,5064.9724
2007-10-25,4904.3580
2007-10-26,4940.0851
2007-10-29,5008.0311
2007-10-30,5061.3942
2007-10-31,5138.8675
2007-11-01,5076.4246
2007-11-02,4957.1454
2007-11-05,4903.3927
2007-11-06,4882.2920
2007-11-07,4910.6498
2007-11-08,4751.9068
2007-11-09,4709.4325
2007-11-12,4670.0790
2007-11-13,4622.2842
2007-11-14,4766.0124
2007-11-15,4719.1405
2007-11-16,4655.6986
2007-11-19,4641.6719
2007-11-20,4698.4231
2007-11-21,4659.0952
2007-11-22,4499.0763
2007-11-23,4557.2659
2007-11-26,4526.1111
2007-11-27,4461.6727
2007-11-28,4419.8879
2007-11-29,4546.4581
2007-11-30,4478.3173
2007-12-03,4511.4367
2007-12-04,4553.3585
2007-12-05,4652.4288
2007-12-06,4660.0361
2007-12-07,4707.2948
2007-12-10,4782.1781
2007-12-11,4788.6998
2007-12-12,4739.4542
2007-12-13,4596.3138
2007-12-14,4670.1750
2007-12-17,4590.9384
2007-12-18,4570.1725
2007-12-19,4648.7830
2007-12-20,4714.3575
2007-12-21,4761.7640
2007-12-24,4838.9459
2007-12-25,4851.1441
2007-12-26,4890.3844
2007-12-27,4963.4709
2007-12-28,4950.9361
2008-01-02,4999.4550
2008-01-03,5018.2263
2008-01-04,5053.8621
2008-01-07,5113.5131
2008-01-08,5078.0165
2008-01-09,5149.5370
2008-01-10,5203.3325
2008-01-11,5223.5582
2008-01-14,5252.2250
2008-01-15,5230.5667
2008-01-16,5106.1299
2008-01-17,5016.2866
2008-01-18,5047.3995
2008-01-21,4876.0919
2008-01-22,4606.0769
2008-01-23,4797.4186
2008-01-24,4868.1581
2008-01-25,4894.5325
2008-01-28,4661.2414
2008-01-29,4674.4887
2008-01-30,4637.6460
2008-01-31,4546.9608
2008-02-01,4508.0923
2008-02-04,4790.3812
2008-02-05,4759.4217
2008-02-13,4688.3494
2008-02-14,4737.9930
2008-02-15,4696.9764
2008-02-18,4787.9881
2008-02-19,4864.8310
2008-02-20,4786.3045
2008-02-21,4777.3980
2008-02-22,4648.1278
2008-02-25,4514.2959
2008-02-26,4466.9111
2008-02-27,4555.9922
2008-02-28,4555.7374
2008-02-29,4596.9521
2008-03-03,4698.4114
2008-03-04,4617.9139
2008-03-05,4578.4846
2008-03-06,4606.1341
2008-03-07,4558.5861
2008-03-10,4404.6371
2008-03-11,4406.1903
2008-03-12,4303.2634
2008-03-13,4220.5295
2008-03-14,4177.7682
2008-03-17,4012.1542
2008-03-18,3855.8055
2008-03-19,3958.5259
2008-03-20,4053.3701
2008-03-21,4080.8174
2008-03-24,3952.3470
2008-03-25,3990.2544
2008-03-26,4002.9781
2008-03-27,3899.1523
2008-03-28,4010.0512
2008-03-31,3913.7992
2008-04-01,3742.0803
2008-04-02,3686.1034
2008-04-03,3757.1025
2008-04-07,3912.9534
2008-04-08,3957.7698
2008-04-09,3814.8483
2008-04-10,3869.2381
2008-04-11,3892.4451
2008-04-14,3712.8352
2008-04-15,3743.0410
2008-04-16,3689.3530
2008-04-17,3611.3705
2008-04-18,3534.0879
2008-04-21,3511.1887
2008-04-22,3520.4272
2008-04-23,3645.9294
2008-04-24,3883.5897
2008-04-25,3877.9554
2008-04-28,3825.5971
2008-04-29,3854.1359
2008-04-30,3984.7087
2008-05-05,4065.2243
2008-05-06,4040.6052
2008-05-07,3907.5742
2008-05-08,4000.2580
2008-05-09,3982.5441
2008-05-12,4014.0682
2008-05-13,4012.3694
2008-05-14,4087.9584
2008-05-15,4055.6479
2008-05-16,4038.1721
2008-05-19,4034.5446
2008-05-20,3876.6594
2008-05-21,3932.3626
2008-05-22,3882.8809
2008-05-23,3852.3547
2008-05-26,3766.0997
2008-05-27,3774.5526
2008-05-28,3844.0893
2008-05-29,3780.2117
2008-05-30,3786.1126
2008-06-02,3797.2588
2008-06-03,3790.3784
2008-06-04,3738.5252
2008-06-05,3699.7094
2008-06-06,3687.9763
2008-06-10,3484.7443
2008-06-11,3446.2288
2008-06-12,3403.3638
2008-06-13,3325.8827
2008-06-16,3295.1483
2008-06-17,3216.2399
2008-06-18,3331.9453
2008-06-19,3167.0302
2008-06-20,3219.9703
2008-06-23,3170.4980
2008-06-24,3228.1870
2008-06-25,3327.6233
2008-06-26,3342.1973
2008-06-27,3222.2534
2008-06-30,3213.3321
2008-07-01,3150.8582
2008-07-02,3163.0917
2008-07-03,3223.7729
2008-07-04,3203.5481
2008-07-07,3308.4232
2008-07-08,3327.1195
2008-07-09,3399.2886
2008-07-10,3371.3063
2008-07-11,3354.1626
2008-07-14,3377.3471
2008-07-15,3293.9105
2008-07-16,3215.8208
2008-07-17,3200.3423
2008-07-18,3258.9814
2008-07-21,3333.9300
2008-07-22,3330.0704
2008-07-23,3303.3622
2008-07-24,3363.6514
2008-07-25,3342.1572
2008-07-28,3357.1942
2008-07-29,3323.6664
2008-07-30,3304.8978
2008-07-31,3242.8685
2008-08-01,3260.3082
2008-08-04,3213.9545
2008-08-05,3152.0753
2008-08-06,3154.4526
2008-08-07,3149.1144
2008-08-08,3061.7919
2008-08-11,2967.3051
2008-08-12,2968.1788
2008-08-13,2979.6170
2008-08-14,2985.2620
2008-08-15,2980.3413
2008-08-18,2879.6190
2008-08-19,2902.4867
2008-08-20,3038.8249
2008-08-21,2959.7647
2008-08-22,2921.4252
2008-08-25,2914.3196
2008-08-26,2854.8838
2008-08-27,2831.1387
2008-08-28,2831.8408
2008-08-29,2872.6965
2008-09-01,2810.3921
2008-09-02,2786.4857
2008-09-03,2747.6216
2008-09-04,2750.1558
2008-09-05,2701.0944
2008-09-08,2654.6251
2008-09-09,2658.9179
2008-09-10,2657.5892
2008-09-11,2614.0867
2008-09-12,2617.4811
2008-09-16,2551.9985
2008-09-17,2517.1097
2008-09-18,2488.3827
2008-09-19,2630.6659
2008-09-22,2706.9805
2008-09-23,2628.3671
2008-09-24,2639.9658
2008-09-25,2698.6212
2008-09-26,2721.3872
2008-10-06,2638.6516
2008-10-07,2628.9870
2008-10-08,2582.2218
2008-10-09,2559.1028
2008-10-10,2492.4937
2008-10-13,2531.7363
2008-10-14,2496.3600
2008-10-15,2476.1630
2008-10-16,2409.8372
2008-10-17,2416.2948
2008-10-20,2457.9231
2008-10-21,2450.7639
2008-10-22,2418.7042
2008-10-23,2424.0358
2008-10-24,2392.5939
2008-10-27,2304.2339
2008-10-28,2336.6860
2008-10-29,2305.2813
2008-10-30,2329.2723
2008-10-31,2307.1022
2008-11-03,2299.7409
2008-11-04,2277.6511
2008-11-05,2320.3039
2008-11-06,2288.6787
2008-11-07,2301.6616
2008-11-10,2394.0199
2008-11-11,2382.5771
2008-11-12,2395.8013
2008-11-13,2456.9226
2008-11-14,2516.3856
2008-11-17,2557.9996
2008-11-18,2453.0468
2008-11-19,2541.4564
2008-11-20,2528.3885
2008-11-21,2520.9150
2008-11-24,2466.5353
2008-11-25,2460.2490
2008-11-26,2467.5300
2008-11-27,2494.5021
2008-11-28,2475.4872
2008-12-01,2508.6263
2008-12-02,2519.8100
2008-12-03,2582.8257
2008-12-04,2600.0251
2008-12-05,2627.2017
2008-12-08,2689.6756
2008-12-09,2649.1432
2008-12-10,2692.7065
2008-12-11,2654.1620
2008-12-12,2586.1068
2008-12-15,2603.4489
2008-12-16,2631.2472
2008-12-17,2645.6687
2008-12-18,2679.2153
2008-12-19,2693.1447
2008-12-22,2673.6610
2008-12-23,2588.5779
2008-12-24,2563.0530
2008-12-25,2551.8692
2008-12-26,2544.8122
2008-12-29,2546.6886
2008-12-30,2542.2521
2008-12-31,2535.0140
2009-01-05,2584.2016
2009-01-06,2625.9398
2009-01-07,2617.8672
2009-01-08,2585.7336
2009-01-09,2615.6080
2009-01-12,2616.9971
2009-01-13,2571.0744
2009-01-14,2637.0273
2009-01-15,2635.8315
2009-01-16,2655.2023
2009-01-19,2663.3496
2009-01-20,2675.9041
2009-01-21,2671.3634
2009-01-22,2697.1494
2009-01-23,2688.2912
2009-02-02,2713.4523
2009-02-03,2755.0547
2009-02-04,2795.8105
2009-02-05,2770.7155
2009-02-06,2847.7728
2009-02-09,2906.5544
2009-02-10,2932.5372
2009-02-11,2935.3904
2009-02-12,2937.5843
2009-02-13,3008.6295
2009-02-16,3048.3635
2009-02-17,2974.2579
2009-02-18,2889.3701
2009-02-19,2922.7747
2009-02-20,2967.0058
2009-02-23,3028.9116
2009-02-24,2937.3045
2009-02-25,2926.7236
2009-02-26,2811.7183
2009-02-27,2765.4901
2009-03-02,2802.6962
2009-03-03,2796.6601
2009-03-04,2922.3853
2009-03-05,2926.6983
2009-03-06,2907.9139
2009-03-09,2834.0774
2009-03-10,2865.6356
2009-03-11,2848.2447
2009-03-12,2846.0309
2009-03-13,2837.2505
2009-03-16,2867.0829
2009-03-17,2938.3386
2009-03-18,2948.3001
2009-03-19,2987.2669
2009-03-20,2976.3001
2009-03-23,3030.1904
2009-03-24,3043.8409
2009-03-25,2997.4645
2009-03-26,3050.6891
2009-03-27,3063.5524
2009-03-30,3049.4576
2009-03-31,3078.1789
2009-04-01,3110.2926
2009-04-02,3134.4748
2009-04-03,3121.9942
2009-04-07,3126.7431
2009-04-08,3049.4494
2009-04-09,3090.1983
2009-04-10,3170.5040
2009-04-13,3219.4836
2009-04-14,3249.8248
2009-04-15,3266.1249
2009-04-16,3258.3084
2009-04-17,3229.6197
2009-04-20,3279.1371
2009-04-21,3253.1469
2009-04-22,3150.8145
2009-04-23,3174.6463
2009-04-24,3162.7185
2009-04-27,3099.4754
2009-04-28,3107.7646
2009-04-29,3182.0648
2009-04-30,3218.0632
2009-05-04,3298.2164
2009-05-05,3315.2747
2009-05-06,3357.7226
2009-05-07,3348.3032
2009-05-08,3353.7420
2009-05-11,3274.5963
2009-05-12,3338.5288
2009-05-13,3357.8015
2009-05-14,3350.4014
2009-05-15,3357.3833
2009-05-18,3376.2462
2009-05-19,3402.7066
2009-05-20,3385.3186
2009-05-21,3328.3640
2009-05-22,3319.7139
2009-05-25,3332.5779
2009-05-26,3314.6708
2009-05-27,3339.8630
2009-06-01,3416.0607
2009-06-02,3424.4040
2009-06-03,3477.0404
2009-06-04,3479.0328
2009-06-05,3464.0915
2009-06-08,3462.4473
2009-06-09,3475.7871
2009-06-10,3493.9046
2009-06-11,3470.9219
2009-06-12,3424.6579
2009-06-15,3473.3681
2009-06-16,3465.1299
2009-06-17,3514.6290
2009-06-18,3551.9233
2009-06-19,3565.5138
2009-06-22,3555.1995
2009-06-23,3555.3948
2009-06-24,3589.8536
2009-06-25,3595.0203
2009-06-26,3608.6230
2009-06-29,3653.6122
2009-06-30,3643.1935
2009-07-01,3707.1339
2009-07-02,3742.5862
2009-07-03,3789.9279
2009-07-06,3818.5501
2009-07-07,3790.8802
2009-07-08,3814.2459
2009-07-09,3861.1773
2009-07-10,3871.3808
2009-07-13,3847.5032
2009-07-14,3929.5111
2009-07-15,3953.7532
2009-07-16,3953.4523
2009-07-17,3969.2112
2009-07-20,4029.7709
2009-07-21,3982.8909
2009-07-22,4042.7978
2009-07-23,4081.6600
2009-07-24,4084.2968
2009-07-27,4138.2591
2009-07-28,4143.8002
2009-07-29,3967.4899
2009-07-30,4022.9008
2009-07-31,4112.8718
2009-08-03,4162.2462
2009-08-04,4174.9149
2009-08-05,4130.3316
2009-08-06,4064.2898
2009-08-07,3965.1216
2009-08-10,3964.5471
2009-08-11,3979.1677
2009-08-12,3846.1212
2009-08-13,3881.3563
2009-08-14,3794.7478
2009-08-17,3602.8380
2009-08-18,3631.6211
2009-08-19,3500.5033
2009-08-20,3616.3715
2009-08-21,3679.3771
2009-08-24,3722.0564
2009-08-25,3630.2658
2009-08-26,3691.6255
2009-08-27,3678.8617
2009-08-28,3574.7969
2009-08-31,3376.6699
2009-09-01,3382.2187
2009-09-02,3417.0650
2009-09-03,3552.9890
2009-09-04,3582.8708
2009-09-07,3612.3075
2009-09-08,3673.4333
2009-09-09,3695.8257
2009-09-10,3669.7253
2009-09-11,3730.6310
2009-09-14,3783.7436
2009-09-15,3792.4145
2009-09-16,3760.0683
2009-09-17,3811.8384
2009-09-18,3706.2431
2009-09-21,3735.1357
2009-09-22,3680.4262
2009-09-23,3613.4928
2009-09-24,3615.9807
2009-09-25,3598.2945
2009-09-28,3530.1369
2009-09-29,3525.3323
2009-09-30,3555.1081
2009-10-09,3687.8120
2009-10-12,3688.9135
2009-10-13,3727.9477
2009-10-14,3748.8583
2009-10-15,3756.1787
2009-10-16,3764.5784
2009-10-19,3842.5068
2009-10-20,3881.6146
2009-10-21,3866.5498
2009-10-22,3851.2771
2009-10-23,3905.8234
2009-10-26,3912.9468
2009-10-27,3831.0869
2009-10-28,3842.2752
2009-10-29,3772.8021
2009-10-30,3810.7128
2009-11-02,3923.5167
2009-11-03,3966.4850
2009-11-04,3979.6651
2009-11-05,3989.6081
2009-11-06,4001.4048
2009-11-09,4012.1524
2009-11-10,4031.4734
2009-11-11,4024.7272
2009-11-12,4030.9655
2009-11-13,4053.1802
2009-11-16,4146.9500
2009-11-17,4149.3106
2009-11-18,4147.6213
2009-11-19,4159.9752
2009-11-20,4156.7429
2009-11-23,4196.6056
2009-11-24,4078.3680
2009-11-25,4170.3109
2009-11-26,4036.8652
2009-11-27,3953.4100
2009-11-30,4087.5346
2009-12-01,4147.6051
2009-12-02,4182.7657
2009-12-03,4180.3309
2009-12-04,4177.9702
2009-12-07,4209.5651
2009-12-08,4180.6318
2009-12-09,4124.2402
2009-12-10,4141.4213
2009-12-11,4142.0507
2009-12-14,4158.5456
2009-12-15,4146.8784
2009-12-16,4125.7013
2009-12-17,4037.6488
2009-12-18,3943.0819
2009-12-21,3951.6164
2009-12-22,3878.2166
2009-12-23,3919.4511
2009-12-24,4025.2526
2009-12-25,4028.6748
2009-12-28,4073.6810
2009-12-29,4091.7723
2009-12-30,4116.1765
2009-12-31,4131.5526
2010-01-04,4107.9020
2010-01-05,4129.2757
2010-01-06,4113.1961
2010-01-07,4043.5540
2010-01-08,4056.0405
2010-01-11,4056.8457
2010-01-12,4112.6296
2010-01-13,4038.3161
2010-01-14,4102.2357
2010-01-15,4119.0619
2010-01-18,4150.7495
2010-01-19,4146.6482
2010-01-20,4029.6758
2010-01-21,4033.3101
2010-01-22,3964.5947
2010-01-25,3926.4237
2010-01-26,3839.9015
2010-01-27,3812.6748
2010-01-28,3842.2179
2010-01-29,3856.5478
2010-02-01,3821.8005
2010-02-02,3804.8315
2010-02-03,3853.2936
2010-02-04,3853.9826
2010-02-05,3795.0845
2010-02-08,3788.4186
2010-02-09,3795.3034
2010-02-10,3844.0000
2010-02-11,3848.8637
2010-02-12,3882.0114
2010-02-22,3869.3286
2010-02-23,3862.1419
2010-02-24,3921.6623
2010-02-25,3966.9770
2010-02-26,3964.7922
2010-03-01,3992.5671
2010-03-02,3984.4176
2010-03-03,4008.9064
2010-03-04,3920.3709
2010-03-05,3925.8778
2010-03-08,3953.9984
2010-03-09,3964.6517
2010-03-10,3932.8201
2010-03-11,3919.0660
2010-03-12,3878.9061
2010-03-15,3835.9963
2010-03-16,3855.5385
2010-03-17,3927.6778
2010-03-18,3925.0752
2010-03-19,3945.9331
2010-03-22,3959.7121
2010-03-23,3943.5747
2010-03-24,3955.4233
2010-03-25,3920.9963
2010-03-26,3960.9271
2010-03-29,4017.0834
2010-03-30,4031.4195
2010-03-31,4028.3020
2010-04-01,4075.9664
2010-04-02,4084.6291
2010-04-06,4081.4000
2010-04-07,4080.2023
2010-04-08,4063.6738
2010-04-09,4108.1608
2010-04-12,4115.6181
2010-04-13,4116.7195
2010-04-14,4138.0839
2010-04-15,4110.3933
2010-04-16,4092.8068
2010-04-19,3956.5198
2010-04-20,3990.0958
2010-04-21,4074.7907
2010-04-22,4074.1134
2010-04-23,4054.8830
2010-04-26,4043.4436
2010-04-27,3979.1325
2010-04-28,3968.1718
2010-04-29,3896.0285
2010-04-30,3865.3471
2010-05-04,3857.0677
2010-05-05,3912.3317
2010-05-06,3817.4510
2010-05-07,3765.6785
2010-05-10,3723.4434
2010-05-11,3655.2494
2010-05-12,3625.0374
2010-05-13,3705.7020
2010-05-14,3715.5703
2010-05-17,3583.1129
2010-05-18,3621.6769
2010-05-19,3633.0953
2010-05-20,3596.0208
2010-05-21,3648.3135
2010-05-24,3748.5312
2010-05-25,3712.2305
2010-05-26,3708.0560
2010-05-27,3754.9288
2010-05-28,3763.2325
2010-05-31,3699.5497
2010-06-01,3661.9747
2010-06-02,3682.3364
2010-06-03,3673.4683
2010-06-04,3685.2370
2010-06-07,3676.2170
2010-06-08,3688.7692
2010-06-09,3753.1750
2010-06-10,3754.4041
2010-06-11,3745.9455
2010-06-17,3698.0388
2010-06-18,3610.1173
2010-06-21,3678.8203
2010-06-22,3689.3708
2010-06-23,3675.8107
2010-06-24,3677.8073
2010-06-25,3643.6544
2010-06-28,3607.9791
2010-06-29,3491.4470
2010-06-30,3479.2505
2010-07-01,3436.4833
2010-07-02,3417.5585
2010-07-05,3405.9291
2010-07-06,3462.7835
2010-07-07,3489.7376
2010-07-08,3484.8931
2010-07-09,3554.7922
2010-07-12,3573.2579
2010-07-13,3541.7135
2010-07-14,3551.8208
2010-07-15,3507.3602
2010-07-16,3514.7181
2010-07-19,3572.0737
2010-07-20,3633.2085
2010-07-21,3637.8199
2010-07-22,3673.6578
2010-07-23,3685.5253
2010-07-26,3713.4766
2010-07-27,3713.8604
2010-07-28,3773.9398
2010-07-29,3776.6881
2010-07-30,3771.1573
2010-08-02,3827.1572
2010-08-03,3779.4748
2010-08-04,3798.2870
2010-08-05,3806.4292
2010-08-06,3855.9356
2010-08-09,3885.9680
2010-08-10,3794.6522
2010-08-11,3820.3614
2010-08-12,3792.8363
2010-08-13,3840.5342
2010-08-16,3908.3160
2010-08-17,3930.9877
2010-08-18,3927.3090
2010-08-19,3927.2378
2010-08-20,3860.0431
2010-08-23,3869.9359
2010-08-24,3898.6606
2010-08-25,3845.2383
2010-08-26,3860.1959
2010-08-27,3887.7536
2010-08-30,3968.9588
2010-08-31,3984.7897
2010-09-01,3955.3478
2010-09-02,4005.4168
2010-09-03,4018.9293
2010-09-06,4027.0458
2010-09-07,4036.1852
2010-09-08,4058.8481
2010-09-09,4017.8859
2010-09-10,4052.7143
2010-09-13,4103.1726
2010-09-14,4113.9044
2010-09-15,4054.1844
2010-09-16,3991.6400
2010-09-17,4009.3397
2010-09-20,3991.2018
2010-09-21,3993.8945
2010-09-27,4068.9447
2010-09-28,4065.8129
2010-09-29,4029.2429
2010-09-30,4086.0638
2010-10-08,4178.6714
2010-10-11,4176.1280
2010-10-12,4186.7767
2010-10-13,4206.6771
2010-10-14,4147.6265
2010-10-15,4184.0255
2010-10-18,4134.9542
2010-10-19,4229.6369
2010-10-20,4266.8983
2010-10-21,4262.3951
2010-10-22,4294.8235
2010-10-25,4399.0768
2010-10-26,4390.6459
2010-10-27,4337.9228
2010-10-28,4334.5775
2010-10-29,4357.0182
2010-11-01,4458.9773
2010-11-02,4431.5154
2010-11-03,4380.4275
2010-11-04,4455.2947
2010-11-05,4502.9100
2010-11-08,4558.2040
2010-11-09,4568.6925
2010-11-10,4582.2551
2010-11-11,4570.8528
2010-11-12,4360.5059
2010-11-15,4448.7381
2010-11-16,4328.7411
2010-11-17,4198.7030
2010-11-18,4248.4367
2010-11-19,4345.8554
2010-11-22,4381.7600
2010-11-23,4340.0871
2010-11-24,4433.5685
2010-11-25,4455.3659
2010-11-26,4438.0326
2010-11-29,4459.9653
2010-11-30,4389.8754
2010-12-01,4378.8413
2010-12-02,4379.7217
2010-12-03,4361.7676
2010-12-06,4326.3641
2010-12-07,4390.2032
2010-12-08,4381.1665
2010-12-09,4319.5683
2010-12-10,4366.4458
2010-12-13,4474.2376
2010-12-14,4501.4713
2010-12-15,4482.3310
2010-12-16,4476.9203
2010-12-17,4475.9230
2010-12-20,4430.7918
2010-12-21,4474.2336
2010-12-22,4440.6571
2010-12-23,4381.3941
2010-12-24,4332.7072
2010-12-27,4250.2409
2010-12-28,4192.6401
2010-12-29,4246.7091
2010-12-30,4270.4302
2010-12-31,4350.9437
2011-01-04,4404.1955
2011-01-05,4395.4604
2011-01-06,4369.3861
2011-01-07,4340.3635
2011-01-10,4243.4922
2011-01-11,4226.4531
2011-01-12,4232.0910
2011-01-13,4240.8036
2011-01-14,4179.0405
2011-01-17,4040.2946
2011-01-18,4053.0047
2011-01-19,4135.0032
2011-01-20,4029.5910
2011-01-21,4043.2618
2011-01-24,3967.3811
2011-01-25,3935.7900
2011-01-26,3988.0064
2011-01-27,4044.5284
2011-01-28,4072.0424
2011-01-31,4116.7736
2011-02-01,4117.3852
2011-02-09,4092.1811
2011-02-10,4171.6706
2011-02-11,4201.5614
2011-02-14,4273.3570
2011-02-15,4271.8774
2011-02-16,4312.4670
2011-02-17,4319.2512
2011-02-18,4281.2226
2011-02-21,4341.2029
2011-02-22,4250.0439
2011-02-23,4274.9680
2011-02-24,4287.6521
2011-02-25,4287.8340
2011-02-28,4335.0210
2011-03-01,4347.4557
2011-03-02,4328.8147
2011-03-03,4271.0148
2011-03-04,4308.0334
2011-03-07,4355.3444
2011-03-08,4358.0352
2011-03-09,4371.2168
2011-03-10,4339.9147
2011-03-11,4317.4612
2011-03-14,4345.3536
2011-03-15,4295.5251
2011-03-16,4335.8021
2011-03-17,4277.3073
2011-03-18,4288.6850
2011-03-21,4263.6783
2011-03-22,4266.3650
2011-03-23,4310.2409
2011-03-24,4308.4945
2011-03-25,4339.7893
2011-03-28,4306.9725
2011-03-29,4246.6539
2011-03-30,4230.1585
2011-03-31,4202.9995
2011-04-01,4240.6356
2011-04-06,4234.4795
2011-04-07,4255.4361
2011-04-08,4296.6825
2011-04-11,4264.2830
2011-04-12,4250.3370
2011-04-13,4293.2014
2011-04-14,4280.5269
2011-04-15,4278.0860
2011-04-18,4278.2538
2011-04-19,4234.8522
2011-04-20,4249.0051
2011-04-21,4272.3595
2011-04-22,4255.7742
2011-04-25,4210.0421
2011-04-26,4177.5393
2011-04-27,4148.8344
2011-04-28,4071.4608
2011-04-29,4111.4161
2011-05-03,4143.9939
2011-05-04,4072.1683
2011-05-05,4077.7242
2011-05-06,4087.2949
2011-05-09,4098.7649
2011-05-10,4112.9586
2011-05-11,4116.1949
2011-05-12,4082.7236
2011-05-13,4092.7642
2011-05-16,4074.5538
2011-05-17,4070.3679
2011-05-18,4092.0751
2011-05-19,4077.8129
2011-05-20,4070.0452
2011-05-23,3971.2008
2011-05-24,3969.6831
2011-05-25,3935.3574
2011-05-26,3907.7130
2011-05-27,3869.0471
2011-05-30,3857.3589
2011-05-31,3899.3127
2011-06-01,3920.0566
2011-06-02,3882.1420
2011-06-03,3926.3766
2011-06-07,3942.2893
2011-06-08,3946.9240
2011-06-09,3887.2305
2011-06-10,3895.2835
2011-06-13,3884.9742
2011-06-14,3929.2339
2011-06-15,3902.1633
2011-06-16,3854.3015
2011-06-17,3830.3833
2011-06-20,3804.6407
2011-06-21,3843.2143
2011-06-22,3842.8275
2011-06-23,3898.0133
2011-06-24,3959.1609
2011-06-27,3981.7334
2011-06-28,3990.4613
2011-06-29,3956.0567
2011-06-30,4001.2234
2011-07-01,4014.8263
2011-07-04,4080.5607
2011-07-05,4090.6843
2011-07-06,4094.0656
2011-07-07,4096.3763
2011-07-08,4096.8115
2011-07-11,4121.2067
2011-07-12,4080.7524
2011-07-13,4132.3836
2011-07-14,4144.4877
2011-07-15,4164.1103
2011-07-18,4161.0177
2011-07-19,4128.7654
2011-07-20,4126.9369
2011-07-21,4101.5755
2011-07-22,4118.5943
2011-07-25,4017.3128
2011-07-26,4027.2069
2011-07-27,4071.4623
2011-07-28,4063.9113
2011-07-29,4037.7225
2011-08-01,4042.7805
2011-08-02,4027.0581
2011-08-03,4037.4128
2011-08-04,4048.3185
2011-08-05,4008.1321
2011-08-08,3915.8476
2011-08-09,3930.5759
2011-08-10,3972.4376
2011-08-11,4031.7142
2011-08-12,4046.1974
2011-08-15,4079.3875
2011-08-16,4053.1299
2011-08-17,4038.6112
2011-08-18,3982.5531
2011-08-19,3966.3189
2011-08-22,3922.3370
2011-08-23,3961.1889
2011-08-24,3961.5091
2011-08-25,4024.1170
2011-08-26,4027.6947
2011-08-29,4001.7551
2011-08-30,3976.9028
2011-08-31,3966.6355
2011-09-01,3945.1625
2011-09-02,3910.2274
2011-09-05,3843.4033
2011-09-06,3809.8491
2011-09-07,3871.4130
2011-09-08,3846.3574
2011-09-09,3826.3576
2011-09-13,3784.4092
2011-09-14,3800.3513
2011-09-15,3805.1569
2011-09-16,3810.1534
2011-09-19,3756.2835
2011-09-20,3759.9307
2011-09-21,3834.7489
2011-09-22,3749.8508
2011-09-23,3722.2869
2011-09-26,3667.7915
2011-09-27,3680.2750
2011-09-28,3648.9628
2011-09-29,3602.8739
2011-09-30,3600.4172
2011-10-10,3568.6439
2011-10-11,3545.3149
2011-10-12,3631.6818
2011-10-13,3662.0958
2011-10-14,3649.6480
2011-10-17,3671.5129
2011-10-18,3605.1508
2011-10-19,3588.0869
2011-10-20,3515.8949
2011-10-21,3492.5800
2011-10-24,3546.6923
2011-10-25,3607.3330
2011-10-26,3640.4299
2011-10-27,3641.9638
2011-10-28,3699.0834
2011-10-31,3706.4740
2011-11-01,3712.5366
2011-11-02,3767.2845
2011-11-03,3773.3508
2011-11-04,3785.5996
2011-11-07,3763.6385
2011-11-08,3739.9369
2011-11-09,3776.9387
2011-11-10,3743.1797
2011-11-11,3735.3864
2011-11-14,3797.3356
2011-11-15,3799.2438
2011-11-16,3726.2462
2011-11-17,3726.2519
2011-11-18,3663.5476
2011-11-21,3660.0321
2011-11-22,3666.4047
2011-11-23,3658.3253
2011-11-24,3669.6064
2011-11-25,3658.4051
2011-11-28,3668.4202
2011-11-29,3702.5332
2011-11-30,3619.1673
2011-12-01,3672.6191
2011-12-02,3633.3033
2011-12-05,3565.4868
2011-12-06,3561.2602
2011-12-07,3572.5463
2011-12-08,3570.2273
2011-12-09,3543.5070
2011-12-12,3511.2108
2011-12-13,3451.1997
2011-12-14,3421.6494
2011-12-15,3382.4761
2011-12-16,3445.6164
2011-12-19,3453.3097
2011-12-20,3443.4071
2011-12-21,3397.1781
2011-12-22,3390.1872
2011-12-23,3405.9088
2011-12-26,3378.0023
2011-12-27,3321.7093
2011-12-28,3306.9838
2011-12-29,3316.9844
2011-12-30,3363.3667
2012-01-04,3302.4618
2012-01-05,3230.4445
2012-01-06,3227.7814
2012-01-09,3300.7546
2012-01-10,3381.5453
2012-01-11,3374.6154
2012-01-12,3362.5570
2012-01-13,3289.2485
2012-01-16,3209.3620
2012-01-17,3309.2396
2012-01-18,3243.1031
2012-01-19,3280.8845
2012-01-20,3335.4626
2012-01-30,3303.0692
2012-01-31,3304.7102
2012-02-01,3287.8655
2012-02-02,3333.7272
2012-02-03,3363.6866
2012-02-06,3377.3983
2012-02-07,3337.7125
2012-02-08,3394.0617
2012-02-09,3404.3139
2012-02-10,3411.2141
2012-02-13,3422.0078
2012-02-14,3418.3083
2012-02-15,3443.7461
2012-02-16,3433.2911
2012-02-17,3428.1815
2012-02-20,3433.5571
2012-02-21,3461.8056
2012-02-22,3508.0040
2012-02-23,3515.8894
2012-02-24,3555.7201
2012-02-27,3562.6953
2012-02-28,3555.7023
2012-02-29,3526.6951
2012-03-01,3531.0498
2012-03-02,3580.5495
2012-03-05,3566.4716
2012-03-06,3534.5626
2012-03-07,3520.3035
2012-03-08,3552.6747
2012-03-09,3593.1347
2012-03-12,3599.8136
2012-03-13,3626.1431
2012-03-14,3535.7334
2012-03-15,3530.6073
2012-03-16,3587.3139
2012-03-19,3596.8030
2012-03-20,3541.4646
2012-03-21,3527.1802
2012-03-22,3523.8986
2012-03-23,3488.5014
2012-03-26,3495.7611
2012-03-27,3476.0276
2012-03-28,3398.1349
2012-03-29,3379.1394
2012-03-30,3383.9396
2012-04-05,3454.7348
2012-04-06,3468.3445
2012-04-09,3443.7304
2012-04-10,3464.8382
2012-04-11,3468.4599
2012-04-12,3512.9544
2012-04-13,3521.3308
2012-04-16,3519.0527
2012-04-17,3483.2086
2012-04-18,3535.2169
2012-04-19,3525.6259
2012-04-20,3544.1062
2012-04-23,3512.6393
2012-04-24,3501.5299
2012-04-25,3522.8669
2012-04-26,3523.4004
2012-04-27,3522.4735
2012-05-02,3570.0683
2012-05-03,3584.2892
2012-05-04,3615.8358
2012-05-07,3631.1014
2012-05-08,3619.1248
2012-05-09,3572.3413
2012-05-10,3575.2063
2012-05-11,3560.6397
2012-05-14,3546.0726
2012-05-15,3552.4016
2012-05-16,3511.6300
2012-05-17,3543.4783
2012-05-18,3502.8345
2012-05-21,3514.4576
2012-05-22,3560.5895
2012-05-23,3561.3549
2012-05-24,3532.6557
2012-05-25,3503.5104
2012-05-28,3549.8822
2012-05-29,3587.7930
2012-05-30,3587.5253
2012-05-31,3592.0233
2012-06-01,3593.9332
2012-06-04,3525.8357
2012-06-05,3526.6285
2012-06-06,3517.7328
2012-06-07,3510.1699
2012-06-08,3502.1541
2012-06-11,3553.0611
2012-06-12,3552.8665
2012-06-13,3605.3031
2012-06-14,3594.4239
2012-06-15,3583.8011
2012-06-18,3606.9162
2012-06-19,3579.7511
2012-06-20,3565.6284
2012-06-21,3533.7305
2012-06-25,3473.9528
2012-06-26,3476.2660
2012-06-27,3485.7861
2012-06-28,3467.4190
2012-06-29,3508.6829
2012-07-02,3533.5833
2012-07-03,3545.1044
2012-07-04,3528.9018
2012-07-05,3497.9580
2012-07-06,3563.1736
2012-07-09,3527.2757
2012-07-10,3498.0278
2012-07-11,3522.5093
2012-07-12,3559.3793
2012-07-13,3560.8989
2012-07-16,3486.1550
2012-07-17,3490.0590
2012-07-18,3478.9882
2012-07-19,3494.7996
2012-07-20,3473.0057
2012-07-23,3445.0787
2012-07-24,3463.2292
2012-07-25,3448.2531
2012-07-26,3424.4091
2012-07-27,3407.5747
2012-07-30,3384.3269
2012-07-31,3373.1388
2012-08-01,3407.1365
2012-08-02,3383.3053
2012-08-03,3416.8332
2012-08-06,3462.7288
2012-08-07,3469.9235
2012-08-08,3460.7727
2012-08-09,3502.7914
2012-08-10,3489.8501
2012-08-13,3437.9935
2012-08-14,3445.0412
2012-08-15,3426.6946
2012-08-16,3405.4155
2012-08-17,3389.0094
2012-08-20,3388.2463
2012-08-21,3419.0709
2012-08-22,3398.0585
2012-08-23,3397.4112
2012-08-24,3365.9372
2012-08-27,3322.8280
2012-08-28,3323.7339
2012-08-29,3309.9594
2012-08-30,3273.7407
2012-08-31,3281.3348
2012-09-03,3332.5846
2012-09-04,3315.2065
2012-09-05,3322.9403
2012-09-06,3337.0095
2012-09-07,3422.5261
2012-09-10,3433.0366
2012-09-11,3420.7089
2012-09-12,3429.0115
2012-09-13,3402.2260
2012-09-14,3402.8363
2012-09-17,3338.8079
2012-09-18,3329.6039
2012-09-19,3337.9161
2012-09-20,3285.3320
2012-09-21,3276.3933
2012-09-24,3295.8200
2012-09-25,3288.9379
2012-09-26,3250.9386
2012-09-27,3308.7543
2012-09-28,3355.6119
2012-10-08,3338.9897
2012-10-09,3396.9318
2012-10-10,3408.5644
2012-10-11,3380.4641
2012-10-12,3372.1237
2012-10-15,3368.8421
2012-10-16,3382.8902
2012-10-17,3380.9993
2012-10-18,3421.8860
2012-10-19,3417.2851
2012-10-22,3426.3027
2012-10-23,3382.9269
2012-10-24,3372.1774
2012-10-25,3345.2132
2012-10-26,3312.6084
2012-10-29,3312.7386
2012-10-30,3317.7294
2012-10-31,3335.9699
2012-11-01,3375.9462
2012-11-02,3380.8716
2012-11-05,3363.1993
2012-11-06,3349.7720
2012-11-07,3340.8171
2012-11-08,3300.9547
2012-11-09,3288.4336
2012-11-12,3286.8879
2012-11-13,3250.0026
2012-11-14,3255.8877
2012-11-15,3232.1478
2012-11-16,3213.9814
2012-11-19,3202.8100
2012-11-20,3199.0756
2012-11-21,3217.0953
2012-11-22,3193.3069
2012-11-23,3205.7345
2012-11-26,3177.9293
2012-11-27,3136.5637
2012-11-28,3104.9815
2012-11-29,3097.6754
2012-11-30,3126.7233
2012-12-03,3093.3341
2012-12-04,3113.8116
2012-12-05,3183.6406
2012-12-06,3178.6101
2012-12-07,3213.8697
2012-12-10,3238.0417
2012-12-11,3226.9557
2012-12-12,3230.1297
2012-12-13,3210.5815
2012-12-14,3304.3135
2012-12-17,3297.7783
2012-12-18,3284.6175
2012-12-19,3295.8308
2012-12-20,3310.6695
2012-12-21,3315.2221
2012-12-24,3333.8160
2012-12-25,3397.0909
2012-12-26,3422.7892
2012-12-27,3406.9283
2012-12-28,3443.9603
2012-12-31,3485.9858
2013-01-04,3464.8581
2013-01-07,3480.4203
2013-01-08,3495.9614
2013-01-09,3507.8453
2013-01-10,3515.2522
2013-01-11,3466.2197
2013-01-14,3564.5342
2013-01-15,3594.9525
2013-01-16,3582.5230
2013-01-17,3562.8703
2013-01-18,3615.4884
2013-01-21,3626.0534
2013-01-22,3592.4732
2013-01-23,3599.3603
2013-01-24,3552.9547
2013-01-25,3555.0043
2013-01-28,3634.3467
2013-01-29,3657.1097
2013-01-30,3663.0849
2013-01-31,3642.4128
2013-02-01,3684.7964
2013-02-04,3661.3671
2013-02-05,3699.1809
2013-02-06,3714.4124
2013-02-07,3727.8162
2013-02-08,3772.3726
2013-02-18,3753.2572
2013-02-19,3684.8981
2013-02-20,3743.6466
2013-02-21,3677.2272
2013-02-22,3663.3620
2013-02-25,3684.3312
2013-02-26,3648.8799
2013-02-27,3653.5959
2013-02-28,3726.3234
2013-03-01,3754.4508
2013-03-04,3638.1844
2013-03-05,3713.5687
2013-03-06,3753.9974
2013-03-07,3707.0159
2013-03-08,3675.1451
2013-03-11,3673.8184
2013-03-12,3619.6402
2013-03-13,3591.2088
2013-03-14,3614.0803
2013-03-15,3626.0910
2013-03-18,3601.0482
2013-03-19,3606.4344
2013-03-20,3688.7958
2013-03-21,3717.7056
2013-03-22,3726.2363
2013-03-25,3722.8779
2013-03-26,3715.3146
2013-03-27,3728.9810
2013-03-28,3662.5462
2013-03-29,3655.2966
2013-04-01,3666.4559
2013-04-02,3610.6112
2013-04-03,3585.8499
2013-04-08,3611.5042
2013-04-09,3625.7230
2013-04-10,3609.7377
2013-04-11,3609.1522
2013-04-12,3601.5711
2013-04-15,3576.5728
2013-04-16,3608.2671
2013-04-17,3646.7178
2013-04-18,3652.5195
2013-04-19,3713.2273
2013-04-22,3726.9223
2013-04-23,3650.1156
2013-04-24,3714.3468
2013-04-25,3670.2390
2013-04-26,3629.8185
2013-05-02,3660.7213
2013-05-03,3714.3133
2013-05-06,3758.2973
2013-05-07,3760.6874
2013-05-08,3794.3583
2013-05-09,3790.4022
2013-05-10,3794.5172
2013-05-13,3795.3055
2013-05-14,3748.0491
2013-05-15,3795.9536
2013-05-16,3834.5806
2013-05-17,3888.5715
2013-05-20,3917.0405
2013-05-21,3946.7741
2013-05-22,3914.7962
2013-05-23,3900.7348
2013-05-24,3943.3619
2013-05-27,3970.6472
2013-05-28,3971.1848
2013-05-29,3987.9019
2013-05-30,3989.8902
2013-05-31,3959.0827
2013-06-03,3929.4940
2013-06-04,3868.4932
2013-06-05,3882.1577
2013-06-06,3839.0776
2013-06-07,3801.9399
2013-06-13,3740.3247
2013-06-14,3804.7978
2013-06-17,3810.9464
2013-06-18,3823.4788
2013-06-19,3811.2491
2013-06-20,3714.1686
2013-06-21,3712.3345
2013-06-24,3565.1615
2013-06-25,3577.9134
2013-06-26,3659.1702
2013-06-27,3631.9958
2013-06-28,3643.1414
2013-07-01,3714.0115
2013-07-02,3764.2100
2013-07-03,3778.5726
2013-07-04,3773.9835
2013-07-05,3747.0594
2013-07-08,3673.4236
2013-07-09,3675.7864
2013-07-10,3737.3838
2013-07-11,3809.6082
2013-07-12,3799.1607
2013-07-15,3869.1273
2013-07-16,3889.8146
2013-07-17,3841.2719
2013-07-18,3823.1713
2013-07-19,3766.1109
2013-07-22,3817.9283
2013-07-23,3898.2017
2013-07-24,3917.7298
2013-07-25,3847.7306
2013-07-26,3840.7575
2013-07-29,3784.9110
2013-07-30,3758.3967
2013-07-31,3770.3058
2013-08-01,3863.2218
2013-08-02,3876.4216
2013-08-05,3927.7359
2013-08-06,3955.9723
2013-08-07,3915.8657
2013-08-08,3926.5177
2013-08-09,3925.8087
2013-08-12,3948.7760
2013-08-13,3955.3633
2013-08-14,3950.6248
2013-08-15,3903.4507
2013-08-16,3841.3044
2013-08-19,3907.0710
2013-08-20,3901.8846
2013-08-21,3899.7795
2013-08-22,3918.3326
2013-08-23,3922.8473
2013-08-26,3977.7689
2013-08-27,3984.1949
2013-08-28,3932.4513
2013-08-29,3920.1340
2013-08-30,3863.2622
2013-09-02,3897.9657
2013-09-03,3953.0908
2013-09-04,3948.7395
2013-09-05,3969.8711
2013-09-06,3984.3513
2013-09-09,4005.2906
2013-09-10,4006.6789
2013-09-11,3962.7992
2013-09-12,3968.6533
2013-09-13,3993.2351
2013-09-16,4012.1580
2013-09-17,3970.7344
2013-09-18,3988.7131
2013-09-23,4033.0962
2013-09-24,4038.4466
2013-09-25,4015.7216
2013-09-26,3975.5481
2013-09-27,4001.2494
2013-09-30,4044.7773
2013-10-08,4089.0104
2013-10-09,4119.2478
2013-10-10,4088.2262
2013-10-11,4115.5727
2013-10-14,4131.9707
2013-10-15,4123.5986
2013-10-16,4038.0773
2013-10-17,4023.4748
2013-10-18,4047.4478
2013-10-21,4137.6599
2013-10-22,4083.1915
2013-10-23,4003.3836
2013-10-24,3981.3252
2013-10-25,3915.5211
2013-10-28,3912.3487
2013-10-29,3881.8868
2013-10-30,3930.4331
2013-10-31,3863.7013
2013-11-01,3855.0845
2013-11-04,3861.9919
2013-11-05,3895.4317
2013-11-06,3857.7344
2013-11-07,3811.2570
2013-11-08,3770.9550
2013-11-11,3797.4545
2013-11-12,3823.0201
2013-11-13,3776.5898
2013-11-14,3825.0114
2013-11-15,3876.8901
2013-11-18,3942.6362
2013-11-19,3932.9283
2013-11-20,3945.7550
2013-11-21,3925.3145
2013-11-22,3907.5887
2013-11-25,3902.7234
2013-11-26,3905.6843
2013-11-27,3949.8917
2013-11-28,3982.1147
2013-11-29,4008.0289
2013-12-02,3874.2552
2013-12-03,3921.8701
2013-12-04,3954.7349
2013-12-05,3924.0152
2013-12-06,3905.3459
2013-12-09,3926.9756
2013-12-10,3926.7154
2013-12-11,3904.1057
2013-12-12,3929.4196
2013-12-13,3935.1295
2013-12-16,3903.6205
2013-12-17,3882.9978
2013-12-18,3878.7296
2013-12-19,3852.1698
2013-12-20,3819.3847
2013-12-23,3826.3205
2013-12-24,3852.6740
2013-12-25,3897.4653
2013-12-26,3856.1501
2013-12-27,3905.0809
2013-12-30,3914.0322
2013-12-31,3929.9188
2014-01-02,3943.5009
2014-01-03,3937.6904
2014-01-06,3889.1637
2014-01-07,3915.7107
2014-01-08,3954.6067
2014-01-09,3915.6922
2014-01-10,3868.3171
2014-01-13,3857.5542
2014-01-14,3912.6952
2014-01-15,3948.6648
2014-01-16,3930.9771
2014-01-17,3895.3907
2014-01-20,3865.2185
2014-01-21,3911.2627
2014-01-22,3987.4998
2014-01-23,4023.6138
2014-01-24,4063.7051
2014-01-27,4039.7291
2014-01-28,4027.0932
2014-01-29,4067.8322
2014-01-30,4049.9108
2014-02-07,4106.5071
2014-02-10,4179.7758
2014-02-11,4158.1864
2014-02-12,4181.5215
2014-02-13,4112.3330
2014-02-14,4166.3885
2014-02-17,4229.7774
2014-02-18,4213.4817
2014-02-19,4207.4026
2014-02-20,4160.4461
2014-02-21,4151.1869
2014-02-24,4149.0309
2014-02-25,4021.2458
2014-02-26,4027.8278
2014-02-27,3962.9398
2014-02-28,3997.9159
2014-03-03,4054.5236
2014-03-04,4035.7650
2014-03-05,4021.2484
2014-03-06,4009.6523
2014-03-07,4008.5015
2014-03-10,3911.2738
2014-03-11,3908.9508
2014-03-12,3902.2827
2014-03-13,3955.9584
2014-03-14,3946.1237
2014-03-17,4007.4752
2014-03-18,4018.5599
2014-03-19,3985.1649
2014-03-20,3896.4064
2014-03-21,3939.3012
2014-03-24,3927.7021
2014-03-25,3923.7656
2014-03-26,3949.4332
2014-03-27,3885.0495
2014-03-28,3814.6667
2014-03-31,3811.8918
2014-04-01,3851.1090
2014-04-02,3834.3319
2014-04-03,3828.6211
2014-04-04,3866.0797
2014-04-08,3901.6738
2014-04-09,3932.1298
2014-04-10,3954.1986
2014-04-11,3939.2589
2014-04-14,3951.4543
2014-04-15,3925.7321
2014-04-16,3917.3719
2014-04-17,3918.6084
2014-04-18,3928.5259
2014-04-21,3890.9151
2014-04-22,3860.2050
2014-04-23,3846.7364
2014-04-24,3824.4590
2014-04-25,3768.8322
2014-04-28,3693.1173
2014-04-29,3731.1526
2014-04-30,3759.1249
2014-05-05,3777.5370
2014-05-06,3796.4207
2014-05-07,3747.9513
2014-05-08,3737.6792
2014-05-09,3702.7120
2014-05-12,3746.6778
2014-05-13,3746.0146
2014-05-14,3748.1924
2014-05-15,3699.0647
2014-05-16,3677.9381
2014-05-19,3657.2897
2014-05-20,3670.7398
2014-05-21,3699.6368
2014-05-22,3712.1615
2014-05-23,3749.9781
2014-05-26,3784.1318
2014-05-27,3771.9344
2014-05-28,3817.3829
2014-05-29,3788.4316
2014-05-30,3793.8588
2014-06-03,3787.6824
2014-06-04,3769.6605
2014-06-05,3809.9087
2014-06-06,3803.4633
2014-06-09,3781.1346
2014-06-10,3823.8569
2014-06-11,3841.5915
2014-06-12,3839.5977
2014-06-13,3873.7660
2014-06-16,3892.0080
2014-06-17,3856.4033
2014-06-18,3835.4804
2014-06-19,3766.3835
2014-06-20,3793.2616
2014-06-23,3810.5060
2014-06-24,3827.6550
2014-06-25,3815.1880
2014-06-26,3855.2591
2014-06-27,3865.4411
2014-06-30,3883.8786
2014-07-01,3891.2026
2014-07-02,3904.5767
2014-07-03,3920.9592
2014-07-04,3913.2946
2014-07-07,3899.2865
2014-07-08,3921.8654
2014-07-09,3873.1175
2014-07-10,3850.7482
2014-07-11,3862.3805
2014-07-14,3897.5481
2014-07-15,3880.5008
2014-07-16,3844.2848
2014-07-17,3829.4899
2014-07-18,3835.6876
2014-07-21,3840.9121
2014-07-22,3883.5896
2014-07-23,3849.8528
2014-07-24,3844.6007
2014-07-25,3866.4419
2014-07-28,3917.9691
2014-07-29,3946.9337
2014-07-30,3955.0625
2014-07-31,3976.3558
2014-08-01,3947.9128
2014-08-04,3985.2687
2014-08-05,3997.9214
2014-08-06,4005.4022
2014-08-07,3979.8049
2014-08-08,3999.5467
2014-08-11,4047.5626
2014-08-12,4056.7793
2014-08-13,4047.5401
2014-08-14,4025.0558
2014-08-15,4055.7486
2014-08-18,4096.5532
2014-08-19,4103.7468
2014-08-20,4089.9137
2014-08-21,4092.1551
2014-08-22,4115.6974
2014-08-25,4091.9547
2014-08-26,4040.6968
2014-08-27,4055.4351
2014-08-28,4031.8543
2014-08-29,4070.9026
2014-09-01,4125.3273
2014-09-02,4167.0678
2014-09-03,4194.5210
2014-09-04,4216.6995
2014-09-05,4230.1473
2014-09-09,4237.1011
2014-09-10,4245.3304
2014-09-11,4241.1426
2014-09-12,4270.0327
2014-09-15,4288.1030
2014-09-16,4173.7051
2014-09-17,4189.7775
2014-09-18,4213.9401
2014-09-19,4249.5898
2014-09-22,4210.0317
2014-09-23,4252.1867
2014-09-24,4295.5821
2014-09-25,4294.3060
2014-09-26,4301.5459
2014-09-29,4327.5141
2014-09-30,4348.1812
2014-10-08,4394.7973
2014-10-09,4397.7454
2014-10-10,4371.8461
2014-10-13,4354.9591
2014-10-14,4339.7337
2014-10-15,4354.3153
2014-10-16,4310.0706
2014-10-17,4287.2512
2014-10-20,4332.3238
2014-10-21,4306.3657
2014-10-22,4271.6541
2014-10-23,4225.7691
2014-10-24,4232.5384
2014-10-27,4256.4757
2014-10-28,4330.0069
2014-10-29,4369.7242
2014-10-30,4369.3916
2014-10-31,4359.8732
2014-11-03,4380.7622
2014-11-04,4356.5751
2014-11-05,4352.9142
2014-11-06,4382.3670
2014-11-07,4368.0833
2014-11-10,4398.0810
2014-11-11,4311.2616
2014-11-12,4363.7602
2014-11-13,4315.9169
2014-11-14,4304.4997
2014-11-17,4336.6402
2014-11-18,4335.4448
2014-11-19,4356.5967
2014-11-20,4350.2320
2014-11-21,4396.8442
2014-11-24,4450.4052
2014-11-25,4505.1015
2014-11-26,4541.7394
2014-11-27,4570.4672
2014-11-28,4597.0041
2014-12-01,4573.8472
2014-12-02,4650.3566
2014-12-03,4679.5049
2014-12-04,4799.5916
2014-12-05,4761.0417
2014-12-08,4818.4149
2014-12-09,4603.4529
2014-12-10,4726.5526
2014-12-11,4730.5545
2014-12-12,4770.5524
2014-12-15,4832.1575
2014-12-16,4875.2496
2014-12-17,4878.4318
2014-12-18,4862.5636
2014-12-19,4835.2874
2014-12-22,4725.1674
2014-12-23,4647.3109
2014-12-24,4631.0782
2014-12-25,4722.7203
2014-12-26,4797.2090
2014-12-29,4768.7911
2014-12-30,4731.6613
2014-12-31,4803.9456
2015-01-05,4865.3670
2015-01-06,4900.3125
2015-01-07,4895.3764
2015-01-08,4852.1973
2015-01-09,4846.2119
2015-01-12,4839.1160
2015-01-13,4884.1707
2015-01-14,4866.4387
2015-01-15,4929.1403
2015-01-16,4988.0060
2015-01-19,4801.3611
2015-01-20,4929.8050
2015-01-21,5048.8715
2015-01-22,5088.9820
2015-01-23,5047.8089
2015-01-26,5118.5319
2015-01-27,5116.0099
2015-01-28,5065.3757
2015-01-29,5030.2030
2015-01-30,4976.8437
2015-02-02,4958.8558
2015-02-03,5048.0356
2015-02-04,5033.7032
2015-02-05,5023.8244
2015-02-06,4938.4202
2015-02-09,4920.2974
2015-02-10,4988.8168
2015-02-11,5055.1503
2015-02-12,5079.9145
2015-02-13,5142.4395
2015-02-16,5225.6373
2015-02-17,5258.9711
2015-02-25,5200.4947
2015-02-26,5237.9675
2015-02-27,5282.5711
2015-03-02,5366.9865
2015-03-03,5305.8187
2015-03-04,5374.9416
2015-03-05,5369.3406
2015-03-06,5282.9871
2015-03-09,5353.7183
2015-03-10,5412.4909
2015-03-11,5406.4397
2015-03-12,5398.7294
2015-03-13,5473.3453
2015-03-16,5636.2669
2015-03-17,5673.3469
2015-03-18,5762.2291
2015-03-19,5772.5232
2015-03-20,5846.7506
2015-03-23,5987.8531
2015-03-24,6056.9313
2015-03-25,6087.5602
2015-03-26,5986.3430
2015-03-27,6047.0030
2015-03-30,6070.6409
2015-03-31,6094.4074
2015-04-01,6229.0643
2015-04-02,6319.7621
2015-04-03,6411.4125
2015-04-07,6520.1077
2015-04-08,6465.4685
2015-04-09,6431.7475
2015-04-10,6568.4192
2015-04-13,6661.6770
2015-04-14,6636.3452
2015-04-15,6426.5585
2015-04-16,6516.4124
2015-04-17,6531.1982
2015-04-20,6388.4465
2015-04-21,6590.9580
2015-04-22,6749.6579
2015-04-23,6794.2100
2015-04-24,6766.8128
2015-04-27,6810.2519
2015-04-28,6648.7179
2015-04-29,6774.1711
2015-04-30,6833.7163
2015-05-04,6847.1823
2015-05-05,6670.8340
2015-05-06,6674.0655
2015-05-07,6624.9700
2015-05-08,6866.6613
2015-05-11,7139.9095
2015-05-12,7303.6247
2015-05-13,7317.4834
2015-05-14,7292.8683
2015-05-15,7285.4198
2015-05-18,7429.0971
2015-05-19,7569.3980
2015-05-20,7720.3205
2015-05-21,7936.1012
2015-05-22,7967.1966
2015-05-25,8056.6711
2015-05-26,8280.7680
2015-05-27,8309.1540
2015-05-28,7892.8822
2015-05-29,8018.6258
2015-06-01,8355.5257
2015-06-02,8625.8009
2015-06-03,8664.4398
2015-06-04,8598.6059
2015-06-05,8609.0317
2015-06-08,8447.3049
2015-06-09,8407.6856
2015-06-10,8543.8811
2015-06-11,8635.9501
2015-06-12,8735.3434
2015-06-15,8524.7270
2015-06-16,8216.7764
2015-06-17,8363.1554
2015-06-18,8068.1114
2015-06-19,7658.8874
2015-06-23,7703.3394
2015-06-24,7785.3531
2015-06-25,7498.1804
2015-06-26,6973.2801
2015-06-29,6600.4087
2015-06-30,6876.3730
2015-07-01,6577.8467
2015-07-02,6258.3815
2015-07-03,5974.9269
2015-07-06,5836.4595
2015-07-07,5593.5423
2015-07-08,5539.5858
2015-07-09,5712.9047
2015-07-10,5966.6914
2015-07-13,6263.7283
2015-07-14,6371.9707
2015-07-15,6094.9236
2015-07-16,6165.8787
2015-07-17,6467.6547
2015-07-20,6608.0488
2015-07-21,6721.5250
2015-07-22,6789.3289
2015-07-23,6967.3436
2015-07-24,6877.5766
2015-07-27,6416.2008
2015-07-28,6253.4966
2015-07-29,6484.4627
2015-07-30,6291.6148
2015-07-31,6194.4274
2015-08-03,6001.7100
2015-08-04,6268.3633
2015-08-05,6210.4442
2015-08-06,6184.5066
2015-08-07,6367.8500
2015-08-10,6658.1197
2015-08-11,6672.4017
2015-08-12,6552.6937
2015-08-13,6677.9441
2015-08-14,6694.3142
2015-08-17,6749.1128
2015-08-18,6315.3625
2015-08-19,6436.5142
2015-08-20,6250.4751
2015-08-21,5946.2928
2015-08-24,5552.0263
2015-08-25,5202.7669
2015-08-26,5101.4883
2015-08-27,5272.8580
2015-08-28,5540.9971
2015-08-31,5412.3931
2015-09-01,5173.2142
2015-09-02,5094.0053
2015-09-07,5101.2733
2015-09-08,5297.8096
2015-09-09,5451.9251
2015-09-10,5393.0849
2015-09-11,5425.1493
2015-09-14,5154.2452
2015-09-15,4948.5754
2015-09-16,5241.3356
2015-09-17,5182.6048
2015-09-18,5254.0600
2015-09-21,5414.3827
2015-09-22,5444.2220
2015-09-23,5401.6091
2015-09-24,5456.7034
2015-09-25,5308.2795
2015-09-28,5437.0224
2015-09-29,5381.4597
2015-09-30,5387.1247
2015-10-08,5583.7557
2015-10-09,5659.6583
2015-10-12,5850.4110
2015-10-13,5912.9634
2015-10-14,5832.6960
2015-10-15,6004.5054
2015-10-16,6081.3278
2015-10-19,6074.6810
2015-10-20,6188.2346
2015-10-21,5849.6949
2015-10-22,6047.9158
2015-10-23,6200.6406
2015-10-26,6235.7680
2015-10-27,6275.6963
2015-10-28,6140.5601
2015-10-29,6178.8342
2015-10-30,6198.3693
2015-11-02,6086.9602
2015-11-03,6075.4223
2015-11-04,6353.5345
2015-11-05,6358.1787
2015-11-06,6536.4491
2015-11-09,6655.7872
2015-11-10,6697.2014
2015-11-11,6797.0468
2015-11-12,6796.8230
2015-11-13,6634.8298
2015-11-16,6762.2980
2015-11-17,6700.6193
2015-11-18,6594.3868
2015-11-19,6773.2192
2015-11-20,6857.8759
2015-11-23,6794.4157
2015-11-24,6855.5362
2015-11-25,6990.6363
2015-11-26,6943.9183
2015-11-27,6576.1758
2015-11-30,6618.1126
2015-12-01,6576.5441
2015-12-02,6529.8425
2015-12-03,6675.2535
2015-12-04,6640.5770
2015-12-07,6721.9581
2015-12-08,6647.4188
2015-12-09,6644.2183
2015-12-10,6631.4636
2015-12-11,6573.6186
2015-12-14,6658.3055
2015-12-15,6738.3320
2015-12-16,6788.3337
2015-12-17,6949.6381
2015-12-18,6930.9445
2015-12-21,6976.1669
2015-12-22,7027.7295
2015-12-23,6930.7785
2015-12-24,6926.4647
2015-12-25,6971.8170
2015-12-28,6854.4269
2015-12-29,6903.7169
2015-12-30,6977.8159
2015-12-31,6877.6981
2016-01-04,6461.4228
2016-01-05,6347.6784
2016-01-06,6476.3827
2016-01-07,5997.8745
2016-01-08,6028.7979
2016-01-11,5672.2241
2016-01-12,5684.7178
2016-01-13,5507.1221
2016-01-14,5700.9907
2016-01-15,5543.0519
2016-01-18,5641.8412
2016-01-19,5832.8388
2016-01-20,5777.7936
2016-01-21,5559.0801
2016-01-22,5625.2199
2016-01-25,5686.6315
2016-01-26,5325.8556
2016-01-27,5267.8943
2016-01-28,5062.6167
2016-01-29,5232.9310
2016-02-01,5194.8201
2016-02-02,5372.0677
2016-02-03,5397.5233
2016-02-04,5501.8269
2016-02-05,5447.3411
2016-02-15,5474.6140
2016-02-16,5674.2706
2016-02-17,5730.8874
2016-02-18,5701.6448
2016-02-19,5720.4028
2016-02-22,5814.2387
2016-02-23,5778.0671
2016-02-24,5751.4424
2016-02-25,5368.6082
2016-02-26,5368.5026
2016-02-29,5122.6214
2016-03-01,5214.5320
2016-03-02,5426.6732
2016-03-03,5418.0847
2016-03-04,5276.6182
2016-03-07,5358.9360
2016-03-08,5382.1266
2016-03-09,5288.0189
2016-03-10,5211.3456
2016-03-11,5204.0672
2016-03-14,5369.3744
2016-03-15,5338.5420
2016-03-16,5296.6819
2016-03-17,5473.6810
2016-03-18,5649.7048
2016-03-21,5766.0547
2016-03-22,5750.9622
2016-03-23,5792.5362
2016-03-24,5719.9264
2016-03-25,5741.3469
2016-03-28,5714.5011
2016-03-29,5614.5104
2016-03-30,5795.4593
2016-03-31,5815.9741
2016-04-01,5783.3149
2016-04-05,5913.4994
2016-04-06,5936.0364
2016-04-07,5851.9484
2016-04-08,5807.5157
2016-04-11,5922.9504
2016-04-12,5881.0757
2016-04-13,5952.9274
2016-04-14,6002.5182
2016-04-15,5995.8067
2016-04-18,5921.2506
2016-04-19,5936.1597
2016-04-20,5721.3148
2016-04-21,5669.3213
2016-04-22,5714.2755
2016-04-25,5694.1789
2016-04-26,5745.6156
2016-04-27,5739.7030
2016-04-28,5731.9961
2016-04-29,5774.0738
2016-05-03,5919.7935
2016-05-04,5920.0700
2016-05-05,5940.9511
2016-05-06,5752.5091
2016-05-09,5593.8204
2016-05-10,5594.2484
2016-05-11,5576.4305
2016-05-12,5588.8354
2016-05-13,5576.1837
2016-05-16,5665.9359
2016-05-17,5646.7631
2016-05-18,5523.2700
2016-05-19,5547.1172
2016-05-20,5591.7260
2016-05-23,5672.7262
2016-05-24,5622.2292
2016-05-25,5594.8558
2016-05-26,5620.9687
2016-05-27,5609.0997
2016-05-30,5587.3351
2016-05-31,5780.5805
2016-06-01,5817.9696
2016-06-02,5857.3915
2016-06-03,5888.2756
2016-06-06,5915.8676
2016-06-07,5924.2345
2016-06-08,5901.4185
2016-06-13,5682.5038
2016-06-14,5708.9739
2016-06-15,5872.0664
2016-06-16,5865.0688
2016-06-17,5896.2558
2016-06-20,5922.7433
2016-06-21,5871.6754
2016-06-22,5947.1455
2016-06-23,5920.2654
2016-06-24,5893.5882
2016-06-27,6021.6905
2016-06-28,6061.3534
2016-06-29,6062.6678
2016-06-30,6057.5587
2016-07-01,6048.5755
2016-07-04,6149.0648
2016-07-05,6166.2363
2016-07-06,6204.0955
2016-07-07,6213.4336
2016-07-08,6194.3395
2016-07-11,6181.7158
2016-07-12,6243.0428
2016-07-13,6272.7509
2016-07-14,6266.7186
2016-07-15,6252.6907
2016-07-18,6227.7435
2016-07-19,6230.4153
2016-07-20,6227.8475
2016-07-21,6231.1558
2016-07-22,6173.5595
2016-07-25,6167.9867
2016-07-26,6243.5150
2016-07-27,6042.4181
2016-07-28,6048.1290
2016-07-29,6017.9405
2016-08-01,5952.0748
2016-08-02,5989.4838
2016-08-03,6005.8166
2016-08-04,6031.0661
2016-08-05,6004.7343
2016-08-08,6052.8126
2016-08-09,6096.8275
2016-08-10,6083.6321
2016-08-11,6010.1556
2016-08-12,6055.8064
2016-08-15,6170.2422
2016-08-16,6190.4593
2016-08-17,6202.4930
2016-08-18,6183.7152
2016-08-19,6187.5327
2016-08-22,6133.1189
2016-08-23,6142.3927
2016-08-24,6152.8784
2016-08-25,6129.3041
2016-08-26,6151.8701
2016-08-29,6155.2403
2016-08-30,6154.8853
2016-08-31,6155.3380
2016-09-01,6119.5401
2016-09-02,6095.2883
2016-09-05,6124.8808
2016-09-06,6206.4873
2016-09-07,6202.3934
2016-09-08,6216.9483
2016-09-09,6178.5668
2016-09-12,6048.7318
2016-09-13,6067.2834
2016-09-14,6038.0151
2016-09-19,6092.7639
2016-09-20,6096.6773
2016-09-21,6109.0088
2016-09-22,6142.2003
2016-09-23,6127.0241
2016-09-26,6028.3059
2016-09-27,6052.8964
2016-09-28,6049.8557
2016-09-29,6072.6733
2016-09-30,6097.8223
2016-10-10,6192.7439
2016-10-11,6224.9109
2016-10-12,6219.0281
2016-10-13,6222.8366
2016-10-14,6209.9734
2016-10-17,6168.2065
2016-10-18,6240.5617
2016-10-19,6225.4713
2016-10-20,6233.9583
2016-10-21,6211.8514
2016-10-24,6249.0929
2016-10-25,6263.1840
2016-10-26,6235.7321
2016-10-27,6230.9316
2016-10-28,6198.3937
2016-10-31,6196.2226
2016-11-01,6247.6482
2016-11-02,6215.7568
2016-11-03,6236.4219
2016-11-04,6213.4089
2016-11-07,6209.9750
2016-11-08,6238.8110
2016-11-09,6207.1789
2016-11-10,6267.3499
2016-11-11,6284.1715
2016-11-14,6292.7996
2016-11-15,6302.4328
2016-11-16,6307.6261
2016-11-17,6292.7156
2016-11-18,6272.0914
2016-11-21,6282.0458
2016-11-22,6323.6697
2016-11-23,6298.6747
2016-11-24,6285.9491
2016-11-25,6307.7393
2016-11-28,6315.4384
2016-11-29,6287.7799
2016-11-30,6252.2160
2016-12-01,6281.4460
2016-12-02,6203.3486
2016-12-05,6170.9231
2016-12-06,6176.1443
2016-12-07,6222.6358
2016-12-08,6201.7546
2016-12-09,6192.3374
2016-12-12,5984.1350
2016-12-13,6007.9333
2016-12-14,5966.3636
2016-12-15,5968.5985
2016-12-16,6001.7288
2016-12-19,5994.7865
2016-12-20,5975.9818
2016-12-21,6020.2574
2016-12-22,6016.7016
2016-12-23,5967.1188
2016-12-26,5989.2250
2016-12-27,5995.2521
2016-12-28,5976.4635
2016-12-29,5965.6065
2016-12-30,5981.8517
2017-01-03,6005.3595
2017-01-04,6063.5622
2017-01-05,6062.0902
2017-01-06,6020.0759
2017-01-09,6040.7223
2017-01-10,6021.4599
2017-01-11,5966.4665
2017-01-12,5919.6428
2017-01-13,5860.5581
2017-01-16,5762.5315
2017-01-17,5808.2608
2017-01-18,5806.6355
2017-01-19,5782.2301
2017-01-20,5847.0807
2017-01-23,5883.7451
2017-01-24,5872.7274
2017-01-25,5889.3034
2017-01-26,5924.9626
2017-02-03,5900.7505
2017-02-06,5940.5924
2017-02-07,5936.4566
2017-02-08,5966.6539
2017-02-09,5994.0014
2017-02-10,5995.7005
2017-02-13,6033.4707
2017-02-14,6038.2818
2017-02-15,5991.2492
2017-02-16,6019.4025
2017-02-17,5977.7089
2017-02-20,6039.4051
2017-02-21,6073.0477
2017-02-22,6097.7796
2017-02-23,6092.5990
2017-02-24,6096.8558
2017-02-27,6063.0434
2017-02-28,6082.0191
2017-03-01,6093.2138
2017-03-02,6075.0708
2017-03-03,6092.2728
2017-03-06,6147.0664
2017-03-07,6162.2834
2017-03-08,6143.5759
2017-03-09,6106.1280
2017-03-10,6121.4555
2017-03-13,6181.6054
2017-03-14,6172.9420
2017-03-15,6179.8247
2017-03-16,6219.6722
2017-03-17,6166.0157
2017-03-20,6183.3218
2017-03-21,6223.9078
2017-03-22,6228.4743
2017-03-23,6240.6910
2017-03-24,6265.0736
2017-03-27,6225.5842
2017-03-28,6211.5358
2017-03-29,6191.7192
2017-03-30,6114.7725
2017-03-31,6152.6202
2017-04-05,6249.5477
2017-04-06,6264.4836
2017-04-07,6276.0386
2017-04-10,6237.7013
2017-04-11,6251.4905
2017-04-12,6216.8947
2017-04-13,6248.2894
2017-04-14,6184.0794
2017-04-17,6154.4664
2017-04-18,6154.5721
2017-04-19,6134.4886
2017-04-20,6164.6272
2017-04-21,6135.8726
2017-04-24,6034.7458
2017-04-25,6068.2948
2017-04-26,6079.4883
2017-04-27,6111.5852
2017-04-28,6107.0366
2017-05-02,6107.9328
2017-05-03,6089.9478
2017-05-04,6070.8990
2017-05-05,6013.9049
2017-05-08,5928.3647
2017-05-09,5957.7669
2017-05-10,5909.1798
2017-05-11,5935.2491
2017-05-12,5941.1476
2017-05-15,5973.9986
2017-05-16,6076.7808
2017-05-17,6059.9435
2017-05-18,6030.9725
2017-05-19,6018.2241
2017-05-22,5982.1096
2017-05-23,5928.0127
2017-05-24,5937.2114
2017-05-25,5962.9803
2017-05-26,5948.8121
2017-05-31,5943.9655
2017-06-01,5893.8615
2017-06-02,5906.1338
2017-06-05,5930.1117
2017-06-06,5967.8467
2017-06-07,6072.2914
2017-06-08,6102.0554
2017-06-09,6123.6098
2017-06-12,6094.0005
2017-06-13,6137.2531
2017-06-14,6090.2624
2017-06-15,6113.8096
2017-06-16,6107.0338
2017-06-19,6150.1708
2017-06-20,6152.9566
2017-06-21,6204.7908
2017-06-22,6151.5820
2017-06-23,6194.8036
2017-06-26,6275.6947
2017-06-27,6283.3200
2017-06-28,6228.7194
2017-06-29,6261.4627
2017-06-30,6282.5995
2017-07-03,6276.0426
2017-07-04,6240.8517
2017-07-05,6307.6179
2017-07-06,6314.1523
2017-07-07,6314.2571
2017-07-10,6280.8080
2017-07-11,6260.7834
2017-07-12,6258.3852
2017-07-13,6259.0020
2017-07-14,6264.2360
2017-07-17,6121.1480
2017-07-18,6139.4979
2017-07-19,6236.5627
2017-07-20,6275.4435
2017-07-21,6275.7049
2017-07-24,6289.2008
2017-07-25,6264.8328
2017-07-26,6234.9401
2017-07-27,6259.0355
2017-07-28,6300.7287
2017-07-31,6344.5025
2017-08-01,6357.1739
2017-08-02,6328.6961
2017-08-03,6296.9755
2017-08-04,6250.7206
2017-08-07,6314.2384
2017-08-08,6320.4148
2017-08-09,6361.5363
2017-08-10,6335.4099
2017-08-11,6229.4300
2017-08-14,6341.0918
2017-08-15,6363.7877
2017-08-16,6364.1395
2017-08-17,6380.1061
2017-08-18,6358.5695
2017-08-21,6395.8013
2017-08-22,6389.3000
2017-08-23,6366.5355
2017-08-24,6331.5096
2017-08-25,6398.5437
2017-08-28,6468.3224
2017-08-29,6463.0721
2017-08-30,6499.0752
2017-08-31,6508.9430
2017-09-01,6552.1019
2017-09-04,6580.6553
2017-09-05,6598.4731
2017-09-06,6608.7072
2017-09-07,6569.2686
2017-09-08,6568.7559
2017-09-11,6623.8400
2017-09-12,6617.8972
2017-09-13,6649.2305
2017-09-14,6626.4678
2017-09-15,6599.3584
2017-09-18,6645.0755
2017-09-19,6611.8747
2017-09-20,6651.2832
2017-09-21,6607.1792
2017-09-22,6596.9987
2017-09-25,6554.5338
2017-09-26,6561.6868
2017-09-27,6609.1899
2017-09-28,6625.8232
2017-09-29,6659.9458
2017-10-09,6723.8075
2017-10-10,6736.2396
2017-10-11,6744.1137
2017-10-12,6750.6128
2017-10-13,6791.1252
2017-10-16,6747.1504
2017-10-17,6752.8019
2017-10-18,6774.7754
2017-10-19,6752.9585
2017-10-20,6771.1051
2017-10-23,6815.2399
2017-10-24,6832.2293
2017-10-25,6878.2701
2017-10-26,6899.1996
2017-10-27,6915.9804
2017-10-30,6874.5744
2017-10-31,6900.6969
2017-11-01,6885.5591
2017-11-02,6853.5855
2017-11-03,6830.0325
2017-11-06,6930.3615
2017-11-07,6962.0076
2017-11-08,6946.5781
2017-11-09,7004.9639
2017-11-10,7088.1850
2017-11-13,7125.1156
2017-11-14,7047.2351
2017-11-15,6978.6255
2017-11-16,7047.3298
2017-11-17,6935.9336
2017-11-20,7020.7627
2017-11-21,7086.7492
2017-11-22,7048.1374
2017-11-23,6826.8931
2017-11-24,6810.1868
2017-11-27,6699.8504
2017-11-28,6777.3367
2017-11-29,6775.4668
2017-11-30,6703.1803
2017-12-01,6736.3206
2017-12-04,6757.8464
2017-12-05,6694.9723
2017-12-06,6696.7577
2017-12-07,6632.5844
2017-12-08,6713.1771
2017-12-11,6835.6488
2017-12-12,6776.2599
2017-12-13,6834.9121
2017-12-14,6822.1239
2017-12-15,6753.8238
2017-12-18,6741.6314
2017-12-19,6813.0305
2017-12-20,6804.7229
2017-12-21,6879.7630
2017-12-22,6861.3337
2017-12-25,6816.7768
2017-12-26,6830.6377
2017-12-27,6739.9582
2017-12-28,6787.8419
2017-12-29,6826.6310
2018-01-02,6871.2350
2018-01-03,6919.8724
2018-01-04,6956.1637
2018-01-05,6946.2684
2018-01-08,6963.8595
2018-01-09,7004.5970
2018-01-10,6992.4465
2018-01-11,6979.2562
2018-01-12,6988.3127
2018-01-15,6929.3210
2018-01-16,6973.7401
2018-01-17,6914.7175
2018-01-18,6944.7117
2018-01-19,6927.5984
2018-01-22,7034.8429
2018-01-23,7082.2932
2018-01-24,7087.3816
2018-01-25,7056.1588
2018-01-26,7072.7364
2018-01-29,6959.1470
2018-01-30,6912.6528
2018-01-31,6925.7852
2018-02-01,6840.0488
2018-02-02,6896.7952
2018-02-05,6865.2922
2018-02-06,6635.9435
2018-02-07,6496.0120
2018-02-08,6505.6330
2018-02-09,6289.1535
2018-02-12,6429.8229
2018-02-13,6490.5460
2018-02-14,6535.8216
2018-02-22,6686.3559
2018-02-23,6696.5398
2018-02-26,6793.8171
2018-02-27,6723.5659
2018-02-28,6698.9418
2018-03-01,6753.7118
2018-03-02,6696.4515
2018-03-05,6702.4639
2018-03-06,6780.7572
2018-03-07,6733.0916
2018-03-08,6789.8787
2018-03-09,6860.4873
2018-03-12,6917.4912
2018-03-13,6858.7830
2018-03-14,6819.2033
2018-03-15,6850.0635
2018-03-16,6783.6951
2018-03-19,6810.7310
2018-03-20,6831.8174
2018-03-21,6777.3340
2018-03-22,6710.8098
2018-03-23,6494.0197
2018-03-26,6553.4680
2018-03-27,6650.8584
2018-03-28,6552.7610
2018-03-29,6599.2638
2018-03-30,6678.3786
2018-04-02,6672.6838
2018-04-03,6632.0586
2018-04-04,6594.4648
2018-04-09,6592.4298
2018-04-10,6660.0125
2018-04-11,6690.1971
2018-04-12,6649.1076
2018-04-13,6616.6849
2018-04-16,6593.9018
2018-04-17,6456.1269
2018-04-18,6518.3437
2018-04-19,6559.6202
2018-04-20,6463.2056
2018-04-23,6394.9003
2018-04-24,6541.1949
2018-04-25,6561.1309
2018-04-26,6457.4021
2018-04-27,6474.7543
2018-05-02,6496.9534
2018-05-03,6544.5403
2018-05-04,6547.0024
2018-05-07,6666.9236
2018-05-08,6698.0947
2018-05-09,6688.7527
2018-05-10,6715.0382
2018-05-11,6657.4878
2018-05-14,6680.0846
2018-05-15,6744.1191
2018-05-16,6725.2632
2018-05-17,6666.5230
2018-05-18,6698.2731
2018-05-21,6753.8443
2018-05-22,6770.9748
2018-05-23,6705.4219
2018-05-24,6672.0341
2018-05-25,6635.3367
2018-05-28,6658.0901
2018-05-29,6586.7533
2018-05-30,6486.8490
2018-05-31,6599.0960
2018-06-01,6504.8291
2018-06-04,6524.1576
2018-06-05,6634.2797
2018-06-06,6652.4480
2018-06-07,6619.5704
2018-06-08,6576.8260
2018-06-11,6536.9660
2018-06-12,6620.8925
2018-06-13,6554.7643
2018-06-14,6517.0300
2018-06-15,6448.8318
2018-06-19,6220.2036
2018-06-20,6294.4862
2018-06-21,6215.4893
2018-06-22,6277.0174
2018-06-25,6227.7007
2018-06-26,6226.6224
2018-06-27,6119.3907
2018-06-28,6057.1388
2018-06-29,6247.1945
2018-07-02,6161.1116
2018-07-03,6164.2874
2018-07-04,6073.5235
2018-07-05,5986.5612
2018-07-06,6008.0589
2018-07-09,6166.6110
2018-07-10,6201.4086
2018-07-11,6130.6084
2018-07-12,6268.6081
2018-07-13,6323.1393
2018-07-16,6319.1738
2018-07-17,6302.1640
2018-07-18,6258.3331
2018-07-19,6227.8325
2018-07-20,6294.2792
2018-07-23,6304.4992
2018-07-24,6368.4147
2018-07-25,6374.1061
2018-07-26,6283.2976
2018-07-27,6257.7256
2018-07-30,6188.7296
2018-07-31,6184.8432
2018-08-01,6096.7027
2018-08-02,6000.1046
2018-08-03,5880.5940
2018-08-06,5767.5920
2018-08-07,5908.9070
2018-08-08,5805.2575
2018-08-09,5963.3166
2018-08-10,6001.3616
2018-08-13,6024.8614
2018-08-14,5985.7656
2018-08-15,5862.6255
2018-08-16,5817.2568
2018-08-17,5723.2945
2018-08-20,5757.1007
2018-08-21,5855.7775
2018-08-22,5807.6793
2018-08-23,5844.9701
2018-08-24,5839.8871
2018-08-27,5987.4727
2018-08-28,5989.1109
2018-08-29,5953.0609
2018-08-30,5886.6386
2018-08-31,5833.7710
2018-09-03,5837.8566
2018-09-04,5897.2711
2018-09-05,5801.2942
2018-09-06,5755.7063
2018-09-07,5758.6762
2018-09-10,5661.2315
2018-09-11,5660.5081
2018-09-12,5615.4882
2018-09-13,5643.4758
2018-09-14,5600.9107
2018-09-17,5537.9137
2018-09-18,5628.8769
2018-09-19,5707.4742
2018-09-20,5696.9269
2018-09-21,5809.4563
2018-09-25,5782.5036
2018-09-26,5836.4545
2018-09-27,5798.9025
2018-09-28,5838.8010
2018-10-08,5624.4203
2018-10-09,5599.7873
2018-10-10,5579.0832
2018-10-11,5336.7691
2018-10-12,5400.7575
2018-10-15,5339.9230
2018-10-16,5260.0571
2018-10-17,5278.4561
2018-10-18,5173.6039
2018-10-19,5317.4089
2018-10-22,5527.3698
2018-10-23,5415.2487
2018-10-24,5386.1074
2018-10-25,5369.7463
2018-10-26,5325.2986
2018-10-29,5221.0459
2018-10-30,5254.8065
2018-10-31,5329.9888
2018-11-01,5368.5923
2018-11-02,5539.5665
2018-11-05,5509.7027
2018-11-06,5494.9743
2018-11-07,5477.8585
2018-11-08,5445.2423
2018-11-09,5414.7564
2018-11-12,5505.0885
2018-11-13,5551.2465
2018-11-14,5516.8573
2018-11-15,5572.3402
2018-11-16,5589.4104
2018-11-19,5604.6420
2018-11-20,5497.8502
2018-11-21,5515.1531
2018-11-22,5502.3148
2018-11-23,5387.8060
2018-11-26,5373.4520
2018-11-27,5384.1792
2018-11-28,5445.1243
2018-11-29,5377.6400
2018-11-30,5424.2374
2018-12-03,5555.8331
2018-12-04,5569.0472
2018-12-05,5562.9603
2018-12-06,5453.0576
2018-12-07,5445.1717
2018-12-10,5405.3690
2018-12-11,5437.8508
2018-12-12,5441.3855
2018-12-13,5508.0387
2018-12-14,5413.7249
2018-12-17,5378.6572
2018-12-18,5341.6507
2018-12-19,5272.3584
2018-12-20,5266.2186
2018-12-21,5225.6205
2018-12-24,5268.5399
2018-12-25,5255.3570
2018-12-26,5232.1195
2018-12-27,5201.6229
2018-12-28,5217.0191
2019-01-02,5159.8771
2019-01-03,5118.8049
2019-01-04,5212.7192
2019-01-07,5270.3170
2019-01-08,5259.7167
2019-01-09,5284.0560
2019-01-10,5276.3308
2019-01-11,5297.6674
2019-01-14,5258.3521
2019-01-15,5335.8371
2019-01-16,5348.6680
2019-01-17,5315.2018
2019-01-18,5379.5240
2019-01-21,5410.5756
2019-01-22,5353.7572
2019-01-23,5367.0738
2019-01-24,5396.8175
2019-01-25,5424.0947
2019-01-28,5423.2321
2019-01-29,5420.6505
2019-01-30,5381.6680
2019-01-31,5395.8420
2019-02-01,5489.7324
2019-02-11,5599.9371
2019-02-12,5633.2211
2019-02-13,5705.6788
2019-02-14,5721.8965
2019-02-15,5652.5117
2019-02-18,5820.3340
2019-02-19,5797.3898
2019-02-20,5806.1434
2019-02-21,5804.5006
2019-02-22,5920.2589
2019-02-25,6172.4391
2019-02-26,6132.9998
2019-02-27,6082.0577
2019-02-28,6105.6437
2019-03-01,6183.5377
2019-03-04,6279.3429
2019-03-05,6362.1489
2019-03-06,6400.4090
2019-03-07,6365.4221
2019-03-08,6216.5303
2019-03-11,6397.6185
2019-03-12,6497.6946
2019-03-13,6375.1012
2019-03-14,6291.5296
2019-03-15,6370.1460
2019-03-18,6527.0622
2019-03-19,6520.3964
2019-03-20,6491.5835
2019-03-21,6516.6154
2019-03-22,6517.9149
2019-03-25,6431.5185
2019-03-26,6344.9828
2019-03-27,6408.1375
2019-03-28,6384.1882
2019-03-29,6580.2289
2019-04-01,6763.3193
2019-04-02,6751.2934
2019-04-03,6793.8866
2019-04-04,6831.5909
2019-04-08,6785.1712
2019-04-09,6803.6403
2019-04-10,6814.3010
2019-04-11,6673.6619
2019-04-12,6659.5715
2019-04-15,6612.6139
2019-04-16,6729.0965
2019-04-17,6762.0422
2019-04-18,6742.7191
2019-04-19,6789.9504
2019-04-22,6702.1449
2019-04-23,6672.2575
2019-04-24,6714.1725
2019-04-25,6585.5149
2019-04-26,6531.8477
2019-04-29,6505.7413
2019-04-30,6531.0401
2019-05-06,6183.7020
2019-05-07,6246.1505
2019-05-08,6180.3385
2019-05-09,6101.1699
2019-05-10,6313.1309
2019-05-13,6255.5325
2019-05-14,6218.7441
2019-05-15,6358.1910
2019-05-16,6376.3842
2019-05-17,6231.8499
2019-05-20,6163.0330
2019-05-21,6243.4682
2019-05-22,6236.4346
2019-05-23,6114.6876
2019-05-24,6102.1033
2019-05-27,6198.0997
2019-05-28,6242.2628
2019-05-29,6234.4726
2019-05-30,6207.1750
2019-05-31,6208.3828
2019-06-03,6180.7370
2019-06-04,6113.6229
2019-06-05,6100.5563
2019-06-06,6022.8015
2019-06-10,6094.3399
2019-06-11,6262.8660
2019-06-12,6219.5768
2019-06-13,6221.4482
2019-06-14,6164.0664
2019-06-17,6145.9409
2019-06-18,6169.6846
2019-06-19,6246.2438
2019-06-20,6381.4124
2019-06-21,6418.1877
2019-06-24,6430.2625
2019-06-25,6382.6019
2019-06-26,6418.0083
2019-06-27,6497.5130
2019-06-28,6483.2596
2019-07-01,6651.7108
2019-07-02,6667.8599
2019-07-03,6590.3965
2019-07-04,6538.8253
2019-07-05,6594.8450
2019-07-08,6470.5302
2019-07-09,6470.8848
2019-07-10,6465.6990
2019-07-11,6460.6820
2019-07-12,6491.0705
2019-07-15,6534.8758
2019-07-16,6511.0302
2019-07-17,6508.3367
2019-07-18,6439.8657
2019-07-19,6486.4809
2019-07-22,6502.8628
2019-07-23,6535.2136
2019-07-24,6591.4628
2019-07-25,6635.8294
2019-07-26,6654.1421
2019-07-29,6663.3214
2019-07-30,6678.6225
2019-07-31,6640.4549
2019-08-01,6605.5805
2019-08-02,6549.2946
2019-08-05,6458.8999
2019-08-06,6416.5368
2019-08-07,6400.7694
2019-08-08,6490.3650
2019-08-09,6437.0087
2019-08-12,6551.2038
2019-08-13,6514.4204
2019-08-14,6555.5317
2019-08-15,6592.7058
2019-08-16,6631.3424
2019-08-19,6762.2552
2019-08-20,6755.9468
2019-08-21,6760.7996
2019-08-22,6774.9146
2019-08-23,6817.1795
2019-08-26,6767.4762
2019-08-27,6852.5269
2019-08-28,6841.0836
2019-08-29,6850.6164
2019-08-30,6843.1967
2019-09-02,6955.2771
2019-09-03,6985.8777
2019-09-04,7009.7295
2019-09-05,7053.9222
2019-09-06,7070.6203
2019-09-09,7156.5048
2019-09-10,7128.4618
2019-09-11,7054.4716
2019-09-12,7094.4530
2019-09-16,7093.7385
2019-09-17,7003.5575
2019-09-18,7045.5767
2019-09-19,7094.0295
2019-09-20,7121.8732
2019-09-23,7071.2109
2019-09-24,7114.8744
2019-09-25,7042.8523
2019-09-26,6944.0764
2019-09-27,6985.2890
2019-09-30,6924.3340
2019-10-08,6933.2721
2019-10-09,6952.6912
2019-10-10,7057.0690
2019-10-11,7085.2217
2019-10-14,7143.9781
2019-10-15,7098.7725
2019-10-16,7086.0482
2019-10-17,7100.6444
2019-10-18,7032.1952
2019-10-21,7020.1873
2019-10-22,7074.4222
2019-10-23,7015.3841
2019-10-24,6998.7346
2019-10-25,7064.1015
2019-10-28,7141.0190
2019-10-29,7119.2034
2019-10-30,7104.4835
2019-10-31,7089.2286
2019-11-01,7172.8315
2019-11-04,7238.1152
2019-11-05,7284.2860
2019-11-06,7240.5224
2019-11-07,7270.9169
2019-11-08,7254.7207
2019-11-11,7141.9141
2019-11-12,7140.0703
2019-11-13,7183.1604
2019-11-14,7223.1585
2019-11-15,7175.8229
2019-11-18,7222.2550
2019-11-19,7323.8418
2019-11-20,7284.3718
2019-11-21,7246.6712
2019-11-22,7136.6067
2019-11-25,7112.4846
2019-11-26,7146.6417
2019-11-27,7145.3313
2019-11-28,7132.7292
2019-11-29,7072.4286
2019-12-02,7090.2391
2019-12-03,7118.8146
2019-12-04,7128.3133
2019-12-05,7200.4320
2019-12-06,7259.8455
2019-12-09,7250.3093
2019-12-10,7285.8427
2019-12-11,7267.5562
2019-12-12,7263.4521
2019-12-13,7373.3959
2019-12-16,7437.1482
2019-12-17,7504.7442
2019-12-18,7482.1320
2019-12-19,7456.6411
2019-12-20,7424.0611
2019-12-23,7346.0657
2019-12-24,7424.4059
2019-12-25,7450.1137
2019-12-26,7482.6409
2019-12-27,7451.5551
2019-12-30,7529.0472
2019-12-31,7565.4773
2020-01-02,7674.7956
2020-01-03,7669.4427
2020-01-06,7684.1547
2020-01-07,7751.9364
2020-01-08,7686.3684
2020-01-09,7813.3663
2020-01-10,7825.0013
2020-01-13,7921.6790
2020-01-14,7890.5976
2020-01-15,7890.3862
2020-01-16,7905.2369
2020-01-17,7923.6342
2020-01-20,8012.9705
2020-01-21,7921.5881
2020-01-22,8017.5267
2020-01-23,7799.3019
2020-02-03,7277.9632
2020-02-04,7542.1503
2020-02-05,7652.8175
2020-02-06,7831.0603
2020-02-07,7866.6732
2020-02-10,7914.7650
2020-02-11,7952.6773
2020-02-12,8076.1078
2020-02-13,8040.4539
2020-02-14,8051.1429
2020-02-17,8241.7442
2020-02-18,8280.5353
2020-02-19,8219.0819
2020-02-20,8362.5577
2020-02-21,8437.8945
2020-02-24,8493.0288
2020-02-25,8535.1852
2020-02-26,8290.6763
2020-02-27,8342.3745
2020-02-28,8041.8085
2020-03-02,8255.3914
2020-03-03,8324.8726
2020-03-04,8313.2893
2020-03-05,8420.8145
2020-03-06,8341.9599
2020-03-09,8030.2494
2020-03-10,8203.7062
2020-03-11,8092.4643
2020-03-12,7937.0234
2020-03-13,7876.5053
2020-03-16,7520.4058
2020-03-17,7508.3774
2020-03-18,7407.3171
2020-03-19,7390.0494
2020-03-20,7506.8457
2020-03-23,7241.9822
2020-03-24,7393.9156
2020-03-25,7599.9153
2020-03-26,7573.7702
2020-03-27,7559.6523
2020-03-30,7451.8251
2020-03-31,7504.4837
2020-04-01,7476.7179
2020-04-02,7615.7378
2020-04-03,7585.1619
2020-04-07,7778.9508
2020-04-08,7750.9754
2020-04-09,7815.4249
2020-04-10,7708.7690
2020-04-13,7670.3816
2020-04-14,7829.7444
2020-04-15,7794.0363
2020-04-16,7839.8082
2020-04-17,7889.3310
2020-04-20,7964.6890
2020-04-21,7899.9375
2020-04-22,7979.0978
2020-04-23,7951.9054
2020-04-24,7875.7046
2020-04-27,7924.0231
2020-04-28,7990.1425
2020-04-29,7982.2810
2020-04-30,8077.1325
2020-05-06,8180.8103
2020-05-07,8191.9881
2020-05-08,8270.9048
2020-05-11,8241.8332
2020-05-12,8297.5334
2020-05-13,8367.3004
2020-05-14,8298.5450
2020-05-15,8307.4136
2020-05-18,8313.6734
2020-05-19,8424.8600
2020-05-20,8342.9164
2020-05-21,8279.4852
2020-05-22,8116.0115
2020-05-25,8146.2521
2020-05-26,8299.9872
2020-05-27,8214.2591
2020-05-28,8201.1773
2020-05-29,8299.9615
2020-06-01,8510.7204
2020-06-02,8467.0805
2020-06-03,8479.2670
2020-06-04,8503.8447
2020-06-05,8546.6700
2020-06-08,8526.2653
2020-06-09,8598.1149
2020-06-10,8662.9074
2020-06-11,8625.5467
2020-06-12,8657.7588
2020-06-15,8602.5732
2020-06-16,8761.4781
2020-06-17,8779.5673
2020-06-18,8799.7123
2020-06-19,8939.0153
2020-06-22,8967.3610
2020-06-23,9079.0366
2020-06-24,9100.3210
2020-06-29,9092.9103
2020-06-30,9255.9609
2020-07-01,9316.7766
2020-07-02,9372.8873
2020-07-03,9450.1760
2020-07-06,9730.0011
2020-07-07,9897.2627
2020-07-08,10045.9373
2020-07-09,10257.9656
2020-07-10,10242.4786
2020-07-13,10512.6919
2020-07-14,10409.4493
2020-07-15,10338.3542
2020-07-16,9881.9284
2020-07-17,10000.8268
2020-07-20,10165.7079
2020-07-21,10300.8319
2020-07-22,10388.2265
2020-07-23,10454.5949
2020-07-24,9962.6089
2020-07-27,9992.5534
2020-07-28,10129.2615
2020-07-29,10393.5319
2020-07-30,10375.0303
2020-07-31,10517.7345
2020-08-03,10696.0013
2020-08-04,10635.9999
2020-08-05,10741.0456
2020-08-06,10674.5116
2020-08-07,10569.4241
2020-08-10,10561.6824
2020-08-11,10451.4959
2020-08-12,10301.8451
2020-08-13,10289.1004
2020-08-14,10423.3019
2020-08-17,10573.9633
2020-08-18,10655.1598
2020-08-19,10474.7677
2020-08-20,10367.5653
2020-08-21,10480.3447
2020-08-24,10629.4013
2020-08-25,10630.8129
2020-08-26,10486.6755
2020-08-27,10591.4261
2020-08-28,10801.8993
2020-08-31,10751.9866
2020-09-01,10832.4741
2020-09-02,10845.7802
2020-09-03,10770.5165
2020-09-04,10659.6182
2020-09-07,10381.9318
2020-09-08,10354.8655
2020-09-09,10080.7823
2020-09-10,10069.0931
2020-09-11,10235.4231
2020-09-14,10306.7000
2020-09-15,10399.2556
2020-09-16,10327.4350
2020-09-17,10315.6179
2020-09-18,10458.7142
2020-09-21,10377.6279
2020-09-22,10294.1821
2020-09-23,10392.0322
2020-09-24,10193.6781
2020-09-25,10182.7181
2020-09-28,10190.1352
2020-09-29,10263.3452
2020-09-30,10294.7584
2020-10-09,10565.1386
2020-10-12,10821.0430
2020-10-13,10887.3540
2020-10-14,10839.7318
2020-10-15,10769.1095
2020-10-16,10716.9733
2020-10-19,10601.7332
2020-10-20,10722.7823
2020-10-21,10652.3163
2020-10-22,10591.7364
2020-10-23,10387.8142
2020-10-26,10420.4236
2020-10-27,10509.3691
2020-10-28,10622.4580
2020-10-29,10706.0270
2020-10-30,10561.4229
2020-11-02,10667.9592
2020-11-03,10751.6928
2020-11-04,10812.4459
2020-11-05,10980.2478
2020-11-06,10918.5896
2020-11-09,11091.5756
2020-11-10,11003.6615
2020-11-11,10831.1436
2020-11-12,10899.2374
2020-11-13,10863.4612
2020-11-16,10934.7010
2020-11-17,10840.3360
2020-11-18,10775.5360
2020-11-19,10851.7399
2020-11-20,10932.1174
2020-11-23,11005.9241
2020-11-24,10967.3487
2020-11-25,10783.1662
2020-11-26,10769.2150
2020-11-27,10836.7233
2020-11-30,10789.3401
2020-12-01,10962.5385
2020-12-02,10951.5640
2020-12-03,10958.6110
2020-12-04,11040.5828
2020-12-07,11038.0405
2020-12-08,11068.2038
2020-12-09,10951.6071
2020-12-10,10988.4734
2020-12-11,10905.7669
2020-12-14,11032.3178
2020-12-15,11080.0061
2020-12-16,11113.6262
2020-12-17,11218.3085
2020-12-18,11217.3593
2020-12-21,11405.7908
2020-12-22,11265.8994
2020-12-23,11383.8372
2020-12-24,11338.4855
2020-12-25,11470.8014
2020-12-28,11486.7050
2020-12-29,11393.3927
2020-12-30,11586.0211
2020-12-31,11795.0759
2021-01-04,12037.3986
2021-01-05,12212.5472
2021-01-06,12256.7465
2021-01-07,12416.6658
2021-01-08,12347.9259
2021-01-11,12234.0667
2021-01-12,12491.8722
2021-01-13,12379.5824
2021-01-14,12196.1031
2021-01-15,12194.6595
2021-01-18,12373.6606
2021-01-19,12221.0525
2021-01-20,12447.5802
2021-01-21,12635.3540
2021-01-22,12803.4675
2021-01-25,12943.7505
2021-01-26,12658.2096
2021-01-27,12679.3678
2021-01-28,12328.2649
2021-01-29,12257.7712
2021-02-01,12409.9923
2021-02-02,12655.2287
2021-02-03,12648.5301
2021-02-04,12562.5878
2021-02-05,12521.5578
2021-02-08,12706.8758
2021-02-09,12979.3036
2021-02-10,13231.4372
2021-02-18,13097.2717
2021-02-19,13020.5140
2021-02-22,12631.6259
2021-02-23,12584.5971
2021-02-24,12222.8006
2021-02-25,12234.3046
2021-02-26,11926.0963
2021-03-01,12170.4180
2021-03-02,12051.6317
2021-03-03,12206.8898
2021-03-04,11784.2205
2021-03-05,11745.9290
2021-03-08,11313.7864
2021-03-09,11085.6485
2021-03-10,11214.6206
2021-03-11,11470.6786
2021-03-12,11466.1782
2021-03-15,11203.9024
2021-03-16,11301.2318
2021-03-17,11406.5240
2021-03-18,11530.6427
2021-03-19,11298.9890
2021-03-22,11371.3627
2021-03-23,11234.9724
2021-03-24,11062.4288
2021-03-25,11102.0392
2021-03-26,11365.1138
2021-03-29,11387.7280
2021-03-30,11506.9556
2021-03-31,11415.2648
2021-04-01,11590.3051
2021-04-02,11705.5193
2021-04-06,11680.3557
2021-04-07,11589.9709
2021-04-08,11643.6970
2021-04-09,11510.8872
2021-04-12,11289.7798
2021-04-13,11290.5897
2021-04-14,11429.8162
2021-04-15,11398.7082
2021-04-16,11425.8330
2021-04-19,11669.9460
2021-04-20,11691.0749
2021-04-21,11721.3036
2021-04-22,11760.7795
2021-04-23,11877.9024
2021-04-26,11813.4924
2021-04-27,11873.4034
2021-04-28,11979.4724
2021-04-29,11992.0203
2021-04-30,11979.8754
2021-05-06,11864.5552
2021-05-07,11630.7881
2021-05-10,11626.7469
2021-05-11,11627.1124
2021-05-12,11710.5399
2021-05-13,11605.3908
2021-05-14,11781.9146
2021-05-17,11995.2155
2021-05-18,12006.4372
2021-05-19,12013.7235
2021-05-20,12059.4551
2021-05-21,12001.7888
2021-05-24,12051.8678
2021-05-25,12312.0578
2021-05-26,12279.1329
2021-05-27,12352.0028
2021-05-28,12323.1266
2021-05-31,12482.8332
2021-06-01,12527.4526
2021-06-02,12403.3573
2021-06-03,12330.4956
2021-06-04,12415.7484
2021-06-07,12448.0374
2021-06-08,12322.0278
2021-06-09,12351.6034
2021-06-10,12483.5037
2021-06-11,12440.6188
2021-06-15,12384.2077
2021-06-16,12100.2397
2021-06-17,12250.7808
2021-06-18,12353.3162
2021-06-21,12428.0590
2021-06-22,12491.1114
2021-06-23,12586.0067
2021-06-24,12523.9702
2021-06-25,12690.6295
2021-06-28,12782.6302
2021-06-29,12731.9870
2021-06-30,12854.3580
2021-07-01,12835.3501
2021-07-02,12538.1760
2021-07-05,12617.5096
2021-07-06,12517.4058
2021-07-07,12769.9183
2021-07-08,12718.2497
2021-07-09,12728.8660
2021-07-12,12962.8493
2021-07-13,12977.7320
2021-07-14,12875.3477
2021-07-15,13006.1899
2021-07-16,12844.6591
2021-07-19,12836.7722
2021-07-20,12863.3947
2021-07-21,13089.9114
2021-07-22,13132.0726
2021-07-23,12957.1241
2021-07-26,12684.9630
2021-07-27,12267.2078
2021-07-28,12310.1322
2021-07-29,12713.3502
2021-07-30,12634.8157
2021-08-02,12818.6203
2021-08-03,12684.9837
2021-08-04,12961.1740
2021-08-05,12919.4472
2021-08-06,12871.9279
2021-08-09,12878.9966
2021-08-10,12944.3700
2021-08-11,12934.0293
2021-08-12,12884.3855
2021-08-13,12819.1655
2021-08-16,12698.9688
2021-08-17,12414.6072
2021-08-18,12480.9759
2021-08-19,12558.3118
2021-08-20,12392.9009
2021-08-23,12638.1810
2021-08-24,12813.4137
2021-08-25,12875.3206
2021-08-26,12666.2182
2021-08-27,12744.3198
2021-08-30,12800.0187
2021-08-31,12757.5888
2021-09-01,12637.1274
2021-09-02,12680.1268
2021-09-03,12531.0349
2021-09-06,12736.1614
2021-09-07,12892.0522
2021-09-08,12807.6717
2021-09-09,12789.2064
2021-09-10,12906.1150
2021-09-13,12831.2597
2021-09-14,12821.9711
2021-09-15,12791.4404
2021-09-16,12525.9135
2021-09-17,12625.0177
2021-09-22,12600.8803
2021-09-23,12589.3423
2021-09-24,12547.3945
2021-09-27,12455.9590
2021-09-28,12440.1910
2021-09-29,12224.0309
2021-09-30,12452.3800
2021-10-08,12377.3577
2021-10-11,12328.5489
2021-10-12,12157.6636
2021-10-13,12362.4577
2021-10-14,12381.0276
2021-10-15,12498.7786
2021-10-18,12500.5233
2021-10-19,12594.1926
2021-10-20,12612.9708
2021-10-21,12576.2618
2021-10-22,12576.9612
2021-10-25,12711.5096
2021-10-26,12680.2454
2021-10-27,12629.2231
2021-10-28,12518.4790
2021-10-29,12680.1493
2021-11-01,12626.4688
2021-11-02,12576.3719
2021-11-03,12512.5236
2021-11-04,12644.6131
2021-11-05,12523.5345
2021-11-08,12569.1722
2021-11-09,12660.0584
2021-11-10,12611.0904
2021-11-11,12733.6623
2021-11-12,12798.0326
2021-11-15,12693.6002
2021-11-16,12669.4342
2021-11-17,12783.8563
2021-11-18,12723.0173
2021-11-19,12829.0026
2021-11-22,13001.1351
2021-11-23,12936.3788
2021-11-24,12903.9987
2021-11-25,12868.0680
2021-11-26,12855.0088
2021-11-29,12950.8085
2021-11-30,12926.7153
2021-12-01,12878.3477
2021-12-02,12824.6700
2021-12-03,12913.3699
2021-12-06,12749.0933
2021-12-07,12664.5026
2021-12-08,12885.1726
2021-12-09,12969.7525
2021-12-10,12984.4533
2021-12-13,13023.0754
2021-12-14,12972.4380
2021-12-15,12851.2871
2021-12-16,12903.4923
2021-12-17,12688.2772
2021-12-20,12458.6063
2021-12-21,12556.7374
2021-12-22,12624.0016
2021-12-23,12691.7309
2021-12-24,12567.6064
2021-12-27,12548.3584
2021-12-28,12638.1124
2021-12-29,12519.8742
2021-12-30,12621.8856
2021-12-31,12701.2050
2022-01-04,12519.4589
2022-01-05,12249.8354
2022-01-06,12213.4457
2022-01-07,12075.7088
2022-01-10,12118.8360
2022-01-11,11973.0522
2022-01-12,12162.8836
2022-01-13,11953.4908
2022-01-14,11992.0245
2022-01-17,12116.6609
2022-01-18,12150.1966
2022-01-19,12006.5842
2022-01-20,11976.3523
2022-01-21,11870.2803
2022-01-24,11941.2816
2022-01-25,11689.2712
2022-01-26,11747.8877
2022-01-27,11515.8753
2022-01-28,11429.8102
2022-02-07,11522.3633
2022-02-08,11369.3666
2022-02-09,11504.7186
2022-02-10,11417.6260
2022-02-11,11246.1959
2022-02-14,11181.6639
2022-02-15,11383.6478
2022-02-16,11414.1973
2022-02-17,11483.2071
2022-02-18,11479.0555
2022-02-21,11454.4085
2022-02-22,11349.0535
2022-02-23,11549.0646
2022-02-24,11359.0645
2022-02-25,11496.1531
2022-02-28,11547.1029
2022-03-01,11585.5633
2022-03-02,11484.8010
2022-03-03,11351.7319
2022-03-04,11229.1400
2022-03-07,10935.8372
2022-03-08,10714.5986
2022-03-09,10656.2965
2022-03-10,10856.5054
2022-03-11,10837.2186
2022-03-14,10515.6883
2022-03-15,10159.9964
2022-03-16,10556.3615
2022-03-17,10764.9572
2022-03-18,10767.5875
2022-03-21,10814.6180
2022-03-22,10775.5365
2022-03-23,10846.4730
2022-03-24,10779.1833
2022-03-25,10573.3092
2022-03-28,10491.2410
2022-03-29,10475.8046
2022-03-30,10719.2753
2022-03-31,10581.1234
2022-04-01,10641.6342
2022-04-06,10542.3625
2022-04-07,10397.8618
2022-04-08,10377.3956
2022-04-11,10065.3310
2022-04-12,10191.7092
2022-04-13,10079.2453
2022-04-14,10191.6761
2022-04-15,10157.3348
2022-04-18,10222.0965
2022-04-19,10153.5052
2022-04-20,9996.3055
2022-04-21,9776.7219
2022-04-22,9758.0268
2022-04-25,9304.3104
2022-04-26,9237.5172
2022-04-27,9561.3734
2022-04-28,9597.9812
2022-04-29,9879.0684
2022-05-05,9890.5311
2022-05-06,9693.3841
2022-05-09,9677.3440
2022-05-10,9802.9294
2022-05-11,9955.5155
2022-05-12,9935.7477
2022-05-13,10015.6578
2022-05-16,9977.2036
2022-05-17,10114.1837
2022-05-18,10095.4521
2022-05-19,10140.4310
2022-05-20,10283.8073
2022-05-23,10265.1979
2022-05-24,9995.3603
2022-05-25,10058.0528
2022-05-26,10089.4099
2022-05-27,10103.6017
2022-05-30,10217.0642
2022-05-31,10382.3149
2022-06-01,10378.9735
2022-06-02,10471.8843
2022-06-06,10719.0309
2022-06-07,10718.4624
2022-06-08,10799.8354
2022-06-09,10650.3583
2022-06-10,10828.0318
2022-06-13,10771.4839
2022-06-14,10770.3642
2022-06-15,10779.6882
2022-06-16,10798.1588
2022-06-17,10963.2212
2022-06-20,11055.6801
2022-06-21,11001.2408
2022-06-22,10905.9665
2022-06-23,11112.4967
2022-06-24,11274.9902
2022-06-27,11402.9733
2022-06-28,11492.2863
2022-06-29,11258.3195
2022-06-30,11436.1979
2022-07-01,11396.6373
2022-07-04,11522.3605
2022-07-05,11483.6494
2022-07-06,11382.6615
2022-07-07,11477.7149
2022-07-08,11393.7329
2022-07-11,11207.0802
2022-07-12,11050.7331
2022-07-13,11105.8076
2022-07-14,11236.4253
2022-07-15,11158.3144
2022-07-18,11235.0982
2022-07-19,11180.9273
2022-07-20,11271.3286
2022-07-21,11185.9007
2022-07-22,11152.9647
2022-07-25,11055.6803
2022-07-26,11169.0760
2022-07-27,11207.9247
2022-07-28,11211.1696
2022-07-29,11103.4625
2022-08-01,11208.2301
2022-08-02,11044.6301
2022-08-03,10939.6189
2022-08-04,10986.2557
2022-08-05,11097.8768
2022-08-08,11157.8241
2022-08-09,11209.1914
2022-08-10,11137.1691
2022-08-11,11255.1424
2022-08-12,11175.7147
2022-08-15,11246.5414
2022-08-16,11271.8302
2022-08-17,11315.2023
2022-08-18,11340.2322
2022-08-19,11180.3211
2022-08-22,11273.3346
2022-08-23,11286.6999
2022-08-24,10987.7294
2022-08-25,10991.1661
2022-08-26,10960.1362
2022-08-29,10989.7705
2022-08-30,10919.2541
2022-08-31,10720.4630
2022-09-01,10656.0537
2022-09-02,10647.1590
2022-09-05,10648.8282
2022-09-06,10815.2567
2022-09-07,10886.6928
2022-09-08,10823.6142
2022-09-09,10872.9763
2022-09-13,10874.9704
2022-09-14,10795.5431
2022-09-15,10546.7791
2022-09-16,10396.0263
2022-09-19,10341.0524
2022-09-20,10437.9419
2022-09-21,10340.2195
2022-09-22,10333.3332
2022-09-23,10206.9887
2022-09-26,10260.0745
2022-09-27,10418.2630
2022-09-28,10196.8197
2022-09-29,10232.5849
2022-09-30,10064.5636
2022-10-10,9831.0521
2022-10-11,9851.5246
2022-10-12,10034.7627
2022-10-13,10028.9167
2022-10-14,10256.2093
2022-10-17,10265.1014
2022-10-18,10318.9753
2022-10-19,10203.7292
2022-10-20,10130.8215
2022-10-21,10151.1057
2022-10-24,9989.0104
2022-10-25,9995.5723
2022-10-26,10128.1937
2022-10-27,10005.7781
2022-10-28,9778.5492
2022-10-31,9755.3866
2022-11-01,9992.6963
2022-11-02,10122.3926
2022-11-03,10142.7202
2022-11-04,10404.5458
2022-11-07,10380.8320
2022-11-08,10320.8045
2022-11-09,10246.6332
2022-11-10,10118.1019
2022-11-11,10264.5563
2022-11-14,10190.2314
2022-11-15,10390.2931
2022-11-16,10299.6746
2022-11-17,10274.0891
2022-11-18,10230.3855
2022-11-21,10219.2417
2022-11-22,10094.1077
2022-11-23,10098.6841
2022-11-24,10107.4103
2022-11-25,10007.6952
2022-11-28,9971.2439
2022-11-29,10118.8977
2022-11-30,10138.6752
2022-12-01,10243.2132
2022-12-02,10223.6592
2022-12-05,10262.5955
2022-12-06,10280.6739
2022-12-07,10250.2076
2022-12-08,10264.9324
2022-12-09,10321.5408
2022-12-12,10259.4571
2022-12-13,10177.1028
2022-12-14,10176.0752
2022-12-15,10188.4893
2022-12-16,10109.9027
2022-12-19,9995.1604
2022-12-20,9881.3932
2022-12-21,9845.7442
2022-12-22,9825.7398
2022-12-23,9770.5405
2022-12-26,9929.3476
2022-12-27,10040.2875
2022-12-28,10005.5609
2022-12-29,10015.1136
2022-12-30,10030.0669
2023-01-03,10158.8825
2023-01-04,10152.1102
2023-01-05,10311.8127
2023-01-06,10355.5920
2023-01-09,10409.3772
2023-01-10,10435.3086
2023-01-11,10370.4486
2023-01-12,10366.8966
2023-01-13,10439.2973
2023-01-16,10530.8901
2023-01-17,10537.3050
2023-01-18,10536.0029
2023-01-19,10603.6948
2023-01-20,10667.2412
2023-01-30,10716.9577
2023-01-31,10638.4504
2023-02-01,10742.4783
2023-02-02,10751.2239
2023-02-03,10703.5963
2023-02-06,10584.8995
2023-02-07,10580.6041
2023-02-08,10529.7732
2023-02-09,10684.2923
2023-02-10,10598.5117
2023-02-13,10706.6762
2023-02-14,10689.7464
2023-02-15,10649.7120
2023-02-16,10533.7338
2023-02-17,10398.8323
2023-02-20,10551.3232
2023-02-21,10534.9753
2023-02-22,10502.6335
2023-02-23,10500.3751
2023-02-24,10422.1034
2023-02-27,10395.5637
2023-02-28,10436.9459
2023-03-01,10525.0306
2023-03-02,10455.4251
2023-03-03,10458.7483
2023-03-06,10497.4788
2023-03-07,10328.8711
2023-03-08,10309.9014
2023-03-09,10292.6865
2023-03-10,10168.4245
2023-03-13,10247.2367
2023-03-14,10164.0985
2023-03-15,10152.5372
2023-03-16,10017.8621
2023-03-17,10040.8565
2023-03-20,9982.5983
2023-03-21,10113.1676
2023-03-22,10132.8833
2023-03-23,10200.4706
2023-03-24,10184.8070
2023-03-27,10178.4401
2023-03-28,10134.1894
2023-03-29,10170.2962
2023-03-30,10213.9716
2023-03-31,10283.3293
2023-04-03,10381.6382
2023-04-04,10355.7580
2023-04-06,10383.5960
2023-04-07,10477.7518
2023-04-10,10385.4602
2023-04-11,10377.6356
2023-04-12,10383.6650
2023-04-13,10315.0844
2023-04-14,10379.9554
2023-04-17,10420.8704
2023-04-18,10419.2239
2023-04-19,10363.3475
2023-04-20,10373.7025
2023-04-21,10147.7422
2023-04-24,10057.4090
2023-04-25,9955.3030
2023-04-26,9976.9127
2023-04-27,9987.4408
2023-04-28,10085.6405
2023-05-04,10035.7327
2023-05-05,9950.8404
2023-05-08,9977.8009
2023-05-09,9838.1104
2023-05-10,9818.1578
2023-05-11,9807.1772
2023-05-12,9703.9553
2023-05-15,9815.6457
2023-05-16,9775.2309
2023-05-17,9767.0393
2023-05-18,9807.9024
2023-05-19,9831.6435
2023-05-22,9858.4307
2023-05-23,9758.9087
2023-05-24,9711.2722
2023-05-25,9697.2939
2023-05-26,9746.9489
2023-05-29,9704.8368
2023-05-30,9754.1683
2023-05-31,9710.6261
2023-06-01,9723.8993
2023-06-02,9818.0323
2023-06-05,9807.4900
2023-06-06,9676.1062
2023-06-07,9662.4888
2023-06-08,9628.5609
2023-06-09,9723.9055
2023-06-12,9770.2520
2023-06-13,9833.0013
2023-06-14,9881.1345
2023-06-15,9978.0344
2023-06-16,10090.3479
2023-06-19,10114.7235
2023-06-20,10122.3562
2023-06-21,9909.2126
2023-06-26,9734.9224
2023-06-27,9823.8825
2023-06-28,9792.1919
2023-06-29,9812.6768
2023-06-30,9881.2004
2023-07-03,9908.7586
2023-07-04,9947.8756
2023-07-05,9841.1759
2023-07-06,9793.5724
2023-07-07,9725.7354
2023-07-10,9731.6461
2023-07-11,9806.3958
2023-07-12,9701.5581
2023-07-13,9831.0171
2023-07-14,9828.7219
2023-07-17,9785.6933
2023-07-18,9741.2586
2023-07-19,9706.6401
2023-07-20,9584.1725
2023-07-21,9565.1920
2023-07-24,9545.7668
2023-07-25,9719.4316
2023-07-26,9660.4242
2023-07-27,9627.8584
2023-07-28,9730.0815
2023-07-31,9763.3398
2023-08-01,9740.9637
2023-08-02,9693.5629
2023-08-03,9717.2084
2023-08-04,9768.5536
2023-08-07,9710.0058
2023-08-08,9671.2074
2023-08-09,9612.5345
2023-08-10,9621.3527
2023-08-11,9464.9815
2023-08-14,9457.6483
2023-08-15,9387.4868
2023-08-16,9286.9128
2023-08-17,9361.1573
2023-08-18,9216.7876
2023-08-21,9126.1532
2023-08-22,9197.5897
2023-08-23,9045.1429
2023-08-24,9134.5853
2023-08-25,9003.3177
2023-08-28,9051.0933
2023-08-29,9269.6389
2023-08-30,9322.5884
2023-08-31,9283.0331
2023-09-01,9303.4680
2023-09-04,9391.5779
2023-09-05,9327.8240
2023-09-06,9329.9337
2023-09-07,9188.1750
2023-09-08,9185.4770
2023-09-11,9258.9185
2023-09-12,9236.9230
2023-09-13,9154.5602
2023-09-14,9112.5155
2023-09-15,9097.4263
2023-09-18,9114.4162
2023-09-19,9072.6818
2023-09-20,9012.9355
2023-09-21,8940.5702
2023-09-22,9093.3463
2023-09-25,9055.9993
2023-09-26,9023.3788
2023-09-27,9064.9181
2023-09-28,9075.6513
2023-10-09,9052.3158
2023-10-10,8998.9435
2023-10-11,9037.9208
2023-10-12,9080.7072
2023-10-13,8999.0294
2023-10-16,8910.5833
2023-10-17,8922.1837
2023-10-18,8823.2009
2023-10-19,8706.6233
2023-10-20,8617.9520
2023-10-23,8505.7089
2023-10-24,8574.9892
2023-10-25,8603.3251
2023-10-26,8621.3105
2023-10-27,8768.5739
2023-10-30,8887.7266
2023-10-31,8837.5899
2023-11-01,8824.4375
2023-11-02,8748.5694
2023-11-03,8857.6490
2023-11-06,9009.4859
2023-11-07,9003.3612
2023-11-08,9016.1021
2023-11-09,8980.6420
2023-11-10,8938.4682
2023-11-13,8959.6005
2023-11-14,8982.2252
2023-11-15,9043.6852
2023-11-16,8951.7087
2023-11-17,8990.8118
2023-11-20,9039.8072
2023-11-21,8998.4311
2023-11-22,8899.6647
2023-11-23,8978.8618
2023-11-24,8886.8666
2023-11-27,8898.3759
2023-11-28,8927.7955
2023-11-29,8876.8161
2023-11-30,8872.1802
2023-12-01,8861.9896
2023-12-04,8804.3019
2023-12-05,8662.9158
2023-12-06,8693.3610
2023-12-07,8671.7400
2023-12-08,8695.1816
2023-12-11,8770.4628
2023-12-12,8775.3938
2023-12-13,8683.1945
2023-12-14,8650.5621
2023-12-15,8613.4576
2023-12-18,8545.6470
2023-12-19,8555.6591
2023-12-20,8466.9270
2023-12-21,8513.0232
2023-12-22,8442.8168
2023-12-25,8467.3433
2023-12-26,8385.2682
2023-12-27,8443.7836
2023-12-28,8577.2620
2023-12-29,8673.7176
2024-01-02,8587.5232
2024-01-03,8517.2355
2024-01-04,8458.0157
2024-01-05,8338.7707
2024-01-08,8194.0775
2024-01-09,8215.8288
2024-01-10,8175.3799
2024-01-11,8259.2191
2024-01-12,8213.7493
2024-01-15,8201.7507
2024-01-16,8199.0804
2024-01-17,7999.5683
2024-01-18,8057.2525
2024-01-19,7992.0195
2024-01-22,7719.7279
2024-01-23,7796.2835
2024-01-24,7849.0621
2024-01-25,7999.0744
2024-01-26,7893.8506
2024-01-29,7754.6313
2024-01-30,7597.6140
2024-01-31,7454.2014
2024-02-01,7470.8556
2024-02-02,7330.6483
2024-02-05,7222.3123
2024-02-06,7547.8159
2024-02-07,7679.2540
2024-02-08,7818.8360
2024-02-19,7919.8235
2024-02-20,7945.0904
2024-02-21,7987.4749
2024-02-22,8069.4233
2024-02-23,8119.5881
2024-02-26,8130.4101
2024-02-27,8279.1941
2024-02-28,8051.7282
2024-02-29,8254.7092
2024-03-01,8316.2806
2024-03-04,8377.5966
2024-03-05,8337.8651
2024-03-06,8345.8303
2024-03-07,8261.0782
2024-03-08,8357.5520
2024-03-11,8467.8503
2024-03-12,8491.9262
2024-03-13,8499.4451
2024-03-14,8472.8054
2024-03-15,8526.4027
2024-03-18,8625.3536
2024-03-19,8565.7394
2024-03-20,8586.9843
2024-03-21,8577.2870
2024-03-22,8497.1497
2024-03-25,8404.0406
2024-03-26,8393.4027
2024-03-27,8253.7461
2024-03-28,8342.0405
2024-03-29,8401.6523
2024-04-01,8519.9920
2024-04-02,8487.7158
2024-04-03,8455.9381
2024-04-08,8369.1353
2024-04-09,8400.0607
2024-04-10,8326.4722
2024-04-11,8344.2383
2024-04-12,8330.4552
2024-04-15,8379.1846
2024-04-16,8192.7571
2024-04-17,8360.4776
2024-04-18,8363.1836
2024-04-19,8302.6608
2024-04-22,8276.4722
2024-04-23,8256.5194
2024-04-24,8353.7179
2024-04-25,8353.4050
2024-04-26,8497.0480
2024-04-29,8598.8699
2024-04-30,8578.6502
2024-05-06,8735.4748
2024-05-07,8728.7596
2024-05-08,8648.5573
2024-05-09,8760.0159
2024-05-10,8739.7243
2024-05-13,8719.8142
2024-05-14,8725.2541
2024-05-15,8673.3921
2024-05-16,8676.5526
2024-05-17,8726.8750
2024-05-20,8785.6879
2024-05-21,8716.2376
2024-05-22,8701.7979
2024-05-23,8593.8535
2024-05-24,8500.0406
2024-05-27,8591.8981
2024-05-28,8530.1767
2024-05-29,8527.3297
2024-05-30,8490.6307
2024-05-31,8480.5542
2024-06-03,8508.5711
2024-06-04,8576.4387
2024-06-05,8496.6912
2024-06-06,8468.4855
2024-06-07,8429.7371
2024-06-11,8422.0409
2024-06-12,8440.5040
2024-06-13,8438.6251
2024-06-14,8458.7753
2024-06-17,8464.9969
2024-06-18,8498.0752
2024-06-19,8461.9882
2024-06-20,8403.8585
2024-06-21,8386.8840
2024-06-24,8267.7875
2024-06-25,8206.7988
2024-06-26,8286.1000
2024-06-27,8166.1773
2024-06-28,8211.4852
2024-07-01,8260.7134
2024-07-02,8184.2401
2024-07-03,8145.1971
2024-07-04,8093.5739
2024-07-05,8123.2180
2024-07-08,8041.3408
2024-07-09,8162.6562
2024-07-10,8130.7344
2024-07-11,8241.9849
2024-07-12,8238.1701
2024-07-15,8201.4142
2024-07-16,8236.0247
2024-07-17,8160.7331
2024-07-18,8200.7613
2024-07-19,8183.8386
2024-07-22,8179.1538
2024-07-23,7982.0570
2024-07-24,7914.0514
2024-07-25,7842.8779
2024-07-26,7906.2961
2024-07-29,7875.9226
2024-07-30,7826.7748
2024-07-31,8034.7160
2024-08-01,7996.4626
2024-08-02,7885.5174
2024-08-05,7731.7116
2024-08-06,7796.5206
2024-08-07,7808.7929
2024-08-08,7800.5808
2024-08-09,7787.0065
2024-08-12,7781.0494
2024-08-13,7808.3477
2024-08-14,7730.2481
2024-08-15,7757.2457
2024-08-16,7767.4382
2024-08-19,7776.5235
2024-08-20,7698.0060
2024-08-21,7690.0485
2024-08-22,7664.9444
2024-08-23,7654.9129
2024-08-26,7650.0800
2024-08-27,7604.7954
2024-08-28,7587.1087
2024-08-29,7636.3445
2024-08-30,7746.1990
2024-09-02,7617.3700
2024-09-03,7665.4129
2024-09-04,7622.3006
2024-09-05,7633.3522
2024-09-06,7541.6643
2024-09-09,7480.2297
2024-09-10,7491.4194
2024-09-11,7512.3489
2024-09-12,7481.8024
2024-09-13,7456.7505
2024-09-18,7477.4109
2024-09-19,7525.6199
2024-09-20,7516.4414
2024-09-23,7499.8884
2024-09-24,7744.9263
2024-09-25,7781.7477
2024-09-26,8044.7224
2024-09-27,8396.8832
2024-09-30,9088.2150
2024-10-08,9620.5225
2024-10-09,9049.1536
2024-10-10,9085.4574
2024-10-11,8845.7341
2024-10-14,8999.0557
2024-10-15,8790.0048
2024-10-16,8741.8292
2024-10-17,8692.6719
2024-10-18,9030.6489
2024-10-21,9079.1039
2024-10-22,9135.3648
2024-10-23,9148.1429
2024-10-24,9063.6874
2024-10-25,9149.2167
2024-10-28,9181.1181
2024-10-29,9087.8199
2024-10-30,9041.1002
2024-10-31,9042.0639
2024-11-01,8972.4349
2024-11-04,9100.2650
2024-11-05,9305.0205
2024-11-06,9267.5941
2024-11-07,9424.2441
2024-11-08,9401.5425
2024-11-11,9520.4014
2024-11-12,9410.2828
2024-11-13,9435.2434
2024-11-14,9226.1690
2024-11-15,9054.7828
2024-11-18,8940.6265
2024-11-19,9073.4833
2024-11-20,9149.6188
2024-11-21,9141.8396
2024-11-22,8880.4558
2024-11-25,8868.1042
2024-11-26,8826.9918
2024-11-27,9006.0366
2024-11-28,8930.0427
2024-11-29,9052.0625
2024-12-02,9156.4487
2024-12-03,9140.3327
2024-12-04,9063.8557
2024-12-05,9077.1100
2024-12-06,9161.0131
2024-12-09,9169.0248
2024-12-10,9207.5032
2024-12-11,9246.0439
2024-12-12,9326.5751
2024-12-13,9167.2102
2024-12-16,9073.3517
2024-12-17,9013.7974
2024-12-18,9057.6808
2024-12-19,9076.6548
2024-12-20,9104.6879
2024-12-23,9012.5255
2024-12-24,9112.1780
2024-12-25,9074.2353
2024-12-26,9141.6056
2024-12-27,9116.7928
2024-12-30,9111.1396
2024-12-31,8972.9714
2025-01-02,8786.9401
2025-01-03,8673.2155
2025-01-06,8656.5754
2025-01-07,8750.8227
2025-01-08,8739.7105
2025-01-09,8756.2899
2025-01-10,8643.5532
2025-01-13,8617.3631
2025-01-14,8870.2525
2025-01-15,8812.4044
2025-01-16,8837.9087
2025-01-17,8909.5033
2025-01-20,8984.5242
2025-01-21,9053.0478
2025-01-22,9006.1023
2025-01-23,8949.2446
2025-01-24,9068.7233
2025-01-27,8986.6681
2025-02-05,8964.5347
2025-02-06,9142.8490
2025-02-07,9250.3776
2025-02-10,9301.1317
2025-02-11,9258.4706
2025-02-12,9363.8941
2025-02-13,9254.8250
2025-02-14,9356.2525
2025-02-17,9402.0126
2025-02-18,9320.4405
2025-02-19,9461.6000
2025-02-20,9474.4169
2025-02-21,9672.8775
2025-02-24,9634.4730
2025-02-25,9564.9986
2025-02-26,9683.7096
2025-02-27,9660.9629
2025-02-28,9371.9782
2025-03-03,9373.9627
2025-03-04,9422.5491
2025-03-05,9517.4365
2025-03-06,9692.8494
2025-03-07,9679.7654
2025-03-10,9644.2394
2025-03-11,9669.3413
2025-03-12,9643.7870
2025-03-13,9541.5851
2025-03-14,9723.4193
2025-03-17,9731.9208
2025-03-18,9814.2288
2025-03-19,9770.5910
2025-03-20,9692.1050
2025-03-21,9505.1014
2025-03-24,9537.3053
2025-03-25,9442.2443
2025-03-26,9463.5985
2025-03-27,9506.9777
2025-03-28,9450.8911
2025-03-31,9390.5172
2025-04-01,9435.1121
2025-04-02,9448.4562
2025-04-03,9314.3773
2025-04-07,8461.6758
2025-04-08,8525.2160
2025-04-09,8666.6856
2025-04-10,8846.4072
2025-04-11,8954.8884
2025-04-14,9044.9993
2025-04-15,9024.8336
2025-04-16,8940.3181
2025-04-17,8969.2910
2025-04-18,8951.7078
2025-04-21,9068.7280
2025-04-22,9084.1675
2025-04-23,9147.0121
2025-04-24,9121.5052
2025-04-25,9121.8101
2025-04-28,9092.1563
2025-04-29,9125.5978
2025-04-30,9177.8962
2025-05-06,9319.8438
2025-05-07,9302.3989
2025-05-08,9331.6507
2025-05-09,9275.5377
2025-05-12,9384.8246
2025-05-13,9357.1070
2025-05-14,9390.0525
2025-05-15,9294.7297
2025-05-16,9303.6188
2025-05-19,9308.9312
2025-05-20,9391.3942
2025-05-21,9420.9714
2025-05-22,9364.4419
2025-05-23,9309.9711
2025-05-26,9280.9857
2025-05-27,9254.0476
2025-05-28,9243.7543
2025-05-29,9349.9209
2025-05-30,9275.0599
2025-06-03,9337.1855
2025-06-04,9427.2653
2025-06-05,9469.4792
2025-06-06,9454.5645
2025-06-09,9536.3705
2025-06-10,9496.6122
2025-06-11,9544.1101
2025-06-12,9565.3684
2025-06-13,9478.5238
2025-06-16,9513.5101
2025-06-17,9449.9452
2025-06-18,9467.5368
2025-06-19,9354.0424
2025-06-20,9322.2858
2025-06-23,9370.9573
2025-06-24,9502.7558
2025-06-25,9606.6456
2025-06-26,9566.9475
2025-06-27,9589.2289
2025-06-30,9677.8027
2025-07-01,9714.2410
2025-07-02,9646.7396
2025-07-03,9717.6367
2025-07-04,9709.5432
2025-07-07,9673.3924
2025-07-08,9783.7964
2025-07-09,9758.4123
2025-07-10,9762.8710
2025-07-11,9791.2135
2025-07-14,9837.4744
2025-07-15,9921.2853
2025-07-16,9924.9283
2025-07-17,10051.2613
2025-07-18,10090.6541
2025-07-21,10148.8649
2025-07-22,10186.4678
2025-07-23,10188.0511
2025-07-24,10269.9042
2025-07-25,10272.8711
2025-07-28,10341.3229
2025-07-29,10449.8945
2025-07-30,10380.0134
2025-07-31,10286.2141
2025-08-01,10233.2867
2025-08-04,10327.0017
2025-08-05,10399.9967
2025-08-06,10468.4396
2025-08-07,10444.0170
2025-08-08,10410.0063
2025-08-11,10494.3630
2025-08-12,10543.1818
2025-08-13,10738.0521
2025-08-14,10654.8607
2025-08-15,10810.4825
2025-08-18,10949.4690
2025-08-19,10940.1744
2025-08-20,11009.2793
2025-08-21,10984.7683
2025-08-22,11190.8203
2025-08-25,11405.9648
2025-08-26,11365.9022
2025-08-27,11224.7874
2025-08-28,11425.2957
2025-08-29,11511.2198
2025-09-01,11664.6142
2025-09-02,11457.9555
2025-09-03,11425.3819
2025-09-04,11090.7353
2025-09-05,11442.0180
2025-09-08,11472.5908
2025-09-09,11404.6161
2025-09-10,11447.1933
2025-09-11,11704.2194
2025-09-12,11716.6358
2025-09-15,11714.8277
2025-09-16,11765.9478
2025-09-17,11873.2686
2025-09-18,11808.5074
2025-09-19,11795.1051
2025-09-22,11889.6132
2025-09-23,11840.5264
2025-09-24,11994.9444
2025-09-25,12034.0221
2025-09-26,11850.8268
2025-09-29,12037.1068
2025-09-30,12146.3407
2025-10-09,12239.4073
2025-10-10,11962.1549
2025-10-13,11892.3264
2025-10-14,11577.5626
2025-10-15,11800.7041
2025-10-16,11766.0725
2025-10-17,11441.8726
2025-10-20,11550.9901
2025-10-21,11752.1301
2025-10-22,11685.8418
2025-10-23,11649.3970
2025-10-24,11878.9503
2025-10-27,12053.7957
2025-10-28,11990.0704
2025-10-29,12130.4071
2025-10-30,11998.5464
2025-10-31,11886.5381
2025-11-03,11910.3391
2025-11-04,11732.4193
2025-11-05,11771.2358
2025-11-06,11970.8609
2025-11-07,11894.1808
2025-11-10,11925.8756
2025-11-11,11851.0285
2025-11-12,11840.8401
2025-11-13,12002.0594
2025-11-14,11809.3679
2025-11-17,11758.5790
2025-11-18,11639.4446
2025-11-19,11632.5195
2025-11-20,11570.5966
2025-11-21,11219.9329
2025-11-24,11294.3047
2025-11-25,11436.3456
2025-11-26,11517.0614
2025-11-27,11515.0267
2025-11-28,11595.7646
2025-12-01,11683.0103
2025-12-02,11609.3137
2025-12-03,11551.2496
2025-12-04,11597.1406
2025-12-05,11701.9368
2025-12-08,11808.2913
2025-12-09,11749.2124
2025-12-10,11777.8264
2025-12-11,11662.9461
2025-12-12,11784.8918
2025-12-15,11657.1151
2025-12-16,11490.3623
2025-12-17,11723.4696
2025-12-18,11641.4019
2025-12-19,11712.9351
2025-12-22,11869.3387
2025-12-23,11889.8281
2025-12-24,11969.1736
2025-12-25,12006.1836
2025-12-26,12026.9936
2025-12-29,11969.1139
2025-12-30,12006.4723
2025-12-31,11950.6863
2026-01-05,12228.9125
2026-01-06,12374.2085
2026-01-07,12445.3942
2026-01-08,12399.3483
2026-01-09,12523.3812
2026-01-12,12653.3710
2026-01-13,12566.2089
2026-01-14,12627.8811
2026-01-15,12675.4067
2026-01-16,12713.3972
2026-01-19,12750.0928
2026-01-20,12666.0564
2026-01-21,12799.8576
2026-01-22,12828.6331
2026-01-23,12922.7258
2026-01-26,12850.4677
2026-01-27,12933.3433
2026-01-28,13022.8765
2026-01-29,12932.8103
2026-01-30,12825.0698
2026-02-02,12435.5981
2026-02-03,12691.5665
2026-02-04,12697.3483
2026-02-05,12552.9988
2026-02-06,12518.6297
2026-02-09,12768.2202
2026-02-10,12796.6748
2026-02-11,12782.9828
2026-02-12,12877.0801
2026-02-13,12708.7077
2026-02-24,12812.9762
2026-02-25,12923.8195
2026-02-26,12933.7594
2026-02-27,12959.0416
2026-03-02,12929.3232
2026-03-03,12537.8094
2026-03-04,12432.3069
2026-03-05,12532.3049
2026-03-06,12608.7368
2026-03-09,12455.2572
2026-03-10,12699.7549
2026-03-11,12695.4080
2026-03-12,12605.0111
2026-03-13,12491.8744
2026-03-16,12502.0429
2026-03-17,12295.2136
2026-03-18,12414.4550
2026-03-19,12124.4701
2026-03-20,12058.8181
2026-03-23,11646.2999
2026-03-24,11879.0379
2026-03-25,12059.6275
2026-03-26,11893.0846
2026-03-27,12019.7208
2026-03-30,12035.8297
2026-03-31,11842.1426
2026-04-01,12112.0635
2026-04-02,11974.4903
2026-04-03,11922.2937
2026-04-07,11958.5371
2026-04-08,12407.8727
2026-04-09,12383.3512
2026-04-10,12529.4523
2026-04-13,12524.4352
2026-04-14,12667.7507
2026-04-15,12631.3918
2026-04-16,12848.7281
2026-04-17,12895.5342
2026-04-20,12938.6847
2026-04-21,12964.8294
2026-04-22,13103.7692
2026-04-23,12969.3013
2026-04-24,12948.4678
2026-04-27,13003.0445
2026-04-28,12901.1861
2026-04-29,13082.5444
2026-04-30,13124.9740
2026-05-06,13359.6904
2026-05-07,13521.9617
2026-05-08,13467.5151
2026-05-11,13664.4620
2026-05-12,13656.3596
2026-05-13,13794.6382
2026-05-14,13550.0528
2026-05-15,13394.5132
2026-05-18,13360.4723
2026-05-19,13445.3431
2026-05-20,13550.3265
2026-05-21,13236.8233
2026-05-22,13498.3640
2026-05-25,13671.4576
2026-05-26,13625.7951
2026-05-27,13478.6254
2026-05-28,13565.2844
2026-05-29,13358.1941
2026-06-01,13179.4335
2026-06-02,13352.0932
2026-06-03,13428.1980
2026-06-04,13425.4063
2026-06-05,13175.7389
2026-06-08,12856.2480
2026-06-09,13171.1947
2026-06-10,13002.1744
2026-06-11,12986.4675
2026-06-12,13074.1911
2026-06-15,13495.4906
2026-06-16,13550.7948
2026-06-17,13710.2973
2026-06-18,13829.1166
2026-06-22,14005.7321
2026-06-23,13690.1749
2026-06-24,13910.7047
2026-06-25,14080.5970
2026-06-26,13751.3769
2026-06-29,13905.0422
2026-06-30,14122.9619
2026-07-01,14068.8454
2026-07-02,13630.4335
2026-07-03,13728.4556
2026-07-06,13650.9455
2026-07-07,13471.6293
2026-07-08,13336.7399
2026-07-09,13669.2975
2026-07-10,13394.9607
2026-07-13,13012.2826
2026-07-14,13302.3615
2026-07-15,13211.7026
2026-07-16,12964.0326
2026-07-17,12301.8494
2026-07-20,12236.2128
2026-07-21,12751.1857
2026-07-22,12616.7514
2026-07-23,12612.0167
2026-07-24,12395.8648
2026-07-27,12671.1133
2026-07-28,12223.9913
2026-07-29,12301.0790
2026-07-30,11956.1910
2026-07-31,12172.5947
2026-08-03,12027.0003
2026-08-04,12354.2425
2026-08-05,12633.3528
2026-08-06,12667.7742
2026-08-07,12914.7546
2026-08-10,12959.2557
2026-08-11,12864.4718
2026-08-12,12990.1528
2026-08-13,12900.0528
2026-08-14,12958.4771
2026-08-17,13278.8071
2026-08-18,13255.3661
2026-08-19,12719.2651
2026-08-20,12818.7701
2026-08-21,12896.9595
2026-08-24,12651.7059
2026-08-25,12660.1887
2026-08-26,12723.6382
2026-08-27,12932.2114
2026-08-28,12848.0767
2026-08-31,12899.7592
2026-09-01,12752.8367
2026-09-02,12606.6458
2026-09-03,12647.5173
2026-09-04,12536.2730
2026-09-07,12726.4104
2026-09-08,12698.9502
2026-09-09,12702.9491
2026-09-10,12591.2994
2026-09-11,12448.6645
2026-09-14,12427.8858
2026-09-15,12382.8856
2026-09-16,12550.6761
2026-09-17,12523.0180
2026-09-18,12724.1974
2026-09-21,12835.6278
2026-09-22,12803.5080
2026-09-23,12782.9767
2026-09-24,12533.5768
