date,close
1999-01-04,831.49
1999-01-05,827.55
1999-01-06,837.39
1999-01-07,841.16
1999-01-08,864.94
1999-01-11,867.41
1999-01-12,857.32
1999-01-13,850.78
1999-01-14,850.25
1999-01-15,841.84
1999-01-18,855.81
1999-01-19,860.92
1999-01-20,855.46
1999-01-21,861.97
1999-01-22,863.40
1999-01-25,852.06
1999-01-26,844.87
1999-01-27,851.55
1999-01-28,846.65
1999-01-29,844.18
1999-02-01,835.48
1999-02-02,839.35
1999-02-03,831.97
1999-02-04,820.02
1999-02-05,802.35
1999-02-08,789.43
1999-02-09,807.97
1999-03-01,815.17
1999-03-02,816.13
1999-03-03,836.29
1999-03-04,837.37
1999-03-05,842.42
1999-03-08,849.28
1999-03-09,846.70
1999-03-10,844.44
1999-03-11,857.87
1999-03-12,862.34
1999-03-15,866.41
1999-03-16,867.10
1999-03-17,860.79
1999-03-18,854.57
1999-03-19,870.11
1999-03-22,869.56
1999-03-23,869.49
1999-03-24,868.25
1999-03-25,858.39
1999-03-26,861.18
1999-03-29,867.67
1999-03-30,858.30
1999-03-31,860.41
1999-04-01,865.26
1999-04-02,874.54
1999-04-05,881.58
1999-04-06,883.75
1999-04-07,884.69
1999-04-08,883.92
1999-04-09,881.23
1999-04-12,872.11
1999-04-13,863.09
1999-04-14,866.88
1999-04-15,855.67
1999-04-16,852.58
1999-04-19,850.27
1999-04-20,857.55
1999-04-21,841.00
1999-04-22,836.49
1999-04-23,842.39
1999-04-26,825.15
1999-04-27,809.39
1999-04-28,808.32
1999-04-29,824.89
1999-04-30,829.17
1999-05-04,823.22
1999-05-05,825.14
1999-05-06,833.36
1999-05-07,824.90
1999-05-10,788.77
1999-05-11,804.84
1999-05-12,805.65
1999-05-13,797.09
1999-05-14,776.84
1999-05-17,774.84
1999-05-18,770.65
1999-05-19,807.52
1999-05-20,833.49
1999-05-21,844.19
1999-05-24,877.46
1999-05-25,868.32
1999-05-26,892.44
1999-05-27,925.87
1999-05-28,921.23
1999-05-31,923.24
1999-06-01,945.11
1999-06-02,932.40
1999-06-03,918.02
1999-06-04,933.00
1999-06-07,961.81
1999-06-08,966.57
1999-06-09,978.12
1999-06-10,988.69
1999-06-11,995.95
1999-06-14,1034.54
1999-06-15,999.22
1999-06-16,1053.36
1999-06-17,1086.60
1999-06-18,1090.90
1999-06-21,1128.94
1999-06-22,1145.13
1999-06-23,1177.21
1999-06-24,1217.17
1999-06-25,1176.96
1999-06-28,1254.06
1999-06-29,1289.87
1999-06-30,1254.30
1999-07-01,1157.05
1999-07-02,1199.22
1999-07-05,1172.82
1999-07-06,1124.00
1999-07-07,1164.47
1999-07-08,1172.83
1999-07-09,1178.44
1999-07-12,1160.31
1999-07-13,1128.55
1999-07-14,1157.01
1999-07-15,1149.11
1999-07-16,1123.19
1999-07-19,1087.51
1999-07-20,1162.43
1999-07-21,1184.49
1999-07-22,1137.53
1999-07-23,1160.95
1999-07-26,1172.14
1999-07-27,1166.48
1999-07-28,1173.14
1999-07-29,1172.29
1999-07-30,1175.19
1999-08-02,1188.29
1999-08-03,1193.35
1999-08-04,1207.26
1999-08-05,1208.82
1999-08-06,1202.72
1999-08-09,1191.31
1999-08-10,1171.92
1999-08-11,1156.95
1999-08-12,1150.57
1999-08-13,1146.82
1999-08-16,1134.89
1999-08-17,1146.76
1999-08-18,1148.01
1999-08-19,1190.66
1999-08-20,1184.51
1999-08-23,1192.90
1999-08-24,1196.38
1999-08-25,1180.36
1999-08-26,1187.93
1999-08-27,1187.91
1999-08-30,1178.56
1999-08-31,1184.34
1999-09-01,1163.96
1999-09-02,1173.35
1999-09-03,1157.83
1999-09-06,1140.88
1999-09-07,1143.12
1999-09-08,1150.26
1999-09-09,1222.18
1999-09-10,1212.79
1999-09-13,1221.08
1999-09-14,1222.41
1999-09-15,1213.56
1999-09-16,1201.94
1999-09-17,1203.60
1999-09-20,1192.05
1999-09-21,1187.42
1999-09-22,1182.93
1999-09-23,1173.89
1999-09-24,1184.48
1999-09-27,1172.88
1999-09-28,1165.08
1999-09-29,1161.51
1999-09-30,1153.79
1999-10-08,1130.12
1999-10-11,1122.19
1999-10-12,1132.26
1999-10-13,1110.70
1999-10-14,1107.89
1999-10-15,1133.22
1999-10-18,1102.51
1999-10-19,1078.06
1999-10-20,1087.45
1999-10-21,1065.02
1999-10-22,1094.80
1999-10-25,1074.48
1999-10-26,1086.33
1999-10-27,1124.47
1999-10-28,1106.65
1999-10-29,1100.24
1999-11-01,1090.42
1999-11-02,1088.39
1999-11-03,1081.71
1999-11-04,1072.04
1999-11-05,1072.99
1999-11-08,1080.52
1999-11-09,1075.18
1999-11-10,1064.58
1999-11-11,1059.70
1999-11-12,1063.05
1999-11-15,1062.97
1999-11-16,1049.02
1999-11-17,1069.80
1999-11-18,1085.96
1999-11-19,1075.34
1999-11-22,1071.32
1999-11-23,1074.41
1999-11-24,1066.35
1999-11-25,1058.69
1999-11-26,1060.20
1999-11-29,1052.39
1999-11-30,1052.30
1999-12-01,1061.86
1999-12-02,1052.87
1999-12-03,1053.17
1999-12-06,1046.25
1999-12-07,1047.23
1999-12-08,1043.64
1999-12-09,1038.24
1999-12-10,1049.07
1999-12-13,1039.02
1999-12-14,1044.02
1999-12-15,1065.16
1999-12-16,1052.86
1999-12-17,1040.99
1999-12-21,1023.44
1999-12-22,1017.77
1999-12-23,1003.92
1999-12-24,993.16
1999-12-27,984.78
1999-12-28,986.30
1999-12-29,992.98
1999-12-30,1000.00
2000-01-04,1031.03
2000-01-05,1034.44
2000-01-06,1076.51
2000-01-07,1117.78
2000-01-10,1141.03
2000-01-11,1094.07
2000-01-12,1063.97
2000-01-13,1054.83
2000-01-14,1043.94
2000-01-17,1063.11
2000-01-18,1059.66
2000-01-19,1073.34
2000-01-20,1093.39
2000-01-21,1097.01
2000-01-24,1112.87
2000-01-25,1112.18
2000-01-26,1115.34
2000-01-27,1137.14
2000-01-28,1160.79
2000-02-14,1267.00
2000-02-15,1274.37
2000-02-16,1299.85
2000-02-17,1254.23
2000-02-18,1278.27
2000-02-21,1283.82
2000-02-22,1244.71
2000-02-23,1211.08
2000-02-24,1245.93
2000-02-25,1245.04
2000-02-28,1301.92
2000-02-29,1302.49
2000-03-01,1294.07
2000-03-02,1303.78
2000-03-03,1320.55
2000-03-06,1268.96
2000-03-07,1282.61
2000-03-08,1306.91
2000-03-09,1308.34
2000-03-10,1288.48
2000-03-13,1307.55
2000-03-14,1280.24
2000-03-15,1282.18
2000-03-16,1222.70
2000-03-17,1265.12
2000-03-20,1298.30
2000-03-21,1306.08
2000-03-22,1316.94
2000-03-23,1338.77
2000-03-24,1326.77
2000-03-27,1364.60
2000-03-28,1374.49
2000-03-29,1369.85
2000-03-30,1385.66
2000-03-31,1374.59
2000-04-03,1369.95
2000-04-04,1340.62
2000-04-05,1350.87
2000-04-06,1379.59
2000-04-07,1388.77
2000-04-10,1395.00
2000-04-11,1392.69
2000-04-12,1380.20
2000-04-13,1394.29
2000-04-14,1393.50
2000-04-17,1363.02
2000-04-18,1376.25
2000-04-19,1387.59
2000-04-20,1397.16
2000-04-21,1391.46
2000-04-24,1385.12
2000-04-25,1382.87
2000-04-26,1383.56
2000-04-27,1366.77
2000-04-28,1392.42
2000-05-08,1393.16
2000-05-09,1370.68
2000-05-10,1328.81
2000-05-11,1304.94
2000-05-12,1303.21
2000-05-15,1288.76
2000-05-16,1305.57
2000-05-17,1306.35
2000-05-18,1333.57
2000-05-19,1351.00
2000-05-22,1385.42
2000-05-23,1387.74
2000-05-24,1405.72
2000-05-25,1425.39
2000-05-26,1425.09
2000-05-29,1437.55
2000-05-30,1422.45
2000-05-31,1432.02
2000-06-01,1439.63
2000-06-02,1447.91
2000-06-05,1436.55
2000-06-06,1458.77
2000-06-07,1464.15
2000-06-08,1454.84
2000-06-09,1437.10
2000-06-12,1444.07
2000-06-13,1461.83
2000-06-14,1457.02
2000-06-15,1464.74
2000-06-16,1453.91
2000-06-19,1448.54
2000-06-20,1437.22
2000-06-21,1453.92
2000-06-22,1455.16
2000-06-23,1473.02
2000-06-26,1483.32
2000-06-27,1479.88
2000-06-28,1483.56
2000-06-29,1477.59
2000-06-30,1469.61
2000-07-03,1444.75
2000-07-04,1455.76
2000-07-05,1455.38
2000-07-06,1450.67
2000-07-07,1470.60
2000-07-10,1481.07
2000-07-11,1491.59
2000-07-12,1497.77
2000-07-13,1500.51
2000-07-14,1505.59
2000-07-17,1497.23
2000-07-18,1507.21
2000-07-19,1509.73
2000-07-20,1506.14
2000-07-21,1509.30
2000-07-24,1503.10
2000-07-25,1508.37
2000-07-26,1519.85
2000-07-27,1520.98
2000-07-28,1523.71
2000-07-31,1531.75
2000-08-01,1535.01
2000-08-02,1536.37
2000-08-03,1540.68
2000-08-04,1531.21
2000-08-07,1539.65
2000-08-08,1548.91
2000-08-09,1556.90
2000-08-10,1558.78
2000-08-11,1556.87
2000-08-14,1566.32
2000-08-15,1565.99
2000-08-16,1569.97
2000-08-17,1572.05
2000-08-18,1573.21
2000-08-21,1584.01
2000-08-22,1557.59
2000-08-23,1546.17
2000-08-24,1556.61
2000-08-25,1569.17
2000-08-28,1580.30
2000-08-29,1583.98
2000-08-30,1563.96
2000-08-31,1523.35
2000-09-01,1508.95
2000-09-04,1519.40
2000-09-05,1487.76
2000-09-06,1460.80
2000-09-07,1479.19
2000-09-08,1485.86
2000-09-11,1495.38
2000-09-12,1504.29
2000-09-13,1512.15
2000-09-14,1505.42
2000-09-15,1505.03
2000-09-18,1482.14
2000-09-19,1448.18
2000-09-20,1462.60
2000-09-21,1451.31
2000-09-22,1438.64
2000-09-25,1426.41
2000-09-26,1436.22
2000-09-27,1455.01
2000-09-28,1436.47
2000-09-29,1454.07
2000-10-09,1461.17
2000-10-10,1481.88
2000-10-11,1475.51
2000-10-12,1470.62
2000-10-13,1465.23
2000-10-16,1453.84
2000-10-17,1459.13
2000-10-18,1470.81
2000-10-19,1461.87
2000-10-20,1486.00
2000-10-23,1497.00
2000-10-24,1497.16
2000-10-25,1507.85
2000-10-26,1498.51
2000-10-27,1500.91
2000-10-30,1503.94
2000-10-31,1494.12
2000-11-01,1505.85
2000-11-02,1511.01
2000-11-03,1508.42
2000-11-06,1514.92
2000-11-07,1518.50
2000-11-08,1528.87
2000-11-09,1543.58
2000-11-10,1553.29
2000-11-13,1571.08
2000-11-14,1581.45
2000-11-15,1579.74
2000-11-16,1591.15
2000-11-17,1586.82
2000-11-20,1592.90
2000-11-21,1589.95
2000-11-22,1606.54
2000-11-23,1611.77
2000-11-24,1561.02
2000-11-27,1560.28
2000-11-28,1582.56
2000-11-29,1572.71
2000-11-30,1574.31
2000-12-01,1582.48
2000-12-04,1592.02
2000-12-05,1589.76
2000-12-06,1573.45
2000-12-07,1567.41
2000-12-08,1569.01
2000-12-11,1546.36
2000-12-12,1559.48
2000-12-13,1559.97
2000-12-14,1556.31
2000-12-15,1549.45
2000-12-18,1554.04
2000-12-19,1555.45
2000-12-20,1572.19
2000-12-21,1573.58
2000-12-22,1566.73
2000-12-25,1563.09
2000-12-26,1570.15
2000-12-27,1556.61
2000-12-28,1555.88
2000-12-29,1571.39
2001-01-02,1594.71
2001-01-03,1608.91
2001-01-04,1603.05
2001-01-05,1608.78
2001-01-08,1588.94
2001-01-09,1586.40
2001-01-10,1604.12
2001-01-11,1599.40
2001-01-12,1587.20
2001-01-15,1533.80
2001-01-16,1541.82
2001-01-17,1533.11
2001-01-18,1537.38
2001-01-19,1555.60
2001-02-05,1513.75
2001-02-06,1501.86
2001-02-07,1489.21
2001-02-08,1449.04
2001-02-09,1469.81
2001-02-12,1471.24
2001-02-13,1473.71
2001-02-14,1474.22
2001-02-15,1460.72
2001-02-16,1457.86
2001-02-19,1474.13
2001-02-20,1464.43
2001-02-21,1428.70
2001-02-22,1424.25
2001-02-23,1443.44
2001-02-26,1460.21
2001-02-27,1466.35
2001-02-28,1462.87
2001-03-01,1469.30
2001-03-02,1483.48
2001-03-05,1480.47
2001-03-06,1481.61
2001-03-07,1485.42
2001-03-08,1494.37
2001-03-09,1503.10
2001-03-12,1505.48
2001-03-13,1494.42
2001-03-14,1508.67
2001-03-15,1512.60
2001-03-16,1511.64
2001-03-19,1522.86
2001-03-20,1531.54
2001-03-21,1544.09
2001-03-22,1554.61
2001-03-23,1531.00
2001-03-26,1555.98
2001-03-27,1570.46
2001-03-28,1571.21
2001-03-29,1566.96
2001-03-30,1574.79
2001-04-02,1583.13
2001-04-03,1579.62
2001-04-04,1554.43
2001-04-05,1571.51
2001-04-06,1568.60
2001-04-09,1575.67
2001-04-10,1583.05
2001-04-11,1584.55
2001-04-12,1586.99
2001-04-13,1594.43
2001-04-16,1611.02
2001-04-17,1615.70
2001-04-18,1610.14
2001-04-19,1608.21
2001-04-20,1592.67
2001-04-23,1588.76
2001-04-24,1597.88
2001-04-25,1566.58
2001-04-26,1556.76
2001-04-27,1564.63
2001-04-30,1567.56
2001-05-08,1581.49
2001-05-09,1579.29
2001-05-10,1587.28
2001-05-11,1592.88
2001-05-14,1607.64
2001-05-15,1614.82
2001-05-16,1620.65
2001-05-17,1614.73
2001-05-18,1622.23
2001-05-21,1628.63
2001-05-22,1626.30
2001-05-23,1616.96
2001-05-24,1617.04
2001-05-25,1613.18
2001-05-28,1602.45
2001-05-29,1605.33
2001-05-30,1625.24
2001-05-31,1626.32
2001-06-01,1629.91
2001-06-04,1635.54
2001-06-05,1640.95
2001-06-06,1643.57
2001-06-07,1637.63
2001-06-08,1634.27
2001-06-11,1632.47
2001-06-12,1641.38
2001-06-13,1654.35
2001-06-14,1625.30
2001-06-15,1634.05
2001-06-18,1602.87
2001-06-19,1606.18
2001-06-20,1599.44
2001-06-21,1617.31
2001-06-22,1629.08
2001-06-25,1643.98
2001-06-26,1646.72
2001-06-27,1644.54
2001-06-28,1636.65
2001-06-29,1636.08
2001-07-02,1627.44
2001-07-03,1630.90
2001-07-04,1626.10
2001-07-05,1611.52
2001-07-06,1603.35
2001-07-09,1603.81
2001-07-10,1618.73
2001-07-11,1603.56
2001-07-12,1601.40
2001-07-13,1598.53
2001-07-16,1587.70
2001-07-17,1583.15
2001-07-18,1587.75
2001-07-19,1591.56
2001-07-20,1612.74
2001-07-23,1607.38
2001-07-24,1583.69
2001-07-25,1566.67
2001-07-26,1548.76
2001-07-27,1526.78
2001-07-30,1442.49
2001-07-31,1414.52
2001-08-01,1465.41
2001-08-02,1443.85
2001-08-03,1445.76
2001-08-06,1391.11
2001-08-07,1409.09
2001-08-08,1403.56
2001-08-09,1427.91
2001-08-10,1449.07
2001-08-13,1451.56
2001-08-14,1437.47
2001-08-15,1444.14
2001-08-16,1424.65
2001-08-17,1425.59
2001-08-20,1434.58
2001-08-21,1441.27
2001-08-22,1417.73
2001-08-23,1419.38
2001-08-24,1405.66
2001-08-27,1359.34
2001-08-28,1372.25
2001-08-29,1376.31
2001-08-30,1366.60
2001-08-31,1365.17
2001-09-03,1353.39
2001-09-04,1388.08
2001-09-05,1391.71
2001-09-06,1386.60
2001-09-07,1344.50
2001-09-10,1380.12
2001-09-11,1382.68
2001-09-12,1366.67
2001-09-13,1360.51
2001-09-14,1342.24
2001-09-17,1315.10
2001-09-18,1325.33
2001-09-19,1343.41
2001-09-20,1338.88
2001-09-21,1329.13
2001-09-24,1319.42
2001-09-25,1317.43
2001-09-26,1297.75
2001-09-27,1294.32
2001-09-28,1292.48
2001-10-08,1261.10
2001-10-09,1274.07
2001-10-10,1226.72
2001-10-11,1190.48
2001-10-12,1228.15
2001-10-15,1226.50
2001-10-16,1204.09
2001-10-17,1194.69
2001-10-18,1173.67
2001-10-19,1137.33
2001-10-22,1100.77
2001-10-23,1208.02
2001-10-24,1252.48
2001-10-25,1220.66
2001-10-26,1220.07
2001-10-29,1238.53
2001-10-30,1225.69
2001-10-31,1229.74
2001-11-01,1243.09
2001-11-02,1231.78
2001-11-05,1220.44
2001-11-06,1214.72
2001-11-07,1152.20
2001-11-08,1164.00
2001-11-09,1184.54
2001-11-12,1177.09
2001-11-13,1171.00
2001-11-14,1172.76
2001-11-15,1174.94
2001-11-16,1194.39
2001-11-19,1211.86
2001-11-20,1235.96
2001-11-21,1242.60
2001-11-22,1252.27
2001-11-23,1248.68
2001-11-26,1243.57
2001-11-27,1257.92
2001-11-28,1269.00
2001-11-29,1268.34
2001-11-30,1280.05
2001-12-03,1291.21
2001-12-04,1297.28
2001-12-05,1274.84
2001-12-06,1282.37
2001-12-07,1279.70
2001-12-10,1280.71
2001-12-11,1266.22
2001-12-12,1254.28
2001-12-13,1233.75
2001-12-14,1223.63
2001-12-17,1215.75
2001-12-18,1233.69
2001-12-19,1221.80
2001-12-20,1191.13
2001-12-21,1198.23
2001-12-24,1174.10
2001-12-25,1177.12
2001-12-26,1192.02
2001-12-27,1186.02
2001-12-28,1191.91
2001-12-31,1195.97
2002-01-04,1172.41
2002-01-07,1159.07
2002-01-08,1149.41
2002-01-09,1128.37
2002-01-10,1138.50
2002-01-11,1106.83
2002-01-14,1065.40
2002-01-15,1044.75
2002-01-16,1057.22
2002-01-17,1005.95
2002-01-18,999.42
2002-01-21,956.08
2002-01-22,949.84
2002-01-23,1015.50
2002-01-24,1024.66
2002-01-25,1025.76
2002-01-28,956.75
2002-01-29,983.54
2002-01-30,990.97
2002-01-31,1061.43
2002-02-01,1058.56
2002-02-04,1080.04
2002-02-05,1085.71
2002-02-06,1057.42
2002-02-07,1081.33
2002-02-08,1076.61
2002-02-25,1097.01
2002-02-26,1099.33
2002-02-27,1103.22
2002-02-28,1093.08
2002-03-01,1075.04
2002-03-04,1094.65
2002-03-05,1122.11
2002-03-06,1132.43
2002-03-07,1169.06
2002-03-08,1190.72
2002-03-11,1214.74
2002-03-12,1197.05
2002-03-13,1177.74
2002-03-14,1212.48
2002-03-15,1177.81
2002-03-18,1180.91
2002-03-19,1210.23
2002-03-20,1223.56
2002-03-21,1225.82
2002-03-22,1213.62
2002-03-25,1219.41
2002-03-26,1199.78
2002-03-27,1204.96
2002-03-28,1204.15
2002-03-29,1167.63
2002-04-01,1173.01
2002-04-02,1153.04
2002-04-03,1158.88
2002-04-04,1192.12
2002-04-05,1187.85
2002-04-08,1190.70
2002-04-09,1213.22
2002-04-10,1220.82
2002-04-11,1200.03
2002-04-12,1206.57
2002-04-15,1201.48
2002-04-16,1198.01
2002-04-17,1198.75
2002-04-18,1185.12
2002-04-19,1188.97
2002-04-22,1183.53
2002-04-23,1180.03
2002-04-24,1168.91
2002-04-25,1172.85
2002-04-26,1192.80
2002-04-29,1213.37
2002-04-30,1215.95
2002-05-08,1205.75
2002-05-09,1207.79
2002-05-10,1198.17
2002-05-13,1187.07
2002-05-14,1181.88
2002-05-15,1169.07
2002-05-16,1130.11
2002-05-17,1143.53
2002-05-20,1127.21
2002-05-21,1165.54
2002-05-22,1147.85
2002-05-23,1153.43
2002-05-24,1136.65
2002-05-27,1141.95
2002-05-28,1144.35
2002-05-29,1118.94
2002-05-30,1118.27
2002-05-31,1111.31
2002-06-03,1085.35
2002-06-04,1091.22
2002-06-05,1065.67
2002-06-06,1112.99
2002-06-07,1122.05
2002-06-10,1112.67
2002-06-11,1122.75
2002-06-12,1117.41
2002-06-13,1106.05
2002-06-14,1091.78
2002-06-17,1093.96
2002-06-18,1118.35
2002-06-19,1105.90
2002-06-20,1114.16
2002-06-21,1154.74
2002-06-24,1261.42
2002-06-25,1252.30
2002-06-26,1259.60
2002-06-27,1260.97
2002-06-28,1259.27
2002-07-01,1246.83
2002-07-02,1257.79
2002-07-03,1260.49
2002-07-04,1247.74
2002-07-05,1253.08
2002-07-08,1262.68
2002-07-09,1258.11
2002-07-10,1237.02
2002-07-11,1237.20
2002-07-12,1238.20
2002-07-15,1229.55
2002-07-16,1231.47
2002-07-17,1240.06
2002-07-18,1242.84
2002-07-19,1248.72
2002-07-22,1228.87
2002-07-23,1224.04
2002-07-24,1221.44
2002-07-25,1215.54
2002-07-26,1211.89
2002-07-29,1217.99
2002-07-30,1220.15
2002-07-31,1208.08
2002-08-01,1208.79
2002-08-02,1213.68
2002-08-05,1208.88
2002-08-06,1220.93
2002-08-07,1218.71
2002-08-08,1212.23
2002-08-09,1203.41
2002-08-12,1194.54
2002-08-13,1196.17
2002-08-14,1204.78
2002-08-15,1195.81
2002-08-16,1203.66
2002-08-19,1200.47
2002-08-20,1218.44
2002-08-21,1220.08
2002-08-22,1231.20
2002-08-23,1228.36
2002-08-26,1219.71
2002-08-27,1227.91
2002-08-28,1225.38
2002-08-29,1216.89
2002-08-30,1216.99
2002-09-02,1219.32
2002-09-03,1223.39
2002-09-04,1216.29
2002-09-05,1200.62
2002-09-06,1193.73
2002-09-09,1184.68
2002-09-10,1186.97
2002-09-11,1183.18
2002-09-12,1187.49
2002-09-13,1186.23
2002-09-16,1168.70
2002-09-17,1168.42
2002-09-18,1160.87
2002-09-19,1181.64
2002-09-20,1170.04
2002-09-23,1169.10
2002-09-24,1163.45
2002-09-25,1163.42
2002-09-26,1154.76
2002-09-27,1148.86
2002-10-08,1137.47
2002-10-09,1115.32
2002-10-10,1110.48
2002-10-11,1105.58
2002-10-14,1110.80
2002-10-15,1106.44
2002-10-16,1116.16
2002-10-17,1097.45
2002-10-18,1101.27
2002-10-21,1104.88
2002-10-22,1121.74
2002-10-23,1123.15
2002-10-24,1113.23
2002-10-25,1100.33
2002-10-28,1085.69
2002-10-29,1092.51
2002-10-30,1090.72
2002-10-31,1089.30
2002-11-01,1090.05
2002-11-04,1106.82
2002-11-05,1126.37
2002-11-06,1121.72
2002-11-07,1120.42
2002-11-08,1092.28
2002-11-11,1080.01
2002-11-12,1058.98
2002-11-13,1062.07
2002-11-14,1039.22
2002-11-15,1042.80
2002-11-18,1031.58
2002-11-19,1041.04
2002-11-20,1012.17
2002-11-21,982.68
2002-11-22,985.10
2002-11-25,988.82
2002-11-26,966.49
2002-11-27,972.62
2002-11-28,1001.98
2002-11-29,1016.13
2002-12-02,985.12
2002-12-03,996.55
2002-12-04,1001.26
2002-12-05,994.80
2002-12-06,994.60
2002-12-09,991.01
2002-12-10,976.99
2002-12-11,972.94
2002-12-12,978.61
2002-12-13,990.40
2002-12-16,999.24
2002-12-17,1006.70
2002-12-18,1001.97
2002-12-19,1003.94
2002-12-20,1015.56
2002-12-23,1016.88
2002-12-24,1018.37
2002-12-25,1011.03
2002-12-26,979.82
2002-12-27,979.89
2002-12-30,968.48
2002-12-31,960.78
2003-01-02,937.42
2003-01-03,938.23
2003-01-06,950.50
2003-01-07,948.26
2003-01-08,974.70
2003-01-09,993.49
2003-01-10,983.84
2003-01-13,986.94
2003-01-14,1036.81
2003-01-15,1031.57
2003-01-16,1050.91
2003-01-17,1045.33
2003-01-20,1049.46
2003-01-21,1029.64
2003-01-22,1034.59
2003-01-23,1025.74
2003-01-24,1041.30
2003-01-27,1054.75
2003-01-28,1057.86
2003-01-29,1056.50
2003-02-10,1043.11
2003-02-11,1054.43
2003-02-12,1067.35
2003-02-13,1063.27
2003-02-14,1067.86
2003-02-17,1059.80
2003-02-18,1060.13
2003-02-19,1069.95
2003-02-20,1068.05
2003-02-21,1045.43
2003-02-24,1046.70
2003-02-25,1068.30
2003-02-26,1068.94
2003-02-27,1068.16
2003-02-28,1067.07
2003-03-03,1075.70
2003-03-04,1075.33
2003-03-05,1070.35
2003-03-06,1055.50
2003-03-07,1051.89
2003-03-10,1032.24
2003-03-11,1032.78
2003-03-12,1036.66
2003-03-13,1030.16
2003-03-14,1031.93
2003-03-17,1031.21
2003-03-18,1023.58
2003-03-19,1026.91
2003-03-20,1022.91
2003-03-21,1032.47
2003-03-24,1034.17
2003-03-25,1022.46
2003-03-26,1016.71
2003-03-27,1043.83
2003-03-28,1039.63
2003-03-31,1050.98
2003-04-01,1058.54
2003-04-02,1057.41
2003-04-03,1052.76
2003-04-04,1057.39
2003-04-07,1049.07
2003-04-08,1046.81
2003-04-09,1058.65
2003-04-10,1066.07
2003-04-11,1080.59
2003-04-14,1107.23
2003-04-15,1118.97
2003-04-16,1103.48
2003-04-17,1109.09
2003-04-18,1105.67
2003-04-21,1086.70
2003-04-22,1085.66
2003-04-23,1069.65
2003-04-24,1040.85
2003-04-25,1027.43
2003-04-28,1053.62
2003-04-29,1034.94
2003-04-30,1036.56
2003-05-12,1035.85
2003-05-13,1002.48
2003-05-14,1024.84
2003-05-15,1051.33
2003-05-16,1051.95
2003-05-19,1057.33
2003-05-20,1045.77
2003-05-21,1045.31
2003-05-22,1052.43
2003-05-23,1062.24
2003-05-26,1069.14
2003-05-27,1071.88
2003-05-28,1063.03
2003-05-29,1075.20
2003-05-30,1082.11
2003-06-02,1084.57
2003-06-03,1072.98
2003-06-04,1076.70
2003-06-05,1065.05
2003-06-06,1051.79
2003-06-09,1040.74
2003-06-10,1047.52
2003-06-11,1065.03
2003-06-12,1062.93
2003-06-13,1067.38
2003-06-16,1063.90
2003-06-17,1060.37
2003-06-18,1058.89
2003-06-19,1047.55
2003-06-20,1042.15
2003-06-23,1029.93
2003-06-24,1032.38
2003-06-25,1024.33
2003-06-26,1031.19
2003-06-27,1016.73
2003-06-30,1009.18
2003-07-01,1006.50
2003-07-02,1014.12
2003-07-03,1017.50
2003-07-04,1016.24
2003-07-07,1015.33
2003-07-08,1023.51
2003-07-09,1017.23
2003-07-10,1034.61
2003-07-11,1032.87
2003-07-14,1028.39
2003-07-15,1029.59
2003-07-16,1032.70
2003-07-17,1036.64
2003-07-18,1014.44
2003-07-21,1003.39
2003-07-22,1008.09
2003-07-23,1012.41
2003-07-24,1004.56
2003-07-25,993.29
2003-07-28,987.62
2003-07-29,992.70
2003-07-30,992.78
2003-07-31,992.58
2003-08-01,993.98
2003-08-04,1006.32
2003-08-05,1006.80
2003-08-06,1003.85
2003-08-07,1003.69
2003-08-08,991.99
2003-08-11,995.40
2003-08-12,999.79
2003-08-13,989.06
2003-08-14,983.86
2003-08-15,982.23
2003-08-18,979.61
2003-08-19,982.77
2003-08-20,978.24
2003-08-21,977.61
2003-08-22,976.55
2003-08-25,963.73
2003-08-26,966.33
2003-08-27,966.00
2003-08-28,958.32
2003-08-29,962.61
2003-09-01,982.02
2003-09-02,980.65
2003-09-03,983.05
2003-09-04,981.78
2003-09-05,970.47
2003-09-08,966.28
2003-09-09,963.13
2003-09-10,964.64
2003-09-11,964.42
2003-09-12,951.72
2003-09-15,941.39
2003-09-16,949.44
2003-09-17,938.44
2003-09-18,938.44
2003-09-19,939.69
2003-09-22,935.89
2003-09-23,941.72
2003-09-24,945.07
2003-09-25,931.90
2003-09-26,926.76
2003-09-29,913.14
2003-09-30,920.22
2003-10-08,923.49
2003-10-09,921.30
2003-10-10,943.41
2003-10-13,940.63
2003-10-14,933.04
2003-10-15,930.12
2003-10-16,917.43
2003-10-17,919.25
2003-10-20,910.74
2003-10-21,912.48
2003-10-22,933.24
2003-10-23,925.30
2003-10-24,919.66
2003-10-27,907.56
2003-10-28,902.89
2003-10-29,889.74
2003-10-30,877.67
2003-10-31,881.79
2003-11-03,889.83
2003-11-04,905.20
2003-11-05,896.61
2003-11-06,874.35
2003-11-07,862.10
2003-11-10,862.71
2003-11-11,865.35
2003-11-12,849.25
2003-11-13,851.73
2003-11-14,859.54
2003-11-17,857.14
2003-11-18,846.27
2003-11-19,861.12
2003-11-20,889.41
2003-11-21,877.01
2003-11-24,903.84
2003-11-25,909.95
2003-11-26,912.79
2003-11-27,895.63
2003-11-28,900.56
2003-12-01,920.72
2003-12-02,921.88
2003-12-03,925.60
2003-12-04,930.71
2003-12-05,931.80
2003-12-08,921.52
2003-12-09,925.08
2003-12-10,936.14
2003-12-11,936.85
2003-12-12,936.02
2003-12-15,936.81
2003-12-16,930.41
2003-12-17,922.81
2003-12-18,919.49
2003-12-19,902.52
2003-12-22,926.30
2003-12-23,931.97
2003-12-24,939.52
2003-12-25,938.42
2003-12-26,939.52
2003-12-29,931.26
2003-12-30,935.40
2003-12-31,927.22
2004-01-02,933.78
2004-01-05,952.04
2004-01-06,955.89
2004-01-07,966.07
2004-01-08,981.72
2004-01-09,970.56
2004-01-12,987.63
2004-01-13,992.51
2004-01-14,985.20
2004-01-15,981.49
2004-01-16,991.21
2004-01-29,1016.46
2004-01-30,998.48
2004-02-02,1021.44
2004-02-03,1034.79
2004-02-04,1056.89
2004-02-05,1066.37
2004-02-06,1055.88
2004-02-09,1075.94
2004-02-10,1075.18
2004-02-11,1074.58
2004-02-12,1072.68
2004-02-13,1064.02
2004-02-16,1088.60
2004-02-17,1098.25
2004-02-18,1106.40
2004-02-19,1107.61
2004-02-20,1112.69
2004-02-23,1089.67
2004-02-24,1083.16
2004-02-25,1061.27
2004-02-26,1059.94
2004-02-27,1075.16
2004-03-01,1088.61
2004-03-02,1087.36
2004-03-03,1069.66
2004-03-04,1076.35
2004-03-05,1069.36
2004-03-08,1045.50
2004-03-09,1039.67
2004-03-10,1064.17
2004-03-11,1075.99
2004-03-12,1074.73
2004-03-15,1097.04
2004-03-16,1103.47
2004-03-17,1105.31
2004-03-18,1086.24
2004-03-19,1103.60
2004-03-22,1109.80
2004-03-23,1104.73
2004-03-24,1103.00
2004-03-25,1103.40
2004-03-26,1104.09
2004-03-29,1095.12
2004-03-30,1098.08
2004-03-31,1110.23
2004-04-01,1119.61
2004-04-02,1127.56
2004-04-05,1132.22
2004-04-06,1141.91
2004-04-07,1140.24
2004-04-08,1138.15
2004-04-09,1110.50
2004-04-12,1111.22
2004-04-13,1105.93
2004-04-14,1088.46
2004-04-15,1074.39
2004-04-16,1079.70
2004-04-19,1066.91
2004-04-20,1060.12
2004-04-21,1052.03
2004-04-22,1057.66
2004-04-23,1039.02
2004-04-26,1036.76
2004-04-27,1022.63
2004-04-28,1020.32
2004-04-29,1000.09
2004-04-30,1003.23
2004-05-10,980.16
2004-05-11,983.79
2004-05-12,1008.72
2004-05-13,1004.99
2004-05-14,983.58
2004-05-17,976.04
2004-05-18,989.17
2004-05-19,989.98
2004-05-20,982.24
2004-05-21,986.88
2004-05-24,979.06
2004-05-25,955.38
2004-05-26,958.17
2004-05-27,980.33
2004-05-28,975.00
2004-05-31,979.18
2004-06-01,996.96
2004-06-02,991.42
2004-06-03,974.87
2004-06-04,974.71
2004-06-07,959.91
2004-06-08,948.24
2004-06-09,925.67
2004-06-10,923.03
2004-06-11,925.50
2004-06-14,901.79
2004-06-15,918.41
2004-06-16,923.20
2004-06-17,904.55
2004-06-18,897.12
2004-06-21,905.68
2004-06-22,915.37
2004-06-23,907.44
2004-06-24,900.91
2004-06-25,880.92
2004-06-28,865.82
2004-06-29,874.67
2004-06-30,866.24
2004-07-01,894.09
2004-07-02,894.28
2004-07-05,894.93
2004-07-06,900.01
2004-07-07,891.00
2004-07-08,892.81
2004-07-09,886.87
2004-07-12,863.36
2004-07-13,865.19
2004-07-14,861.90
2004-07-15,871.38
2004-07-16,896.10
2004-07-19,897.60
2004-07-20,891.99
2004-07-21,891.86
2004-07-22,869.33
2004-07-23,873.26
2004-07-26,860.13
2004-07-27,854.97
2004-07-28,860.72
2004-07-29,872.60
2004-07-30,858.51
2004-08-02,850.54
2004-08-03,847.72
2004-08-04,870.12
2004-08-05,859.37
2004-08-06,857.36
2004-08-09,857.97
2004-08-10,861.75
2004-08-11,850.49
2004-08-12,837.90
2004-08-13,839.42
2004-08-16,827.47
2004-08-17,829.38
2004-08-18,826.82
2004-08-19,813.05
2004-08-20,813.36
2004-08-23,804.99
2004-08-24,818.11
2004-08-25,814.62
2004-08-26,808.74
2004-08-27,800.35
2004-08-30,801.05
2004-08-31,816.61
2004-09-01,803.80
2004-09-02,812.19
2004-09-03,811.03
2004-09-06,809.19
2004-09-07,810.37
2004-09-08,804.10
2004-09-09,788.10
2004-09-10,789.48
2004-09-13,770.84
2004-09-14,795.52
2004-09-15,832.06
2004-09-16,842.76
2004-09-17,869.72
2004-09-20,902.12
2004-09-21,897.52
2004-09-22,880.09
2004-09-23,906.25
2004-09-24,885.17
2004-09-27,876.06
2004-09-28,882.60
2004-09-29,872.83
2004-09-30,858.73
2004-10-08,881.17
2004-10-11,880.77
2004-10-12,864.84
2004-10-13,866.49
2004-10-14,823.87
2004-10-15,821.11
2004-10-18,825.44
2004-10-19,826.11
2004-10-20,820.82
2004-10-21,808.13
2004-10-22,814.92
2004-10-25,805.70
2004-10-26,814.93
2004-10-27,827.72
2004-10-28,824.84
2004-10-29,809.55
2004-11-01,800.72
2004-11-02,798.12
2004-11-03,815.00
2004-11-04,797.35
2004-11-05,797.79
2004-11-08,799.09
2004-11-09,802.20
2004-11-10,833.31
2004-11-11,829.82
2004-11-12,832.36
2004-11-15,843.07
2004-11-16,841.86
2004-11-17,833.97
2004-11-18,844.06
2004-11-19,850.59
2004-11-22,856.22
2004-11-23,852.12
2004-11-24,842.40
2004-11-25,839.54
2004-11-26,840.75
2004-11-29,828.63
2004-11-30,831.87
2004-12-01,829.69
2004-12-02,832.32
2004-12-03,836.42
2004-12-06,837.68
2004-12-07,824.66
2004-12-08,826.99
2004-12-09,833.48
2004-12-10,815.59
2004-12-13,809.58
2004-12-14,807.18
2004-12-15,807.79
2004-12-16,801.30
2004-12-17,793.08
2004-12-20,784.27
2004-12-21,784.75
2004-12-22,806.60
2004-12-23,790.65
2004-12-24,792.26
2004-12-27,789.74
2004-12-28,787.25
2004-12-29,782.44
2004-12-30,780.30
2004-12-31,773.14
2005-01-04,760.89
2005-01-05,770.89
2005-01-06,763.80
2005-01-07,765.63
2005-01-10,772.76
2005-01-11,775.24
2005-01-12,774.76
2005-01-13,775.96
2005-01-14,767.35
2005-01-17,749.78
2005-01-18,757.61
2005-01-19,752.70
2005-01-20,742.50
2005-01-21,758.37
2005-01-24,772.31
2005-01-25,769.27
2005-01-26,762.05
2005-01-27,749.84
2005-01-28,740.14
2005-01-31,722.17
2005-02-01,718.04
2005-02-02,757.06
2005-02-03,744.50
2005-02-04,759.66
2005-02-16,766.35
2005-02-17,766.94
2005-02-18,756.92
2005-02-21,770.96
2005-02-22,789.64
2005-02-23,793.19
2005-02-24,795.17
2005-02-25,796.16
2005-02-28,793.13
2005-03-01,792.05
2005-03-02,780.68
2005-03-03,784.88
2005-03-04,780.45
2005-03-07,784.12
2005-03-08,799.57
2005-03-09,800.01
2005-03-10,780.61
2005-03-11,784.48
2005-03-14,784.02
2005-03-15,772.08
2005-03-16,764.89
2005-03-17,756.13
2005-03-18,742.25
2005-03-21,743.55
2005-03-22,725.82
2005-03-23,722.93
2005-03-24,728.80
2005-03-25,727.32
2005-03-28,723.14
2005-03-29,718.87
2005-03-30,701.03
2005-03-31,705.62
2005-04-01,731.23
2005-04-04,718.53
2005-04-05,712.92
2005-04-06,725.42
2005-04-07,735.62
2005-04-08,749.43
2005-04-11,745.76
2005-04-12,731.78
2005-04-13,749.13
2005-04-14,738.37
2005-04-15,724.31
2005-04-18,714.72
2005-04-19,716.16
2005-04-20,703.58
2005-04-21,694.53
2005-04-22,687.06
2005-04-25,676.57
2005-04-26,684.54
2005-04-27,675.05
2005-04-28,688.26
2005-04-29,680.89
2005-05-09,660.41
2005-05-10,661.34
2005-05-11,654.56
2005-05-12,646.89
2005-05-13,650.87
2005-05-16,643.75
2005-05-17,650.19
2005-05-18,653.45
2005-05-19,654.06
2005-05-20,651.42
2005-05-23,634.42
2005-05-24,643.28
2005-05-25,644.47
2005-05-26,636.47
2005-05-27,630.78
2005-05-30,636.22
2005-05-31,635.59
2005-06-01,622.21
2005-06-02,611.53
2005-06-03,610.05
2005-06-06,622.18
2005-06-07,622.45
2005-06-08,671.95
2005-06-09,678.71
2005-06-10,664.98
2005-06-13,665.96
2005-06-14,655.27
2005-06-15,640.09
2005-06-16,647.55
2005-06-17,646.51
2005-06-20,665.49
2005-06-21,659.23
2005-06-22,661.97
2005-06-23,655.04
2005-06-24,658.51
2005-06-27,675.13
2005-06-28,663.81
2005-06-29,659.60
2005-06-30,642.43
2005-07-01,621.40
2005-07-04,614.93
2005-07-05,610.06
2005-07-06,606.31
2005-07-07,608.69
2005-07-08,593.21
2005-07-11,587.90
2005-07-12,608.29
2005-07-13,603.76
2005-07-14,605.49
2005-07-15,595.92
2005-07-18,586.03
2005-07-19,588.58
2005-07-20,592.92
2005-07-21,592.69
2005-07-22,605.01
2005-07-25,603.43
2005-07-26,617.58
2005-07-27,631.19
2005-07-28,629.10
2005-07-29,626.86
2005-08-01,631.24
2005-08-02,641.43
2005-08-03,646.64
2005-08-04,642.38
2005-08-05,659.84
2005-08-08,666.42
2005-08-09,674.87
2005-08-10,681.91
2005-08-11,690.88
2005-08-12,678.69
2005-08-15,694.29
2005-08-16,690.60
2005-08-17,700.86
2005-08-18,675.91
2005-08-19,676.18
2005-08-22,682.97
2005-08-23,675.37
2005-08-24,682.09
2005-08-25,686.05
2005-08-26,687.36
2005-08-29,680.15
2005-08-30,677.16
2005-08-31,688.30
2005-09-01,701.77
2005-09-02,705.13
2005-09-05,712.24
2005-09-06,697.73
2005-09-07,713.10
2005-09-08,714.66
2005-09-09,709.27
2005-09-12,711.57
2005-09-13,724.55
2005-09-14,730.40
2005-09-15,731.91
2005-09-16,731.09
2005-09-19,738.38
2005-09-20,733.21
2005-09-21,719.57
2005-09-22,698.88
2005-09-23,691.45
2005-09-26,694.18
2005-09-27,681.51
2005-09-28,679.57
2005-09-29,691.54
2005-09-30,691.40
2005-10-10,682.06
2005-10-11,694.94
2005-10-12,700.35
2005-10-13,695.60
2005-10-14,687.25
2005-10-17,685.03
2005-10-18,692.57
2005-10-19,687.74
2005-10-20,686.94
2005-10-21,690.84
2005-10-24,693.08
2005-10-25,680.92
2005-10-26,662.83
2005-10-27,660.30
2005-10-28,648.24
2005-10-31,653.19
2005-11-01,649.28
2005-11-02,660.34
2005-11-03,654.27
2005-11-04,658.24
2005-11-07,660.23
2005-11-08,664.74
2005-11-09,662.39
2005-11-10,646.23
2005-11-11,647.84
2005-11-14,648.52
2005-11-15,643.53
2005-11-16,648.81
2005-11-17,647.95
2005-11-18,663.90
2005-11-21,665.87
2005-11-22,653.23
2005-11-23,658.81
2005-11-24,662.70
2005-11-25,664.31
2005-11-28,661.24
2005-11-29,652.76
2005-11-30,654.55
2005-12-01,653.57
2005-12-02,648.02
2005-12-05,634.88
2005-12-06,638.33
2005-12-07,644.64
2005-12-08,644.14
2005-12-09,655.57
2005-12-12,658.26
2005-12-13,658.79
2005-12-14,665.80
2005-12-15,662.56
2005-12-16,668.11
2005-12-19,668.49
2005-12-20,670.94
2005-12-21,666.30
2005-12-22,670.53
2005-12-23,677.49
2005-12-26,683.39
2005-12-27,681.94
2005-12-28,683.34
2005-12-29,690.98
2005-12-30,684.06
2006-01-04,694.50
2006-01-05,705.17
2006-01-06,711.69
2006-01-09,717.66
2006-01-10,720.72
2006-01-11,716.47
2006-01-12,726.43
2006-01-13,724.43
2006-01-16,711.71
2006-01-17,712.80
2006-01-18,728.17
2006-01-19,735.18
2006-01-20,736.03
2006-01-23,739.56
2006-01-24,740.23
2006-01-25,744.01
2006-02-06,763.83
2006-02-07,762.78
2006-02-08,765.28
2006-02-09,754.39
2006-02-10,763.74
2006-02-13,762.31
2006-02-14,768.09
2006-02-15,769.45
2006-02-16,748.57
2006-02-17,745.51
2006-02-20,744.92
2006-02-21,759.79
2006-02-22,759.57
2006-02-23,761.83
2006-02-24,768.88
2006-02-27,764.33
2006-02-28,767.41
2006-03-01,773.16
2006-03-02,757.15
2006-03-03,759.28
2006-03-06,756.75
2006-03-07,736.10
2006-03-08,732.31
2006-03-09,730.06
2006-03-10,733.70
2006-03-13,742.16
2006-03-14,741.85
2006-03-15,751.19
2006-03-16,751.21
2006-03-17,748.83
2006-03-20,760.35
2006-03-21,763.21
2006-03-22,770.69
2006-03-23,773.73
2006-03-24,767.83
2006-03-27,775.60
2006-03-28,781.54
2006-03-29,785.72
2006-03-30,777.03
2006-03-31,783.08
2006-04-03,800.70
2006-04-04,810.17
2006-04-05,818.39
2006-04-06,820.27
2006-04-07,823.87
2006-04-10,838.79
2006-04-11,842.21
2006-04-12,838.01
2006-04-13,812.68
2006-04-14,834.73
2006-04-17,837.65
2006-04-18,841.90
2006-04-19,845.58
2006-04-20,839.79
2006-04-21,850.01
2006-04-24,841.01
2006-04-25,842.27
2006-04-26,854.29
2006-04-27,856.39
2006-04-28,869.57
2006-05-08,906.59
2006-05-09,935.48
2006-05-10,950.24
2006-05-11,942.07
2006-05-12,977.04
2006-05-15,1025.56
2006-05-16,994.50
2006-05-17,1002.56
2006-05-18,1003.39
2006-05-19,1032.02
2006-05-22,1042.44
2006-05-23,994.29
2006-05-24,982.49
2006-05-25,988.03
2006-05-26,1008.76
2006-05-29,1036.96
2006-05-30,1050.07
2006-05-31,1041.31
2006-06-01,1076.39
2006-06-02,1070.78
2006-06-05,1085.20
2006-06-06,1078.92
2006-06-07,1009.25
2006-06-08,1012.13
2006-06-09,987.31
2006-06-12,991.85
2006-06-13,994.33
2006-06-14,985.50
2006-06-15,987.75
2006-06-16,1011.90
2006-06-19,1025.86
2006-06-20,1031.60
2006-06-21,1028.35
2006-06-22,1027.61
2006-06-23,1037.10
2006-06-26,1055.93
2006-06-27,1059.10
2006-06-28,1058.57
2006-06-29,1081.36
2006-06-30,1080.62
2006-07-03,1100.15
2006-07-04,1093.60
2006-07-05,1084.13
2006-07-06,1107.61
2006-07-07,1104.47
2006-07-10,1108.72
2006-07-11,1115.81
2006-07-12,1116.04
2006-07-13,1052.64
2006-07-14,1061.31
2006-07-17,1076.12
2006-07-18,1079.64
2006-07-19,1052.69
2006-07-20,1060.11
2006-07-21,1068.14
2006-07-24,1069.67
2006-07-25,1083.76
2006-07-26,1084.32
2006-07-27,1072.32
2006-07-28,1062.00
2006-07-31,1022.42
2006-08-01,1011.93
2006-08-02,1006.63
2006-08-03,1004.58
2006-08-04,977.36
2006-08-07,959.92
2006-08-08,984.97
2006-08-09,984.86
2006-08-10,1001.65
2006-08-11,1005.53
2006-08-14,980.03
2006-08-15,997.24
2006-08-16,1012.20
2006-08-17,1004.50
2006-08-18,1000.38
2006-08-21,1004.11
2006-08-22,1015.24
2006-08-23,1014.19
2006-08-24,1021.35
2006-08-25,1023.86
2006-08-28,1047.03
2006-08-29,1049.44
2006-08-30,1055.28
2006-08-31,1060.54
2006-09-01,1042.84
2006-09-04,1060.42
2006-09-05,1062.96
2006-09-06,1067.84
2006-09-07,1052.83
2006-09-08,1055.34
2006-09-11,1060.90
2006-09-12,1066.64
2006-09-13,1056.81
2006-09-14,1056.92
2006-09-15,1073.12
2006-09-18,1085.77
2006-09-19,1088.29
2006-09-20,1090.19
2006-09-21,1096.28
2006-09-22,1086.42
2006-09-25,1085.89
2006-09-26,1077.90
2006-09-27,1087.98
2006-09-28,1099.02
2006-09-29,1110.81
2006-10-09,1134.00
2006-10-10,1137.06
2006-10-11,1137.54
2006-10-12,1127.11
2006-10-13,1131.61
2006-10-16,1123.94
2006-10-17,1121.46
2006-10-18,1137.84
2006-10-19,1141.60
2006-10-20,1138.73
2006-10-23,1108.90
2006-10-24,1135.20
2006-10-25,1135.34
2006-10-26,1136.55
2006-10-27,1120.62
2006-10-30,1122.60
2006-10-31,1135.49
2006-11-01,1143.59
2006-11-02,1141.91
2006-11-03,1148.20
2006-11-06,1154.06
2006-11-07,1153.93
2006-11-08,1144.37
2006-11-09,1161.67
2006-11-10,1141.14
2006-11-13,1113.88
2006-11-14,1126.53
2006-11-15,1152.07
2006-11-16,1145.58
2006-11-17,1163.31
2006-11-20,1175.96
2006-11-21,1187.83
2006-11-22,1198.86
2006-11-23,1206.48
2006-11-24,1212.90
2006-11-27,1228.71
2006-11-28,1227.47
2006-11-29,1242.56
2006-11-30,1271.60
2006-12-01,1280.90
2006-12-04,1313.71
2006-12-05,1323.97
2006-12-06,1309.83
2006-12-07,1303.87
2006-12-08,1257.45
2006-12-11,1307.35
2006-12-12,1314.12
2006-12-13,1317.07
2006-12-14,1338.60
2006-12-15,1359.71
2006-12-18,1389.64
2006-12-19,1394.88
2006-12-20,1410.34
2006-12-21,1392.72
2006-12-22,1384.38
2006-12-25,1409.05
2006-12-26,1403.57
2006-12-27,1427.10
2006-12-28,1415.79
2006-12-29,1449.51
2007-01-04,1461.26
2007-01-05,1474.43
2007-01-08,1522.06
2007-01-09,1564.74
2007-01-10,1603.90
2007-01-11,1595.11
2007-01-12,1550.61
2007-01-15,1630.58
2007-01-16,1678.59
2007-01-17,1653.62
2007-01-18,1668.85
2007-01-19,1725.19
2007-01-22,1796.14
2007-01-23,1806.54
2007-01-24,1825.25
2007-01-25,1758.47
2007-01-26,1789.06
2007-01-29,1838.70
2007-01-30,1825.17
2007-01-31,1719.21
2007-02-01,1728.25
2007-02-02,1672.53
2007-02-05,1666.08
2007-02-06,1699.87
2007-02-07,1735.47
2007-02-08,1765.72
2007-02-09,1761.69
2007-02-12,1818.36
2007-02-13,1847.51
2007-02-14,1892.70
2007-02-15,1950.09
2007-02-16,1962.63
2007-02-26,2004.43
2007-02-27,1826.56
2007-02-28,1897.15
2007-03-01,1848.92
2007-03-02,1876.80
2007-03-05,1863.08
2007-03-06,1885.15
2007-03-07,1934.36
2007-03-08,1967.47
2007-03-09,1961.99
2007-03-12,1980.92
2007-03-13,2001.34
2007-03-14,1977.76
2007-03-15,2015.03
2007-03-16,1983.33
2007-03-19,2018.76
2007-03-20,2042.12
2007-03-21,2069.54
2007-03-22,2077.77
2007-03-23,2090.48
2007-03-26,2134.10
2007-03-27,2156.30
2007-03-28,2152.79
2007-03-29,2117.15
2007-03-30,2124.82
2007-04-02,2175.46
2007-04-03,2206.27
2007-04-04,2225.74
2007-04-05,2256.60
2007-04-06,2280.93
2007-04-09,2326.56
2007-04-10,2354.56
2007-04-11,2384.81
2007-04-12,2432.03
2007-04-13,2423.23
2007-04-16,2491.82
2007-04-17,2531.16
2007-04-18,2565.82
2007-04-19,2441.90
2007-04-20,2554.68
2007-04-23,2662.68
2007-04-24,2678.59
2007-04-25,2677.55
2007-04-26,2712.31
2007-04-27,2699.52
2007-04-30,2744.30
2007-05-08,2848.98
2007-05-09,2861.50
2007-05-10,2882.50
2007-05-11,2869.68
2007-05-14,2890.48
2007-05-15,2795.05
2007-05-16,2869.83
2007-05-17,2935.70
2007-05-18,2940.53
2007-05-21,2999.24
2007-05-22,3044.16
2007-05-23,3109.29
2007-05-24,3097.62
2007-05-25,3147.68
2007-05-28,3214.57
2007-05-29,3282.69
2007-05-30,3050.25
2007-05-31,3019.62
2007-06-01,2880.16
2007-06-04,2654.46
2007-06-05,2716.37
2007-06-06,2752.80
2007-06-07,2860.83
2007-06-08,2897.31
2007-06-11,2966.82
2007-06-12,3044.36
2007-06-13,3123.22
2007-06-14,3089.42
2007-06-15,3101.74
2007-06-18,3194.19
2007-06-19,3230.31
2007-06-20,3152.21
2007-06-21,3165.47
2007-06-22,3031.86
2007-06-25,2881.18
2007-06-26,2920.28
2007-06-27,2999.69
2007-06-28,2848.96
2007-06-29,2754.38
2007-07-02,2760.42
2007-07-03,2809.46
2007-07-04,2746.88
2007-07-05,2591.63
2007-07-06,2722.43
2007-07-09,2804.92
2007-07-10,2758.61
2007-07-11,2775.24
2007-07-12,2791.78
2007-07-13,2789.41
2007-07-16,2702.02
2007-07-17,2763.18
2007-07-18,2775.52
2007-07-19,2781.93
2007-07-20,2895.55
2007-07-23,3032.21
2007-07-24,3038.08
2007-07-25,3112.25
2007-07-26,3157.77
2007-07-27,3182.20
2007-07-30,3252.54
2007-07-31,3291.14
2007-08-01,3153.19
2007-08-02,3263.40
2007-08-03,3357.92
2007-08-06,3430.37
2007-08-07,3435.08
2007-08-08,3390.51
2007-08-09,3452.52
2007-08-10,3404.50
2007-08-13,3396.80
2007-08-14,3460.46
2007-08-15,3456.77
2007-08-16,3424.35
2007-08-17,3367.77
2007-08-20,3533.20
2007-08-21,3585.46
2007-08-22,3637.25
2007-08-23,3689.85
2007-08-24,3733.09
2007-08-27,3735.89
2007-08-28,3741.21
2007-08-29,3693.95
2007-08-30,3763.99
2007-08-31,3804.94
2007-09-03,3890.78
2007-09-04,3854.99
2007-09-05,3864.78
2007-09-06,3903.84
2007-09-07,3819.87
2007-09-10,3883.74
2007-09-11,3685.76
2007-09-12,3732.83
2007-09-13,3823.96
2007-09-14,3864.27
2007-09-17,3940.23
2007-09-18,3939.09
2007-09-19,3894.12
2007-09-20,3944.26
2007-09-21,3920.77
2007-09-24,3943.98
2007-09-25,3905.95
2007-09-26,3843.91
2007-09-27,3887.59
2007-09-28,3988.60
2007-10-08,4025.31
2007-10-09,4048.63
2007-10-10,4052.50
2007-10-11,4072.53
2007-10-12,4038.01
2007-10-15,4076.00
2007-10-16,4116.00
2007-10-17,4085.38
2007-10-18,3957.99
2007-10-19,3958.96
2007-10-22,3857.75
2007-10-23,3889.32
2007-10-24,3890.63
2007-10-25,3691.93
2007-10-26,3707.11
2007-10-29,3776.87
2007-10-30,3844.33
2007-10-31,3930.79
2007-11-01,3859.45
2007-11-02,3766.81
2007-11-05,3724.04
2007-11-06,3706.27
2007-11-07,3721.26
2007-11-08,3555.11
2007-11-09,3515.46
2007-11-12,3465.02
2007-11-13,3448.87
2007-11-14,3587.66
2007-11-15,3542.96
2007-11-16,3510.69
2007-11-19,3528.08
2007-11-20,3579.13
2007-11-21,3531.51
2007-11-22,3374.02
2007-11-23,3431.58
2007-11-26,3396.47
2007-11-27,3343.55
2007-11-28,3307.93
2007-11-29,3425.20
2007-11-30,3359.60
2007-12-03,3387.44
2007-12-04,3418.72
2007-12-05,3504.56
2007-12-06,3511.43
2007-12-07,3563.87
2007-12-10,3639.57
2007-12-11,3654.28
2007-12-12,3628.31
2007-12-13,3502.97
2007-12-14,3570.66
2007-12-17,3512.16
2007-12-18,3491.50
2007-12-19,3571.45
2007-12-20,3629.83
2007-12-21,3678.52
2007-12-24,3749.90
2007-12-25,3763.88
2007-12-26,3812.05
2007-12-27,3874.97
2007-12-28,3858.80
2008-01-02,3919.58
2008-01-03,3962.21
2008-01-04,3996.68
2008-01-07,4054.11
2008-01-08,4008.65
2008-01-09,4085.16
2008-01-10,4119.81
2008-01-11,4132.44
2008-01-14,4165.58
2008-01-15,4160.52
2008-01-16,4050.74
2008-01-17,3952.14
2008-01-18,3987.59
2008-01-21,3802.39
2008-01-22,3508.30
2008-01-23,3670.35
2008-01-24,3731.35
2008-01-25,3760.36
2008-01-28,3504.64
2008-01-29,3537.81
2008-01-30,3516.35
2008-01-31,3430.94
2008-02-01,3357.75
2008-02-04,3629.15
2008-02-05,3622.16
2008-02-13,3562.40
2008-02-14,3616.68
2008-02-15,3577.85
2008-02-18,3661.76
2008-02-19,3738.12
2008-02-20,3670.70
2008-02-21,3663.25
2008-02-22,3548.25
2008-02-25,3422.17
2008-02-26,3426.00
2008-02-27,3513.68
2008-02-28,3505.63
2008-02-29,3548.42
2008-03-03,3639.89
2008-03-04,3567.65
2008-03-05,3552.11
2008-03-06,3591.29
2008-03-07,3532.45
2008-03-10,3398.18
2008-03-11,3413.38
2008-03-12,3315.59
2008-03-13,3219.69
2008-03-14,3190.19
2008-03-17,3019.12
2008-03-18,2853.30
2008-03-19,2953.21
2008-03-20,3042.59
2008-03-21,3068.45
2008-03-24,2952.52
2008-03-25,2987.00
2008-03-26,2989.11
2008-03-27,2855.08
2008-03-28,2971.61
2008-03-31,2870.12
2008-04-01,2700.41
2008-04-02,2650.10
2008-04-03,2720.62
2008-04-07,2868.78
2008-04-08,2906.47
2008-04-09,2753.93
2008-04-10,2809.70
2008-04-11,2837.76
2008-04-14,2655.08
2008-04-15,2703.74
2008-04-16,2638.06
2008-04-17,2562.34
2008-04-18,2465.61
2008-04-21,2461.76
2008-04-22,2468.02
2008-04-23,2581.88
2008-04-24,2816.53
2008-04-25,2833.72
2008-04-28,2789.92
2008-04-29,2820.22
2008-04-30,2946.69
2008-05-05,3019.10
2008-05-06,2992.92
2008-05-07,2854.83
2008-05-08,2930.98
2008-05-09,2906.21
2008-05-12,2936.92
2008-05-13,2909.44
2008-05-14,2991.95
2008-05-15,2970.18
2008-05-16,2951.61
2008-05-19,2936.88
2008-05-20,2780.87
2008-05-21,2836.79
2008-05-22,2789.87
2008-05-23,2767.64
2008-05-26,2683.12
2008-05-27,2695.86
2008-05-28,2770.40
2008-05-29,2702.97
2008-05-30,2724.31
2008-06-02,2742.65
2008-06-03,2730.22
2008-06-04,2682.01
2008-06-05,2659.45
2008-06-06,2643.92
2008-06-10,2425.60
2008-06-11,2372.78
2008-06-12,2335.42
2008-06-13,2252.73
2008-06-16,2229.86
2008-06-17,2139.34
2008-06-18,2250.97
2008-06-19,2083.82
2008-06-20,2139.81
2008-06-23,2094.62
2008-06-24,2144.99
2008-06-25,2238.50
2008-06-26,2252.17
2008-06-27,2122.64
2008-06-30,2113.66
2008-07-01,2053.75
2008-07-02,2064.21
2008-07-03,2122.07
2008-07-04,2112.76
2008-07-07,2221.67
2008-07-08,2240.62
2008-07-09,2318.77
2008-07-10,2283.74
2008-07-11,2268.88
2008-07-14,2294.52
2008-07-15,2210.15
2008-07-16,2122.23
2008-07-17,2103.28
2008-07-18,2178.18
2008-07-21,2253.71
2008-07-22,2252.37
2008-07-23,2237.75
2008-07-24,2304.06
2008-07-25,2279.15
2008-07-28,2302.46
2008-07-29,2257.50
2008-07-30,2244.20
2008-07-31,2178.04
2008-08-01,2208.05
2008-08-04,2156.82
2008-08-05,2103.74
2008-08-06,2115.16
2008-08-07,2118.14
2008-08-08,2004.90
2008-08-11,1888.03
2008-08-12,1871.21
2008-08-13,1868.96
2008-08-14,1870.96
2008-08-15,1872.62
2008-08-18,1761.85
2008-08-19,1787.89
2008-08-20,1927.18
2008-08-21,1858.38
2008-08-22,1825.98
2008-08-25,1824.49
2008-08-26,1760.40
2008-08-27,1755.55
2008-08-28,1760.80
2008-08-29,1805.57
2008-09-01,1748.12
2008-09-02,1738.81
2008-09-03,1716.30
2008-09-04,1721.21
2008-09-05,1662.07
2008-09-08,1608.12
2008-09-09,1618.45
2008-09-10,1625.16
2008-09-11,1579.81
2008-09-12,1582.63
2008-09-16,1533.52
2008-09-17,1486.52
2008-09-18,1453.39
2008-09-19,1590.33
2008-09-22,1679.58
2008-09-23,1601.71
2008-09-24,1618.70
2008-09-25,1675.39
2008-09-26,1686.10
2008-10-06,1608.19
2008-10-07,1593.70
2008-10-08,1540.75
2008-10-09,1521.58
2008-10-10,1445.90
2008-10-13,1497.36
2008-10-14,1456.82
2008-10-15,1443.65
2008-10-16,1371.41
2008-10-17,1382.61
2008-10-20,1428.95
2008-10-21,1418.55
2008-10-22,1384.90
2008-10-23,1386.80
2008-10-24,1352.15
2008-10-27,1254.29
2008-10-28,1290.29
2008-10-29,1251.14
2008-10-30,1276.70
2008-10-31,1251.95
2008-11-03,1242.52
2008-11-04,1224.90
2008-11-05,1269.83
2008-11-06,1242.41
2008-11-07,1263.45
2008-11-10,1356.45
2008-11-11,1341.78
2008-11-12,1362.11
2008-11-13,1418.55
2008-11-14,1473.32
2008-11-17,1517.07
2008-11-18,1406.01
2008-11-19,1495.34
2008-11-20,1484.15
2008-11-21,1473.29
2008-11-24,1412.46
2008-11-25,1407.31
2008-11-26,1415.08
2008-11-27,1436.25
2008-11-28,1410.16
2008-12-01,1445.21
2008-12-02,1454.62
2008-12-03,1516.36
2008-12-04,1534.52
2008-12-05,1562.20
2008-12-08,1625.79
2008-12-09,1584.54
2008-12-10,1627.94
2008-12-11,1585.97
2008-12-12,1518.60
2008-12-15,1535.30
2008-12-16,1553.12
2008-12-17,1562.94
2008-12-18,1594.60
2008-12-19,1603.73
2008-12-22,1586.00
2008-12-23,1502.59
2008-12-24,1475.22
2008-12-25,1466.40
2008-12-26,1460.03
2008-12-29,1457.94
2008-12-30,1444.76
2008-12-31,1430.79
2009-01-05,1486.11
2009-01-06,1533.20
2009-01-07,1530.20
2009-01-08,1496.34
2009-01-09,1526.00
2009-01-12,1532.63
2009-01-13,1495.79
2009-01-14,1557.22
2009-01-15,1562.33
2009-01-16,1584.44
2009-01-19,1596.25
2009-01-20,1609.85
2009-01-21,1605.83
2009-01-22,1626.07
2009-01-23,1618.86
2009-02-02,1648.26
2009-02-03,1689.74
2009-02-04,1731.16
2009-02-05,1715.02
2009-02-06,1784.77
2009-02-09,1834.14
2009-02-10,1865.42
2009-02-11,1870.33
2009-02-12,1874.57
2009-02-13,1939.60
2009-02-16,1985.52
2009-02-17,1918.40
2009-02-18,1835.23
2009-02-19,1860.38
2009-02-20,1904.60
2009-02-23,1959.90
2009-02-24,1873.59
2009-02-25,1876.94
2009-02-26,1772.61
2009-02-27,1711.67
2009-03-02,1737.59
2009-03-03,1730.20
2009-03-04,1841.69
2009-03-05,1857.46
2009-03-06,1843.65
2009-03-09,1772.01
2009-03-10,1807.39
2009-03-11,1794.23
2009-03-12,1793.28
2009-03-13,1782.48
2009-03-16,1810.20
2009-03-17,1874.56
2009-03-18,1887.04
2009-03-19,1927.83
2009-03-20,1923.46
2009-03-23,1968.69
2009-03-24,1981.02
2009-03-25,1937.17
2009-03-26,1995.10
2009-03-27,2011.52
2009-03-30,2006.58
2009-03-31,2026.41
2009-04-01,2057.67
2009-04-02,2073.14
2009-04-03,2063.16
2009-04-07,2074.18
2009-04-08,1997.98
2009-04-09,2030.71
2009-04-10,2093.60
2009-04-13,2136.54
2009-04-14,2160.87
2009-04-15,2177.24
2009-04-16,2180.71
2009-04-17,2152.65
2009-04-20,2202.32
2009-04-21,2184.17
2009-04-22,2096.00
2009-04-23,2109.46
2009-04-24,2092.38
2009-04-27,2033.51
2009-04-28,2044.01
2009-04-29,2106.63
2009-04-30,2126.07
2009-05-04,2197.80
2009-05-05,2212.77
2009-05-06,2243.77
2009-05-07,2239.55
2009-05-08,2253.60
2009-05-11,2192.41
2009-05-12,2243.98
2009-05-13,2262.61
2009-05-14,2254.48
2009-05-15,2261.94
2009-05-18,2274.11
2009-05-19,2295.66
2009-05-20,2275.37
2009-05-21,2228.48
2009-05-22,2225.32
2009-05-25,2233.52
2009-05-26,2219.71
2009-05-27,2241.24
2009-06-01,2305.38
2009-06-02,2313.66
2009-06-03,2356.57
2009-06-04,2363.40
2009-06-05,2352.87
2009-06-08,2354.94
2009-06-09,2368.08
2009-06-10,2392.55
2009-06-11,2375.41
2009-06-12,2330.61
2009-06-15,2373.04
2009-06-16,2370.21
2009-06-17,2406.88
2009-06-18,2436.47
2009-06-19,2450.05
2009-06-22,2444.90
2009-06-23,2442.71
2009-06-24,2473.37
2009-06-25,2471.89
2009-06-26,2480.64
2009-06-29,2513.27
2009-06-30,2500.64
2009-07-01,2547.88
2009-07-02,2579.76
2009-07-03,2611.19
2009-07-06,2643.44
2009-07-07,2626.63
2009-07-08,2635.56
2009-07-09,2675.87
2009-07-10,2680.25
2009-07-13,2668.14
2009-07-14,2730.00
2009-07-15,2755.82
2009-07-16,2754.81
2009-07-17,2764.69
2009-07-20,2815.54
2009-07-21,2768.61
2009-07-22,2816.34
2009-07-23,2849.46
2009-07-24,2852.01
2009-07-27,2911.30
2009-07-28,2928.22
2009-07-29,2775.78
2009-07-30,2828.97
2009-07-31,2907.04
2009-08-03,2953.01
2009-08-04,2959.76
2009-08-05,2938.47
2009-08-06,2884.19
2009-08-07,2802.21
2009-08-10,2804.43
2009-08-11,2817.39
2009-08-12,2693.91
2009-08-13,2714.85
2009-08-14,2625.55
2009-08-17,2463.06
2009-08-18,2494.31
2009-08-19,2377.77
2009-08-20,2471.59
2009-08-21,2523.72
2009-08-24,2551.74
2009-08-25,2477.89
2009-08-26,2535.04
2009-08-27,2538.09
2009-08-28,2460.32
2009-08-31,2290.37
2009-09-01,2294.57
2009-09-02,2321.80
2009-09-03,2439.83
2009-09-04,2464.25
2009-09-07,2487.34
2009-09-08,2535.07
2009-09-09,2550.44
2009-09-10,2526.48
2009-09-11,2581.64
2009-09-14,2629.28
2009-09-15,2641.12
2009-09-16,2618.23
2009-09-17,2669.73
2009-09-18,2579.66
2009-09-21,2597.39
2009-09-22,2539.23
2009-09-23,2480.36
2009-09-24,2482.18
2009-09-25,2462.70
2009-09-28,2398.69
2009-09-29,2381.94
2009-09-30,2406.58
2009-10-09,2524.81
2009-10-12,2521.87
2009-10-13,2559.87
2009-10-14,2582.92
2009-10-15,2590.67
2009-10-16,2591.29
2009-10-19,2652.10
2009-10-20,2691.35
2009-10-21,2680.65
2009-10-22,2669.23
2009-10-23,2716.15
2009-10-26,2716.31
2009-10-27,2644.32
2009-10-28,2656.74
2009-10-29,2598.54
2009-10-30,2631.87
2009-11-02,2712.19
2009-11-03,2747.93
2009-11-04,2763.19
2009-11-05,2783.97
2009-11-06,2792.75
2009-11-09,2805.38
2009-11-10,2812.59
2009-11-11,2812.24
2009-11-12,2814.81
2009-11-13,2832.80
2009-11-16,2908.81
2009-11-17,2916.76
2009-11-18,2932.85
2009-11-19,2950.74
2009-11-20,2944.51
2009-11-23,2976.05
2009-11-24,2867.10
2009-11-25,2934.51
2009-11-26,2823.11
2009-11-27,2757.78
2009-11-30,2855.13
2009-12-01,2901.81
2009-12-02,2934.14
2009-12-03,2932.43
2009-12-04,2950.34
2009-12-07,2972.49
2009-12-08,2947.21
2009-12-09,2901.30
2009-12-10,2917.03
2009-12-11,2912.77
2009-12-14,2946.94
2009-12-15,2931.41
2009-12-16,2912.11
2009-12-17,2841.15
2009-12-18,2774.15
2009-12-21,2787.92
2009-12-22,2724.98
2009-12-23,2753.54
2009-12-24,2831.75
2009-12-25,2828.41
2009-12-28,2871.19
2009-12-29,2890.71
2009-12-30,2924.10
2009-12-31,2939.79
2010-01-04,2917.85
2010-01-05,2941.47
2010-01-06,2921.87
2010-01-07,2860.37
2010-01-08,2872.41
2010-01-11,2879.47
2010-01-12,2929.63
2010-01-13,2849.63
2010-01-14,2896.47
2010-01-15,2909.52
2010-01-18,2928.52
2010-01-19,2930.51
2010-01-20,2834.68
2010-01-21,2848.95
2010-01-22,2810.12
2010-01-25,2777.90
2010-01-26,2703.89
2010-01-27,2671.96
2010-01-28,2685.38
2010-01-29,2687.79
2010-02-01,2649.42
2010-02-02,2640.92
2010-02-03,2699.09
2010-02-04,2699.58
2010-02-05,2648.38
2010-02-08,2645.07
2010-02-09,2653.52
2010-02-10,2686.88
2010-02-11,2688.68
2010-02-12,2719.01
2010-02-22,2707.90
2010-02-23,2695.81
2010-02-24,2737.30
2010-02-25,2776.00
2010-02-26,2771.12
2010-03-01,2804.87
2010-03-02,2796.98
2010-03-03,2819.66
2010-03-04,2746.70
2010-03-05,2753.27
2010-03-08,2775.34
2010-03-09,2790.04
2010-03-10,2767.70
2010-03-11,2765.76
2010-03-12,2729.18
2010-03-15,2696.27
2010-03-16,2715.13
2010-03-17,2773.38
2010-03-18,2770.23
2010-03-19,2790.60
2010-03-22,2799.70
2010-03-23,2781.65
2010-03-24,2789.14
2010-03-25,2754.76
2010-03-26,2792.19
2010-03-29,2847.29
2010-03-30,2854.93
2010-03-31,2841.92
2010-04-01,2879.20
2010-04-02,2888.14
2010-04-06,2887.68
2010-04-07,2882.02
2010-04-08,2859.20
2010-04-09,2888.32
2010-04-12,2877.99
2010-04-13,2891.68
2010-04-14,2903.68
2010-04-15,2890.33
2010-04-16,2865.43
2010-04-19,2729.02
2010-04-20,2732.19
2010-04-21,2790.10
2010-04-22,2769.57
2010-04-23,2753.28
2010-04-26,2741.57
2010-04-27,2685.83
2010-04-28,2675.73
2010-04-29,2636.49
2010-04-30,2623.30
2010-05-04,2595.64
2010-05-05,2626.05
2010-05-06,2525.65
2010-05-07,2480.22
2010-05-10,2479.56
2010-05-11,2426.57
2010-05-12,2425.71
2010-05-13,2482.44
2010-05-14,2474.30
2010-05-17,2342.53
2010-05-18,2376.42
2010-05-19,2373.90
2010-05-20,2342.77
2010-05-21,2379.27
2010-05-24,2467.09
2010-05-25,2425.86
2010-05-26,2429.67
2010-05-27,2465.91
2010-05-28,2466.46
2010-05-31,2405.48
2010-06-01,2377.69
2010-06-02,2386.08
2010-06-03,2371.71
2010-06-04,2379.98
2010-06-07,2346.95
2010-06-08,2351.73
2010-06-09,2418.73
2010-06-10,2400.98
2010-06-11,2403.25
2010-06-17,2389.92
2010-06-18,2334.84
2010-06-21,2405.11
2010-06-22,2412.37
2010-06-23,2396.43
2010-06-24,2398.72
2010-06-25,2379.62
2010-06-28,2358.34
2010-06-29,2251.08
2010-06-30,2221.45
2010-07-01,2196.78
2010-07-02,2199.18
2010-07-05,2184.69
2010-07-06,2233.58
2010-07-07,2250.46
2010-07-08,2246.54
2010-07-09,2302.05
2010-07-12,2324.65
2010-07-13,2289.89
2010-07-14,2306.37
2010-07-15,2261.51
2010-07-16,2265.52
2010-07-19,2316.98
2010-07-20,2370.14
2010-07-21,2376.36
2010-07-22,2405.20
2010-07-23,2414.27
2010-07-26,2433.49
2010-07-27,2423.97
2010-07-28,2478.64
2010-07-29,2491.40
2010-07-30,2485.05
2010-08-02,2525.67
2010-08-03,2482.78
2010-08-04,2495.14
2010-08-05,2483.54
2010-08-06,2522.80
2010-08-09,2539.40
2010-08-10,2463.08
2010-08-11,2480.17
2010-08-12,2450.44
2010-08-13,2485.19
2010-08-16,2539.36
2010-08-17,2553.54
2010-08-18,2550.13
2010-08-19,2564.58
2010-08-20,2518.74
2010-08-23,2521.76
2010-08-24,2537.64
2010-08-25,2484.80
2010-08-26,2493.97
2010-08-27,2502.95
2010-08-30,2552.07
2010-08-31,2548.20
2010-09-01,2529.00
2010-09-02,2567.25
2010-09-03,2573.06
2010-09-06,2601.48
2010-09-07,2609.86
2010-09-08,2612.48
2010-09-09,2572.99
2010-09-10,2584.13
2010-09-13,2615.44
2010-09-14,2618.38
2010-09-15,2576.29
2010-09-16,2523.97
2010-09-17,2524.90
2010-09-20,2512.17
2010-09-21,2514.90
2010-09-27,2559.82
2010-09-28,2543.26
2010-09-29,2532.35
2010-09-30,2575.33
2010-10-08,2650.98
2010-10-11,2705.43
2010-10-12,2732.16
2010-10-13,2755.66
2010-10-14,2741.90
2010-10-15,2811.87
2010-10-18,2793.72
2010-10-19,2853.38
2010-10-20,2865.02
2010-10-21,2857.52
2010-10-22,2862.92
2010-10-25,2937.76
2010-10-26,2930.76
2010-10-27,2891.21
2010-10-28,2888.44
2010-10-29,2884.61
2010-11-01,2961.39
2010-11-02,2947.37
2010-11-03,2920.33
2010-11-04,2972.96
2010-11-05,3013.19
2010-11-08,3047.58
2010-11-09,3031.61
2010-11-10,3021.83
2010-11-11,3046.04
2010-11-12,2885.93
2010-11-15,2923.04
2010-11-16,2806.06
2010-11-17,2741.85
2010-11-18,2774.57
2010-11-19,2807.90
2010-11-22,2812.48
2010-11-23,2763.83
2010-11-24,2801.50
2010-11-25,2833.89
2010-11-26,2811.26
2010-11-29,2811.50
2010-11-30,2762.14
2010-12-01,2761.81
2010-12-02,2780.56
2010-12-03,2777.47
2010-12-06,2782.84
2010-12-07,2806.18
2010-12-08,2783.10
2010-12-09,2740.52
2010-12-10,2770.66
2010-12-13,2853.20
2010-12-14,2863.62
2010-12-15,2848.12
2010-12-16,2838.84
2010-12-17,2834.14
2010-12-20,2793.85
2010-12-21,2841.69
2010-12-22,2816.70
2010-12-23,2787.90
2010-12-24,2762.39
2010-12-27,2706.00
2010-12-28,2658.09
2010-12-29,2680.36
2010-12-30,2689.50
2010-12-31,2737.57
2011-01-04,2780.82
2011-01-05,2768.92
2011-01-06,2754.57
2011-01-07,2761.88
2011-01-10,2709.32
2011-01-11,2717.37
2011-01-12,2733.06
2011-01-13,2739.29
2011-01-14,2701.50
2011-01-17,2613.28
2011-01-18,2617.28
2011-01-19,2667.10
2011-01-20,2585.62
2011-01-21,2616.86
2011-01-24,2589.79
2011-01-25,2569.90
2011-01-26,2601.63
2011-01-27,2640.38
2011-01-28,2649.11
2011-01-31,2681.92
2011-02-01,2690.33
2011-02-09,2665.32
2011-02-10,2717.44
2011-02-11,2731.36
2011-02-14,2800.11
2011-02-15,2799.56
2011-02-16,2828.86
2011-02-17,2831.77
2011-02-18,2805.86
2011-02-21,2843.23
2011-02-22,2770.67
2011-02-23,2779.27
2011-02-24,2794.65
2011-02-25,2795.61
2011-02-28,2824.36
2011-03-01,2837.34
2011-03-02,2832.27
2011-03-03,2814.29
2011-03-04,2852.22
2011-03-07,2903.90
2011-03-08,2908.61
2011-03-09,2911.29
2011-03-10,2871.98
2011-03-11,2851.29
2011-03-14,2860.97
2011-03-15,2820.33
2011-03-16,2855.38
2011-03-17,2819.51
2011-03-18,2829.99
2011-03-21,2828.07
2011-03-22,2835.76
2011-03-23,2865.41
2011-03-24,2865.00
2011-03-25,2893.76
2011-03-28,2893.66
2011-03-29,2862.61
2011-03-30,2857.54
2011-03-31,2829.73
2011-04-01,2865.12
2011-04-06,2887.89
2011-04-07,2896.37
2011-04-08,2921.05
2011-04-11,2909.54
2011-04-12,2907.88
2011-04-13,2935.52
2011-04-14,2925.69
2011-04-15,2931.28
2011-04-18,2937.83
2011-04-19,2887.40
2011-04-20,2895.00
2011-04-21,2914.98
2011-04-22,2899.54
2011-04-25,2852.49
2011-04-26,2824.94
2011-04-27,2808.58
2011-04-28,2762.53
2011-04-29,2791.13
2011-05-03,2814.94
2011-05-04,2751.11
2011-05-05,2755.78
2011-05-06,2751.14
2011-05-09,2761.44
2011-05-10,2778.48
2011-05-11,2774.48
2011-05-12,2737.65
2011-05-13,2761.17
2011-05-16,2743.13
2011-05-17,2744.40
2011-05-18,2762.98
2011-05-19,2751.43
2011-05-20,2748.69
2011-05-23,2664.02
2011-05-24,2658.61
2011-05-25,2633.74
2011-05-26,2624.80
2011-05-27,2595.03
2011-05-30,2585.54
2011-05-31,2624.05
2011-06-01,2632.59
2011-06-02,2595.88
2011-06-03,2622.98
2011-06-07,2641.47
2011-06-08,2649.26
2011-06-09,2604.47
2011-06-10,2611.33
2011-06-13,2609.33
2011-06-14,2641.21
2011-06-15,2622.62
2011-06-16,2580.77
2011-06-17,2560.24
2011-06-20,2537.32
2011-06-21,2565.74
2011-06-22,2566.85
2011-06-23,2608.82
2011-06-24,2666.01
2011-06-27,2679.49
2011-06-28,2681.99
2011-06-29,2652.85
2011-06-30,2687.12
2011-07-01,2691.03
2011-07-04,2746.87
2011-07-05,2754.24
2011-07-06,2753.62
2011-07-07,2741.56
2011-07-08,2743.72
2011-07-11,2752.90
2011-07-12,2707.37
2011-07-13,2748.98
2011-07-14,2763.68
2011-07-15,2776.17
2011-07-18,2772.28
2011-07-19,2750.68
2011-07-20,2749.45
2011-07-21,2721.76
2011-07-22,2729.43
2011-07-25,2644.85
2011-07-26,2659.11
2011-07-27,2684.04
2011-07-28,2671.53
2011-07-29,2659.65
2011-08-01,2663.58
2011-08-02,2641.39
2011-08-03,2642.22
2011-08-04,2648.72
2011-08-05,2592.84
2011-08-08,2489.44
2011-08-09,2487.98
2011-08-10,2514.56
2011-08-11,2549.67
2011-08-12,2564.35
2011-08-15,2598.33
2011-08-16,2579.64
2011-08-17,2571.97
2011-08-18,2529.82
2011-08-19,2505.74
2011-08-22,2484.99
2011-08-23,2522.81
2011-08-24,2513.71
2011-08-25,2582.57
2011-08-26,2582.35
2011-08-29,2550.71
2011-08-30,2538.54
2011-08-31,2537.55
2011-09-01,2525.73
2011-09-02,2498.58
2011-09-05,2446.77
2011-09-06,2433.64
2011-09-07,2482.16
2011-09-08,2464.13
2011-09-09,2459.56
2011-09-13,2430.40
2011-09-14,2445.67
2011-09-15,2446.26
2011-09-16,2449.52
2011-09-19,2405.62
2011-09-20,2415.35
2011-09-21,2480.40
2011-09-22,2410.55
2011-09-23,2396.91
2011-09-26,2356.86
2011-09-27,2376.27
2011-09-28,2351.26
2011-09-29,2317.38
2011-09-30,2312.24
2011-10-10,2298.05
2011-10-11,2296.51
2011-10-12,2367.72
2011-10-13,2389.10
2011-10-14,2380.66
2011-10-17,2390.99
2011-10-18,2330.96
2011-10-19,2323.76
2011-10-20,2274.07
2011-10-21,2254.50
2011-10-24,2304.93
2011-10-25,2348.12
2011-10-26,2367.55
2011-10-27,2373.80
2011-10-28,2414.79
2011-10-31,2411.99
2011-11-01,2413.54
2011-11-02,2449.44
2011-11-03,2456.47
2011-11-04,2475.65
2011-11-07,2458.57
2011-11-08,2449.99
2011-11-09,2474.24
2011-11-10,2432.42
2011-11-11,2432.91
2011-11-14,2483.57
2011-11-15,2484.87
2011-11-16,2422.92
2011-11-17,2419.59
2011-11-18,2369.67
2011-11-21,2369.43
2011-11-22,2367.19
2011-11-23,2350.88
2011-11-24,2353.97
2011-11-25,2337.70
2011-11-28,2340.61
2011-11-29,2370.58
2011-11-30,2290.17
2011-12-01,2341.99
2011-12-02,2312.45
2011-12-05,2275.54
2011-12-06,2271.21
2011-12-07,2277.94
2011-12-08,2275.41
2011-12-09,2259.12
2011-12-12,2234.68
2011-12-13,2188.49
2011-12-14,2166.02
2011-12-15,2118.46
2011-12-16,2164.19
2011-12-19,2160.30
2011-12-20,2157.29
2011-12-21,2127.08
2011-12-22,2119.52
2011-12-23,2137.82
2011-12-26,2121.78
2011-12-27,2091.30
2011-12-28,2092.59
2011-12-29,2096.72
2011-12-30,2123.85
2012-01-04,2089.28
2012-01-05,2057.34
2012-01-06,2070.98
2012-01-09,2134.63
2012-01-10,2198.02
2012-01-11,2190.58
2012-01-12,2189.12
2012-01-13,2151.46
2012-01-16,2107.70
2012-01-17,2199.67
2012-01-18,2163.02
2012-01-19,2192.20
2012-01-20,2217.09
2012-01-30,2187.40
2012-01-31,2192.70
2012-02-01,2171.16
2012-02-02,2213.44
2012-02-03,2233.27
2012-02-06,2237.40
2012-02-07,2199.53
2012-02-08,2255.20
2012-02-09,2259.90
2012-02-10,2263.85
2012-02-13,2267.44
2012-02-14,2261.85
2012-02-15,2285.72
2012-02-16,2277.45
2012-02-17,2276.19
2012-02-20,2281.91
2012-02-21,2301.46
2012-02-22,2328.32
2012-02-23,2335.07
2012-02-24,2365.31
2012-02-27,2373.16
2012-02-28,2373.12
2012-02-29,2348.57
2012-03-01,2348.24
2012-03-02,2385.70
2012-03-05,2372.51
2012-03-06,2340.66
2012-03-07,2325.81
2012-03-08,2351.44
2012-03-09,2374.73
2012-03-12,2372.47
2012-03-13,2394.28
2012-03-14,2324.01
2012-03-15,2307.78
2012-03-16,2343.35
2012-03-19,2353.69
2012-03-20,2317.88
2012-03-21,2319.15
2012-03-22,2314.96
2012-03-23,2286.25
2012-03-26,2287.14
2012-03-27,2281.65
2012-03-28,2213.43
2012-03-29,2180.49
2012-03-30,2186.80
2012-04-05,2232.19
2012-04-06,2239.55
2012-04-09,2218.48
2012-04-10,2238.67
2012-04-11,2243.07
2012-04-12,2284.49
2012-04-13,2293.98
2012-04-16,2291.70
2012-04-17,2267.09
2012-04-18,2312.24
2012-04-19,2308.33
2012-04-20,2333.31
2012-04-23,2311.16
2012-04-24,2307.09
2012-04-25,2326.72
2012-04-26,2324.30
2012-04-27,2316.03
2012-05-02,2356.94
2012-05-03,2360.82
2012-05-04,2375.59
2012-05-07,2380.29
2012-05-08,2375.17
2012-05-09,2335.07
2012-05-10,2337.63
2012-05-11,2323.18
2012-05-14,2311.23
2012-05-15,2307.17
2012-05-16,2278.26
2012-05-17,2309.21
2012-05-18,2275.97
2012-05-21,2281.00
2012-05-22,2307.88
2012-05-23,2299.90
2012-05-24,2284.95
2012-05-25,2266.56
2012-05-28,2296.97
2012-05-29,2324.57
2012-05-30,2321.05
2012-05-31,2315.05
2012-06-01,2316.07
2012-06-04,2252.17
2012-06-05,2253.94
2012-06-06,2250.84
2012-06-07,2240.30
2012-06-08,2229.54
2012-06-11,2260.07
2012-06-12,2247.01
2012-06-13,2280.92
2012-06-14,2266.33
2012-06-15,2274.63
2012-06-18,2286.85
2012-06-19,2271.04
2012-06-20,2268.24
2012-06-21,2236.60
2012-06-25,2195.25
2012-06-26,2194.55
2012-06-27,2190.06
2012-06-28,2169.41
2012-06-29,2197.47
2012-07-02,2205.21
2012-07-03,2210.33
2012-07-04,2206.73
2012-07-05,2178.79
2012-07-06,2208.63
2012-07-09,2157.07
2012-07-10,2148.11
2012-07-11,2162.84
2012-07-12,2178.92
2012-07-13,2177.95
2012-07-16,2130.81
2012-07-17,2143.20
2012-07-18,2149.86
2012-07-19,2167.01
2012-07-20,2150.04
2012-07-23,2123.46
2012-07-24,2131.50
2012-07-25,2120.02
2012-07-26,2108.03
2012-07-27,2107.48
2012-07-30,2086.37
2012-07-31,2075.75
2012-08-01,2098.78
2012-08-02,2084.45
2012-08-03,2109.89
2012-08-06,2138.15
2012-08-07,2143.93
2012-08-08,2145.63
2012-08-09,2163.38
2012-08-10,2157.11
2012-08-13,2121.94
2012-08-14,2130.54
2012-08-15,2109.07
2012-08-16,2099.87
2012-08-17,2099.68
2012-08-20,2094.80
2012-08-21,2109.88
2012-08-22,2097.39
2012-08-23,2104.08
2012-08-24,2078.40
2012-08-27,2038.91
2012-08-28,2054.63
2012-08-29,2035.80
2012-08-30,2027.70
2012-08-31,2025.56
2012-09-03,2045.18
2012-09-04,2027.97
2012-09-05,2026.13
2012-09-06,2041.42
2012-09-07,2117.13
2012-09-10,2126.98
2012-09-11,2114.28
2012-09-12,2122.06
2012-09-13,2102.76
2012-09-14,2114.66
2012-09-17,2066.68
2012-09-18,2052.49
2012-09-19,2062.54
2012-09-20,2015.25
2012-09-21,2015.42
2012-09-24,2024.37
2012-09-25,2019.22
2012-09-26,1989.29
2012-09-27,2041.81
2012-09-28,2073.98
2012-10-08,2061.06
2012-10-09,2105.03
2012-10-10,2113.82
2012-10-11,2093.38
2012-10-12,2093.87
2012-10-15,2086.66
2012-10-16,2088.35
2012-10-17,2094.00
2012-10-18,2123.00
2012-10-19,2119.54
2012-10-22,2124.96
2012-10-23,2104.08
2012-10-24,2103.47
2012-10-25,2088.19
2012-10-26,2051.26
2012-10-29,2045.04
2012-10-30,2047.89
2012-10-31,2055.02
2012-11-01,2091.44
2012-11-02,2102.39
2012-11-05,2097.24
2012-11-06,2087.55
2012-11-07,2086.42
2012-11-08,2048.81
2012-11-09,2044.45
2012-11-12,2054.90
2012-11-13,2021.32
2012-11-14,2028.47
2012-11-15,2001.68
2012-11-16,1985.44
2012-11-19,1986.99
2012-11-20,1979.87
2012-11-21,2001.31
2012-11-22,1984.53
2012-11-23,1995.25
2012-11-26,1980.47
2012-11-27,1948.17
2012-11-28,1925.32
2012-11-29,1913.60
2012-11-30,1932.54
2012-12-03,1905.13
2012-12-04,1923.07
2012-12-05,1981.96
2012-12-06,1979.19
2012-12-07,2013.55
2012-12-10,2036.12
2012-12-11,2025.96
2012-12-12,2032.36
2012-12-13,2010.41
2012-12-14,2095.63
2012-12-17,2106.23
2012-12-18,2105.87
2012-12-19,2109.19
2012-12-20,2116.01
2012-12-21,2105.16
2012-12-24,2111.62
2012-12-25,2164.48
2012-12-26,2176.33
2012-12-27,2163.95
2012-12-28,2190.89
2012-12-31,2223.24
2013-01-04,2224.87
2013-01-07,2235.90
2013-01-08,2234.09
2013-01-09,2236.15
2013-01-10,2245.05
2013-01-11,2204.14
2013-01-14,2274.80
2013-01-15,2293.00
2013-01-16,2280.13
2013-01-17,2256.16
2013-01-18,2289.14
2013-01-21,2301.56
2013-01-22,2283.34
2013-01-23,2287.96
2013-01-24,2263.33
2013-01-25,2254.06
2013-01-28,2307.68
2013-01-29,2321.96
2013-01-30,2341.01
2013-01-31,2336.44
2013-02-01,2365.68
2013-02-04,2361.08
2013-02-05,2381.34
2013-02-06,2390.35
2013-02-07,2385.80
2013-02-08,2407.64
2013-02-18,2398.54
2013-02-19,2355.66
2013-02-20,2383.55
2013-02-21,2316.34
2013-02-22,2306.68
2013-02-25,2322.16
2013-02-26,2290.05
2013-02-27,2305.49
2013-02-28,2366.07
2013-03-01,2376.78
2013-03-04,2279.06
2013-03-05,2341.93
2013-03-06,2372.36
2013-03-07,2344.76
2013-03-08,2328.43
2013-03-11,2321.14
2013-03-12,2277.15
2013-03-13,2253.95
2013-03-14,2261.02
2013-03-15,2265.39
2013-03-18,2233.61
2013-03-19,2248.03
2013-03-20,2317.18
2013-03-21,2330.87
2013-03-22,2336.32
2013-03-25,2333.03
2013-03-26,2306.51
2013-03-27,2313.89
2013-03-28,2241.05
2013-03-29,2239.27
2013-04-01,2244.84
2013-04-02,2227.59
2013-04-03,2216.90
2013-04-08,2214.80
2013-04-09,2233.55
2013-04-10,2227.83
2013-04-11,2220.74
2013-04-12,2204.93
2013-04-15,2178.70
2013-04-16,2199.65
2013-04-17,2208.73
2013-04-18,2215.56
2013-04-19,2270.85
2013-04-22,2275.97
2013-04-23,2206.74
2013-04-24,2251.85
2013-04-25,2220.68
2013-04-26,2192.49
2013-05-02,2198.83
2013-05-03,2240.58
2013-05-06,2275.48
2013-05-07,2279.79
2013-05-08,2290.86
2013-05-09,2281.02
2013-05-10,2294.45
2013-05-13,2294.23
2013-05-14,2263.99
2013-05-15,2284.99
2013-05-16,2317.69
2013-05-17,2352.75
2013-05-20,2378.40
2013-05-21,2395.22
2013-05-22,2386.37
2013-05-23,2361.50
2013-05-24,2386.63
2013-05-27,2400.01
2013-05-28,2421.70
2013-05-29,2428.72
2013-05-30,2427.31
2013-05-31,2407.31
2013-06-03,2398.94
2013-06-04,2358.14
2013-06-05,2361.73
2013-06-06,2327.97
2013-06-07,2289.76
2013-06-13,2219.78
2013-06-14,2250.71
2013-06-17,2249.43
2013-06-18,2260.97
2013-06-19,2247.31
2013-06-20,2172.85
2013-06-21,2166.03
2013-06-24,2027.81
2013-06-25,2021.83
2013-06-26,2046.81
2013-06-27,2026.72
2013-06-28,2046.27
2013-07-01,2077.37
2013-07-02,2099.18
2013-07-03,2092.27
2013-07-04,2108.20
2013-07-05,2104.14
2013-07-08,2035.85
2013-07-09,2041.58
2013-07-10,2101.62
2013-07-11,2182.80
2013-07-12,2151.32
2013-07-15,2190.73
2013-07-16,2208.57
2013-07-17,2175.92
2013-07-18,2155.81
2013-07-19,2103.61
2013-07-22,2131.70
2013-07-23,2190.07
2013-07-24,2190.07
2013-07-25,2162.25
2013-07-26,2155.90
2013-07-29,2112.61
2013-07-30,2115.93
2013-07-31,2123.26
2013-08-01,2178.85
2013-08-02,2183.58
2013-08-05,2216.18
2013-08-06,2235.31
2013-08-07,2216.11
2013-08-08,2218.73
2013-08-09,2226.61
2013-08-12,2274.66
2013-08-13,2285.29
2013-08-14,2278.05
2013-08-15,2252.27
2013-08-16,2219.21
2013-08-19,2254.94
2013-08-20,2244.68
2013-08-21,2250.26
2013-08-22,2251.30
2013-08-23,2241.41
2013-08-26,2289.45
2013-08-27,2302.06
2013-08-28,2285.42
2013-08-29,2280.55
2013-08-30,2263.44
2013-09-02,2275.50
2013-09-03,2310.86
2013-09-04,2311.30
2013-09-05,2310.69
2013-09-06,2328.55
2013-09-09,2381.52
2013-09-10,2409.71
2013-09-11,2400.39
2013-09-12,2415.74
2013-09-13,2410.42
2013-09-16,2410.53
2013-09-17,2364.76
2013-09-18,2378.73
2013-09-23,2422.96
2013-09-24,2410.39
2013-09-25,2397.62
2013-09-26,2352.03
2013-09-27,2361.24
2013-09-30,2385.78
2013-10-08,2421.89
2013-10-09,2443.91
2013-10-10,2421.67
2013-10-11,2459.19
2013-10-14,2473.71
2013-10-15,2471.09
2013-10-16,2411.09
2013-10-17,2405.49
2013-10-18,2419.27
2013-10-21,2473.23
2013-10-22,2446.00
2013-10-23,2401.38
2013-10-24,2383.32
2013-10-25,2344.98
2013-10-28,2342.11
2013-10-29,2315.18
2013-10-30,2351.42
2013-10-31,2318.87
2013-11-01,2319.55
2013-11-04,2324.36
2013-11-05,2342.61
2013-11-06,2316.97
2013-11-07,2294.88
2013-11-08,2261.93
2013-11-11,2272.25
2013-11-12,2295.84
2013-11-13,2248.74
2013-11-14,2273.76
2013-11-15,2320.50
2013-11-18,2388.03
2013-11-19,2384.08
2013-11-20,2401.51
2013-11-21,2390.27
2013-11-22,2378.95
2013-11-25,2374.63
2013-11-26,2377.41
2013-11-27,2407.29
2013-11-28,2429.31
2013-11-29,2440.50
2013-12-02,2365.43
2013-12-03,2399.00
2013-12-04,2432.03
2013-12-05,2423.73
2013-12-06,2412.14
2013-12-09,2424.13
2013-12-10,2426.46
2013-12-11,2394.62
2013-12-12,2400.96
2013-12-13,2403.80
2013-12-16,2366.65
2013-12-17,2353.29
2013-12-18,2351.97
2013-12-19,2329.17
2013-12-20,2287.22
2013-12-23,2287.07
2013-12-24,2298.87
2013-12-25,2324.09
2013-12-26,2283.06
2013-12-27,2322.44
2013-12-30,2326.26
2013-12-31,2344.20
2014-01-02,2350.40
2014-01-03,2328.81
2014-01-06,2270.51
2014-01-07,2279.16
2014-01-08,2289.10
2014-01-09,2261.74
2014-01-10,2233.54
2014-01-13,2225.10
2014-01-14,2257.07
2014-01-15,2264.31
2014-01-16,2265.74
2014-01-17,2237.66
2014-01-20,2222.33
2014-01-21,2252.00
2014-01-22,2308.34
2014-01-23,2312.14
2014-01-24,2335.94
2014-01-27,2317.79
2014-01-28,2317.29
2014-01-29,2334.67
2014-01-30,2316.12
2014-02-07,2344.82
2014-02-10,2406.73
2014-02-11,2417.20
2014-02-12,2435.76
2014-02-13,2407.19
2014-02-14,2439.73
2014-02-17,2475.38
2014-02-18,2459.55
2014-02-19,2473.81
2014-02-20,2442.77
2014-02-21,2425.66
2014-02-24,2402.20
2014-02-25,2322.89
2014-02-26,2333.12
2014-02-27,2310.20
2014-02-28,2336.21
2014-03-03,2369.12
2014-03-04,2366.25
2014-03-05,2352.41
2014-03-06,2357.87
2014-03-07,2350.70
2014-03-10,2267.47
2014-03-11,2271.78
2014-03-12,2272.47
2014-03-13,2302.00
2014-03-14,2289.62
2014-03-17,2326.93
2014-03-18,2331.32
2014-03-19,2320.68
2014-03-20,2269.14
2014-03-21,2328.35
2014-03-24,2342.95
2014-03-25,2341.93
2014-03-26,2345.23
2014-03-27,2313.72
2014-03-28,2282.75
2014-03-31,2270.99
2014-04-01,2299.71
2014-04-02,2305.15
2014-04-03,2296.14
2014-04-04,2321.41
2014-04-08,2360.40
2014-04-09,2373.79
2014-04-10,2398.66
2014-04-11,2391.05
2014-04-14,2399.23
2014-04-15,2370.41
2014-04-16,2372.63
2014-04-17,2368.29
2014-04-18,2373.29
2014-04-21,2334.16
2014-04-22,2329.48
2014-04-23,2323.59
2014-04-24,2308.76
2014-04-25,2270.28
2014-04-28,2212.91
2014-04-29,2241.30
2014-04-30,2253.56
2014-05-05,2265.61
2014-05-06,2274.67
2014-05-07,2243.21
2014-05-08,2243.87
2014-05-09,2231.05
2014-05-12,2283.51
2014-05-13,2279.73
2014-05-14,2278.94
2014-05-15,2241.01
2014-05-16,2238.56
2014-05-19,2217.34
2014-05-20,2223.24
2014-05-21,2244.53
2014-05-22,2243.16
2014-05-23,2266.23
2014-05-26,2285.87
2014-05-27,2277.06
2014-05-28,2304.68
2014-05-29,2282.99
2014-05-30,2287.20
2014-06-03,2282.12
2014-06-04,2261.89
2014-06-05,2290.13
2014-06-06,2279.52
2014-06-09,2271.72
2014-06-10,2301.77
2014-06-11,2308.91
2014-06-12,2304.72
2014-06-13,2331.23
2014-06-16,2348.42
2014-06-17,2326.36
2014-06-18,2313.28
2014-06-19,2261.18
2014-06-20,2280.17
2014-06-23,2292.49
2014-06-24,2309.05
2014-06-25,2298.23
2014-06-26,2325.11
2014-06-27,2336.57
2014-06-30,2357.64
2014-07-01,2366.08
2014-07-02,2377.88
2014-07-03,2393.45
2014-07-04,2391.10
2014-07-07,2390.15
2014-07-08,2402.62
2014-07-09,2366.09
2014-07-10,2364.70
2014-07-11,2382.97
2014-07-14,2413.98
2014-07-15,2410.75
2014-07-16,2395.61
2014-07-17,2382.67
2014-07-18,2390.02
2014-07-21,2387.72
2014-07-22,2419.82
2014-07-23,2409.44
2014-07-24,2425.39
2014-07-25,2450.70
2014-07-28,2509.36
2014-07-29,2529.61
2014-07-30,2532.83
2014-07-31,2559.72
2014-08-01,2533.11
2014-08-04,2578.88
2014-08-05,2586.05
2014-08-06,2592.07
2014-08-07,2560.65
2014-08-08,2574.00
2014-08-11,2613.97
2014-08-12,2618.02
2014-08-13,2619.21
2014-08-14,2599.78
2014-08-15,2629.60
2014-08-18,2659.88
2014-08-19,2666.81
2014-08-20,2661.82
2014-08-21,2658.34
2014-08-22,2675.13
2014-08-25,2652.33
2014-08-26,2614.47
2014-08-27,2623.46
2014-08-28,2601.20
2014-08-29,2632.17
2014-09-01,2668.66
2014-09-02,2709.48
2014-09-03,2733.30
2014-09-04,2757.68
2014-09-05,2776.78
2014-09-09,2785.60
2014-09-10,2787.15
2014-09-11,2781.71
2014-09-12,2809.58
2014-09-15,2826.66
2014-09-16,2746.45
2014-09-17,2766.15
2014-09-18,2782.27
2014-09-19,2807.69
2014-09-22,2763.84
2014-09-23,2797.56
2014-09-24,2843.16
2014-09-25,2841.60
2014-09-26,2849.38
2014-09-29,2872.48
2014-09-30,2886.92
2014-10-08,2926.70
2014-10-09,2935.14
2014-10-10,2920.16
2014-10-13,2913.32
2014-10-14,2904.39
2014-10-15,2922.02
2014-10-16,2885.76
2014-10-17,2865.05
2014-10-20,2896.98
2014-10-21,2871.16
2014-10-22,2843.17
2014-10-23,2803.21
2014-10-24,2804.91
2014-10-27,2805.81
2014-10-28,2875.35
2014-10-29,2919.10
2014-10-30,2929.27
2014-10-31,2946.80
2014-11-03,2967.71
2014-11-04,2958.86
2014-11-05,2952.17
2014-11-06,2967.92
2014-11-07,2950.65
2014-11-10,2999.87
2014-11-11,2941.59
2014-11-12,2989.93
2014-11-13,2960.51
2014-11-14,2955.21
2014-11-17,2968.56
2014-11-18,2961.09
2014-11-19,2970.16
2014-11-20,2968.44
2014-11-21,3012.77
2014-11-24,3069.59
2014-11-25,3116.53
2014-11-26,3149.05
2014-11-27,3180.83
2014-11-28,3212.47
2014-12-01,3201.91
2014-12-02,3282.75
2014-12-03,3324.73
2014-12-04,3431.95
2014-12-05,3402.22
2014-12-08,3484.98
2014-12-09,3322.18
2014-12-10,3445.54
2014-12-11,3450.70
2014-12-12,3475.39
2014-12-15,3518.06
2014-12-16,3569.11
2014-12-17,3582.48
2014-12-18,3569.92
2014-12-19,3571.38
2014-12-22,3498.86
2014-12-23,3427.02
2014-12-24,3402.82
2014-12-25,3490.77
2014-12-26,3566.93
2014-12-29,3543.91
2014-12-30,3514.68
2014-12-31,3573.48
2015-01-05,3654.63
2015-01-06,3680.20
2015-01-07,3683.24
2015-01-08,3627.05
2015-01-09,3609.92
2015-01-12,3567.89
2015-01-13,3592.86
2015-01-14,3579.56
2015-01-15,3655.15
2015-01-16,3695.29
2015-01-19,3473.06
2015-01-20,3557.09
2015-01-21,3689.65
2015-01-22,3728.69
2015-01-23,3715.78
2015-01-26,3774.76
2015-01-27,3765.20
2015-01-28,3727.67
2015-01-29,3691.85
2015-01-30,3643.74
2015-02-02,3590.23
2015-02-03,3671.08
2015-02-04,3646.76
2015-02-05,3621.22
2015-02-06,3551.73
2015-02-09,3558.79
2015-02-10,3616.75
2015-02-11,3655.33
2015-02-12,3676.18
2015-02-13,3723.43
2015-02-16,3777.79
2015-02-17,3806.63
2015-02-25,3778.50
2015-02-26,3845.93
2015-02-27,3871.59
2015-03-02,3932.87
2015-03-03,3870.09
2015-03-04,3917.58
2015-03-05,3905.62
2015-03-06,3870.71
2015-03-09,3934.15
2015-03-10,3951.93
2015-03-11,3953.23
2015-03-12,3984.92
2015-03-13,4029.50
2015-03-16,4148.21
2015-03-17,4209.01
2015-03-18,4301.68
2015-03-19,4315.89
2015-03-20,4373.50
2015-03-23,4481.95
2015-03-24,4501.89
2015-03-25,4511.09
2015-03-26,4485.82
2015-03-27,4525.85
2015-03-30,4611.40
2015-03-31,4598.74
2015-04-01,4705.29
2015-04-02,4763.57
2015-04-03,4842.60
2015-04-07,4957.69
2015-04-08,4956.12
2015-04-09,4914.03
2015-04-10,5036.98
2015-04-13,5141.94
2015-04-14,5152.33
2015-04-15,5009.20
2015-04-16,5119.33
2015-04-17,5186.32
2015-04-20,5087.86
2015-04-21,5249.30
2015-04-22,5403.96
2015-04-23,5438.77
2015-04-24,5420.00
2015-04-27,5508.82
2015-04-28,5384.30
2015-04-29,5468.00
2015-04-30,5470.83
2015-05-04,5519.11
2015-05-05,5314.89
2015-05-06,5263.15
2015-05-07,5154.90
2015-05-08,5329.79
2015-05-11,5550.36
2015-05-12,5665.14
2015-05-13,5675.75
2015-05-14,5684.11
2015-05-15,5621.26
2015-05-18,5676.69
2015-05-19,5856.84
2015-05-20,5945.24
2015-05-21,6125.06
2015-05-22,6248.23
2015-05-25,6420.57
2015-05-26,6626.80
2015-05-27,6680.99
2015-05-28,6240.94
2015-05-29,6293.91
2015-06-01,6639.33
2015-06-02,6851.73
2015-06-03,6871.81
2015-06-04,6880.20
2015-06-05,6975.50
2015-06-08,6981.61
2015-06-09,6962.68
2015-06-10,7049.35
2015-06-11,7132.13
2015-06-12,7224.26
2015-06-15,7067.84
2015-06-16,6788.39
2015-06-17,6922.60
2015-06-18,6645.59
2015-06-19,6180.03
2015-06-23,6286.69
2015-06-24,6437.55
2015-06-25,6178.16
2015-06-26,5633.92
2015-06-29,5301.21
2015-06-30,5631.74
2015-07-01,5295.61
2015-07-02,4975.32
2015-07-03,4635.26
2015-07-06,4588.17
2015-07-07,4349.67
2015-07-08,4015.72
2015-07-09,4362.98
2015-07-10,4697.18
2015-07-13,4954.84
2015-07-14,4974.96
2015-07-15,4711.85
2015-07-16,4778.08
2015-07-17,5054.52
2015-07-20,5134.05
2015-07-21,5204.17
2015-07-22,5248.82
2015-07-23,5420.59
2015-07-24,5330.21
2015-07-27,4844.78
2015-07-28,4734.78
2015-07-29,4962.17
2015-07-30,4799.33
2015-07-31,4743.51
2015-08-03,4626.36
2015-08-04,4875.06
2015-08-05,4799.82
2015-08-06,4763.19
2015-08-07,4917.93
2015-08-10,5197.49
2015-08-11,5211.59
2015-08-12,5134.78
2015-08-13,5263.70
2015-08-14,5294.41
2015-08-17,5359.83
2015-08-18,4935.05
2015-08-19,5051.66
2015-08-20,4858.84
2015-08-21,4571.89
2015-08-24,4128.35
2015-08-25,3767.89
2015-08-26,3655.72
2015-08-27,3858.34
2015-08-28,4104.63
2015-08-31,4015.55
2015-09-01,3851.21
2015-09-02,3781.33
2015-09-07,3737.99
2015-09-08,3898.57
2015-09-09,4030.52
2015-09-10,3963.52
2015-09-11,3983.51
2015-09-14,3766.14
2015-09-15,3556.59
2015-09-16,3806.50
2015-09-17,3721.24
2015-09-18,3763.17
2015-09-21,3887.10
2015-09-22,3922.88
2015-09-23,3851.45
2015-09-24,3900.54
2015-09-25,3779.76
2015-09-28,3839.43
2015-09-29,3758.12
2015-09-30,3777.85
2015-10-08,3934.53
2015-10-09,4000.72
2015-10-12,4176.77
2015-10-13,4210.57
2015-10-14,4153.51
2015-10-15,4291.02
2015-10-16,4365.84
2015-10-19,4367.60
2015-10-20,4446.95
2015-10-21,4197.75
2015-10-22,4335.02
2015-10-23,4448.37
2015-10-26,4481.54
2015-10-27,4506.01
2015-10-28,4397.06
2015-10-29,4428.65
2015-10-30,4423.93
2015-11-02,4328.95
2015-11-03,4321.26
2015-11-04,4559.89
2015-11-05,4610.13
2015-11-06,4737.92
2015-11-09,4818.92
2015-11-10,4838.18
2015-11-11,4896.10
2015-11-12,4885.43
2015-11-13,4792.63
2015-11-16,4870.85
2015-11-17,4841.99
2015-11-18,4764.70
2015-11-19,4885.43
2015-11-20,4935.44
2015-11-23,4896.51
2015-11-24,4932.78
2015-11-25,5010.11
2015-11-26,4992.82
2015-11-27,4672.18
2015-11-30,4698.54
2015-12-01,4709.40
2015-12-02,4758.55
2015-12-03,4851.70
2015-12-04,4799.37
2015-12-07,4845.67
2015-12-08,4747.67
2015-12-09,4742.72
2015-12-10,4730.15
2015-12-11,4697.27
2015-12-14,4811.51
2015-12-15,4838.22
2015-12-16,4855.54
2015-12-17,4980.26
2015-12-18,4983.52
2015-12-21,5070.18
2015-12-22,5107.10
2015-12-23,5061.03
2015-12-24,5035.68
2015-12-25,5066.93
2015-12-28,4932.33
2015-12-29,4985.60
2015-12-30,5023.42
2015-12-31,4949.20
2016-01-04,4534.41
2016-01-05,4482.74
2016-01-06,4595.63
2016-01-07,4208.35
2016-01-08,4270.37
2016-01-11,3982.38
2016-01-12,3991.95
2016-01-13,3861.03
2016-01-14,3986.16
2016-01-15,3836.08
2016-01-18,3890.48
2016-01-19,4038.17
2016-01-20,3989.14
2016-01-21,3829.41
2016-01-22,3886.40
2016-01-25,3924.33
2016-01-26,3631.78
2016-01-27,3597.68
2016-01-28,3450.68
2016-01-29,3585.34
2016-02-01,3530.40
2016-02-02,3646.02
2016-02-03,3651.74
2016-02-04,3723.86
2016-02-05,3687.72
2016-02-15,3679.74
2016-02-16,3833.18
2016-02-17,3883.55
2016-02-18,3872.93
2016-02-19,3884.56
2016-02-22,3976.84
2016-02-23,3945.31
2016-02-24,3966.34
2016-02-25,3654.40
2016-02-26,3667.62
2016-02-29,3489.03
2016-03-01,3569.20
2016-03-02,3752.47
2016-03-03,3762.41
2016-03-04,3704.74
2016-03-07,3766.21
2016-03-08,3783.17
2016-03-09,3707.62
2016-03-10,3633.69
2016-03-11,3630.63
2016-03-14,3738.53
2016-03-15,3724.81
2016-03-16,3710.87
2016-03-17,3810.29
2016-03-18,3925.99
2016-03-21,4037.70
2016-03-22,4017.58
2016-03-23,4049.30
2016-03-24,3979.81
2016-03-25,4008.11
2016-03-28,3977.27
2016-03-29,3914.51
2016-03-30,4053.91
2016-03-31,4062.28
2016-04-01,4052.29
2016-04-05,4147.09
2016-04-06,4157.88
2016-04-07,4088.83
2016-04-08,4053.06
2016-04-11,4135.78
2016-04-12,4108.97
2016-04-13,4171.80
2016-04-14,4210.21
2016-04-15,4207.78
2016-04-18,4143.90
2016-04-19,4160.57
2016-04-20,4003.24
2016-04-21,3961.35
2016-04-22,3992.67
2016-04-25,3972.36
2016-04-26,4014.53
2016-04-27,4000.52
2016-04-28,3990.64
2016-04-29,3986.72
2016-05-03,4094.17
2016-05-04,4094.24
2016-05-05,4113.89
2016-05-06,3963.70
2016-05-09,3824.37
2016-05-10,3819.85
2016-05-11,3809.25
2016-05-12,3809.46
2016-05-13,3795.62
2016-05-16,3852.01
2016-05-17,3844.69
2016-05-18,3761.83
2016-05-19,3773.65
2016-05-20,3810.21
2016-05-23,3854.06
2016-05-24,3814.96
2016-05-25,3805.48
2016-05-26,3820.83
2016-05-27,3817.76
2016-05-30,3809.71
2016-05-31,3968.24
2016-06-01,3981.03
2016-06-02,4010.96
2016-06-03,4032.29
2016-06-06,4037.41
2016-06-07,4042.32
2016-06-08,4030.20
2016-06-13,3853.82
2016-06-14,3868.13
2016-06-15,3972.59
2016-06-16,3961.35
2016-06-17,3988.28
2016-06-20,3998.75
2016-06-21,3968.28
2016-06-22,4025.37
2016-06-23,4008.03
2016-06-24,3964.94
2016-06-27,4049.88
2016-06-28,4086.81
2016-06-29,4104.86
2016-06-30,4105.94
2016-07-01,4103.01
2016-07-04,4178.96
2016-07-05,4195.22
2016-07-06,4212.84
2016-07-07,4217.90
2016-07-08,4204.70
2016-07-11,4200.42
2016-07-12,4270.36
2016-07-13,4300.65
2016-07-14,4301.84
2016-07-15,4293.42
2016-07-18,4273.96
2016-07-19,4279.25
2016-07-20,4273.76
2016-07-21,4286.96
2016-07-22,4248.31
2016-07-25,4254.07
2016-07-26,4309.53
2016-07-27,4161.24
2016-07-28,4153.07
2016-07-29,4127.58
2016-08-01,4072.81
2016-08-02,4103.18
2016-08-03,4118.30
2016-08-04,4140.21
2016-08-05,4130.57
2016-08-08,4175.42
2016-08-09,4214.48
2016-08-10,4200.96
2016-08-11,4157.73
2016-08-12,4220.33
2016-08-15,4334.88
2016-08-16,4343.62
2016-08-17,4351.02
2016-08-18,4347.81
2016-08-19,4354.94
2016-08-22,4306.01
2016-08-23,4317.23
2016-08-24,4319.08
2016-08-25,4290.50
2016-08-26,4299.65
2016-08-29,4305.60
2016-08-30,4309.50
2016-08-31,4322.64
2016-09-01,4288.23
2016-09-02,4285.07
2016-09-05,4301.11
2016-09-06,4353.58
2016-09-07,4352.76
2016-09-08,4363.20
2016-09-09,4333.69
2016-09-12,4225.05
2016-09-13,4242.88
2016-09-14,4217.79
2016-09-19,4261.89
2016-09-20,4258.97
2016-09-21,4268.97
2016-09-22,4297.93
2016-09-23,4279.37
2016-09-26,4191.94
2016-09-27,4222.09
2016-09-28,4212.60
2016-09-29,4229.43
2016-09-30,4247.65
2016-10-10,4324.19
2016-10-11,4349.70
2016-10-12,4348.26
2016-10-13,4352.95
2016-10-14,4350.60
2016-10-17,4311.11
2016-10-18,4376.60
2016-10-19,4372.62
2016-10-20,4381.02
2016-10-21,4375.45
2016-10-24,4421.65
2016-10-25,4434.04
2016-10-26,4416.21
2016-10-27,4410.85
2016-10-28,4384.94
2016-10-31,4381.64
2016-11-01,4422.69
2016-11-02,4393.13
2016-11-03,4424.96
2016-11-04,4414.33
2016-11-07,4418.72
2016-11-08,4442.92
2016-11-09,4417.47
2016-11-10,4475.19
2016-11-11,4504.12
2016-11-14,4520.13
2016-11-15,4532.10
2016-11-16,4534.07
2016-11-17,4530.67
2016-11-18,4513.23
2016-11-21,4534.03
2016-11-22,4572.20
2016-11-23,4561.78
2016-11-24,4556.88
2016-11-25,4581.25
2016-11-28,4589.04
2016-11-29,4576.53
2016-11-30,4554.32
2016-12-01,4583.68
2016-12-02,4520.57
2016-12-05,4474.52
2016-12-06,4476.17
2016-12-07,4513.11
2016-12-08,4497.83
2016-12-09,4502.20
2016-12-12,4335.85
2016-12-13,4345.45
2016-12-14,4318.92
2016-12-15,4319.36
2016-12-16,4344.78
2016-12-19,4334.27
2016-12-20,4319.27
2016-12-21,4353.98
2016-12-22,4350.87
2016-12-23,4306.64
2016-12-26,4324.15
2016-12-27,4324.59
2016-12-28,4309.65
2016-12-29,4300.04
2016-12-30,4310.22
2017-01-03,4351.69
2017-01-04,4394.37
2017-01-05,4394.82
2017-01-06,4366.25
2017-01-09,4387.16
2017-01-10,4375.92
2017-01-11,4336.46
2017-01-12,4305.11
2017-01-13,4267.66
2017-01-16,4182.34
2017-01-17,4210.24
2017-01-18,4208.98
2017-01-19,4193.78
2017-01-20,4243.42
2017-01-23,4270.70
2017-01-24,4263.48
2017-01-25,4276.85
2017-01-26,4299.32
2017-02-03,4278.91
2017-02-06,4309.63
2017-02-07,4307.28
2017-02-08,4334.41
2017-02-09,4360.10
2017-02-10,4365.78
2017-02-13,4394.82
2017-02-14,4394.04
2017-02-15,4366.69
2017-02-16,4394.27
2017-02-17,4362.08
2017-02-20,4410.90
2017-02-21,4438.97
2017-02-22,4453.16
2017-02-23,4444.56
2017-02-24,4452.57
2017-02-27,4419.69
2017-02-28,4435.09
2017-03-01,4445.45
2017-03-02,4419.48
2017-03-03,4421.75
2017-03-06,4460.34
2017-03-07,4471.60
2017-03-08,4460.16
2017-03-09,4429.72
2017-03-10,4431.91
2017-03-13,4468.05
2017-03-14,4464.25
2017-03-15,4466.16
2017-03-16,4503.65
2017-03-17,4464.55
2017-03-20,4476.18
2017-03-21,4491.64
2017-03-22,4472.35
2017-03-23,4479.94
2017-03-24,4503.77
2017-03-27,4491.71
2017-03-28,4478.96
2017-03-29,4457.81
2017-03-30,4392.65
2017-03-31,4409.26
2017-04-05,4486.15
2017-04-06,4501.06
2017-04-07,4505.25
2017-04-10,4475.98
2017-04-11,4504.67
2017-04-12,4477.94
2017-04-13,4490.95
2017-04-14,4439.76
2017-04-17,4396.45
2017-04-18,4364.68
2017-04-19,4328.46
2017-04-20,4326.65
2017-04-21,4316.13
2017-04-24,4230.03
2017-04-25,4244.98
2017-04-26,4255.91
2017-04-27,4270.70
2017-04-28,4279.77
2017-05-02,4274.57
2017-05-03,4262.46
2017-05-04,4249.82
2017-05-05,4206.05
2017-05-08,4145.85
2017-05-09,4159.15
2017-05-10,4108.90
2017-05-11,4108.88
2017-05-12,4125.77
2017-05-15,4142.10
2017-05-16,4205.24
2017-05-17,4203.00
2017-05-18,4180.20
2017-05-19,4181.56
2017-05-22,4143.67
2017-05-23,4089.92
2017-05-24,4102.73
2017-05-25,4157.58
2017-05-26,4156.17
2017-05-31,4158.28
2017-06-01,4106.64
2017-06-02,4124.91
2017-06-05,4134.93
2017-06-06,4157.17
2017-06-07,4227.82
2017-06-08,4242.70
2017-06-09,4255.44
2017-06-12,4223.51
2017-06-13,4258.82
2017-06-14,4235.94
2017-06-15,4257.56
2017-06-16,4250.88
2017-06-19,4284.95
2017-06-20,4284.14
2017-06-21,4308.84
2017-06-22,4274.33
2017-06-23,4295.35
2017-06-26,4350.55
2017-06-27,4358.96
2017-06-28,4329.91
2017-06-29,4353.16
2017-06-30,4357.98
2017-07-03,4367.22
2017-07-04,4344.42
2017-07-05,4386.95
2017-07-06,4392.23
2017-07-07,4401.77
2017-07-10,4390.34
2017-07-11,4373.75
2017-07-12,4367.37
2017-07-13,4386.99
2017-07-14,4386.91
2017-07-17,4254.55
2017-07-18,4277.33
2017-07-19,4347.54
2017-07-20,4369.39
2017-07-21,4362.34
2017-07-24,4385.57
2017-07-25,4367.97
2017-07-26,4360.68
2017-07-27,4389.89
2017-07-28,4398.52
2017-07-31,4428.31
2017-08-01,4447.63
2017-08-02,4426.76
2017-08-03,4416.48
2017-08-04,4395.02
2017-08-07,4426.59
2017-08-08,4436.44
2017-08-09,4443.90
2017-08-10,4416.75
2017-08-11,4339.81
2017-08-14,4409.89
2017-08-15,4426.20
2017-08-16,4432.71
2017-08-17,4462.46
2017-08-18,4457.33
2017-08-21,4486.04
2017-08-22,4479.84
2017-08-23,4467.57
2017-08-24,4441.67
2017-08-25,4500.91
2017-08-28,4555.47
2017-08-29,4549.23
2017-08-30,4559.62
2017-08-31,4563.38
2017-09-01,4586.28
2017-09-04,4608.16
2017-09-05,4617.02
2017-09-06,4625.73
2017-09-07,4603.41
2017-09-08,4608.26
2017-09-11,4633.93
2017-09-12,4635.12
2017-09-13,4649.81
2017-09-14,4640.03
2017-09-15,4625.92
2017-09-18,4651.11
2017-09-19,4634.85
2017-09-20,4661.62
2017-09-21,4631.52
2017-09-22,4619.73
2017-09-25,4576.44
2017-09-26,4582.81
2017-09-27,4603.44
2017-09-28,4595.00
2017-09-29,4621.75
2017-10-09,4675.02
2017-10-10,4697.54
2017-10-11,4694.01
2017-10-12,4693.28
2017-10-13,4712.68
2017-10-16,4664.93
2017-10-17,4663.17
2017-10-18,4657.97
2017-10-19,4626.47
2017-10-20,4652.44
2017-10-23,4669.93
2017-10-24,4674.47
2017-10-25,4701.63
2017-10-26,4720.40
2017-10-27,4719.49
2017-10-30,4656.25
2017-10-31,4672.85
2017-11-01,4668.35
2017-11-02,4642.45
2017-11-03,4620.72
2017-11-06,4661.16
2017-11-07,4693.81
2017-11-08,4697.68
2017-11-09,4727.89
2017-11-10,4753.89
2017-11-13,4770.05
2017-11-14,4735.90
2017-11-15,4697.46
2017-11-16,4710.53
2017-11-17,4638.72
2017-11-20,4666.32
2017-11-21,4707.08
2017-11-22,4710.74
2017-11-23,4585.83
2017-11-24,4587.57
2017-11-27,4530.75
2017-11-28,4569.03
2017-11-29,4573.65
2017-11-30,4534.94
2017-12-01,4551.10
2017-12-04,4537.31
2017-12-05,4491.25
2017-12-06,4497.91
2017-12-07,4467.94
2017-12-08,4509.55
2017-12-11,4570.17
2017-12-12,4519.05
2017-12-13,4553.86
2017-12-14,4544.19
2017-12-15,4508.22
2017-12-18,4495.92
2017-12-19,4538.73
2017-12-20,4514.65
2017-12-21,4542.42
2017-12-22,4533.51
2017-12-25,4500.24
2017-12-26,4522.66
2017-12-27,4477.51
2017-12-28,4499.82
2017-12-29,4522.72
2018-01-02,4579.64
2018-01-03,4612.89
2018-01-04,4629.93
2018-01-05,4636.93
2018-01-08,4654.67
2018-01-09,4668.94
2018-01-10,4664.79
2018-01-11,4673.65
2018-01-12,4672.93
2018-01-15,4616.81
2018-01-16,4651.22
2018-01-17,4640.87
2018-01-18,4659.55
2018-01-19,4662.15
2018-01-22,4707.66
2018-01-23,4738.29
2018-01-24,4757.42
2018-01-25,4738.20
2018-01-26,4743.30
2018-01-29,4674.07
2018-01-30,4643.38
2018-01-31,4603.92
2018-02-01,4504.26
2018-02-02,4511.77
2018-02-05,4508.12
2018-02-06,4334.22
2018-02-07,4284.73
2018-02-08,4284.26
2018-02-09,4124.09
2018-02-12,4198.54
2018-02-13,4230.02
2018-02-14,4253.15
2018-02-22,4337.21
2018-02-23,4354.76
2018-02-26,4426.49
2018-02-27,4394.67
2018-02-28,4380.60
2018-03-01,4420.99
2018-03-02,4392.63
2018-03-05,4403.02
2018-03-06,4454.88
2018-03-07,4423.88
2018-03-08,4461.48
2018-03-09,4510.68
2018-03-12,4553.47
2018-03-13,4521.74
2018-03-14,4489.05
2018-03-15,4491.37
2018-03-16,4463.17
2018-03-19,4477.30
2018-03-20,4486.07
2018-03-21,4461.21
2018-03-22,4435.63
2018-03-23,4257.55
2018-03-26,4277.74
2018-03-27,4347.23
2018-03-28,4293.69
2018-03-29,4341.38
2018-03-30,4376.25
2018-04-02,4378.58
2018-04-03,4344.49
2018-04-04,4327.07
2018-04-09,4329.92
2018-04-10,4377.54
2018-04-11,4396.23
2018-04-12,4362.53
2018-04-13,4341.21
2018-04-16,4298.61
2018-04-17,4220.46
2018-04-18,4258.08
2018-04-19,4290.93
2018-04-20,4217.10
2018-04-23,4200.08
2018-04-24,4289.39
2018-04-25,4287.76
2018-04-26,4208.06
2018-04-27,4213.41
2018-05-02,4210.11
2018-05-03,4246.05
2018-05-04,4234.88
2018-05-07,4305.04
2018-05-08,4341.20
2018-05-09,4336.04
2018-05-10,4356.70
2018-05-11,4324.98
2018-05-14,4333.44
2018-05-15,4364.45
2018-05-16,4339.24
2018-05-17,4315.82
2018-05-18,4346.62
2018-05-21,4385.56
2018-05-22,4388.91
2018-05-23,4336.57
2018-05-24,4316.18
2018-05-25,4289.12
2018-05-28,4282.52
2018-05-29,4247.88
2018-05-30,4135.86
2018-05-31,4210.94
2018-06-01,4170.24
2018-06-04,4185.31
2018-06-05,4240.98
2018-06-06,4240.53
2018-06-07,4225.55
2018-06-08,4176.18
2018-06-11,4160.51
2018-06-12,4202.91
2018-06-13,4150.52
2018-06-14,4134.01
2018-06-15,4085.30
2018-06-19,3882.98
2018-06-20,3910.80
2018-06-21,3845.93
2018-06-22,3882.41
2018-06-25,3846.62
2018-06-26,3846.69
2018-06-27,3794.47
2018-06-28,3755.16
2018-06-29,3860.34
2018-07-02,3778.02
2018-07-03,3802.34
2018-07-04,3744.90
2018-07-05,3685.20
2018-07-06,3706.12
2018-07-09,3798.13
2018-07-10,3817.64
2018-07-11,3744.93
2018-07-12,3836.98
2018-07-13,3853.38
2018-07-16,3842.65
2018-07-17,3834.33
2018-07-18,3813.53
2018-07-19,3792.23
2018-07-20,3851.30
2018-07-23,3883.19
2018-07-24,3945.44
2018-07-25,3945.94
2018-07-26,3916.23
2018-07-27,3898.25
2018-07-30,3869.46
2018-07-31,3872.01
2018-08-01,3803.26
2018-08-02,3718.30
2018-08-03,3665.36
2018-08-06,3605.56
2018-08-07,3704.82
2018-08-08,3647.85
2018-08-09,3733.99
2018-08-10,3749.08
2018-08-13,3748.42
2018-08-14,3734.06
2018-08-15,3653.81
2018-08-16,3626.44
2018-08-17,3569.48
2018-08-20,3598.07
2018-08-21,3650.40
2018-08-22,3620.19
2018-08-23,3638.28
2018-08-24,3638.95
2018-08-27,3720.67
2018-08-28,3720.02
2018-08-29,3701.51
2018-08-30,3653.37
2018-08-31,3625.91
2018-09-03,3619.71
2018-09-04,3662.66
2018-09-05,3599.98
2018-09-06,3575.11
2018-09-07,3586.93
2018-09-10,3528.73
2018-09-11,3526.26
2018-09-12,3513.45
2018-09-13,3544.93
2018-09-14,3529.80
2018-09-17,3482.90
2018-09-18,3547.92
2018-09-19,3591.17
2018-09-20,3586.34
2018-09-21,3665.06
2018-09-25,3643.10
2018-09-26,3672.59
2018-09-27,3639.58
2018-09-28,3674.76
2018-10-08,3535.08
2018-10-09,3535.78
2018-10-10,3533.98
2018-10-11,3325.90
2018-10-12,3341.81
2018-10-15,3294.15
2018-10-16,3246.28
2018-10-17,3268.30
2018-10-18,3179.54
2018-10-19,3263.78
2018-10-22,3412.75
2018-10-23,3340.46
2018-10-24,3343.11
2018-10-25,3339.01
2018-10-26,3331.24
2018-10-29,3255.21
2018-10-30,3290.56
2018-10-31,3338.84
2018-11-01,3359.29
2018-11-02,3468.19
2018-11-05,3462.29
2018-11-06,3450.49
2018-11-07,3433.21
2018-11-08,3421.36
2018-11-09,3390.36
2018-11-12,3456.63
2018-11-13,3505.96
2018-11-14,3485.52
2018-11-15,3534.44
2018-11-16,3558.93
2018-11-19,3585.49
2018-11-20,3496.35
2018-11-21,3512.00
2018-11-22,3505.70
2018-11-23,3395.60
2018-11-26,3390.29
2018-11-27,3398.54
2018-11-28,3441.09
2018-11-29,3379.49
2018-11-30,3409.79
2018-12-03,3510.75
2018-12-04,3526.77
2018-12-05,3506.50
2018-12-06,3436.93
2018-12-07,3437.05
2018-12-10,3398.04
2018-12-11,3419.74
2018-12-12,3425.72
2018-12-13,3468.51
2018-12-14,3397.06
2018-12-17,3392.67
2018-12-18,3364.53
2018-12-19,3322.83
2018-12-20,3316.59
2018-12-21,3284.13
2018-12-24,3303.02
2018-12-25,3273.98
2018-12-26,3260.84
2018-12-27,3231.22
2018-12-28,3244.90
2019-01-02,3214.27
2019-01-03,3203.56
2019-01-04,3282.28
2019-01-07,3323.85
2019-01-08,3317.84
2019-01-09,3339.67
2019-01-10,3333.05
2019-01-11,3358.40
2019-01-14,3334.64
2019-01-15,3386.25
2019-01-16,3383.55
2019-01-17,3359.94
2019-01-18,3403.29
2019-01-21,3421.56
2019-01-22,3379.52
2019-01-23,3381.16
2019-01-24,3399.10
2019-01-25,3403.50
2019-01-28,3392.58
2019-01-29,3372.33
2019-01-30,3337.25
2019-01-31,3333.47
2019-02-01,3400.71
2019-02-11,3476.50
2019-02-12,3510.00
2019-02-13,3575.53
2019-02-14,3586.32
2019-02-15,3547.76
2019-02-18,3664.90
2019-02-19,3667.68
2019-02-20,3677.82
2019-02-21,3668.38
2019-02-22,3751.69
2019-02-25,3962.59
2019-02-26,3936.88
2019-02-27,3929.24
2019-02-28,3928.25
2019-03-01,3988.71
2019-03-04,4052.10
2019-03-05,4118.72
2019-03-06,4180.02
2019-03-07,4191.75
2019-03-08,4021.77
2019-03-11,4140.56
2019-03-12,4198.25
2019-03-13,4133.06
2019-03-14,4060.26
2019-03-15,4114.28
2019-03-18,4222.92
2019-03-19,4221.89
2019-03-20,4221.30
2019-03-21,4246.95
2019-03-22,4254.66
2019-03-25,4183.15
2019-03-26,4102.66
2019-03-27,4139.73
2019-03-28,4102.17
2019-03-29,4241.53
2019-04-01,4375.65
2019-04-02,4385.78
2019-04-03,4436.88
2019-04-04,4470.61
2019-04-08,4459.74
2019-04-09,4474.56
2019-04-10,4476.73
2019-04-11,4387.19
2019-04-12,4381.44
2019-04-15,4354.31
2019-04-16,4457.88
2019-04-17,4476.36
2019-04-18,4454.98
2019-04-19,4497.54
2019-04-22,4419.65
2019-04-23,4378.90
2019-04-24,4407.01
2019-04-25,4273.70
2019-04-26,4218.14
2019-04-29,4153.70
2019-04-30,4180.43
2019-05-06,3905.26
2019-05-07,3949.18
2019-05-08,3912.09
2019-05-09,3856.69
2019-05-10,3996.71
2019-05-13,3947.65
2019-05-14,3920.51
2019-05-15,4007.81
2019-05-16,4029.78
2019-05-17,3911.16
2019-05-20,3885.92
2019-05-21,3946.70
2019-05-22,3927.80
2019-05-23,3851.84
2019-05-24,3841.42
2019-05-27,3917.85
2019-05-28,3940.83
2019-05-29,3941.61
2019-05-30,3919.72
2019-05-31,3913.66
2019-06-03,3889.76
2019-06-04,3843.26
2019-06-05,3842.77
2019-06-06,3781.74
2019-06-10,3827.18
2019-06-11,3955.18
2019-06-12,3931.04
2019-06-13,3939.75
2019-06-14,3886.34
2019-06-17,3886.45
2019-06-18,3892.49
2019-06-19,3947.70
2019-06-20,4041.81
2019-06-21,4075.81
2019-06-24,4079.28
2019-06-25,4038.11
2019-06-26,4033.91
2019-06-27,4072.58
2019-06-28,4045.67
2019-07-01,4162.18
2019-07-02,4161.93
2019-07-03,4121.14
2019-07-04,4103.44
2019-07-05,4123.51
2019-07-08,4009.28
2019-07-09,4011.30
2019-07-10,3995.27
2019-07-11,3996.88
2019-07-12,4019.32
2019-07-15,4048.11
2019-07-16,4042.69
2019-07-17,4041.80
2019-07-18,3989.91
2019-07-19,4023.93
2019-07-22,3961.18
2019-07-23,3987.50
2019-07-24,4025.80
2019-07-25,4050.16
2019-07-26,4057.17
2019-07-29,4054.26
2019-07-30,4071.66
2019-07-31,4041.12
2019-08-01,4014.06
2019-08-02,3957.15
2019-08-05,3896.46
2019-08-06,3828.92
2019-08-07,3814.92
2019-08-08,3854.09
2019-08-09,3813.77
2019-08-12,3880.49
2019-08-13,3853.11
2019-08-14,3872.57
2019-08-15,3888.61
2019-08-16,3906.44
2019-08-19,4007.82
2019-08-20,4008.13
2019-08-21,4006.04
2019-08-22,4017.78
2019-08-23,4030.28
2019-08-26,3987.02
2019-08-27,4048.08
2019-08-28,4036.92
2019-08-29,4029.65
2019-08-30,4011.15
2019-09-02,4083.43
2019-09-03,4100.60
2019-09-04,4135.74
2019-09-05,4175.21
2019-09-06,4194.42
2019-09-09,4252.10
2019-09-10,4245.28
2019-09-11,4216.76
2019-09-12,4250.23
2019-09-16,4249.56
2019-09-17,4167.55
2019-09-18,4178.69
2019-09-19,4208.25
2019-09-20,4216.96
2019-09-23,4175.20
2019-09-24,4187.81
2019-09-25,4134.77
2019-09-26,4064.26
2019-09-27,4085.89
2019-09-30,4042.02
2019-10-08,4055.27
2019-10-09,4076.15
2019-10-10,4120.10
2019-10-11,4145.53
2019-10-14,4199.00
2019-10-15,4163.96
2019-10-16,4145.72
2019-10-17,4144.50
2019-10-18,4089.00
2019-10-21,4086.34
2019-10-22,4116.26
2019-10-23,4089.49
2019-10-24,4086.70
2019-10-25,4113.90
2019-10-28,4166.13
2019-10-29,4129.26
2019-10-30,4097.05
2019-10-31,4075.01
2019-11-01,4129.64
2019-11-04,4154.48
2019-11-05,4175.81
2019-11-06,4148.14
2019-11-07,4164.02
2019-11-08,4147.44
2019-11-11,4061.57
2019-11-12,4065.78
2019-11-13,4060.05
2019-11-14,4076.23
2019-11-15,4040.15
2019-11-18,4069.61
2019-11-19,4124.14
2019-11-20,4090.72
2019-11-21,4078.92
2019-11-22,4038.09
2019-11-25,4047.29
2019-11-26,4051.52
2019-11-27,4044.42
2019-11-28,4031.77
2019-11-29,4013.60
2019-12-02,4021.19
2019-12-03,4039.83
2019-12-04,4040.18
2019-12-05,4077.08
2019-12-06,4103.24
2019-12-09,4106.36
2019-12-10,4119.47
2019-12-11,4114.84
2019-12-12,4105.79
2019-12-13,4172.89
2019-12-16,4216.72
2019-12-17,4272.31
2019-12-18,4269.04
2019-12-19,4273.33
2019-12-20,4247.73
2019-12-23,4178.11
2019-12-24,4224.92
2019-12-25,4232.56
2019-12-26,4267.30
2019-12-27,4249.51
2019-12-30,4297.12
2019-12-31,4316.49
2020-01-02,4384.99
2020-01-03,4389.57
2020-01-06,4397.98
2020-01-07,4443.09
2020-01-08,4388.26
2020-01-09,4449.62
2020-01-10,4443.18
2020-01-13,4492.14
2020-01-14,4480.31
2020-01-15,4462.50
2020-01-16,4449.52
2020-01-17,4447.62
2020-01-20,4492.05
2020-01-21,4429.45
2020-01-22,4451.19
2020-01-23,4305.58
2020-02-03,3954.32
2020-02-04,4022.96
2020-02-05,4098.82
2020-02-06,4196.20
2020-02-07,4216.99
2020-02-10,4252.59
2020-02-11,4260.02
2020-02-12,4317.11
2020-02-13,4285.33
2020-02-14,4304.35
2020-02-17,4423.77
2020-02-18,4449.27
2020-02-19,4427.34
2020-02-20,4518.95
2020-02-21,4551.17
2020-02-24,4577.42
2020-02-25,4580.81
2020-02-26,4496.16
2020-02-27,4504.76
2020-02-28,4304.40
2020-03-02,4459.34
2020-03-03,4499.49
2020-03-04,4522.96
2020-03-05,4609.08
2020-03-06,4561.48
2020-03-09,4398.44
2020-03-10,4497.82
2020-03-11,4438.86
2020-03-12,4355.24
2020-03-13,4306.00
2020-03-16,4118.53
2020-03-17,4106.64
2020-03-18,4031.79
2020-03-19,4019.14
2020-03-20,4078.39
2020-03-23,3923.19
2020-03-24,4012.92
2020-03-25,4115.57
2020-03-26,4083.98
2020-03-27,4078.47
2020-03-30,4013.94
2020-03-31,4023.31
2020-04-01,4007.71
2020-04-02,4088.15
2020-04-03,4064.15
2020-04-07,4174.43
2020-04-08,4169.53
2020-04-09,4195.97
2020-04-10,4132.28
2020-04-13,4104.41
2020-04-14,4186.68
2020-04-15,4161.30
2020-04-16,4177.81
2020-04-17,4199.89
2020-04-20,4233.46
2020-04-21,4196.26
2020-04-22,4232.30
2020-04-23,4216.31
2020-04-24,4162.00
2020-04-27,4168.83
2020-04-28,4156.59
2020-04-29,4163.08
2020-04-30,4233.82
2020-05-06,4285.63
2020-05-07,4276.22
2020-05-08,4323.18
2020-05-11,4316.58
2020-05-12,4321.06
2020-05-13,4338.54
2020-05-14,4296.68
2020-05-15,4300.36
2020-05-18,4295.15
2020-05-19,4341.50
2020-05-20,4309.89
2020-05-21,4273.68
2020-05-22,4187.00
2020-05-25,4187.40
2020-05-26,4257.99
2020-05-27,4230.23
2020-05-28,4232.36
2020-05-29,4258.37
2020-06-01,4377.99
2020-06-02,4389.84
2020-06-03,4391.00
2020-06-04,4394.79
2020-06-05,4408.07
2020-06-08,4414.04
2020-06-09,4441.59
2020-06-10,4440.60
2020-06-11,4412.97
2020-06-12,4418.97
2020-06-15,4389.45
2020-06-16,4462.97
2020-06-17,4474.70
2020-06-18,4486.45
2020-06-19,4534.65
2020-06-22,4544.25
2020-06-23,4560.74
2020-06-24,4571.57
2020-06-29,4546.03
2020-06-30,4616.41
2020-07-01,4671.18
2020-07-02,4749.63
2020-07-03,4823.54
2020-07-06,5059.97
2020-07-07,5111.17
2020-07-08,5209.17
2020-07-09,5314.52
2020-07-10,5258.92
2020-07-13,5403.87
2020-07-14,5354.04
2020-07-15,5253.30
2020-07-16,4999.02
2020-07-17,5021.97
2020-07-20,5174.88
2020-07-21,5195.85
2020-07-22,5226.82
2020-07-23,5223.61
2020-07-24,4985.57
2020-07-27,4998.38
2020-07-28,5048.81
2020-07-29,5179.57
2020-07-30,5162.42
2020-07-31,5219.50
2020-08-03,5337.01
2020-08-04,5320.82
2020-08-05,5352.00
2020-08-06,5343.80
2020-08-07,5278.30
2020-08-10,5299.03
2020-08-11,5224.74
2020-08-12,5177.08
2020-08-13,5180.20
2020-08-14,5243.26
2020-08-17,5353.10
2020-08-18,5371.51
2020-08-19,5280.09
2020-08-20,5214.90
2020-08-21,5255.55
2020-08-24,5294.97
2020-08-25,5286.72
2020-08-26,5198.02
2020-08-27,5241.95
2020-08-28,5337.41
2020-08-31,5322.24
2020-09-01,5350.99
2020-09-02,5358.36
2020-09-03,5319.74
2020-09-04,5288.37
2020-09-07,5183.65
2020-09-08,5214.32
2020-09-09,5077.24
2020-09-10,5001.18
2020-09-11,5063.85
2020-09-14,5110.90
2020-09-15,5145.02
2020-09-16,5110.63
2020-09-17,5104.69
2020-09-18,5197.88
2020-09-21,5166.65
2020-09-22,5101.59
2020-09-23,5126.84
2020-09-24,5012.72
2020-09-25,5004.35
2020-09-28,4979.81
2020-09-29,5010.21
2020-09-30,5004.54
2020-10-09,5129.10
2020-10-12,5285.52
2020-10-13,5303.61
2020-10-14,5268.72
2020-10-15,5242.13
2020-10-16,5232.34
2020-10-19,5194.00
2020-10-20,5240.55
2020-10-21,5204.08
2020-10-22,5183.53
2020-10-23,5107.43
2020-10-26,5099.47
2020-10-27,5111.89
2020-10-28,5137.72
2020-10-29,5155.78
2020-10-30,5057.25
2020-11-02,5080.90
2020-11-03,5157.48
2020-11-04,5173.37
2020-11-05,5256.33
2020-11-06,5231.44
2020-11-09,5342.45
2020-11-10,5300.65
2020-11-11,5233.06
2020-11-12,5242.20
2020-11-13,5213.77
2020-11-16,5264.18
2020-11-17,5236.41
2020-11-18,5235.99
2020-11-19,5267.64
2020-11-20,5294.05
2020-11-23,5340.66
2020-11-24,5323.97
2020-11-25,5245.56
2020-11-26,5240.37
2020-11-27,5276.17
2020-11-30,5258.66
2020-12-01,5354.33
2020-12-02,5360.58
2020-12-03,5353.06
2020-12-04,5367.26
2020-12-07,5337.27
2020-12-08,5331.28
2020-12-09,5249.29
2020-12-10,5252.76
2020-12-11,5190.52
2020-12-14,5239.09
2020-12-15,5247.81
2020-12-16,5235.69
2020-12-17,5294.49
2020-12-18,5277.12
2020-12-21,5345.50
2020-12-22,5247.97
2020-12-23,5290.90
2020-12-24,5245.97
2020-12-25,5293.61
2020-12-28,5290.31
2020-12-29,5261.44
2020-12-30,5327.99
2020-12-31,5422.20
2021-01-04,5507.74
2021-01-05,5570.04
2021-01-06,5579.70
2021-01-07,5603.56
2021-01-08,5589.19
2021-01-11,5514.96
2021-01-12,5631.72
2021-01-13,5591.80
2021-01-14,5524.17
2021-01-15,5532.03
2021-01-18,5605.95
2021-01-19,5549.64
2021-01-20,5597.90
2021-01-21,5673.05
2021-01-22,5673.57
2021-01-25,5688.98
2021-01-26,5584.92
2021-01-27,5597.81
2021-01-28,5463.76
2021-01-29,5416.54
2021-02-01,5466.94
2021-02-02,5534.14
2021-02-03,5499.09
2021-02-04,5456.02
2021-02-05,5426.50
2021-02-08,5494.11
2021-02-09,5612.63
2021-02-10,5701.19
2021-02-18,5713.73
2021-02-19,5756.86
2021-02-22,5649.64
2021-02-23,5628.56
2021-02-24,5519.99
2021-02-25,5522.82
2021-02-26,5416.16
2021-03-01,5517.44
2021-03-02,5462.39
2021-03-03,5553.23
2021-03-04,5412.28
2021-03-05,5409.34
2021-03-08,5256.24
2021-03-09,5131.70
2021-03-10,5136.87
2021-03-11,5261.85
2021-03-12,5278.13
2021-03-15,5194.49
2021-03-16,5240.15
2021-03-17,5266.80
2021-03-18,5301.07
2021-03-19,5204.71
2021-03-22,5268.71
2021-03-23,5213.39
2021-03-24,5138.59
2021-03-25,5135.50
2021-03-26,5237.81
2021-03-29,5247.98
2021-03-30,5275.14
2021-03-31,5246.23
2021-04-01,5297.58
2021-04-02,5336.36
2021-04-06,5340.19
2021-04-07,5325.14
2021-04-08,5324.34
2021-04-09,5276.09
2021-04-12,5189.34
2021-04-13,5174.53
2021-04-14,5228.89
2021-04-15,5203.63
2021-04-16,5240.87
2021-04-19,5351.27
2021-04-20,5343.39
2021-04-21,5349.12
2021-04-22,5356.63
2021-04-23,5380.15
2021-04-26,5335.12
2021-04-27,5334.85
2021-04-28,5366.21
2021-04-29,5387.59
2021-04-30,5362.42
2021-05-06,5330.08
2021-05-07,5265.95
2021-05-10,5276.64
2021-05-11,5295.49
2021-05-12,5334.78
2021-05-13,5285.72
2021-05-14,5383.44
2021-05-17,5432.56
2021-05-18,5443.73
2021-05-19,5436.04
2021-05-20,5438.62
2021-05-21,5409.76
2021-05-24,5437.03
2021-05-25,5555.65
2021-05-26,5562.35
2021-05-27,5598.48
2021-05-28,5588.06
2021-05-31,5637.78
2021-06-01,5656.58
2021-06-02,5601.39
2021-06-03,5577.15
2021-06-04,5606.79
2021-06-07,5620.41
2021-06-08,5582.63
2021-06-09,5593.06
2021-06-10,5642.06
2021-06-11,5610.99
2021-06-15,5557.50
2021-06-16,5459.41
2021-06-17,5508.39
2021-06-18,5540.56
2021-06-21,5565.14
2021-06-22,5599.19
2021-06-23,5636.22
2021-06-24,5621.99
2021-06-25,5688.21
2021-06-28,5715.01
2021-06-29,5667.60
2021-06-30,5717.83
2021-07-01,5685.63
2021-07-02,5577.04
2021-07-05,5612.09
2021-07-06,5603.77
2021-07-07,5679.63
2021-07-08,5651.91
2021-07-09,5657.30
2021-07-12,5744.47
2021-07-13,5768.05
2021-07-14,5705.02
2021-07-15,5752.17
2021-07-16,5704.78
2021-07-19,5701.61
2021-07-20,5710.40
2021-07-21,5783.94
2021-07-22,5808.05
2021-07-23,5745.53
2021-07-26,5616.24
2021-07-27,5446.14
2021-07-28,5408.97
2021-07-29,5548.27
2021-07-30,5540.78
2021-08-02,5657.08
2021-08-03,5622.12
2021-08-04,5708.41
2021-08-05,5679.95
2021-08-06,5670.43
2021-08-09,5712.09
2021-08-10,5772.21
2021-08-11,5777.41
2021-08-12,5762.69
2021-08-13,5743.69
2021-08-16,5720.34
2021-08-17,5589.58
2021-08-18,5646.62
2021-08-19,5641.22
2021-08-20,5580.16
2021-08-23,5687.49
2021-08-24,5742.24
2021-08-25,5773.11
2021-08-26,5693.09
2021-08-27,5716.54
2021-08-30,5724.47
2021-08-31,5719.38
2021-09-01,5716.26
2021-09-02,5754.86
2021-09-03,5722.99
2021-09-06,5811.42
2021-09-07,5893.55
2021-09-08,5891.85
2021-09-09,5901.01
2021-09-10,5927.81
2021-09-13,5926.78
2021-09-14,5867.84
2021-09-15,5858.78
2021-09-16,5751.90
2021-09-17,5772.80
2021-09-22,5770.23
2021-09-23,5797.34
2021-09-24,5751.43
2021-09-27,5684.44
2021-09-28,5689.19
2021-09-29,5574.53
2021-09-30,5660.42
2021-10-08,5701.25
2021-10-11,5690.88
2021-10-12,5603.41
2021-10-13,5660.07
2021-10-14,5663.14
2021-10-15,5680.06
2021-10-18,5677.96
2021-10-19,5723.65
2021-10-20,5718.80
2021-10-21,5718.99
2021-10-22,5709.57
2021-10-25,5757.30
2021-10-26,5739.41
2021-10-27,5679.36
2021-10-28,5605.67
2021-10-29,5679.90
2021-11-01,5693.32
2021-11-02,5636.47
2021-11-03,5631.17
2021-11-04,5693.27
2021-11-05,5645.35
2021-11-08,5670.59
2021-11-09,5704.28
2021-11-10,5688.42
2021-11-11,5755.47
2021-11-12,5773.40
2021-11-15,5757.49
2021-11-16,5730.52
2021-11-17,5778.30
2021-11-18,5743.40
2021-11-19,5809.48
2021-11-22,5873.10
2021-11-23,5873.45
2021-11-24,5871.77
2021-11-25,5857.34
2021-11-26,5839.63
2021-11-29,5853.23
2021-11-30,5858.52
2021-12-01,5873.48
2021-12-02,5851.47
2021-12-03,5898.20
2021-12-06,5847.20
2021-12-07,5826.02
2021-12-08,5915.10
2021-12-09,5966.05
2021-12-10,5966.84
2021-12-13,5998.82
2021-12-14,5977.65
2021-12-15,5946.59
2021-12-16,5984.52
2021-12-17,5905.76
2021-12-20,5815.78
2021-12-21,5873.52
2021-12-22,5891.40
2021-12-23,5909.40
2021-12-24,5845.10
2021-12-27,5844.88
2021-12-28,5886.85
2021-12-29,5835.27
2021-12-30,5884.15
2021-12-31,5919.40
2022-01-04,5907.19
2022-01-05,5819.99
2022-01-06,5807.85
2022-01-07,5764.97
2022-01-10,5792.70
2022-01-11,5741.68
2022-01-12,5809.73
2022-01-13,5722.39
2022-01-14,5700.33
2022-01-17,5765.78
2022-01-18,5773.20
2022-01-19,5733.50
2022-01-20,5703.13
2022-01-21,5641.75
2022-01-24,5652.99
2022-01-25,5483.05
2022-01-26,5518.12
2022-01-27,5384.08
2022-01-28,5359.25
2022-02-07,5437.93
2022-02-08,5444.16
2022-02-09,5512.90
2022-02-10,5496.22
2022-02-11,5425.43
2022-02-14,5385.79
2022-02-15,5443.84
2022-02-16,5475.81
2022-02-17,5487.14
2022-02-18,5517.72
2022-02-21,5534.79
2022-02-22,5473.84
2022-02-23,5556.16
2022-02-24,5439.87
2022-02-25,5493.00
2022-02-28,5510.08
2022-03-01,5542.78
2022-03-02,5519.82
2022-03-03,5489.14
2022-03-04,5423.32
2022-03-07,5286.41
2022-03-08,5148.62
2022-03-09,5091.02
2022-03-10,5181.67
2022-03-11,5208.51
2022-03-14,5062.00
2022-03-15,4822.13
2022-03-16,5003.82
2022-03-17,5095.87
2022-03-18,5140.40
2022-03-21,5163.17
2022-03-22,5154.30
2022-03-23,5178.57
2022-03-24,5138.37
2022-03-25,5068.13
2022-03-28,5043.70
2022-03-29,5017.68
2022-03-30,5136.37
2022-03-31,5095.61
2022-04-01,5131.58
2022-04-06,5128.80
2022-04-07,5039.95
2022-04-08,5042.12
2022-04-11,4882.66
2022-04-12,4965.24
2022-04-13,4896.95
2022-04-14,4954.70
2022-04-15,4918.24
2022-04-18,4918.65
2022-04-19,4909.67
2022-04-20,4830.98
2022-04-21,4696.02
2022-04-22,4683.90
2022-04-25,4401.37
2022-04-26,4319.29
2022-04-27,4468.90
2022-04-28,4465.19
2022-04-29,4610.79
2022-05-05,4641.73
2022-05-06,4548.48
2022-05-09,4558.07
2022-05-10,4622.09
2022-05-11,4673.31
2022-05-12,4674.23
2022-05-13,4708.29
2022-05-16,4692.67
2022-05-17,4731.86
2022-05-18,4728.56
2022-05-19,4753.95
2022-05-20,4832.03
2022-05-23,4845.67
2022-05-24,4691.07
2022-05-25,4745.40
2022-05-26,4770.41
2022-05-27,4773.33
2022-05-30,4814.92
2022-05-31,4882.71
2022-06-01,4887.38
2022-06-02,4920.30
2022-06-06,5017.06
2022-06-07,5019.20
2022-06-08,5048.39
2022-06-09,4981.12
2022-06-10,5068.27
2022-06-13,5047.39
2022-06-14,5072.23
2022-06-15,5099.05
2022-06-16,5098.94
2022-06-17,5157.65
2022-06-20,5194.25
2022-06-21,5172.78
2022-06-22,5108.87
2022-06-23,5206.74
2022-06-24,5268.53
2022-06-27,5320.75
2022-06-28,5383.97
2022-06-29,5282.42
2022-06-30,5355.36
2022-07-01,5340.45
2022-07-04,5385.98
2022-07-05,5368.72
2022-07-06,5300.96
2022-07-07,5336.91
2022-07-08,5319.00
2022-07-11,5245.27
2022-07-12,5183.83
2022-07-13,5211.14
2022-07-14,5233.86
2022-07-15,5159.50
2022-07-18,5236.24
2022-07-19,5241.29
2022-07-20,5281.18
2022-07-21,5238.80
2022-07-22,5227.07
2022-07-25,5184.72
2022-07-26,5235.50
2022-07-27,5244.47
2022-07-28,5261.15
2022-07-29,5212.43
2022-08-01,5243.74
2022-08-02,5106.21
2022-08-03,5064.67
2022-08-04,5108.24
2022-08-05,5184.13
2022-08-08,5211.26
2022-08-09,5227.81
2022-08-10,5203.12
2022-08-11,5288.79
2022-08-12,5271.15
2022-08-15,5286.19
2022-08-16,5299.64
2022-08-17,5328.96
2022-08-18,5313.57
2022-08-19,5256.52
2022-08-22,5298.52
2022-08-23,5295.63
2022-08-24,5159.10
2022-08-25,5174.14
2022-08-26,5156.29
2022-08-29,5161.21
2022-08-30,5138.10
2022-08-31,5063.10
2022-09-01,5030.59
2022-09-02,5042.97
2022-09-05,5047.87
2022-09-06,5116.31
2022-09-07,5131.39
2022-09-08,5099.55
2022-09-09,5136.73
2022-09-13,5146.43
2022-09-14,5095.91
2022-09-15,5001.47
2022-09-16,4887.57
2022-09-19,4857.45
2022-09-20,4892.19
2022-09-21,4878.07
2022-09-22,4854.75
2022-09-23,4800.91
2022-09-26,4754.02
2022-09-27,4838.36
2022-09-28,4729.62
2022-09-29,4726.32
2022-09-30,4679.88
2022-10-10,4583.19
2022-10-11,4602.66
2022-10-12,4700.44
2022-10-13,4698.48
2022-10-14,4809.69
2022-10-17,4839.52
2022-10-18,4845.83
2022-10-19,4787.52
2022-10-20,4766.11
2022-10-21,4761.65
2022-10-24,4670.88
2022-10-25,4660.99
2022-10-26,4725.97
2022-10-27,4700.04
2022-10-28,4562.37
2022-10-31,4560.76
2022-11-01,4693.14
2022-11-02,4751.57
2022-11-03,4746.28
2022-11-04,4870.12
2022-11-07,4882.74
2022-11-08,4863.32
2022-11-09,4840.64
2022-11-10,4805.92
2022-11-11,4879.66
2022-11-14,4871.53
2022-11-15,4967.66
2022-11-16,4935.05
2022-11-17,4933.93
2022-11-18,4906.10
2022-11-21,4895.28
2022-11-22,4861.21
2022-11-23,4855.10
2022-11-24,4852.67
2022-11-25,4839.73
2022-11-28,4805.92
2022-11-29,4916.75
2022-11-30,4919.17
2022-12-01,4964.39
2022-12-02,4957.89
2022-12-05,5018.91
2022-12-06,5025.92
2022-12-07,5020.73
2022-12-08,5009.92
2022-12-09,5034.15
2022-12-12,4997.32
2022-12-13,4976.70
2022-12-14,4974.88
2022-12-15,4980.20
2022-12-16,4956.40
2022-12-19,4863.96
2022-12-20,4807.62
2022-12-21,4790.87
2022-12-22,4759.43
2022-12-23,4744.84
2022-12-26,4796.22
2022-12-27,4841.26
2022-12-28,4809.86
2022-12-29,4795.74
2022-12-30,4815.11
2023-01-03,4876.17
2023-01-04,4882.21
2023-01-05,4948.02
2023-01-06,4955.37
2023-01-09,4988.42
2023-01-10,4991.37
2023-01-11,4966.87
2023-01-12,4971.47
2023-01-13,5015.89
2023-01-16,5080.80
2023-01-17,5080.33
2023-01-18,5084.53
2023-01-19,5118.58
2023-01-20,5156.53
2023-01-30,5192.20
2023-01-31,5170.57
2023-02-01,5234.79
2023-02-02,5232.15
2023-02-03,5204.12
2023-02-06,5159.80
2023-02-07,5175.98
2023-02-08,5148.43
2023-02-09,5220.49
2023-02-10,5198.47
2023-02-13,5246.61
2023-02-14,5250.01
2023-02-15,5239.04
2023-02-16,5166.25
2023-02-17,5110.34
2023-02-20,5205.82
2023-02-21,5224.33
2023-02-22,5203.24
2023-02-23,5194.08
2023-02-24,5160.51
2023-02-27,5131.31
2023-02-28,5169.34
2023-03-01,5223.13
2023-03-02,5205.51
2023-03-03,5214.90
2023-03-06,5208.81
2023-03-07,5120.16
2023-03-08,5126.70
2023-03-09,5117.49
2023-03-10,5049.79
2023-03-13,5085.48
2023-03-14,5044.69
2023-03-15,5061.91
2023-03-16,4991.22
2023-03-17,5020.25
2023-03-20,5001.82
2023-03-21,5063.13
2023-03-22,5086.64
2023-03-23,5118.06
2023-03-24,5112.66
2023-03-27,5108.00
2023-03-28,5078.50
2023-03-29,5074.70
2023-03-30,5093.21
2023-03-31,5126.64
2023-04-03,5183.30
2023-04-04,5178.52
2023-04-06,5179.42
2023-04-07,5220.07
2023-04-10,5178.28
2023-04-11,5181.49
2023-04-12,5197.47
2023-04-13,5162.86
2023-04-14,5192.02
2023-04-17,5227.78
2023-04-18,5226.21
2023-04-19,5193.61
2023-04-20,5182.64
2023-04-21,5061.48
2023-04-24,5015.52
2023-04-25,4957.23
2023-04-26,4969.54
2023-04-27,4986.01
2023-04-28,5052.58
2023-05-04,5062.96
2023-05-05,5028.96
2023-05-08,5075.42
2023-05-09,5016.70
2023-05-10,5001.63
2023-05-11,5001.77
2023-05-12,4940.94
2023-05-15,5000.96
2023-05-16,4967.16
2023-05-17,4972.25
2023-05-18,4981.40
2023-05-19,4976.50
2023-05-22,4994.72
2023-05-23,4934.40
2023-05-24,4895.60
2023-05-25,4887.83
2023-05-26,4906.49
2023-05-29,4891.40
2023-05-30,4907.72
2023-05-31,4885.28
2023-06-01,4896.45
2023-06-02,4949.25
2023-06-05,4944.36
2023-06-06,4870.30
2023-06-07,4868.17
2023-06-08,4872.35
2023-06-09,4905.07
2023-06-12,4922.66
2023-06-13,4946.54
2023-06-14,4954.24
2023-06-15,5006.34
2023-06-16,5052.09
2023-06-19,5039.20
2023-06-20,5031.36
2023-06-21,4944.43
2023-06-26,4861.97
2023-06-27,4921.68
2023-06-28,4911.14
2023-06-29,4916.16
2023-06-30,4962.36
2023-07-03,5004.43
2023-07-04,5018.97
2023-07-05,4982.92
2023-07-06,4963.06
2023-07-07,4937.84
2023-07-10,4951.77
2023-07-11,4987.51
2023-07-12,4939.93
2023-07-13,5006.68
2023-07-14,5006.99
2023-07-17,4982.62
2023-07-18,4972.51
2023-07-19,4965.71
2023-07-20,4917.65
2023-07-21,4912.96
2023-07-24,4900.56
2023-07-25,5008.31
2023-07-26,4990.07
2023-07-27,4969.08
2023-07-28,5048.44
2023-07-31,5085.04
2023-08-01,5075.33
2023-08-02,5053.19
2023-08-03,5076.45
2023-08-04,5095.15
2023-08-07,5061.73
2023-08-08,5044.39
2023-08-09,5016.01
2023-08-10,5027.01
2023-08-11,4926.10
2023-08-14,4916.10
2023-08-15,4892.02
2023-08-16,4848.60
2023-08-17,4881.98
2023-08-18,4810.34
2023-08-21,4755.12
2023-08-22,4785.82
2023-08-23,4701.01
2023-08-24,4721.73
2023-08-25,4669.76
2023-08-28,4718.00
2023-08-29,4814.36
2023-08-30,4827.45
2023-08-31,4799.58
2023-09-01,4817.90
2023-09-04,4888.58
2023-09-05,4856.54
2023-09-06,4862.09
2023-09-07,4786.56
2023-09-08,4782.14
2023-09-11,4826.41
2023-09-12,4820.21
2023-09-13,4776.51
2023-09-14,4760.41
2023-09-15,4750.02
2023-09-18,4769.15
2023-09-19,4743.38
2023-09-20,4716.20
2023-09-21,4680.06
2023-09-22,4764.94
2023-09-25,4738.85
2023-09-26,4716.24
2023-09-27,4733.19
2023-09-28,4747.25
2023-10-09,4734.19
2023-10-10,4712.18
2023-10-11,4724.49
2023-10-12,4762.75
2023-10-13,4727.38
2023-10-16,4685.62
2023-10-17,4692.06
2023-10-18,4635.82
2023-10-19,4564.20
2023-10-20,4525.62
2023-10-23,4446.69
2023-10-24,4495.55
2023-10-25,4534.02
2023-10-26,4550.85
2023-10-27,4616.64
2023-10-30,4663.49
2023-10-31,4644.61
2023-11-01,4641.40
2023-11-02,4604.44
2023-11-03,4653.84
2023-11-06,4734.55
2023-11-07,4739.21
2023-11-08,4741.26
2023-11-09,4725.77
2023-11-10,4703.37
2023-11-13,4722.44
2023-11-14,4741.00
2023-11-15,4769.45
2023-11-16,4725.95
2023-11-17,4741.78
2023-11-20,4769.03
2023-11-21,4756.83
2023-11-22,4706.76
2023-11-23,4740.82
2023-11-24,4696.75
2023-11-27,4681.75
2023-11-28,4700.55
2023-11-29,4666.70
2023-11-30,4660.89
2023-12-01,4670.12
2023-12-04,4655.03
2023-12-05,4569.44
2023-12-06,4584.76
2023-12-07,4576.84
2023-12-08,4575.70
2023-12-11,4616.61
2023-12-12,4627.26
2023-12-13,4572.30
2023-12-14,4552.45
2023-12-15,4531.82
2023-12-18,4490.16
2023-12-19,4493.87
2023-12-20,4440.27
2023-12-21,4473.99
2023-12-22,4448.53
2023-12-25,4453.32
2023-12-26,4407.37
2023-12-27,4430.66
2023-12-28,4520.84
2023-12-29,4565.18
2024-01-02,4532.86
2024-01-03,4517.40
2024-01-04,4483.87
2024-01-05,4429.61
2024-01-08,4353.98
2024-01-09,4366.07
2024-01-10,4338.59
2024-01-11,4388.96
2024-01-12,4364.55
2024-01-15,4357.92
2024-01-16,4362.75
2024-01-17,4257.94
2024-01-18,4278.97
2024-01-19,4248.75
2024-01-22,4092.28
2024-01-23,4124.44
2024-01-24,4180.56
2024-01-25,4291.54
2024-01-26,4270.77
2024-01-29,4189.71
2024-01-30,4091.66
2024-01-31,3990.21
2024-02-01,3971.25
2024-02-02,3874.71
2024-02-05,3769.17
2024-02-06,3934.95
2024-02-07,4001.38
2024-02-08,4096.41
2024-02-19,4155.38
2024-02-20,4173.59
2024-02-21,4216.81
2024-02-22,4269.20
2024-02-23,4308.43
2024-02-26,4304.53
2024-02-27,4388.36
2024-02-28,4256.39
2024-02-29,4375.98
2024-03-01,4412.52
2024-03-04,4423.44
2024-03-05,4411.36
2024-03-06,4414.12
2024-03-07,4372.96
2024-03-08,4410.98
2024-03-11,4480.55
2024-03-12,4496.77
2024-03-13,4486.17
2024-03-14,4466.26
2024-03-15,4500.38
2024-03-18,4561.37
2024-03-19,4531.85
2024-03-20,4555.78
2024-03-21,4551.34
2024-03-22,4500.32
2024-03-25,4435.33
2024-03-26,4439.47
2024-03-27,4342.76
2024-03-28,4398.97
2024-03-29,4435.11
2024-04-01,4519.07
2024-04-02,4500.54
2024-04-03,4478.89
2024-04-08,4416.14
2024-04-09,4439.76
2024-04-10,4380.89
2024-04-11,4387.42
2024-04-12,4356.73
2024-04-15,4368.31
2024-04-16,4239.21
2024-04-17,4369.05
2024-04-18,4370.88
2024-04-19,4342.40
2024-04-22,4321.29
2024-04-23,4301.26
2024-04-24,4345.74
2024-04-25,4353.72
2024-04-26,4427.54
2024-04-29,4506.25
2024-04-30,4480.36
2024-05-06,4556.49
2024-05-07,4564.15
2024-05-08,4514.77
2024-05-09,4570.81
2024-05-10,4552.71
2024-05-13,4525.46
2024-05-14,4532.18
2024-05-15,4494.58
2024-05-16,4503.85
2024-05-17,4555.33
2024-05-20,4575.58
2024-05-21,4546.07
2024-05-22,4554.45
2024-05-23,4481.62
2024-05-24,4435.05
2024-05-27,4476.81
2024-05-28,4439.04
2024-05-29,4446.51
2024-05-30,4425.22
2024-05-31,4426.33
2024-06-03,4402.99
2024-06-04,4425.05
2024-06-05,4379.63
2024-06-06,4327.81
2024-06-07,4333.61
2024-06-11,4328.27
2024-06-12,4346.89
2024-06-13,4325.41
2024-06-14,4340.25
2024-06-17,4333.92
2024-06-18,4360.66
2024-06-19,4333.89
2024-06-20,4279.43
2024-06-21,4275.54
2024-06-24,4198.49
2024-06-25,4174.55
2024-06-26,4238.42
2024-06-27,4181.39
2024-06-28,4199.37
2024-07-01,4230.95
2024-07-02,4215.49
2024-07-03,4192.74
2024-07-04,4137.93
2024-07-05,4149.94
2024-07-08,4086.90
2024-07-09,4152.24
2024-07-10,4134.80
2024-07-11,4214.70
2024-07-12,4213.65
2024-07-15,4192.39
2024-07-16,4213.10
2024-07-17,4194.02
2024-07-18,4210.76
2024-07-19,4227.37
2024-07-22,4218.18
2024-07-23,4120.85
2024-07-24,4079.10
2024-07-25,4070.41
2024-07-26,4111.56
2024-07-29,4098.04
2024-07-30,4090.87
2024-07-31,4210.76
2024-08-01,4193.31
2024-08-02,4143.66
2024-08-05,4067.33
2024-08-06,4098.74
2024-08-07,4098.21
2024-08-08,4095.67
2024-08-09,4074.55
2024-08-12,4059.78
2024-08-13,4076.41
2024-08-14,4043.13
2024-08-15,4080.13
2024-08-16,4072.65
2024-08-19,4078.05
2024-08-20,4028.85
2024-08-21,4014.75
2024-08-22,3982.43
2024-08-23,3989.12
2024-08-26,3999.07
2024-08-27,3961.70
2024-08-28,3956.35
2024-08-29,3978.89
2024-08-30,4043.63
2024-09-02,3971.69
2024-09-03,3996.99
2024-09-04,3973.36
2024-09-05,3991.10
2024-09-06,3942.46
2024-09-09,3908.83
2024-09-10,3916.77
2024-09-11,3907.97
2024-09-12,3893.73
2024-09-13,3863.67
2024-09-18,3865.82
2024-09-19,3916.08
2024-09-20,3912.55
2024-09-23,3921.01
2024-09-24,4079.21
2024-09-25,4131.19
2024-09-26,4296.84
2024-09-27,4504.41
2024-09-30,4941.73
2024-10-08,5294.79
2024-10-09,4899.65
2024-10-10,4907.32
2024-10-11,4742.34
2024-10-14,4864.31
2024-10-15,4754.89
2024-10-16,4745.59
2024-10-17,4710.34
2024-10-18,4889.40
2024-10-21,4944.93
2024-10-22,4977.76
2024-10-23,4995.41
2024-10-24,4957.37
2024-10-25,5022.53
2024-10-28,5081.60
2024-10-29,5020.51
2024-10-30,5013.67
2024-10-31,5054.32
2024-11-01,4976.88
2024-11-04,5061.88
2024-11-05,5212.05
2024-11-06,5218.03
2024-11-07,5350.19
2024-11-08,5330.51
2024-11-11,5407.37
2024-11-12,5344.88
2024-11-13,5359.68
2024-11-14,5229.56
2024-11-15,5120.60
2024-11-18,5046.45
2024-11-19,5125.54
2024-11-20,5182.56
2024-11-21,5189.86
2024-11-22,5014.22
2024-11-25,5017.74
2024-11-26,4984.19
2024-11-27,5076.95
2024-11-28,5050.41
2024-11-29,5122.20
2024-12-02,5199.39
2024-12-03,5203.13
2024-12-04,5153.18
2024-12-05,5179.66
2024-12-06,5240.22
2024-12-09,5221.19
2024-12-10,5260.61
2024-12-11,5291.36
2024-12-12,5339.94
2024-12-13,5229.82
2024-12-16,5188.51
2024-12-17,5120.78
2024-12-18,5152.89
2024-12-19,5158.27
2024-12-20,5173.27
2024-12-23,5087.88
2024-12-24,5145.95
2024-12-25,5104.54
2024-12-26,5135.19
2024-12-27,5141.79
2024-12-30,5136.50
2024-12-31,5021.86
2025-01-02,4889.88
2025-01-03,4781.71
2025-01-06,4767.20
2025-01-07,4829.91
2025-01-08,4822.27
2025-01-09,4822.39
2025-01-10,4735.17
2025-01-13,4732.11
2025-01-14,4902.04
2025-01-15,4872.29
2025-01-16,4889.56
2025-01-17,4905.92
2025-01-20,4935.13
2025-01-21,4943.46
2025-01-22,4898.30
2025-01-23,4894.45
2025-01-24,4948.93
2025-01-27,4905.42
2025-02-05,4913.13
2025-02-06,5008.72
2025-02-07,5080.44
2025-02-10,5127.25
2025-02-11,5106.77
2025-02-12,5167.29
2025-02-13,5133.11
2025-02-14,5165.17
2025-02-17,5192.62
2025-02-18,5107.56
2025-02-19,5186.17
2025-02-20,5199.90
2025-02-21,5271.42
2025-02-24,5269.51
2025-02-25,5226.67
2025-02-26,5285.73
2025-02-27,5281.53
2025-02-28,5137.97
2025-03-03,5144.80
2025-03-04,5176.53
2025-03-05,5201.03
2025-03-06,5285.38
2025-03-07,5262.83
2025-03-10,5260.93
2025-03-11,5280.74
2025-03-12,5280.90
2025-03-13,5234.94
2025-03-14,5341.08
2025-03-17,5348.11
2025-03-18,5366.72
2025-03-19,5349.57
2025-03-20,5317.40
2025-03-21,5228.72
2025-03-24,5214.73
2025-03-25,5195.41
2025-03-26,5201.75
2025-03-27,5202.52
2025-03-28,5161.01
2025-03-31,5117.29
2025-04-01,5136.20
2025-04-02,5139.72
2025-04-03,5100.43
2025-04-07,4628.24
2025-04-08,4674.54
2025-04-09,4755.16
2025-04-10,4846.75
2025-04-11,4880.68
2025-04-14,4924.75
2025-04-15,4919.73
2025-04-16,4893.49
2025-04-17,4899.76
2025-04-18,4899.63
2025-04-21,4955.47
2025-04-22,4953.10
2025-04-23,4970.40
2025-04-24,4946.08
2025-04-25,4956.16
2025-04-28,4926.04
2025-04-29,4935.83
2025-04-30,4956.08
2025-05-06,5046.97
2025-05-07,5072.31
2025-05-08,5106.63
2025-05-09,5071.11
2025-05-12,5136.78
2025-05-13,5133.11
2025-05-14,5168.21
2025-05-15,5109.12
2025-05-16,5107.73
2025-05-19,5116.52
2025-05-20,5150.64
2025-05-21,5155.14
2025-05-22,5122.66
2025-05-23,5075.37
2025-05-26,5082.53
2025-05-27,5067.43
2025-05-28,5057.15
2025-05-29,5116.50
2025-05-30,5074.29
2025-06-03,5100.58
2025-06-04,5136.95
2025-06-05,5158.55
2025-06-06,5156.21
2025-06-09,5195.23
2025-06-10,5159.80
2025-06-11,5193.24
2025-06-12,5199.82
2025-06-13,5142.43
2025-06-16,5170.33
2025-06-17,5165.08
2025-06-18,5165.22
2025-06-19,5103.13
2025-06-20,5087.26
2025-06-23,5130.67
2025-06-24,5210.45
2025-06-25,5282.72
2025-06-26,5267.71
2025-06-27,5268.17
2025-06-30,5314.87
2025-07-01,5329.05
2025-07-02,5307.77
2025-07-03,5340.14
2025-07-04,5332.38
2025-07-07,5330.87
2025-07-08,5388.44
2025-07-09,5378.66
2025-07-10,5398.94
2025-07-11,5423.46
2025-07-14,5432.50
2025-07-15,5421.53
2025-07-16,5424.57
2025-07-17,5475.47
2025-07-18,5499.27
2025-07-21,5549.68
2025-07-22,5583.48
2025-07-23,5567.82
2025-07-24,5627.86
2025-07-25,5620.73
2025-07-28,5640.90
2025-07-29,5666.31
2025-07-30,5643.60
2025-07-31,5567.10
2025-08-01,5559.64
2025-08-04,5601.67
2025-08-05,5645.26
2025-08-06,5680.05
2025-08-07,5679.92
2025-08-08,5667.68
2025-08-11,5723.58
2025-08-12,5743.06
2025-08-13,5801.59
2025-08-14,5751.93
2025-08-15,5834.92
2025-08-18,5916.34
2025-08-19,5913.62
2025-08-20,5970.70
2025-08-21,5962.99
2025-08-22,6060.82
2025-08-25,6170.17
2025-08-26,6164.69
2025-08-27,6057.25
2025-08-28,6152.99
2025-08-29,6175.74
2025-09-01,6225.51
2025-09-02,6133.63
2025-09-03,6060.71
2025-09-04,5938.15
2025-09-05,6090.92
2025-09-08,6133.77
2025-09-09,6079.00
2025-09-10,6092.31
2025-09-11,6230.17
2025-09-12,6220.34
2025-09-15,6225.92
2025-09-16,6255.66
2025-09-17,6297.68
2025-09-18,6229.02
2025-09-19,6209.37
2025-09-22,6241.68
2025-09-23,6202.60
2025-09-24,6289.68
2025-09-25,6300.64
2025-09-26,6224.91
2025-09-29,6310.06
2025-09-30,6348.94
2025-10-09,6431.96
2025-10-10,6326.40
2025-10-13,6304.08
2025-10-14,6203.84
2025-10-15,6296.21
2025-10-16,6268.43
2025-10-17,6108.41
2025-10-20,6156.44
2025-10-21,6256.23
2025-10-22,6232.55
2025-10-23,6241.40
2025-10-24,6320.41
2025-10-27,6395.73
2025-10-28,6373.82
2025-10-29,6447.75
2025-10-30,6379.87
2025-10-31,6346.63
2025-11-03,6371.59
2025-11-04,6305.90
2025-11-05,6327.29
2025-11-06,6402.89
2025-11-07,6386.56
2025-11-10,6411.01
2025-11-11,6378.51
2025-11-12,6354.02
2025-11-13,6438.35
2025-11-14,6356.50
2025-11-17,6347.12
2025-11-18,6288.11
2025-11-19,6269.09
2025-11-20,6227.95
2025-11-21,6030.56
2025-11-24,6068.12
2025-11-25,6143.63
2025-11-26,6158.76
2025-11-27,6158.31
2025-11-28,6205.68
2025-12-01,6264.69
2025-12-02,6224.37
2025-12-03,6179.29
2025-12-04,6180.02
2025-12-05,6250.64
2025-12-08,6315.48
2025-12-09,6280.71
2025-12-10,6288.29
2025-12-11,6219.38
2025-12-12,6267.06
2025-12-15,6227.42
2025-12-16,6137.11
2025-12-17,6231.57
2025-12-18,6207.88
2025-12-19,6257.60
2025-12-22,6319.09
2025-12-23,6315.38
2025-12-24,6371.69
2025-12-25,6409.89
2025-12-26,6431.54
2025-12-29,6413.01
2025-12-30,6421.08
2025-12-31,6410.24
2026-01-05,6537.94
2026-01-06,6641.77
2026-01-07,6654.10
2026-01-08,6659.21
2026-01-09,6737.75
2026-01-12,6853.53
2026-01-13,6772.59
2026-01-14,6793.64
2026-01-15,6782.52
2026-01-16,6770.79
2026-01-19,6798.66
2026-01-20,6758.93
2026-01-21,6797.35
2026-01-22,6827.05
2026-01-23,6893.11
2026-01-26,6846.52
2026-01-27,6855.84
2026-01-28,6863.27
2026-01-29,6847.28
2026-01-30,6783.79
2026-02-02,6599.89
2026-02-03,6739.77
2026-02-04,6770.14
2026-02-05,6695.02
2026-02-06,6682.47
2026-02-09,6808.50
2026-02-10,6812.67
2026-02-11,6802.42
2026-02-12,6833.88
2026-02-13,6756.80
2026-02-24,6828.58
2026-02-25,6899.99
2026-02-26,6914.39
2026-02-27,6942.40
2026-03-02,6914.72
2026-03-03,6709.23
2026-03-04,6662.93
2026-03-05,6734.94
2026-03-06,6783.03
2026-03-09,6726.30
2026-03-10,6832.57
2026-03-11,6850.55
2026-03-12,6814.38
2026-03-13,6750.45
2026-03-16,6746.76
2026-03-17,6641.55
2026-03-18,6694.62
2026-03-19,6552.56
2026-03-20,6471.92
2026-03-23,6207.70
2026-03-24,6338.80
2026-03-25,6452.40
2026-03-26,6358.26
2026-03-27,6424.85
2026-03-30,6427.84
2026-03-31,6336.38
2026-04-01,6449.48
2026-04-02,6355.57
2026-04-03,6280.26
2026-04-07,6314.72
2026-04-08,6570.50
2026-04-09,6527.22
2026-04-10,6603.55
2026-04-13,6620.17
2026-04-14,6704.62
2026-04-15,6675.39
2026-04-16,6768.03
2026-04-17,6784.28
2026-04-20,6834.14
2026-04-21,6831.31
2026-04-22,6897.03
2026-04-23,6835.79
2026-04-24,6803.50
2026-04-27,6832.96
2026-04-28,6779.49
2026-04-29,6869.52
2026-04-30,6886.83
2026-05-06,7024.11
2026-05-07,7098.87
2026-05-08,7099.31
2026-05-11,7209.95
2026-05-12,7177.74
2026-05-13,7267.97
2026-05-14,7120.70
2026-05-15,7046.43
2026-05-18,7044.40
2026-05-19,7098.45
2026-05-20,7100.14
2026-05-21,6927.53
2026-05-22,7049.24
2026-05-25,7134.33
2026-05-26,7102.84
2026-05-27,7007.52
2026-05-28,7049.16
2026-05-29,6927.79
2026-06-01,6874.86
2026-06-02,6926.64
2026-06-03,6955.53
2026-06-04,6926.33
2026-06-05,6846.51
2026-06-08,6657.26
2026-06-09,6805.56
2026-06-10,6718.97
2026-06-11,6686.58
2026-06-12,6748.02
2026-06-15,6947.19
2026-06-16,6993.94
2026-06-17,7054.64
2026-06-18,7079.23
2026-06-22,7213.83
2026-06-23,7064.45
2026-06-24,7117.27
2026-06-25,7175.28
2026-06-26,6980.36
2026-06-29,7030.19
2026-06-30,7148.70
2026-07-01,7162.38
2026-07-02,6961.40
2026-07-03,6994.65
2026-07-06,6935.95
2026-07-07,6820.58
2026-07-08,6723.87
2026-07-09,6886.52
2026-07-10,6792.94
2026-07-13,6559.47
2026-07-14,6685.37
2026-07-15,6635.37
2026-07-16,6508.55
2026-07-17,6199.27
2026-07-20,6156.66
2026-07-21,6368.61
2026-07-22,6322.97
2026-07-23,6351.27
2026-07-24,6212.73
2026-07-27,6346.09
2026-07-28,6174.90
2026-07-29,6220.29
2026-07-30,6097.70
2026-07-31,6209.50
2026-08-03,6177.93
2026-08-04,6302.79
2026-08-05,6432.99
2026-08-06,6450.54
2026-08-07,6542.84
2026-08-10,6577.67
2026-08-11,6530.67
2026-08-12,6595.38
2026-08-13,6539.42
2026-08-14,6560.42
2026-08-17,6696.46
2026-08-18,6678.92
2026-08-19,6402.94
2026-08-20,6441.96
2026-08-21,6465.23
2026-08-24,6373.39
2026-08-25,6390.34
2026-08-26,6428.00
2026-08-27,6531.25
2026-08-28,6504.45
2026-08-31,6543.42
2026-09-01,6507.99
2026-09-02,6423.07
2026-09-03,6430.42
2026-09-04,6388.10
2026-09-07,6457.30
2026-09-08,6458.31
2026-09-09,6460.12
2026-09-10,6411.11
2026-09-11,6320.26
2026-09-14,6313.34
2026-09-15,6272.23
2026-09-16,6353.40
2026-09-17,6333.00
2026-09-18,6427.95
2026-09-21,6493.32
2026-09-22,6496.00
2026-09-23,6468.90
2026-09-24,6350.25
