date,close
2003-12-31,1000.00
2004-01-02,1000.2531
2004-01-05,1005.1117
2004-01-06,1004.8210
2004-01-07,1006.4898
2004-01-08,1007.9556
2004-01-09,1006.2310
2004-01-12,1008.9229
2004-01-13,1009.1124
2004-01-14,1008.5171
2004-01-15,1008.0207
2004-01-16,1010.8195
2004-01-29,1013.0601
2004-01-30,1009.4170
2004-02-02,1014.0799
2004-02-03,1016.2941
2004-02-04,1020.7853
2004-02-05,1020.5865
2004-02-06,1021.7551
2004-02-09,1022.9368
2004-02-10,1025.0389
2004-02-11,1023.7575
2004-02-12,1022.8745
2004-02-13,1024.9758
2004-02-16,1029.6882
2004-02-17,1032.9406
2004-02-18,1036.0869
2004-02-19,1037.8840
2004-02-20,1037.7339
2004-02-23,1032.9222
2004-02-24,1029.7937
2004-02-25,1025.1819
2004-02-26,1027.8616
2004-02-27,1033.7019
2004-03-01,1037.0854
2004-03-02,1037.9173
2004-03-03,1034.3136
2004-03-04,1033.4557
2004-03-05,1033.1545
2004-03-08,1032.3725
2004-03-09,1032.1717
2004-03-10,1034.3360
2004-03-11,1037.5141
2004-03-12,1041.4431
2004-03-15,1043.7363
2004-03-16,1044.5458
2004-03-17,1044.7974
2004-03-18,1042.1777
2004-03-19,1044.6468
2004-03-22,1044.2939
2004-03-23,1042.0785
2004-03-24,1041.0452
2004-03-25,1042.3308
2004-03-26,1042.6838
2004-03-29,1041.2726
2004-03-30,1040.3401
2004-03-31,1043.0599
2004-04-01,1044.7994
2004-04-02,1050.2153
2004-04-05,1054.2219
2004-04-06,1057.1917
2004-04-07,1060.8465
2004-04-08,1062.0810
2004-04-09,1055.5824
2004-04-12,1052.3080
2004-04-13,1052.2577
2004-04-14,1043.8432
2004-04-15,1041.7793
2004-04-16,1041.9301
2004-04-19,1040.7463
2004-04-20,1039.6578
2004-04-21,1038.1753
2004-04-22,1037.7001
2004-04-23,1035.4098
2004-04-26,1034.8006
2004-04-27,1035.3458
2004-04-28,1033.2821
2004-04-29,1025.3372
2004-04-30,1028.7348
2004-05-10,1024.0472
2004-05-11,1021.2194
2004-05-12,1024.4985
2004-05-13,1025.0791
2004-05-14,1021.9028
2004-05-17,1022.1029
2004-05-18,1022.1529
2004-05-19,1024.7993
2004-05-20,1023.3341
2004-05-21,1025.0995
2004-05-24,1024.5843
2004-05-25,1023.8529
2004-05-26,1024.2848
2004-05-27,1026.3321
2004-05-28,1027.2648
2004-05-31,1028.0458
2004-06-01,1030.5114
2004-06-02,1029.6287
2004-06-03,1028.1148
2004-06-04,1027.7316
2004-06-07,1025.1846
2004-06-08,1024.3532
2004-06-09,1021.5909
2004-06-10,1021.2913
2004-06-11,1021.2913
2004-06-14,1020.5247
2004-06-15,1020.6245
2004-06-16,1021.7070
2004-06-17,1018.1618
2004-06-18,1016.2978
2004-06-21,1015.2153
2004-06-22,1016.7814
2004-06-23,1016.8313
2004-06-24,1016.4818
2004-06-25,1016.0823
2004-06-28,1014.0351
2004-06-29,1014.5342
2004-06-30,1015.7996
2004-07-01,1019.2288
2004-07-02,1019.5795
2004-07-05,1020.0113
2004-07-06,1021.8246
2004-07-07,1020.7632
2004-07-08,1020.6130
2004-07-09,1020.4627
2004-07-12,1019.7304
2004-07-13,1019.7304
2004-07-14,1019.6510
2004-07-15,1021.1644
2004-07-16,1023.5101
2004-07-19,1021.2339
2004-07-20,1017.7430
2004-07-21,1017.1593
2004-07-22,1014.1289
2004-07-23,1014.2285
2004-07-26,1013.9431
2004-07-27,1011.9420
2004-07-28,1011.8923
2004-07-29,1015.2120
2004-07-30,1014.7139
2004-08-02,1015.4320
2004-08-03,1014.3164
2004-08-04,1017.1490
2004-08-05,1015.9667
2004-08-06,1016.5657
2004-08-09,1017.3987
2004-08-10,1017.0148
2004-08-11,1017.1644
2004-08-12,1016.3811
2004-08-13,1016.7799
2004-08-16,1016.6802
2004-08-17,1016.6661
2004-08-18,1016.8158
2004-08-19,1016.4815
2004-08-20,1016.7663
2004-08-23,1016.2824
2004-08-24,1015.3510
2004-08-25,1015.2014
2004-08-26,1014.6530
2004-08-27,1013.3875
2004-08-30,1013.1383
2004-08-31,1013.4375
2004-09-01,1012.4690
2004-09-02,1010.9897
2004-09-03,1008.8612
2004-09-06,1009.5447
2004-09-07,1009.5946
2004-09-08,1009.6445
2004-09-09,1008.9611
2004-09-10,1010.4425
2004-09-13,1006.5630
2004-09-14,1006.8620
2004-09-15,1011.0751
2004-09-16,1013.5583
2004-09-17,1015.6220
2004-09-20,1021.3477
2004-09-21,1019.8667
2004-09-22,1018.0207
2004-09-23,1020.1678
2004-09-24,1022.7182
2004-09-27,1020.4200
2004-09-28,1021.8499
2004-09-29,1022.1489
2004-09-30,1024.2487
2004-10-08,1023.8658
2004-10-11,1024.8624
2004-10-12,1022.9610
2004-10-13,1022.8118
2004-10-14,1017.6276
2004-10-15,1017.9751
2004-10-18,1019.3538
2004-10-19,1019.6018
2004-10-20,1016.5162
2004-10-21,1016.6732
2004-10-22,1017.9448
2004-10-25,1018.7868
2004-10-26,1015.8475
2004-10-27,1015.4026
2004-10-28,1016.9221
2004-10-29,1014.7450
2004-11-01,1012.7310
2004-11-02,1014.1103
2004-11-03,1013.9120
2004-11-04,1012.3035
2004-11-05,1010.7763
2004-11-08,1010.9664
2004-11-09,1011.1151
2004-11-10,1011.7099
2004-11-11,1011.7099
2004-11-12,1010.3894
2004-11-15,1010.5453
2004-11-16,1012.6583
2004-11-17,1011.0397
2004-11-18,1010.4030
2004-11-19,1010.7434
2004-11-22,1012.0654
2004-11-23,1012.3554
2004-11-24,1013.2383
2004-11-25,1012.9001
2004-11-26,1013.4367
2004-11-29,1013.4862
2004-11-30,1013.8327
2004-12-01,1014.2215
2004-12-02,1012.1161
2004-12-03,1011.5299
2004-12-06,1011.8266
2004-12-07,1011.3817
2004-12-08,1011.6290
2004-12-09,1011.3256
2004-12-10,1010.6407
2004-12-13,1009.7075
2004-12-14,1009.5590
2004-12-15,1008.3368
2004-12-16,1007.0080
2004-12-17,1006.9091
2004-12-20,1002.6480
2004-12-21,1001.7148
2004-12-22,1001.0284
2004-12-23,999.7007
2004-12-24,999.1082
2004-12-27,998.7679
2004-12-28,999.6518
2004-12-29,1000.1950
2004-12-30,1001.4239
2004-12-31,1003.0437
2005-01-04,999.9035
2005-01-05,1001.5725
2005-01-06,1002.4564
2005-01-07,1002.0081
2005-01-10,1003.5281
2005-01-11,1004.2629
2005-01-12,1003.8744
2005-01-13,1005.2954
2005-01-14,1005.5986
2005-01-17,1005.0116
2005-01-18,1004.8635
2005-01-19,1004.7648
2005-01-20,1003.8760
2005-01-21,1005.7418
2005-01-24,1008.2937
2005-01-25,1010.2583
2005-01-26,1011.2969
2005-01-27,1009.4310
2005-01-28,1010.1167
2005-01-31,1011.8406
2005-02-01,1013.2622
2005-02-02,1017.2354
2005-02-03,1018.5148
2005-02-04,1022.6850
2005-02-16,1026.6069
2005-02-17,1026.2189
2005-02-18,1024.6088
2005-02-21,1026.9562
2005-02-22,1027.3525
2005-02-23,1029.0199
2005-02-24,1028.3840
2005-02-25,1033.6347
2005-02-28,1033.5936
2005-03-01,1035.0143
2005-03-02,1032.5041
2005-03-03,1032.1076
2005-03-04,1032.8513
2005-03-07,1032.1172
2005-03-08,1035.4111
2005-03-09,1037.3261
2005-03-10,1034.7673
2005-03-11,1037.6145
2005-03-14,1038.6057
2005-03-15,1037.5248
2005-03-16,1035.0727
2005-03-17,1031.4899
2005-03-18,1030.6490
2005-03-21,1030.9379
2005-03-22,1030.6001
2005-03-23,1030.0630
2005-03-24,1029.6247
2005-03-25,1030.3106
2005-03-28,1030.0700
2005-03-29,1027.9570
2005-03-30,1027.1233
2005-03-31,1027.5682
2005-04-01,1031.4428
2005-04-04,1031.1032
2005-04-05,1031.4492
2005-04-06,1034.9402
2005-04-07,1038.8203
2005-04-08,1041.0266
2005-04-11,1040.8845
2005-04-12,1041.4225
2005-04-13,1043.8815
2005-04-14,1043.6899
2005-04-15,1041.7791
2005-04-18,1041.3313
2005-04-19,1038.5270
2005-04-20,1039.6143
2005-04-21,1038.0938
2005-04-22,1039.9600
2005-04-25,1040.5522
2005-04-26,1041.3869
2005-04-27,1041.4812
2005-04-28,1043.5452
2005-04-29,1043.4412
2005-05-09,1043.5960
2005-05-10,1046.8392
2005-05-11,1047.6784
2005-05-12,1044.7351
2005-05-13,1041.5442
2005-05-16,1038.4448
2005-05-17,1040.2124
2005-05-18,1038.0995
2005-05-19,1040.1137
2005-05-20,1037.8485
2005-05-23,1032.9363
2005-05-24,1033.4796
2005-05-25,1033.6225
2005-05-26,1032.7886
2005-05-27,1030.5763
2005-05-30,1031.1636
2005-05-31,1030.5704
2005-06-01,1030.8737
2005-06-02,1026.7465
2005-06-03,1024.2765
2005-06-06,1025.8611
2005-06-07,1028.2282
2005-06-08,1038.4376
2005-06-09,1038.6850
2005-06-10,1037.4056
2005-06-13,1036.5226
2005-06-14,1036.7699
2005-06-15,1036.6774
2005-06-16,1037.7589
2005-06-17,1038.8892
2005-06-20,1043.4616
2005-06-21,1044.5034
2005-06-22,1045.1871
2005-06-23,1045.0884
2005-06-24,1046.5104
2005-06-27,1049.2110
2005-06-28,1046.6093
2005-06-29,1045.1382
2005-06-30,1042.8816
2005-07-01,1040.3289
2005-07-04,1039.5434
2005-07-05,1040.6246
2005-07-06,1040.5288
2005-07-07,1041.6611
2005-07-08,1041.5136
2005-07-11,1042.5946
2005-07-12,1044.3631
2005-07-13,1044.8070
2005-07-14,1045.5930
2005-07-15,1046.2802
2005-07-18,1045.5427
2005-07-19,1041.8099
2005-07-20,1042.7423
2005-07-21,1042.3991
2005-07-22,1045.5454
2005-07-25,1047.0181
2005-07-26,1049.7212
2005-07-27,1051.0471
2005-07-28,1053.9441
2005-07-29,1054.9760
2005-08-01,1055.3708
2005-08-02,1057.2407
2005-08-03,1060.8241
2005-08-04,1060.6808
2005-08-05,1065.1046
2005-08-08,1066.7269
2005-08-09,1068.2983
2005-08-10,1068.7909
2005-08-11,1070.2688
2005-08-12,1067.3217
2005-08-15,1067.2234
2005-08-16,1065.3072
2005-08-17,1065.2090
2005-08-18,1062.2118
2005-08-19,1062.4572
2005-08-22,1064.1773
2005-08-23,1064.3235
2005-08-24,1063.5367
2005-08-25,1063.6347
2005-08-26,1062.7010
2005-08-29,1061.3750
2005-08-30,1060.6864
2005-08-31,1063.5367
2005-09-01,1066.8820
2005-09-02,1066.9810
2005-09-05,1067.6690
2005-09-06,1068.8972
2005-09-07,1071.5507
2005-09-08,1070.7645
2005-09-09,1073.8097
2005-09-12,1075.6723
2005-09-13,1076.4597
2005-09-14,1077.2466
2005-09-15,1077.6872
2005-09-16,1077.1449
2005-09-19,1076.3085
2005-09-20,1075.8148
2005-09-21,1074.5332
2005-09-22,1073.2691
2005-09-23,1072.5311
2005-09-26,1072.7758
2005-09-27,1070.5076
2005-09-28,1069.9096
2005-09-29,1070.0071
2005-09-30,1073.4102
2005-10-10,1070.6507
2005-10-11,1069.9607
2005-10-12,1069.7656
2005-10-13,1069.8554
2005-10-14,1069.1650
2005-10-17,1067.2877
2005-10-18,1067.2877
2005-10-19,1066.8393
2005-10-20,1065.2132
2005-10-21,1063.9388
2005-10-24,1064.6898
2005-10-25,1063.8431
2005-10-26,1062.3142
2005-10-27,1062.1316
2005-10-28,1059.8246
2005-10-31,1060.0286
2005-11-01,1060.3695
2005-11-02,1061.4505
2005-11-03,1061.4505
2005-11-04,1062.0039
2005-11-07,1061.0212
2005-11-08,1060.0461
2005-11-09,1059.8997
2005-11-10,1059.9908
2005-11-11,1059.7958
2005-11-14,1059.7877
2005-11-15,1059.2434
2005-11-16,1058.7468
2005-11-17,1058.1141
2005-11-18,1059.0578
2005-11-21,1058.7165
2005-11-22,1058.3485
2005-11-23,1058.7375
2005-11-24,1058.4740
2005-11-25,1059.1067
2005-11-28,1060.5788
2005-11-29,1060.5464
2005-11-30,1060.4443
2005-12-01,1060.0160
2005-12-02,1061.4668
2005-12-05,1060.8027
2005-12-06,1061.4899
2005-12-07,1063.5399
2005-12-08,1064.1975
2005-12-09,1065.2219
2005-12-12,1066.2764
2005-12-13,1066.5678
2005-12-14,1068.2846
2005-12-15,1069.5948
2005-12-16,1070.9064
2005-12-19,1071.9530
2005-12-20,1071.8983
2005-12-21,1072.0004
2005-12-22,1072.3930
2005-12-23,1073.1052
2005-12-26,1074.0514
2005-12-27,1074.0922
2005-12-28,1074.9750
2005-12-29,1075.6174
2005-12-30,1075.6231
2006-01-04,1080.5373
2006-01-05,1082.1057
2006-01-06,1083.2664
2006-01-09,1083.8867
2006-01-10,1084.6357
2006-01-11,1086.2225
2006-01-12,1087.2146
2006-01-13,1087.8139
2006-01-16,1085.3734
2006-01-17,1085.9795
2006-01-18,1089.7361
2006-01-19,1090.6401
2006-01-20,1093.1240
2006-01-23,1094.3503
2006-01-24,1095.1376
2006-01-25,1096.0629
2006-02-06,1098.1005
2006-02-07,1097.5659
2006-02-08,1097.5924
2006-02-09,1096.2676
2006-02-10,1097.3796
2006-02-13,1095.5666
2006-02-14,1094.8698
2006-02-15,1095.6714
2006-02-16,1093.3405
2006-02-17,1094.6640
2006-02-20,1094.6753
2006-02-21,1094.9235
2006-02-22,1095.0904
2006-02-23,1094.9291
2006-02-24,1095.2588
2006-02-27,1095.5228
2006-02-28,1095.5856
2006-03-01,1095.8704
2006-03-02,1094.6179
2006-03-03,1094.5790
2006-03-06,1094.1438
2006-03-07,1093.5765
2006-03-08,1093.2948
2006-03-09,1093.5660
2006-03-10,1093.6849
2006-03-13,1094.6144
2006-03-14,1094.7458
2006-03-15,1095.0184
2006-03-16,1095.0400
2006-03-17,1095.2856
2006-03-20,1095.6791
2006-03-21,1095.9527
2006-03-22,1095.6384
2006-03-23,1096.1666
2006-03-24,1096.0053
2006-03-27,1096.5766
2006-03-28,1096.8072
2006-03-29,1096.8267
2006-03-30,1096.6483
2006-03-31,1098.5477
2006-04-03,1099.6881
2006-04-04,1099.6790
2006-04-05,1099.7833
2006-04-06,1100.3311
2006-04-07,1100.5419
2006-04-10,1100.4274
2006-04-11,1100.6898
2006-04-12,1100.4927
2006-04-13,1100.0884
2006-04-14,1100.1123
2006-04-17,1100.2013
2006-04-18,1100.6845
2006-04-19,1100.9274
2006-04-20,1101.2126
2006-04-21,1100.8697
2006-04-24,1101.3589
2006-04-25,1102.0466
2006-04-26,1102.1075
2006-04-27,1102.3922
2006-04-28,1102.9948
2006-05-08,1103.6901
2006-05-09,1104.4289
2006-05-10,1104.8266
2006-05-11,1104.9529
2006-05-12,1105.4689
2006-05-15,1106.5758
2006-05-16,1105.7357
2006-05-17,1106.5927
2006-05-18,1106.0410
2006-05-19,1106.5738
2006-05-22,1106.7780
2006-05-23,1106.1724
2006-05-24,1105.5982
2006-05-25,1105.4443
2006-05-26,1105.5442
2006-05-29,1106.9359
2006-05-30,1107.6933
2006-05-31,1107.6933
2006-06-01,1109.0690
2006-06-02,1108.9279
2006-06-05,1108.9376
2006-06-06,1108.4583
2006-06-07,1107.3799
2006-06-08,1107.3238
2006-06-09,1107.2459
2006-06-12,1107.5491
2006-06-13,1107.1727
2006-06-14,1107.0942
2006-06-15,1107.7545
2006-06-16,1107.8979
2006-06-19,1108.3431
2006-06-20,1108.8785
2006-06-21,1108.7665
2006-06-22,1108.4525
2006-06-23,1108.9296
2006-06-26,1109.3716
2006-06-27,1108.8361
2006-06-28,1108.6751
2006-06-29,1109.1361
2006-06-30,1109.7179
2006-07-03,1109.8418
2006-07-04,1109.8247
2006-07-05,1109.6884
2006-07-06,1110.0460
2006-07-07,1110.2455
2006-07-10,1110.3109
2006-07-11,1110.5124
2006-07-12,1110.8371
2006-07-13,1110.3897
2006-07-14,1110.2231
2006-07-17,1110.2457
2006-07-18,1110.0648
2006-07-19,1109.7345
2006-07-20,1109.9311
2006-07-21,1110.1170
2006-07-24,1110.3778
2006-07-25,1110.4752
2006-07-26,1110.4540
2006-07-27,1110.5375
2006-07-28,1110.4698
2006-07-31,1109.2346
2006-08-01,1109.0983
2006-08-02,1108.7651
2006-08-03,1108.5650
2006-08-04,1108.4862
2006-08-07,1108.4229
2006-08-08,1108.4820
2006-08-09,1108.4556
2006-08-10,1108.5149
2006-08-11,1108.7305
2006-08-14,1108.9066
2006-08-15,1108.9237
2006-08-16,1109.1935
2006-08-17,1109.0406
2006-08-18,1109.2440
2006-08-21,1109.1657
2006-08-22,1109.2654
2006-08-23,1109.4037
2006-08-24,1109.5171
2006-08-25,1109.0142
2006-08-28,1109.1371
2006-08-29,1109.0994
2006-08-30,1109.0471
2006-08-31,1109.0521
2006-09-01,1109.1936
2006-09-04,1109.5385
2006-09-05,1109.5420
2006-09-06,1109.8115
2006-09-07,1109.8880
2006-09-08,1109.8338
2006-09-11,1110.1438
2006-09-12,1110.0876
2006-09-13,1110.2893
2006-09-14,1110.3045
2006-09-15,1110.3334
2006-09-18,1110.7764
2006-09-19,1110.9635
2006-09-20,1111.0443
2006-09-21,1111.3311
2006-09-22,1111.2146
2006-09-25,1111.4467
2006-09-26,1111.3479
2006-09-27,1111.5615
2006-09-28,1111.6664
2006-09-29,1112.0011
2006-10-09,1112.7258
2006-10-10,1112.5208
2006-10-11,1112.6478
2006-10-12,1112.7802
2006-10-13,1112.7346
2006-10-16,1112.8933
2006-10-17,1112.8643
2006-10-18,1113.2515
2006-10-19,1113.5250
2006-10-20,1113.4090
2006-10-23,1113.6794
2006-10-24,1113.9311
2006-10-25,1113.7589
2006-10-26,1114.2610
2006-10-27,1114.3494
2006-10-30,1114.4704
2006-10-31,1114.5925
2006-11-01,1114.9144
2006-11-02,1116.1653
2006-11-03,1116.4990
2006-11-06,1117.6828
2006-11-07,1117.5920
2006-11-08,1117.0807
2006-11-09,1117.1747
2006-11-10,1116.9306
2006-11-13,1116.6841
2006-11-14,1116.8488
2006-11-15,1116.8770
2006-11-16,1116.5662
2006-11-17,1116.6913
2006-11-20,1116.8969
2006-11-21,1116.8167
2006-11-22,1117.1125
2006-11-23,1117.3757
2006-11-24,1117.4253
2006-11-27,1117.6208
2006-11-28,1117.6271
2006-11-29,1117.7516
2006-11-30,1119.5576
2006-12-01,1120.0890
2006-12-04,1121.0244
2006-12-05,1120.3988
2006-12-06,1120.2561
2006-12-07,1121.2839
2006-12-08,1120.4014
2006-12-11,1120.7156
2006-12-12,1120.4893
2006-12-13,1120.7637
2006-12-14,1121.1306
2006-12-15,1121.7214
2006-12-18,1122.2070
2006-12-19,1122.8213
2006-12-20,1123.5911
2006-12-21,1123.7157
2006-12-22,1123.5170
2006-12-25,1123.9258
2006-12-26,1123.6910
2006-12-27,1123.2765
2006-12-28,1122.8325
2006-12-29,1123.7852
2007-01-04,1125.6796
2007-01-05,1129.3315
2007-01-08,1131.8892
2007-01-09,1133.7057
2007-01-10,1134.7854
2007-01-11,1135.8112
2007-01-12,1133.1256
2007-01-15,1134.5666
2007-01-16,1136.0805
2007-01-17,1137.4820
2007-01-18,1136.9670
2007-01-19,1138.6841
2007-01-22,1143.3920
2007-01-23,1145.2571
2007-01-24,1148.0819
2007-01-25,1146.0044
2007-01-26,1147.2275
2007-01-29,1149.6027
2007-01-30,1149.3192
2007-01-31,1145.8766
2007-02-01,1145.7478
2007-02-02,1143.8280
2007-02-05,1143.2325
2007-02-06,1144.5277
2007-02-07,1146.6790
2007-02-08,1150.1591
2007-02-09,1152.5408
2007-02-12,1155.3072
2007-02-13,1156.2157
2007-02-14,1159.8852
2007-02-15,1162.5659
2007-02-16,1163.3503
2007-02-26,1165.2539
2007-02-27,1160.8279
2007-02-28,1162.1613
2007-03-01,1160.0272
2007-03-02,1161.5166
2007-03-05,1160.8255
2007-03-06,1161.6219
2007-03-07,1163.0856
2007-03-08,1163.3912
2007-03-09,1162.8525
2007-03-12,1166.4978
2007-03-13,1166.5727
2007-03-14,1166.9841
2007-03-15,1168.7443
2007-03-16,1167.0857
2007-03-19,1166.4695
2007-03-20,1167.0795
2007-03-21,1166.9178
2007-03-22,1167.6845
2007-03-23,1168.2634
2007-03-26,1170.3067
2007-03-27,1171.3390
2007-03-28,1171.3559
2007-03-29,1170.9442
2007-03-30,1170.4941
2007-04-02,1170.7230
2007-04-03,1171.4290
2007-04-04,1172.4632
2007-04-05,1173.7873
2007-04-06,1174.3468
2007-04-09,1176.3055
2007-04-10,1178.2394
2007-04-11,1178.5991
2007-04-12,1179.0318
2007-04-13,1179.8222
2007-04-16,1180.8339
2007-04-17,1182.7694
2007-04-18,1185.1621
2007-04-19,1185.8678
2007-04-20,1186.5834
2007-04-23,1188.3697
2007-04-24,1188.0828
2007-04-25,1187.5059
2007-04-26,1188.9611
2007-04-27,1188.6533
2007-04-30,1189.8037
2007-05-08,1190.8054
2007-05-09,1191.5195
2007-05-10,1192.4047
2007-05-11,1192.4445
2007-05-14,1192.1397
2007-05-15,1191.3557
2007-05-16,1190.9016
2007-05-17,1192.1713
2007-05-18,1192.2332
2007-05-21,1191.8798
2007-05-22,1192.1088
2007-05-23,1192.1624
2007-05-24,1192.1877
2007-05-25,1192.8978
2007-05-28,1194.0276
2007-05-29,1194.1074
2007-05-30,1194.0099
2007-05-31,1193.9193
2007-06-01,1193.4937
2007-06-04,1192.7258
2007-06-05,1191.1442
2007-06-06,1192.5752
2007-06-07,1192.6188
2007-06-08,1192.6807
2007-06-11,1192.4408
2007-06-12,1193.5343
2007-06-13,1193.8840
2007-06-14,1193.6193
2007-06-15,1193.5927
2007-06-18,1193.9123
2007-06-19,1193.8362
2007-06-20,1194.1078
2007-06-21,1194.2339
2007-06-22,1193.6272
2007-06-25,1193.6944
2007-06-26,1193.0173
2007-06-27,1192.9973
2007-06-28,1192.3045
2007-06-29,1191.8834
2007-07-02,1189.9566
2007-07-03,1190.4909
2007-07-04,1190.4906
2007-07-05,1189.7564
2007-07-06,1190.0203
2007-07-09,1190.3954
2007-07-10,1190.2974
2007-07-11,1190.0451
2007-07-12,1189.9464
2007-07-13,1189.9255
2007-07-16,1189.8730
2007-07-17,1190.1837
2007-07-18,1190.3255
2007-07-19,1190.3338
2007-07-20,1190.9302
2007-07-23,1191.6681
2007-07-24,1191.7866
2007-07-25,1192.1983
2007-07-26,1192.6723
2007-07-27,1193.1897
2007-07-30,1193.7410
2007-07-31,1193.9375
2007-08-01,1193.7394
2007-08-02,1193.4577
2007-08-03,1193.7000
2007-08-06,1193.9833
2007-08-07,1194.2014
2007-08-08,1194.1161
2007-08-09,1194.2667
2007-08-10,1194.3395
2007-08-13,1194.7608
2007-08-14,1194.6136
2007-08-15,1194.8552
2007-08-16,1194.8098
2007-08-17,1194.7829
2007-08-20,1195.5384
2007-08-21,1195.9341
2007-08-22,1195.6379
2007-08-23,1195.7906
2007-08-24,1196.0607
2007-08-27,1196.2353
2007-08-28,1196.3189
2007-08-29,1196.1291
2007-08-30,1196.3955
2007-08-31,1196.5298
2007-09-03,1196.8187
2007-09-04,1196.6570
2007-09-05,1196.6645
2007-09-06,1196.8308
2007-09-07,1196.6397
2007-09-10,1196.6493
2007-09-11,1196.3093
2007-09-12,1196.0060
2007-09-13,1196.3472
2007-09-14,1194.4415
2007-09-17,1193.7531
2007-09-18,1194.1355
2007-09-19,1194.1576
2007-09-20,1194.9911
2007-09-21,1195.2816
2007-09-24,1195.4053
2007-09-25,1194.8786
2007-09-26,1195.3363
2007-09-27,1197.8991
2007-09-28,1199.7911
2007-10-08,1200.3375
2007-10-09,1200.1929
2007-10-10,1200.6815
2007-10-11,1200.6119
2007-10-12,1202.4936
2007-10-15,1203.3980
2007-10-16,1204.3520
2007-10-17,1203.3350
2007-10-18,1202.4510
2007-10-19,1201.9429
2007-10-22,1200.8202
2007-10-23,1200.7353
2007-10-24,1200.9566
2007-10-25,1200.1734
2007-10-26,1200.0564
2007-10-29,1201.4420
2007-10-30,1201.8564
2007-10-31,1203.0240
2007-11-01,1203.2268
2007-11-02,1202.4129
2007-11-05,1201.8934
2007-11-06,1201.4831
2007-11-07,1200.2890
2007-11-08,1200.3583
2007-11-09,1200.2720
2007-11-12,1199.8963
2007-11-13,1200.0172
2007-11-14,1199.8192
2007-11-15,1199.5731
2007-11-16,1199.4136
2007-11-19,1199.5355
2007-11-20,1199.4869
2007-11-21,1199.5447
2007-11-22,1199.0902
2007-11-23,1199.3367
2007-11-26,1200.6568
2007-11-27,1200.8696
2007-11-28,1200.8315
2007-11-29,1201.0057
2007-11-30,1200.9332
2007-12-03,1201.5828
2007-12-04,1201.8033
2007-12-05,1202.2960
2007-12-06,1202.0701
2007-12-07,1202.3425
2007-12-10,1203.0962
2007-12-11,1202.9219
2007-12-12,1202.9448
2007-12-13,1203.1998
2007-12-14,1203.1647
2007-12-17,1204.1445
2007-12-18,1204.3355
2007-12-19,1205.4727
2007-12-20,1205.9772
2007-12-21,1206.7774
2007-12-24,1205.6662
2007-12-25,1206.0965
2007-12-26,1206.0965
2007-12-27,1206.3161
2007-12-28,1206.6224
2008-01-02,1206.1840
2008-01-03,1205.4390
2008-01-04,1205.4968
2008-01-07,1205.8747
2008-01-08,1205.8768
2008-01-09,1204.7810
2008-01-10,1205.0755
2008-01-11,1204.6887
2008-01-14,1205.0815
2008-01-15,1205.5159
2008-01-16,1205.1693
2008-01-17,1204.7704
2008-01-18,1205.9611
2008-01-21,1206.1902
2008-01-22,1204.5950
2008-01-23,1205.0731
2008-01-24,1205.7407
2008-01-25,1206.1050
2008-01-28,1206.3160
2008-01-29,1208.4122
2008-01-30,1212.3542
2008-01-31,1212.5049
2008-02-01,1213.9631
2008-02-04,1217.1010
2008-02-05,1218.9904
2008-02-13,1220.3841
2008-02-14,1220.0673
2008-02-15,1220.0961
2008-02-18,1220.2400
2008-02-19,1219.7164
2008-02-20,1218.4641
2008-02-21,1218.3773
2008-02-22,1219.4281
2008-02-25,1219.8968
2008-02-26,1220.5941
2008-02-27,1221.9006
2008-02-28,1222.2507
2008-02-29,1223.5000
2008-03-03,1223.4714
2008-03-04,1224.3136
2008-03-05,1224.5460
2008-03-06,1225.0975
2008-03-07,1224.9521
2008-03-10,1226.0252
2008-03-11,1225.7651
2008-03-12,1225.9962
2008-03-13,1224.1375
2008-03-14,1224.4560
2008-03-17,1222.4846
2008-03-18,1220.2498
2008-03-19,1221.5566
2008-03-20,1223.2400
2008-03-21,1224.3699
2008-03-24,1225.0638
2008-03-25,1225.5559
2008-03-26,1225.6432
2008-03-27,1224.9503
2008-03-28,1225.9352
2008-03-31,1225.5304
2008-04-01,1224.5748
2008-04-02,1224.2278
2008-04-03,1224.3440
2008-04-07,1225.1276
2008-04-08,1224.9551
2008-04-09,1224.6931
2008-04-10,1224.6641
2008-04-11,1224.8387
2008-04-14,1224.2293
2008-04-15,1224.3457
2008-04-16,1223.8526
2008-04-17,1223.2724
2008-04-18,1222.2859
2008-04-21,1222.3728
2008-04-22,1222.6634
2008-04-23,1223.2446
2008-04-24,1224.8420
2008-04-25,1224.6968
2008-04-28,1224.6095
2008-04-29,1224.6968
2008-04-30,1226.3226
2008-05-05,1228.3242
2008-05-06,1227.3681
2008-05-07,1225.1364
2008-05-08,1225.2816
2008-05-09,1225.6010
2008-05-12,1224.9621
2008-05-13,1225.4849
2008-05-14,1226.3264
2008-05-15,1226.9069
2008-05-16,1226.5011
2008-05-19,1226.2114
2008-05-20,1225.1374
2008-05-21,1226.3570
2008-05-22,1226.7639
2008-05-23,1226.8515
2008-05-26,1226.4739
2008-05-27,1226.8517
2008-05-28,1227.7231
2008-05-29,1228.3620
2008-05-30,1228.5654
2008-06-02,1229.3786
2008-06-03,1229.0305
2008-06-04,1228.7111
2008-06-05,1229.2632
2008-06-06,1229.2921
2008-06-10,1227.0560
2008-06-11,1226.5329
2008-06-12,1226.3288
2008-06-13,1226.4160
2008-06-16,1226.8513
2008-06-17,1226.5305
2008-06-18,1226.6756
2008-06-19,1226.0647
2008-06-20,1226.3546
2008-06-23,1226.4706
2008-06-24,1226.4124
2008-06-25,1225.8308
2008-06-26,1225.3959
2008-06-27,1224.0891
2008-06-30,1224.1759
2008-07-01,1223.6811
2008-07-02,1223.4492
2008-07-03,1223.9729
2008-07-04,1223.6830
2008-07-07,1224.7017
2008-07-08,1224.7889
2008-07-09,1225.2833
2008-07-10,1225.7767
2008-07-11,1225.2820
2008-07-14,1225.8925
2008-07-15,1225.5430
2008-07-16,1226.1230
2008-07-17,1226.1810
2008-07-18,1226.7628
2008-07-21,1226.7917
2008-07-22,1227.2286
2008-07-23,1227.2286
2008-07-24,1227.4026
2008-07-25,1227.6055
2008-07-28,1228.4192
2008-07-29,1227.7795
2008-07-30,1228.4192
2008-07-31,1228.3612
2008-08-01,1228.2161
2008-08-04,1227.8665
2008-08-05,1227.7796
2008-08-06,1228.0405
2008-08-07,1229.0881
2008-08-08,1230.1338
2008-08-11,1230.2207
2008-08-12,1230.1627
2008-08-13,1230.6574
2008-08-14,1230.7443
2008-08-15,1230.8604
2008-08-18,1230.8893
2008-08-19,1231.7609
2008-08-20,1231.9350
2008-08-21,1232.8646
2008-08-22,1233.3000
2008-08-25,1233.6190
2008-08-26,1233.6770
2008-08-27,1233.9379
2008-08-28,1234.1410
2008-08-29,1235.9421
2008-09-01,1237.5695
2008-09-02,1237.8307
2008-09-03,1238.5283
2008-09-04,1239.4868
2008-09-05,1239.7769
2008-09-08,1239.8349
2008-09-09,1240.4453
2008-09-10,1242.1885
2008-09-11,1241.7523
2008-09-12,1243.2343
2008-09-16,1248.2027
2008-09-17,1250.1194
2008-09-18,1249.6841
2008-09-19,1249.5388
2008-09-22,1248.9866
2008-09-23,1248.7833
2008-09-24,1249.5089
2008-09-25,1250.3233
2008-09-26,1249.6556
2008-10-06,1250.9042
2008-10-07,1253.4313
2008-10-08,1257.6724
2008-10-09,1261.8253
2008-10-10,1262.6691
2008-10-13,1262.2335
2008-10-14,1263.1059
2008-10-15,1264.0356
2008-10-16,1264.5004
2008-10-17,1263.1641
2008-10-20,1260.8695
2008-10-21,1261.7701
2008-10-22,1261.7990
2008-10-23,1257.7609
2008-10-24,1256.6555
2008-10-27,1252.0926
2008-10-28,1251.1924
2008-10-29,1253.0192
2008-10-30,1254.9967
2008-10-31,1255.9233
2008-11-03,1255.7195
2008-11-04,1255.9848
2008-11-05,1258.0206
2008-11-06,1261.1304
2008-11-07,1262.9016
2008-11-10,1267.3772
2008-11-11,1269.0032
2008-11-12,1272.6345
2008-11-13,1277.8354
2008-11-14,1272.0532
2008-11-17,1270.1074
2008-11-18,1269.9618
2008-11-19,1265.2538
2008-11-20,1266.5324
2008-11-21,1269.5258
2008-11-24,1268.3907
2008-11-25,1263.5970
2008-11-26,1267.8986
2008-11-27,1276.2658
2008-11-28,1273.9398
2008-12-01,1272.8069
2008-12-02,1275.1918
2008-12-03,1278.1266
2008-12-04,1281.9341
2008-12-05,1287.8320
2008-12-08,1287.9190
2008-12-09,1282.5162
2008-12-10,1284.8697
2008-12-11,1286.2057
2008-12-12,1289.7496
2008-12-15,1292.0152
2008-12-16,1294.9778
2008-12-17,1301.9493
2008-12-18,1306.7429
2008-12-19,1309.8799
2008-12-22,1311.8547
2008-12-23,1312.4093
2008-12-24,1312.8155
2008-12-25,1310.5789
2008-12-26,1310.3468
2008-12-29,1310.8702
2008-12-30,1310.2597
2008-12-31,1310.7253
2009-01-05,1312.0318
2009-01-06,1313.2817
2009-01-07,1314.9369
2009-01-08,1315.5182
2009-01-09,1316.4769
2009-01-12,1315.3729
2009-01-13,1310.4353
2009-01-14,1305.1199
2009-01-15,1299.1940
2009-01-16,1295.3883
2009-01-19,1292.1640
2009-01-20,1285.5380
2009-01-21,1283.7935
2009-01-22,1287.0734
2009-01-23,1288.5560
2009-02-02,1287.2187
2009-02-03,1283.9624
2009-02-04,1280.4500
2009-02-05,1274.1991
2009-02-06,1277.8607
2009-02-09,1279.0520
2009-02-10,1278.5563
2009-02-11,1279.7770
2009-02-12,1284.0466
2009-02-13,1284.0466
2009-02-16,1284.4216
2009-02-17,1281.7470
2009-02-18,1282.8216
2009-02-19,1284.2130
2009-02-20,1283.9796
2009-02-23,1284.4415
2009-02-24,1284.9665
2009-02-25,1285.6861
2009-02-26,1286.2117
2009-02-27,1285.5749
2009-03-02,1284.9622
2009-03-03,1284.9038
2009-03-04,1284.6993
2009-03-05,1283.0059
2009-03-06,1283.9345
2009-03-09,1284.3142
2009-03-10,1284.9510
2009-03-11,1285.6522
2009-03-12,1285.2959
2009-03-13,1285.6463
2009-03-16,1286.0554
2009-03-17,1286.8961
2009-03-18,1287.2406
2009-03-19,1287.8471
2009-03-20,1287.6569
2009-03-23,1287.5104
2009-03-24,1286.8081
2009-03-25,1286.6616
2009-03-26,1286.5154
2009-03-27,1285.7338
2009-03-30,1285.5873
2009-03-31,1285.3040
2009-04-01,1285.7923
2009-04-02,1285.3825
2009-04-03,1283.7525
2009-04-07,1282.8247
2009-04-08,1280.3338
2009-04-09,1280.2756
2009-04-10,1281.0570
2009-04-13,1280.8228
2009-04-14,1281.0570
2009-04-15,1281.3703
2009-04-16,1281.8388
2009-04-17,1283.4688
2009-04-20,1283.7611
2009-04-21,1283.7611
2009-04-22,1283.0387
2009-04-23,1282.6581
2009-04-24,1282.5410
2009-04-27,1282.3069
2009-04-28,1282.1692
2009-04-29,1284.2587
2009-04-30,1284.2878
2009-05-04,1285.2746
2009-05-05,1285.5378
2009-05-06,1285.8304
2009-05-07,1286.2400
2009-05-08,1286.9917
2009-05-11,1287.2764
2009-05-12,1287.2764
2009-05-13,1289.6759
2009-05-14,1289.1278
2009-05-15,1289.3032
2009-05-18,1290.1144
2009-05-19,1292.6208
2009-05-20,1293.2862
2009-05-21,1292.8476
2009-05-22,1292.7891
2009-05-25,1292.0944
2009-05-26,1292.3800
2009-05-27,1292.7304
2009-06-01,1293.4614
2009-06-02,1294.0749
2009-06-03,1294.3086
2009-06-04,1293.4906
2009-06-05,1293.2344
2009-06-08,1293.0950
2009-06-09,1292.2190
2009-06-10,1292.8032
2009-06-11,1291.5535
2009-06-12,1291.2614
2009-06-15,1291.3488
2009-06-16,1291.3488
2009-06-17,1290.3557
2009-06-18,1290.5016
2009-06-19,1290.1804
2009-06-22,1290.0047
2009-06-23,1288.9015
2009-06-24,1289.4565
2009-06-25,1289.4565
2009-06-26,1289.5734
2009-06-29,1289.9820
2009-06-30,1290.5304
2009-07-01,1290.8516
2009-07-02,1292.2476
2009-07-03,1292.5397
2009-07-06,1294.0514
2009-07-07,1294.7294
2009-07-08,1295.1380
2009-07-09,1297.0638
2009-07-10,1299.7164
2009-07-13,1299.0499
2009-07-14,1300.4184
2009-07-15,1301.7011
2009-07-16,1304.5215
2009-07-17,1307.2811
2009-07-20,1313.6136
2009-07-21,1310.0113
2009-07-22,1310.0113
2009-07-23,1310.7373
2009-07-24,1311.3750
2009-07-27,1317.1557
2009-07-28,1323.9555
2009-07-29,1320.0925
2009-07-30,1321.8940
2009-07-31,1328.3983
2009-08-03,1332.1087
2009-08-04,1338.3945
2009-08-05,1334.7831
2009-08-06,1328.7602
2009-08-07,1313.6798
2009-08-10,1311.7368
2009-08-11,1311.4148
2009-08-12,1302.3075
2009-08-13,1306.3536
2009-08-14,1305.7457
2009-08-17,1298.8432
2009-08-18,1300.9691
2009-08-19,1295.5496
2009-08-20,1299.6644
2009-08-21,1300.9660
2009-08-24,1302.9756
2009-08-25,1300.7327
2009-08-26,1302.0185
2009-08-27,1299.8637
2009-08-28,1295.2900
2009-08-31,1286.3940
2009-09-01,1284.9291
2009-09-02,1284.7823
2009-09-03,1289.0928
2009-09-04,1289.6689
2009-09-07,1290.2541
2009-09-08,1291.5628
2009-09-09,1295.2036
2009-09-10,1295.1538
2009-09-11,1296.0525
2009-09-14,1299.9134
2009-09-15,1301.1338
2009-09-16,1299.1537
2009-09-17,1303.0256
2009-09-18,1300.4044
2009-09-21,1298.8624
2009-09-22,1297.2929
2009-09-23,1296.4237
2009-09-24,1295.1992
2009-09-25,1295.5371
2009-09-28,1294.2806
2009-09-29,1293.8203
2009-09-30,1294.9766
2009-10-09,1297.5676
2009-10-12,1296.6281
2009-10-13,1297.1507
2009-10-14,1298.3917
2009-10-15,1298.9139
2009-10-16,1299.0505
2009-10-19,1301.2825
2009-10-20,1303.5009
2009-10-21,1305.2611
2009-10-22,1305.8533
2009-10-23,1307.7336
2009-10-26,1307.1250
2009-10-27,1305.3006
2009-10-28,1305.1264
2009-10-29,1303.6833
2009-10-30,1305.2843
2009-11-02,1306.9030
2009-11-03,1308.1361
2009-11-04,1309.0207
2009-11-05,1310.1144
2009-11-06,1309.9223
2009-11-09,1310.1306
2009-11-10,1310.3551
2009-11-11,1310.2527
2009-11-12,1312.5099
2009-11-13,1312.3558
2009-11-16,1311.9388
2009-11-17,1311.4175
2009-11-18,1312.7903
2009-11-19,1313.3973
2009-11-20,1313.3459
2009-11-23,1313.4518
2009-11-24,1310.8987
2009-11-25,1312.4648
2009-11-26,1309.0607
2009-11-27,1308.6947
2009-11-30,1312.7145
2009-12-01,1316.6934
2009-12-02,1317.2135
2009-12-03,1317.8030
2009-12-04,1316.8664
2009-12-07,1319.5233
2009-12-08,1319.3486
2009-12-09,1318.8290
2009-12-10,1318.7769
2009-12-11,1319.6808
2009-12-14,1318.8480
2009-12-15,1318.7969
2009-12-16,1318.9351
2009-12-17,1317.5810
2009-12-18,1316.8868
2009-12-21,1317.1127
2009-12-22,1316.2801
2009-12-23,1316.5231
2009-12-24,1316.9566
2009-12-25,1317.3724
2009-12-28,1317.1645
2009-12-29,1318.2946
2009-12-30,1320.3435
2009-12-31,1323.5850
2010-01-04,1322.4933
2010-01-05,1321.6451
2010-01-06,1322.0472
2010-01-07,1321.6467
2010-01-08,1321.9436
2010-01-11,1322.0127
2010-01-12,1323.6970
2010-01-13,1323.1945
2010-01-14,1325.1363
2010-01-15,1325.8311
2010-01-18,1325.9519
2010-01-19,1326.0903
2010-01-20,1326.1948
2010-01-21,1326.2655
2010-01-22,1324.8475
2010-01-25,1318.9716
2010-01-26,1316.7979
2010-01-27,1317.5984
2010-01-28,1319.1988
2010-01-29,1318.9373
2010-02-01,1319.9073
2010-02-02,1320.0290
2010-02-03,1319.1962
2010-02-04,1319.4911
2010-02-05,1320.4608
2010-02-08,1321.2786
2010-02-09,1321.2611
2010-02-10,1321.4539
2010-02-11,1322.2561
2010-02-12,1323.5601
2010-02-22,1323.3168
2010-02-23,1321.9104
2010-02-24,1322.8831
2010-02-25,1324.0843
2010-02-26,1325.7874
2010-03-01,1327.3507
2010-03-02,1328.2888
2010-03-03,1329.9728
2010-03-04,1328.9995
2010-03-05,1329.8829
2010-03-08,1330.7502
2010-03-09,1330.1966
2010-03-10,1330.3697
2010-03-11,1330.8907
2010-03-12,1330.6277
2010-03-15,1330.2621
2010-03-16,1330.4895
2010-03-17,1331.3066
2010-03-18,1332.4516
2010-03-19,1333.1778
2010-03-22,1333.3160
2010-03-23,1334.5266
2010-03-24,1335.2718
2010-03-25,1334.4917
2010-03-26,1335.4111
2010-03-29,1334.4608
2010-03-30,1333.6807
2010-03-31,1333.0071
2010-04-01,1334.4498
2010-04-02,1335.1779
2010-04-06,1335.4565
2010-04-07,1334.6035
2010-04-08,1334.2555
2010-04-09,1334.5493
2010-04-12,1334.6010
2010-04-13,1334.8801
2010-04-14,1335.8892
2010-04-15,1336.3406
2010-04-16,1337.0471
2010-04-19,1337.6846
2010-04-20,1338.6539
2010-04-21,1339.4029
2010-04-22,1341.8499
2010-04-23,1345.1297
2010-04-26,1345.4262
2010-04-27,1344.8513
2010-04-28,1345.0057
2010-04-29,1345.4132
2010-04-30,1345.6820
2010-05-04,1346.1853
2010-05-05,1346.4994
2010-05-06,1346.1452
2010-05-07,1347.1844
2010-05-10,1348.2757
2010-05-11,1348.7777
2010-05-12,1348.7262
2010-05-13,1349.3321
2010-05-14,1350.2552
2010-05-17,1350.5038
2010-05-18,1351.4508
2010-05-19,1353.1796
2010-05-20,1353.6654
2010-05-21,1353.0337
2010-05-24,1352.2992
2010-05-25,1352.0560
2010-05-26,1352.1754
2010-05-27,1352.4654
2010-05-28,1351.7173
2010-05-31,1351.4612
2010-06-01,1350.7972
2010-06-02,1350.5309
2010-06-03,1351.5725
2010-06-04,1352.3487
2010-06-07,1354.0600
2010-06-08,1354.2132
2010-06-09,1354.3582
2010-06-10,1353.6093
2010-06-11,1353.2262
2010-06-17,1353.6349
2010-06-18,1351.1743
2010-06-21,1351.4979
2010-06-22,1352.2640
2010-06-23,1352.3150
2010-06-24,1352.3832
2010-06-25,1351.6925
2010-06-28,1351.8205
2010-06-29,1351.0037
2010-06-30,1351.6089
2010-07-01,1352.4596
2010-07-02,1353.1170
2010-07-05,1353.6536
2010-07-06,1355.1101
2010-07-07,1355.8251
2010-07-08,1356.3269
2010-07-09,1358.0213
2010-07-12,1358.9402
2010-07-13,1360.4635
2010-07-14,1361.0422
2010-07-15,1362.0715
2010-07-16,1363.1073
2010-07-19,1364.3478
2010-07-20,1364.7830
2010-07-21,1365.3359
2010-07-22,1365.3017
2010-07-23,1365.5052
2010-07-26,1366.2383
2010-07-27,1365.9388
2010-07-28,1366.0521
2010-07-29,1366.2895
2010-07-30,1366.3570
2010-08-02,1366.7227
2010-08-03,1366.4927
2010-08-04,1366.9088
2010-08-05,1367.5122
2010-08-06,1368.6892
2010-08-09,1368.7738
2010-08-10,1368.6628
2010-08-11,1369.2771
2010-08-12,1369.7515
2010-08-13,1370.5678
2010-08-16,1370.8832
2010-08-17,1371.3693
2010-08-18,1371.4200
2010-08-19,1371.6572
2010-08-20,1372.0128
2010-08-23,1372.9984
2010-08-24,1373.1674
2010-08-25,1373.3564
2010-08-26,1373.4576
2010-08-27,1373.1072
2010-08-30,1373.3542
2010-08-31,1373.7834
2010-09-01,1373.8169
2010-09-02,1374.4638
2010-09-03,1375.3884
2010-09-06,1376.6838
2010-09-07,1376.4617
2010-09-08,1376.3772
2010-09-09,1376.2756
2010-09-10,1376.3822
2010-09-13,1375.7894
2010-09-14,1375.6538
2010-09-15,1374.6686
2010-09-16,1372.8083
2010-09-17,1373.1643
2010-09-20,1373.1982
2010-09-21,1373.1643
2010-09-27,1373.5150
2010-09-28,1374.0138
2010-09-29,1374.1779
2010-09-30,1375.5817
2010-10-08,1379.0176
2010-10-11,1381.7831
2010-10-12,1382.7327
2010-10-13,1383.1149
2010-10-14,1386.0389
2010-10-15,1389.3665
2010-10-18,1391.2921
2010-10-19,1390.6647
2010-10-20,1387.1193
2010-10-21,1382.5561
2010-10-22,1382.6975
2010-10-25,1385.2869
2010-10-26,1385.9807
2010-10-27,1385.1740
2010-10-28,1384.7074
2010-10-29,1383.9570
2010-11-01,1385.5978
2010-11-02,1384.9787
2010-11-03,1384.5367
2010-11-04,1385.5782
2010-11-05,1387.4548
2010-11-08,1385.9866
2010-11-09,1385.0340
2010-11-10,1380.5487
2010-11-11,1381.2178
2010-11-12,1374.8259
2010-11-15,1374.2704
2010-11-16,1373.4843
2010-11-17,1372.0626
2010-11-18,1372.5843
2010-11-19,1372.9568
2010-11-22,1370.0910
2010-11-23,1368.3084
2010-11-24,1362.5596
2010-11-25,1366.2057
2010-11-26,1365.9833
2010-11-29,1365.0439
2010-11-30,1363.3667
2010-12-01,1365.2911
2010-12-02,1367.7484
2010-12-03,1367.6173
2010-12-06,1368.9286
2010-12-07,1371.3136
2010-12-08,1369.1250
2010-12-09,1368.5102
2010-12-10,1369.3942
2010-12-13,1372.4729
2010-12-14,1372.7037
2010-12-15,1373.2000
2010-12-16,1372.9500
2010-12-17,1373.0418
2010-12-20,1372.0590
2010-12-21,1372.7723
2010-12-22,1372.4586
2010-12-23,1370.7761
2010-12-24,1368.6087
2010-12-27,1366.1825
2010-12-28,1365.3390
2010-12-29,1366.5814
2010-12-30,1368.0356
2010-12-31,1370.0378
2011-01-04,1373.0848
2011-01-05,1374.8559
2011-01-06,1375.0252
2011-01-07,1374.8198
2011-01-10,1375.0886
2011-01-11,1374.8717
2011-01-12,1375.1114
2011-01-13,1375.0125
2011-01-14,1373.2629
2011-01-17,1370.2569
2011-01-18,1368.5637
2011-01-19,1368.9946
2011-01-20,1367.2293
2011-01-21,1366.0758
2011-01-24,1364.7249
2011-01-25,1365.2479
2011-01-26,1365.7727
2011-01-27,1365.8289
2011-01-28,1366.1202
2011-01-31,1366.8697
2011-02-01,1368.1509
2011-02-09,1366.4641
2011-02-10,1366.0769
2011-02-11,1366.2737
2011-02-14,1368.3667
2011-02-15,1367.8134
2011-02-16,1367.1090
2011-02-17,1367.4463
2011-02-18,1367.0236
2011-02-21,1366.3567
2011-02-22,1365.5292
2011-02-23,1365.5625
2011-02-24,1366.9385
2011-02-25,1366.4776
2011-02-28,1368.1867
2011-03-01,1367.7902
2011-03-02,1368.0909
2011-03-03,1369.0636
2011-03-04,1370.7811
2011-03-07,1372.7899
2011-03-08,1373.2353
2011-03-09,1374.1949
2011-03-10,1373.4228
2011-03-11,1372.6475
2011-03-14,1373.1493
2011-03-15,1372.6920
2011-03-16,1374.3768
2011-03-17,1374.5341
2011-03-18,1375.9930
2011-03-21,1376.0437
2011-03-22,1376.2471
2011-03-23,1377.4177
2011-03-24,1377.7999
2011-03-25,1379.3900
2011-03-28,1379.5304
2011-03-29,1379.3990
2011-03-30,1378.7936
2011-03-31,1377.7408
2011-04-01,1378.9457
2011-04-06,1380.1134
2011-04-07,1380.3202
2011-04-08,1381.6099
2011-04-11,1383.2557
2011-04-12,1384.4493
2011-04-13,1386.0435
2011-04-14,1387.4348
2011-04-15,1388.3450
2011-04-18,1389.9183
2011-04-19,1388.5779
2011-04-20,1388.1420
2011-04-21,1388.2774
2011-04-22,1388.4408
2011-04-25,1386.8565
2011-04-26,1386.6906
2011-04-27,1387.4423
2011-04-28,1387.0267
2011-04-29,1387.6598
2011-05-03,1388.2793
2011-05-04,1388.1132
2011-05-05,1388.5865
2011-05-06,1389.7408
2011-05-09,1390.3739
2011-05-10,1391.4977
2011-05-11,1391.4167
2011-05-12,1392.4728
2011-05-13,1391.6508
2011-05-16,1391.9521
2011-05-17,1391.0004
2011-05-18,1392.0082
2011-05-19,1391.4876
2011-05-20,1391.6057
2011-05-23,1389.7955
2011-05-24,1389.6093
2011-05-25,1389.1761
2011-05-26,1389.5114
2011-05-27,1390.0151
2011-05-30,1389.3790
2011-05-31,1390.2802
2011-06-01,1390.3816
2011-06-02,1389.2243
2011-06-03,1389.4580
2011-06-07,1389.8242
2011-06-08,1389.2558
2011-06-09,1387.3947
2011-06-10,1387.0060
2011-06-13,1386.9551
2011-06-14,1386.4342
2011-06-15,1383.7171
2011-06-16,1381.4728
2011-06-17,1381.0197
2011-06-20,1380.7729
2011-06-21,1382.9279
2011-06-22,1382.1363
2011-06-23,1382.5713
2011-06-24,1384.9429
2011-06-27,1385.3987
2011-06-28,1384.7084
2011-06-29,1382.8468
2011-06-30,1382.9292
2011-07-01,1382.6762
2011-07-04,1383.8351
2011-07-05,1383.6662
2011-07-06,1382.6208
2011-07-07,1380.0702
2011-07-08,1380.1210
2011-07-11,1379.4697
2011-07-12,1380.0406
2011-07-13,1378.7303
2011-07-14,1377.0356
2011-07-15,1375.1129
2011-07-18,1373.5348
2011-07-19,1368.8492
2011-07-20,1364.1411
2011-07-21,1360.2017
2011-07-22,1360.5283
2011-07-25,1358.2203
2011-07-26,1357.7287
2011-07-27,1356.9672
2011-07-28,1355.5575
2011-07-29,1353.8734
2011-08-01,1353.1975
2011-08-02,1351.0513
2011-08-03,1348.9340
2011-08-04,1350.3309
2011-08-05,1352.0606
2011-08-08,1352.6899
2011-08-09,1354.2192
2011-08-10,1355.1697
2011-08-11,1358.7511
2011-08-12,1358.8390
2011-08-15,1359.9506
2011-08-16,1359.9122
2011-08-17,1359.7103
2011-08-18,1358.8973
2011-08-19,1358.5611
2011-08-22,1358.4886
2011-08-23,1358.3344
2011-08-24,1358.4441
2011-08-25,1357.9351
2011-08-26,1357.7703
2011-08-29,1349.2767
2011-08-30,1345.8869
2011-08-31,1345.8925
2011-09-01,1346.5945
2011-09-02,1344.0803
2011-09-05,1341.9432
2011-09-06,1342.7178
2011-09-07,1342.6123
2011-09-08,1342.1793
2011-09-09,1343.2982
2011-09-13,1344.3600
2011-09-14,1343.9388
2011-09-15,1343.0249
2011-09-16,1342.1476
2011-09-19,1342.0178
2011-09-20,1341.9055
2011-09-21,1338.7002
2011-09-22,1340.0222
2011-09-23,1343.4702
2011-09-26,1346.4085
2011-09-27,1346.0157
2011-09-28,1343.9376
2011-09-29,1344.3457
2011-09-30,1347.9590
2011-10-10,1353.3168
2011-10-11,1354.9536
2011-10-12,1354.8998
2011-10-13,1355.5214
2011-10-14,1358.0867
2011-10-17,1359.3382
2011-10-18,1361.4662
2011-10-19,1362.3800
2011-10-20,1365.3613
2011-10-21,1367.5260
2011-10-24,1368.0285
2011-10-25,1367.4778
2011-10-26,1369.2267
2011-10-27,1367.9378
2011-10-28,1369.7958
2011-10-31,1372.9401
2011-11-01,1375.6301
2011-11-02,1377.8356
2011-11-03,1378.8889
2011-11-04,1379.9397
2011-11-07,1380.0736
2011-11-08,1382.1940
2011-11-09,1385.5191
2011-11-10,1390.1715
2011-11-11,1390.5150
2011-11-14,1391.4018
2011-11-15,1389.5345
2011-11-16,1388.5147
2011-11-17,1386.8512
2011-11-18,1385.8192
2011-11-21,1384.9311
2011-11-22,1385.2343
2011-11-23,1386.7434
2011-11-24,1387.1348
2011-11-25,1387.0558
2011-11-28,1386.4759
2011-11-29,1385.5725
2011-11-30,1384.9200
2011-12-01,1394.5518
2011-12-02,1396.8835
2011-12-05,1397.5310
2011-12-06,1396.7812
2011-12-07,1398.0258
2011-12-08,1398.0809
2011-12-09,1398.0551
2011-12-12,1397.6868
2011-12-13,1396.5904
2011-12-14,1396.7928
2011-12-15,1396.7213
2011-12-16,1398.2170
2011-12-19,1398.2138
2011-12-20,1398.3878
2011-12-21,1397.8139
2011-12-22,1397.6356
2011-12-23,1397.9941
2011-12-26,1398.0899
2011-12-27,1397.9241
2011-12-28,1398.1717
2011-12-29,1399.4170
2011-12-30,1402.1713
2012-01-04,1402.9041
2012-01-05,1403.0286
2012-01-06,1405.6787
2012-01-09,1408.3789
2012-01-10,1411.4577
2012-01-11,1409.2271
2012-01-12,1410.3414
2012-01-13,1408.9236
2012-01-16,1408.3088
2012-01-17,1409.6195
2012-01-18,1408.3832
2012-01-19,1410.6769
2012-01-20,1412.2791
2012-01-30,1412.4503
2012-01-31,1412.6482
2012-02-01,1411.5867
2012-02-02,1412.1074
2012-02-03,1412.9376
2012-02-06,1411.3467
2012-02-07,1410.0912
2012-02-08,1409.3074
2012-02-09,1408.1111
2012-02-10,1408.4656
2012-02-13,1409.5059
2012-02-14,1409.2727
2012-02-15,1408.5981
2012-02-16,1408.2100
2012-02-17,1406.8905
2012-02-20,1409.7137
2012-02-21,1407.9394
2012-02-22,1407.6018
2012-02-23,1407.6652
2012-02-24,1407.9155
2012-02-27,1407.7434
2012-02-28,1407.3627
2012-02-29,1406.9681
2012-03-01,1407.2603
2012-03-02,1407.1719
2012-03-05,1407.4398
2012-03-06,1407.3337
2012-03-07,1408.1987
2012-03-08,1408.9150
2012-03-09,1410.1998
2012-03-12,1411.3576
2012-03-13,1411.7056
2012-03-14,1411.4716
2012-03-15,1411.3057
2012-03-16,1412.7319
2012-03-19,1413.2972
2012-03-20,1412.6673
2012-03-21,1412.6803
2012-03-22,1412.6564
2012-03-23,1413.4957
2012-03-26,1413.9511
2012-03-27,1413.9478
2012-03-28,1414.0714
2012-03-29,1414.4600
2012-03-30,1415.4509
2012-04-05,1415.9339
2012-04-06,1416.1172
2012-04-09,1415.8606
2012-04-10,1415.8352
2012-04-11,1416.7966
2012-04-12,1417.3301
2012-04-13,1417.6351
2012-04-16,1418.0580
2012-04-17,1418.0292
2012-04-18,1418.5793
2012-04-19,1418.7139
2012-04-20,1419.8437
2012-04-23,1420.8355
2012-04-24,1421.8066
2012-04-25,1421.7549
2012-04-26,1422.7745
2012-04-27,1422.9187
2012-05-02,1423.8253
2012-05-03,1423.7586
2012-05-04,1424.4352
2012-05-07,1424.8265
2012-05-08,1424.3816
2012-05-09,1425.0148
2012-05-10,1426.1177
2012-05-11,1428.2957
2012-05-14,1431.9844
2012-05-15,1435.2445
2012-05-16,1437.4698
2012-05-17,1437.2219
2012-05-18,1438.7755
2012-05-21,1439.5779
2012-05-22,1440.4483
2012-05-23,1441.2794
2012-05-24,1443.9885
2012-05-25,1447.3244
2012-05-28,1447.7819
2012-05-29,1447.3459
2012-05-30,1447.9110
2012-05-31,1448.7969
2012-06-01,1449.3692
2012-06-04,1450.0451
2012-06-05,1450.3292
2012-06-06,1450.7147
2012-06-07,1451.3624
2012-06-08,1455.7061
2012-06-11,1455.1832
2012-06-12,1455.8372
2012-06-13,1455.8857
2012-06-14,1455.5390
2012-06-15,1455.7203
2012-06-18,1455.2341
2012-06-19,1454.6603
2012-06-20,1454.2202
2012-06-21,1454.3760
2012-06-25,1454.8514
2012-06-26,1454.9933
2012-06-27,1455.9141
2012-06-28,1456.1857
2012-06-29,1456.9701
2012-07-02,1456.5236
2012-07-03,1457.0675
2012-07-04,1457.6870
2012-07-05,1458.3480
2012-07-06,1460.7115
2012-07-09,1461.5100
2012-07-10,1462.2493
2012-07-11,1462.7590
2012-07-12,1463.0893
2012-07-13,1463.4396
2012-07-16,1463.0716
2012-07-17,1462.3449
2012-07-18,1462.1991
2012-07-19,1462.4708
2012-07-20,1462.9264
2012-07-23,1463.2445
2012-07-24,1462.8254
2012-07-25,1462.8153
2012-07-26,1462.4231
2012-07-27,1462.2199
2012-07-30,1462.2283
2012-07-31,1461.3412
2012-08-01,1461.0308
2012-08-02,1460.4517
2012-08-03,1459.9442
2012-08-06,1459.1688
2012-08-07,1457.5853
2012-08-08,1457.6351
2012-08-09,1458.0079
2012-08-10,1458.4820
2012-08-13,1458.2794
2012-08-14,1458.1025
2012-08-15,1457.5096
2012-08-16,1457.5652
2012-08-17,1457.1983
2012-08-20,1456.3206
2012-08-21,1455.6243
2012-08-22,1454.5848
2012-08-23,1454.2275
2012-08-24,1454.8590
2012-08-27,1454.8640
2012-08-28,1453.9471
2012-08-29,1453.8828
2012-08-30,1453.8283
2012-08-31,1454.0807
2012-09-03,1454.3293
2012-09-04,1454.7218
2012-09-05,1455.0116
2012-09-06,1454.8251
2012-09-07,1454.2557
2012-09-10,1453.1928
2012-09-11,1452.6998
2012-09-12,1451.7691
2012-09-13,1451.5029
2012-09-14,1449.6448
2012-09-17,1448.8760
2012-09-18,1449.6572
2012-09-19,1449.7955
2012-09-20,1450.2018
2012-09-21,1450.6524
2012-09-24,1450.4819
2012-09-25,1451.6098
2012-09-26,1452.6576
2012-09-27,1453.2375
2012-09-28,1453.7930
2012-10-08,1454.7837
2012-10-09,1454.9957
2012-10-10,1455.4061
2012-10-11,1456.1099
2012-10-12,1457.4495
2012-10-15,1458.2539
2012-10-16,1458.4260
2012-10-17,1458.7498
2012-10-18,1458.7720
2012-10-19,1458.6226
2012-10-22,1459.1835
2012-10-23,1459.2251
2012-10-24,1458.9080
2012-10-25,1458.3896
2012-10-26,1458.3105
2012-10-29,1458.0861
2012-10-30,1458.3674
2012-10-31,1458.7110
2012-11-01,1458.8577
2012-11-02,1458.8899
2012-11-05,1459.3836
2012-11-06,1459.8871
2012-11-07,1460.3000
2012-11-08,1460.3963
2012-11-09,1460.4415
2012-11-12,1461.4824
2012-11-13,1461.9372
2012-11-14,1462.3879
2012-11-15,1462.6706
2012-11-16,1463.3609
2012-11-19,1464.1014
2012-11-20,1464.7006
2012-11-21,1464.9218
2012-11-22,1464.6682
2012-11-23,1464.5640
2012-11-26,1465.3094
2012-11-27,1465.2988
2012-11-28,1465.1595
2012-11-29,1465.2728
2012-11-30,1465.3925
2012-12-03,1465.5543
2012-12-04,1465.2721
2012-12-05,1465.4416
2012-12-06,1465.3696
2012-12-07,1465.6664
2012-12-10,1468.3221
2012-12-11,1468.3465
2012-12-12,1468.5540
2012-12-13,1468.7452
2012-12-14,1469.5283
2012-12-17,1470.2055
2012-12-18,1470.1176
2012-12-19,1469.8768
2012-12-20,1469.8930
2012-12-21,1469.9750
2012-12-24,1470.1639
2012-12-25,1470.7564
2012-12-26,1470.9816
2012-12-27,1471.2206
2012-12-28,1471.3745
2012-12-31,1472.3191
2013-01-04,1472.3722
2013-01-07,1473.6314
2013-01-08,1474.1405
2013-01-09,1475.4409
2013-01-10,1476.3855
2013-01-11,1477.0156
2013-01-14,1478.4347
2013-01-15,1479.4932
2013-01-16,1480.0467
2013-01-17,1480.4453
2013-01-18,1481.9751
2013-01-21,1483.4655
2013-01-22,1483.8368
2013-01-23,1485.0497
2013-01-24,1485.0144
2013-01-25,1485.6395
2013-01-28,1486.9342
2013-01-29,1487.3344
2013-01-30,1488.0504
2013-01-31,1489.2992
2013-02-01,1489.9380
2013-02-04,1490.7232
2013-02-05,1491.1150
2013-02-06,1492.0423
2013-02-07,1492.7226
2013-02-08,1494.3640
2013-02-18,1496.3668
2013-02-19,1496.8172
2013-02-20,1498.1424
2013-02-21,1498.7226
2013-02-22,1499.8166
2013-02-25,1500.3237
2013-02-26,1499.1848
2013-02-27,1499.4068
2013-02-28,1500.6954
2013-03-01,1501.7627
2013-03-04,1501.1715
2013-03-05,1501.8291
2013-03-06,1502.8561
2013-03-07,1503.1331
2013-03-08,1503.7180
2013-03-11,1504.0710
2013-03-12,1504.1062
2013-03-13,1503.7991
2013-03-14,1503.6776
2013-03-15,1503.7516
2013-03-18,1503.4786
2013-03-19,1503.3122
2013-03-20,1503.7794
2013-03-21,1504.2695
2013-03-22,1505.0555
2013-03-25,1505.8264
2013-03-26,1505.4975
2013-03-27,1505.8496
2013-03-28,1506.1369
2013-03-29,1506.9454
2013-04-01,1508.1113
2013-04-02,1509.3547
2013-04-03,1510.9879
2013-04-08,1512.8020
2013-04-09,1514.1293
2013-04-10,1514.9667
2013-04-11,1515.7037
2013-04-12,1516.7417
2013-04-15,1517.4270
2013-04-16,1518.3264
2013-04-17,1518.6185
2013-04-18,1517.8431
2013-04-19,1517.3805
2013-04-22,1514.6438
2013-04-23,1513.3269
2013-04-24,1514.5296
2013-04-25,1515.4239
2013-04-26,1516.2528
2013-05-02,1517.5081
2013-05-03,1518.7389
2013-05-06,1519.4968
2013-05-07,1520.5216
2013-05-08,1520.8533
2013-05-09,1521.1299
2013-05-10,1522.5991
2013-05-13,1523.6240
2013-05-14,1523.9525
2013-05-15,1524.5767
2013-05-16,1525.1564
2013-05-17,1525.9475
2013-05-20,1526.3103
2013-05-21,1526.0872
2013-05-22,1526.1210
2013-05-23,1526.7592
2013-05-24,1527.4179
2013-05-27,1528.4208
2013-05-28,1529.3329
2013-05-29,1529.8113
2013-05-30,1529.9485
2013-05-31,1530.4398
2013-06-03,1530.7626
2013-06-04,1530.5669
2013-06-05,1530.3745
2013-06-06,1529.4935
2013-06-07,1528.8629
2013-06-13,1528.2457
2013-06-14,1527.2729
2013-06-17,1526.8753
2013-06-18,1526.4743
2013-06-19,1524.1879
2013-06-20,1517.7614
2013-06-21,1516.7243
2013-06-24,1514.0799
2013-06-25,1514.5377
2013-06-26,1517.9763
2013-06-27,1520.0575
2013-06-28,1522.1423
2013-07-01,1522.7387
2013-07-02,1523.9140
2013-07-03,1524.6699
2013-07-04,1525.7958
2013-07-05,1527.0230
2013-07-08,1527.4103
2013-07-09,1526.8570
2013-07-10,1526.0698
2013-07-11,1525.5408
2013-07-12,1524.2647
2013-07-15,1524.2804
2013-07-16,1523.6794
2013-07-17,1522.7624
2013-07-18,1521.8380
2013-07-19,1520.6964
2013-07-22,1519.1956
2013-07-23,1517.8437
2013-07-24,1516.4904
2013-07-25,1516.7082
2013-07-26,1517.4162
2013-07-29,1516.5702
2013-07-30,1516.6183
2013-07-31,1516.8482
2013-08-01,1518.0455
2013-08-02,1519.3407
2013-08-05,1519.3900
2013-08-06,1519.0430
2013-08-07,1518.3498
2013-08-08,1517.1012
2013-08-09,1516.5875
2013-08-12,1516.3636
2013-08-13,1514.8651
2013-08-14,1513.4990
2013-08-15,1512.1377
2013-08-16,1511.5227
2013-08-19,1511.4399
2013-08-20,1510.0447
2013-08-21,1510.0286
2013-08-22,1509.8733
2013-08-23,1510.8210
2013-08-26,1511.6707
2013-08-27,1512.2512
2013-08-28,1512.2191
2013-08-29,1512.3834
2013-08-30,1513.1521
2013-09-02,1513.6715
2013-09-03,1513.9663
2013-09-04,1513.9071
2013-09-05,1513.8529
2013-09-06,1514.5679
2013-09-09,1515.6722
2013-09-10,1516.1533
2013-09-11,1516.0588
2013-09-12,1516.3008
2013-09-13,1515.6086
2013-09-16,1515.4984
2013-09-17,1515.5096
2013-09-18,1516.0179
2013-09-23,1516.8352
2013-09-24,1516.4739
2013-09-25,1516.9498
2013-09-26,1516.6929
2013-09-27,1516.7250
2013-09-30,1517.4831
2013-10-08,1518.9683
2013-10-09,1518.9995
2013-10-10,1518.8217
2013-10-11,1519.4149
2013-10-14,1519.6341
2013-10-15,1519.3493
2013-10-16,1518.5769
2013-10-17,1518.0452
2013-10-18,1518.1287
2013-10-21,1518.5752
2013-10-22,1517.7784
2013-10-23,1516.9940
2013-10-24,1515.2367
2013-10-25,1513.5159
2013-10-28,1513.0530
2013-10-29,1512.6010
2013-10-30,1512.6686
2013-10-31,1512.1942
2013-11-01,1512.8982
2013-11-04,1512.8269
2013-11-05,1512.0332
2013-11-06,1510.8083
2013-11-07,1510.0542
2013-11-08,1508.3510
2013-11-11,1506.5723
2013-11-12,1506.1667
2013-11-13,1503.8014
2013-11-14,1502.3732
2013-11-15,1500.1781
2013-11-18,1498.7989
2013-11-19,1496.6424
2013-11-20,1495.2160
2013-11-21,1494.8370
2013-11-22,1494.9065
2013-11-25,1494.0053
2013-11-26,1493.1542
2013-11-27,1493.4800
2013-11-28,1493.9500
2013-11-29,1495.2127
2013-12-02,1494.1623
2013-12-03,1494.4040
2013-12-04,1494.6504
2013-12-05,1494.1942
2013-12-06,1494.0874
2013-12-09,1494.0654
2013-12-10,1493.5754
2013-12-11,1492.8947
2013-12-12,1492.9388
2013-12-13,1493.3777
2013-12-16,1492.6992
2013-12-17,1491.8669
2013-12-18,1491.0119
2013-12-19,1488.6293
2013-12-20,1487.1792
2013-12-23,1487.1493
2013-12-24,1487.3459
2013-12-25,1487.2641
2013-12-26,1486.6481
2013-12-27,1486.2943
2013-12-30,1486.4683
2013-12-31,1486.1984
2014-01-02,1486.0569
2014-01-03,1485.1786
2014-01-06,1484.4730
2014-01-07,1483.8139
2014-01-08,1483.5179
2014-01-09,1483.6382
2014-01-10,1482.8985
2014-01-13,1482.4887
2014-01-14,1482.3237
2014-01-15,1482.0643
2014-01-16,1481.9495
2014-01-17,1481.7604
2014-01-20,1480.6543
2014-01-21,1481.7669
2014-01-22,1483.6889
2014-01-23,1484.1907
2014-01-24,1485.3895
2014-01-27,1486.1785
2014-01-28,1486.5946
2014-01-29,1487.7455
2014-01-30,1488.8911
2014-02-07,1490.7431
2014-02-10,1492.4302
2014-02-11,1492.6615
2014-02-12,1493.2703
2014-02-13,1494.4254
2014-02-14,1498.0021
2014-02-17,1499.6644
2014-02-18,1499.6609
2014-02-19,1500.5934
2014-02-20,1501.9031
2014-02-21,1504.0459
2014-02-24,1504.4558
2014-02-25,1505.6551
2014-02-26,1506.5092
2014-02-27,1508.5133
2014-02-28,1510.2744
2014-03-03,1510.5955
2014-03-04,1509.5853
2014-03-05,1508.0667
2014-03-06,1507.9844
2014-03-07,1508.4249
2014-03-10,1507.9008
2014-03-11,1508.0533
2014-03-12,1507.6597
2014-03-13,1508.3522
2014-03-14,1509.5999
2014-03-17,1510.2121
2014-03-18,1510.2928
2014-03-19,1509.1978
2014-03-20,1508.8987
2014-03-21,1509.9464
2014-03-24,1510.3120
2014-03-25,1510.1243
2014-03-26,1510.1729
2014-03-27,1510.1534
2014-03-28,1510.3165
2014-03-31,1510.6243
2014-04-01,1510.7039
2014-04-02,1510.9117
2014-04-03,1510.4987
2014-04-04,1511.6460
2014-04-08,1513.2670
2014-04-09,1513.1375
2014-04-10,1514.1029
2014-04-11,1515.7367
2014-04-14,1517.1622
2014-04-15,1517.3721
2014-04-16,1518.1847
2014-04-17,1519.8065
2014-04-18,1521.7151
2014-04-21,1522.2215
2014-04-22,1522.6729
2014-04-23,1522.8097
2014-04-24,1523.2433
2014-04-25,1524.2296
2014-04-28,1524.2989
2014-04-29,1524.5098
2014-04-30,1526.3165
2014-05-05,1527.1896
2014-05-06,1528.4897
2014-05-07,1529.3072
2014-05-08,1531.0644
2014-05-09,1535.3522
2014-05-12,1536.5739
2014-05-13,1537.0988
2014-05-14,1536.8770
2014-05-15,1536.7511
2014-05-16,1537.2640
2014-05-19,1537.4011
2014-05-20,1537.3291
2014-05-21,1537.8794
2014-05-22,1538.4291
2014-05-23,1539.6307
2014-05-26,1540.1837
2014-05-27,1541.1684
2014-05-28,1542.0338
2014-05-29,1543.3211
2014-05-30,1545.9139
2014-06-03,1547.3908
2014-06-04,1548.3625
2014-06-05,1549.1980
2014-06-06,1550.9806
2014-06-09,1551.9431
2014-06-10,1553.4913
2014-06-11,1553.8994
2014-06-12,1554.4389
2014-06-13,1556.5893
2014-06-16,1557.8445
2014-06-17,1557.0975
2014-06-18,1556.3351
2014-06-19,1556.1234
2014-06-20,1557.3375
2014-06-23,1557.9464
2014-06-24,1558.3227
2014-06-25,1558.7305
2014-06-26,1559.7248
2014-06-27,1561.5157
2014-06-30,1561.6425
2014-07-01,1560.6649
2014-07-02,1560.4775
2014-07-03,1560.8725
2014-07-04,1560.3900
2014-07-07,1561.1990
2014-07-08,1561.5479
2014-07-09,1561.2903
2014-07-10,1561.6194
2014-07-11,1562.7279
2014-07-14,1563.4297
2014-07-15,1563.4551
2014-07-16,1563.1510
2014-07-17,1562.0099
2014-07-18,1561.6088
2014-07-21,1561.8201
2014-07-22,1562.9298
2014-07-23,1563.2202
2014-07-24,1563.9489
2014-07-25,1565.4919
2014-07-28,1566.7468
2014-07-29,1567.2838
2014-07-30,1567.7668
2014-07-31,1569.1997
2014-08-01,1571.2444
2014-08-04,1572.5342
2014-08-05,1572.8181
2014-08-06,1573.3185
2014-08-07,1573.3466
2014-08-08,1574.7239
2014-08-11,1576.1069
2014-08-12,1576.5385
2014-08-13,1577.5666
2014-08-14,1578.4276
2014-08-15,1580.6109
2014-08-18,1581.5039
2014-08-19,1582.3308
2014-08-20,1582.6412
2014-08-21,1582.7663
2014-08-22,1584.6327
2014-08-25,1585.2964
2014-08-26,1585.5654
2014-08-27,1586.6848
2014-08-28,1587.0576
2014-08-29,1588.5322
2014-09-01,1589.9798
2014-09-02,1591.2576
2014-09-03,1592.3720
2014-09-04,1593.2563
2014-09-05,1595.4407
2014-09-09,1595.8814
2014-09-10,1595.9654
2014-09-11,1596.1000
2014-09-12,1597.4977
2014-09-15,1598.3820
2014-09-16,1597.1497
2014-09-17,1598.3928
2014-09-18,1599.9161
2014-09-19,1603.0432
2014-09-22,1602.7189
2014-09-23,1603.5189
2014-09-24,1604.3677
2014-09-25,1605.0375
2014-09-26,1606.3349
2014-09-29,1607.5983
2014-09-30,1609.3654
2014-10-08,1610.8193
2014-10-09,1611.4436
2014-10-10,1612.0498
2014-10-13,1612.7747
2014-10-14,1613.8277
2014-10-15,1616.2877
2014-10-16,1617.5517
2014-10-17,1621.8869
2014-10-20,1625.3569
2014-10-21,1627.1438
2014-10-22,1627.9584
2014-10-23,1628.9095
2014-10-24,1632.3376
2014-10-27,1632.5727
2014-10-28,1635.4016
2014-10-29,1638.4615
2014-10-30,1640.8758
2014-10-31,1646.4390
2014-11-03,1648.9649
2014-11-04,1652.0222
2014-11-05,1653.8769
2014-11-06,1655.7398
2014-11-07,1661.7196
2014-11-10,1666.6633
2014-11-11,1666.9027
2014-11-12,1668.1853
2014-11-13,1667.5092
2014-11-14,1666.7604
2014-11-17,1665.4990
2014-11-18,1663.9798
2014-11-19,1663.9216
2014-11-20,1663.8985
2014-11-21,1664.4482
2014-11-24,1670.2240
2014-11-25,1670.3315
2014-11-26,1671.7147
2014-11-27,1672.1139
2014-11-28,1674.7492
2014-12-01,1673.8964
2014-12-02,1675.8144
2014-12-03,1673.9110
2014-12-04,1675.7935
2014-12-05,1671.2762
2014-12-08,1671.7225
2014-12-09,1652.4474
2014-12-10,1654.0995
2014-12-11,1653.9272
2014-12-12,1650.8300
2014-12-15,1650.9736
2014-12-16,1651.8878
2014-12-17,1651.7114
2014-12-18,1652.0114
2014-12-19,1653.4915
2014-12-22,1655.4830
2014-12-23,1654.1182
2014-12-24,1655.7080
2014-12-25,1659.2082
2014-12-26,1666.2169
2014-12-29,1668.8676
2014-12-30,1669.5923
2014-12-31,1673.6648
2015-01-05,1678.3574
2015-01-06,1679.6423
2015-01-07,1682.4715
2015-01-08,1680.8499
2015-01-09,1683.0079
2015-01-12,1681.4298
2015-01-13,1682.7784
2015-01-14,1684.7927
2015-01-15,1687.9244
2015-01-16,1692.1625
2015-01-19,1687.7984
2015-01-20,1690.0079
2015-01-21,1693.7362
2015-01-22,1695.2652
2015-01-23,1696.6933
2015-01-26,1695.9949
2015-01-27,1694.7659
2015-01-28,1692.6116
2015-01-29,1691.3792
2015-01-30,1690.4800
2015-02-02,1687.4424
2015-02-03,1688.8593
2015-02-04,1688.8923
2015-02-05,1690.0135
2015-02-06,1689.5072
2015-02-09,1690.9137
2015-02-10,1692.2491
2015-02-11,1693.2665
2015-02-12,1694.3692
2015-02-13,1697.7057
2015-02-16,1699.6214
2015-02-17,1701.4604
2015-02-25,1702.0112
2015-02-26,1703.4774
2015-02-27,1704.3738
2015-03-02,1705.5268
2015-03-03,1704.6070
2015-03-04,1704.5514
2015-03-05,1703.9957
2015-03-06,1703.1076
2015-03-09,1704.0517
2015-03-10,1703.9375
2015-03-11,1704.9575
2015-03-12,1706.4250
2015-03-13,1708.2610
2015-03-16,1711.7656
2015-03-17,1713.0966
2015-03-18,1713.5411
2015-03-19,1713.4206
2015-03-20,1715.1375
2015-03-23,1716.3187
2015-03-24,1715.2399
2015-03-25,1713.7708
2015-03-26,1711.7289
2015-03-27,1710.0330
2015-03-30,1710.6182
2015-03-31,1708.3284
2015-04-01,1709.6548
2015-04-02,1711.4735
2015-04-03,1712.5983
2015-04-07,1712.5484
2015-04-08,1710.5919
2015-04-09,1708.6898
2015-04-10,1710.8458
2015-04-13,1713.0152
2015-04-14,1713.7187
2015-04-15,1713.3445
2015-04-16,1715.6568
2015-04-17,1721.0206
2015-04-20,1722.8103
2015-04-21,1726.2642
2015-04-22,1731.1020
2015-04-23,1731.7762
2015-04-24,1733.7210
2015-04-27,1735.8412
2015-04-28,1736.3566
2015-04-29,1738.1519
2015-04-30,1740.5180
2015-05-04,1742.2400
2015-05-05,1739.4976
2015-05-06,1738.8280
2015-05-07,1739.2858
2015-05-08,1742.2345
2015-05-11,1746.9473
2015-05-12,1751.0540
2015-05-13,1751.7123
2015-05-14,1756.1787
2015-05-15,1759.7542
2015-05-18,1761.2742
2015-05-19,1762.8737
2015-05-20,1764.0231
2015-05-21,1767.2006
2015-05-22,1771.0053
2015-05-25,1775.7833
2015-05-26,1778.6999
2015-05-27,1778.7404
2015-05-28,1773.6581
2015-05-29,1775.1313
2015-06-01,1782.3728
2015-06-02,1784.2072
2015-06-03,1783.4228
2015-06-04,1783.4426
2015-06-05,1786.5868
2015-06-08,1787.0281
2015-06-09,1787.3530
2015-06-10,1785.8537
2015-06-11,1784.9589
2015-06-12,1785.1933
2015-06-15,1784.8797
2015-06-16,1782.0726
2015-06-17,1782.0367
2015-06-18,1780.0385
2015-06-19,1771.8909
2015-06-23,1772.1322
2015-06-24,1774.4989
2015-06-25,1771.9361
2015-06-26,1763.4092
2015-06-29,1761.6658
2015-06-30,1767.6998
2015-07-01,1762.8540
2015-07-02,1760.9613
2015-07-03,1761.3143
2015-07-06,1764.3334
2015-07-07,1764.0721
2015-07-08,1762.3146
2015-07-09,1764.9357
2015-07-10,1768.4771
2015-07-13,1769.4052
2015-07-14,1769.1945
2015-07-15,1767.5283
2015-07-16,1768.3176
2015-07-17,1771.5565
2015-07-20,1773.8954
2015-07-21,1774.9111
2015-07-22,1775.8171
2015-07-23,1778.5820
2015-07-24,1781.2959
2015-07-27,1778.8876
2015-07-28,1779.7244
2015-07-29,1781.5387
2015-07-30,1781.1733
2015-07-31,1781.6268
2015-08-03,1782.0509
2015-08-04,1784.1161
2015-08-05,1784.6886
2015-08-06,1785.6937
2015-08-07,1789.8463
2015-08-10,1792.2342
2015-08-11,1790.0570
2015-08-12,1789.2573
2015-08-13,1790.4678
2015-08-14,1791.1111
2015-08-17,1791.2146
2015-08-18,1789.4183
2015-08-19,1789.9995
2015-08-20,1789.8507
2015-08-21,1790.5237
2015-08-24,1788.0977
2015-08-25,1787.9830
2015-08-26,1789.1516
2015-08-27,1790.6090
2015-08-28,1792.0048
2015-08-31,1792.5103
2015-09-01,1792.5597
2015-09-02,1793.5197
2015-09-07,1794.3654
2015-09-08,1795.1131
2015-09-09,1795.9215
2015-09-10,1795.5638
2015-09-11,1795.6443
2015-09-14,1795.8204
2015-09-15,1795.5617
2015-09-16,1796.8808
2015-09-17,1797.4387
2015-09-18,1798.8008
2015-09-21,1799.3860
2015-09-22,1799.3665
2015-09-23,1798.8129
2015-09-24,1798.9583
2015-09-25,1798.9588
2015-09-28,1799.7157
2015-09-29,1800.0842
2015-09-30,1801.2439
2015-10-08,1802.5345
2015-10-09,1803.4025
2015-10-12,1804.8726
2015-10-13,1805.8435
2015-10-14,1807.1874
2015-10-15,1807.7459
2015-10-16,1809.5326
2015-10-19,1809.7005
2015-10-20,1810.7728
2015-10-21,1811.1916
2015-10-22,1811.7661
2015-10-23,1814.1066
2015-10-26,1816.4899
2015-10-27,1817.8780
2015-10-28,1818.9484
2015-10-29,1818.8369
2015-10-30,1820.7925
2015-11-02,1820.8089
2015-11-03,1820.6157
2015-11-04,1820.7704
2015-11-05,1820.8004
2015-11-06,1822.1375
2015-11-09,1818.8832
2015-11-10,1817.8263
2015-11-11,1818.1493
2015-11-12,1818.0391
2015-11-13,1816.7459
2015-11-16,1816.5528
2015-11-17,1816.3946
2015-11-18,1815.5530
2015-11-19,1815.7906
2015-11-20,1816.5734
2015-11-23,1816.4261
2015-11-24,1816.8620
2015-11-25,1817.9309
2015-11-26,1818.4506
2015-11-27,1818.6994
2015-11-30,1819.7457
2015-12-01,1820.6995
2015-12-02,1821.6570
2015-12-03,1822.7913
2015-12-04,1825.5008
2015-12-07,1827.6148
2015-12-08,1827.8937
2015-12-09,1828.2755
2015-12-10,1828.2421
2015-12-11,1828.9725
2015-12-14,1829.6036
2015-12-15,1829.6868
2015-12-16,1830.2355
2015-12-17,1831.1481
2015-12-18,1832.8032
2015-12-21,1834.9279
2015-12-22,1836.4092
2015-12-23,1836.9525
2015-12-24,1838.1928
2015-12-25,1840.8390
2015-12-28,1841.5779
2015-12-29,1842.0327
2015-12-30,1842.1848
2015-12-31,1843.0416
2016-01-04,1841.6322
2016-01-05,1840.9441
2016-01-06,1841.4904
2016-01-07,1841.4400
2016-01-08,1842.6515
2016-01-11,1842.7615
2016-01-12,1844.8504
2016-01-13,1846.2819
2016-01-14,1847.5410
2016-01-15,1848.9707
2016-01-18,1848.5135
2016-01-19,1846.8761
2016-01-20,1844.4303
2016-01-21,1843.9134
2016-01-22,1844.6975
2016-01-25,1844.3953
2016-01-26,1842.4086
2016-01-27,1840.5424
2016-01-28,1840.0278
2016-01-29,1840.3711
2016-02-01,1840.5276
2016-02-02,1840.4548
2016-02-03,1839.9642
2016-02-04,1840.9440
2016-02-05,1841.4544
2016-02-15,1843.5310
2016-02-16,1844.0452
2016-02-17,1844.5416
2016-02-18,1845.4649
2016-02-19,1847.1463
2016-02-22,1847.7528
2016-02-23,1847.8788
2016-02-24,1847.9970
2016-02-25,1846.7013
2016-02-26,1847.1854
2016-02-29,1846.7703
2016-03-01,1847.7441
2016-03-02,1848.8757
2016-03-03,1848.8458
2016-03-04,1849.5820
2016-03-07,1850.4276
2016-03-08,1851.0577
2016-03-09,1851.7853
2016-03-10,1852.4372
2016-03-11,1854.6590
2016-03-14,1855.6932
2016-03-15,1856.1363
2016-03-16,1856.7549
2016-03-17,1857.7099
2016-03-18,1860.0047
2016-03-21,1860.4133
2016-03-22,1860.4392
2016-03-23,1860.8864
2016-03-24,1860.9959
2016-03-25,1861.7304
2016-03-28,1861.0303
2016-03-29,1860.2281
2016-03-30,1860.5673
2016-03-31,1860.7126
2016-04-01,1860.8831
2016-04-05,1862.2456
2016-04-06,1862.1337
2016-04-07,1861.8141
2016-04-08,1861.2750
2016-04-11,1861.2910
2016-04-12,1859.9717
2016-04-13,1858.7024
2016-04-14,1856.6180
2016-04-15,1853.5531
2016-04-18,1853.7939
2016-04-19,1853.5196
2016-04-20,1851.7481
2016-04-21,1849.7593
2016-04-22,1845.6970
2016-04-25,1842.6842
2016-04-26,1841.2465
2016-04-27,1841.8504
2016-04-28,1842.3169
2016-04-29,1841.9069
2016-05-03,1843.4476
2016-05-04,1844.0182
2016-05-05,1844.6151
2016-05-06,1845.6820
2016-05-09,1846.2202
2016-05-10,1847.4769
2016-05-11,1847.9735
2016-05-12,1848.5285
2016-05-13,1850.6126
2016-05-16,1851.1313
2016-05-17,1851.1764
2016-05-18,1850.5661
2016-05-19,1850.0516
2016-05-20,1849.9676
2016-05-23,1850.4342
2016-05-24,1850.5812
2016-05-25,1850.8459
2016-05-26,1850.7642
2016-05-27,1851.5891
2016-05-30,1852.1994
2016-05-31,1852.4848
2016-06-01,1852.5245
2016-06-02,1852.4543
2016-06-03,1852.3346
2016-06-06,1852.8806
2016-06-07,1852.6707
2016-06-08,1853.4294
2016-06-13,1853.8067
2016-06-14,1854.4487
2016-06-15,1855.0661
2016-06-16,1855.5839
2016-06-17,1857.1163
2016-06-20,1857.6164
2016-06-21,1857.6916
2016-06-22,1858.1053
2016-06-23,1858.5056
2016-06-24,1860.2137
2016-06-27,1861.7490
2016-06-28,1862.2419
2016-06-29,1862.2636
2016-06-30,1863.6682
2016-07-01,1865.1579
2016-07-04,1866.4414
2016-07-05,1866.7422
2016-07-06,1867.5380
2016-07-07,1868.7209
2016-07-08,1870.8600
2016-07-11,1871.3047
2016-07-12,1871.4912
2016-07-13,1871.8733
2016-07-14,1872.3823
2016-07-15,1873.5894
2016-07-18,1873.9668
2016-07-19,1874.8030
2016-07-20,1875.5443
2016-07-21,1876.8267
2016-07-22,1878.6152
2016-07-25,1878.6035
2016-07-26,1879.3174
2016-07-27,1879.3596
2016-07-28,1880.0877
2016-07-29,1881.3847
2016-08-01,1881.7714
2016-08-02,1882.4345
2016-08-03,1882.7470
2016-08-04,1883.2916
2016-08-05,1885.2526
2016-08-08,1886.3875
2016-08-09,1887.3100
2016-08-10,1888.3929
2016-08-11,1888.5630
2016-08-12,1891.8959
2016-08-15,1893.5886
2016-08-16,1893.6516
2016-08-17,1893.3896
2016-08-18,1893.8193
2016-08-19,1894.1083
2016-08-22,1894.3490
2016-08-23,1893.6473
2016-08-24,1892.9105
2016-08-25,1892.8187
2016-08-26,1893.2789
2016-08-29,1893.3763
2016-08-30,1892.5629
2016-08-31,1892.9151
2016-09-01,1892.9141
2016-09-02,1892.9495
2016-09-05,1893.2108
2016-09-06,1893.3968
2016-09-07,1893.4790
2016-09-08,1893.8349
2016-09-09,1894.2803
2016-09-12,1893.8361
2016-09-13,1894.1139
2016-09-14,1894.6759
2016-09-19,1895.1727
2016-09-20,1895.2682
2016-09-21,1895.3878
2016-09-22,1896.1984
2016-09-23,1897.9677
2016-09-26,1897.8207
2016-09-27,1897.9614
2016-09-28,1898.1650
2016-09-29,1898.5207
2016-09-30,1899.5252
2016-10-10,1901.5733
2016-10-11,1901.9337
2016-10-12,1901.9780
2016-10-13,1902.5764
2016-10-14,1904.9939
2016-10-17,1908.2123
2016-10-18,1908.5212
2016-10-19,1909.3466
2016-10-20,1910.0117
2016-10-21,1911.4880
2016-10-24,1911.6049
2016-10-25,1911.3042
2016-10-26,1910.1696
2016-10-27,1909.6701
2016-10-28,1909.2477
2016-10-31,1908.9484
2016-11-01,1908.6497
2016-11-02,1908.8549
2016-11-03,1909.1946
2016-11-04,1909.4832
2016-11-07,1909.4951
2016-11-08,1908.9708
2016-11-09,1909.1199
2016-11-10,1908.5611
2016-11-11,1906.9373
2016-11-14,1906.2410
2016-11-15,1905.1491
2016-11-16,1904.6367
2016-11-17,1903.5067
2016-11-18,1901.2841
2016-11-21,1901.4186
2016-11-22,1901.4410
2016-11-23,1901.5416
2016-11-24,1901.4764
2016-11-25,1901.3694
2016-11-28,1901.3815
2016-11-29,1899.8462
2016-11-30,1897.1974
2016-12-01,1895.1415
2016-12-02,1891.0209
2016-12-05,1890.3761
2016-12-06,1887.3555
2016-12-07,1887.1053
2016-12-08,1887.6489
2016-12-09,1886.0040
2016-12-12,1884.1625
2016-12-13,1881.2507
2016-12-14,1878.5285
2016-12-15,1870.6888
2016-12-16,1865.0768
2016-12-19,1862.5672
2016-12-20,1859.7415
2016-12-21,1860.7886
2016-12-22,1863.2154
2016-12-23,1865.2013
2016-12-26,1866.1321
2016-12-27,1866.9805
2016-12-28,1867.0328
2016-12-29,1868.3875
2016-12-30,1871.8573
2017-01-03,1872.7743
2017-01-04,1873.3038
2017-01-05,1873.5007
2017-01-06,1874.5497
2017-01-09,1875.4295
2017-01-10,1876.3560
2017-01-11,1876.6298
2017-01-12,1877.1435
2017-01-13,1878.4795
2017-01-16,1878.3442
2017-01-17,1877.2530
2017-01-18,1876.1276
2017-01-19,1875.4951
2017-01-20,1875.1283
2017-01-23,1875.8153
2017-01-24,1875.8391
2017-01-25,1875.1630
2017-01-26,1875.3855
2017-02-03,1874.0714
2017-02-06,1872.9094
2017-02-07,1871.0977
2017-02-08,1870.6265
2017-02-09,1870.9499
2017-02-10,1870.1518
2017-02-13,1870.4621
2017-02-14,1870.6204
2017-02-15,1870.5842
2017-02-16,1870.7982
2017-02-17,1871.5653
2017-02-20,1872.1695
2017-02-21,1872.1276
2017-02-22,1872.2289
2017-02-23,1872.5836
2017-02-24,1873.4799
2017-02-27,1873.8704
2017-02-28,1873.8356
2017-03-01,1873.6960
2017-03-02,1873.5203
2017-03-03,1873.5169
2017-03-06,1873.5846
2017-03-07,1873.3777
2017-03-08,1873.0456
2017-03-09,1872.6557
2017-03-10,1871.0416
2017-03-13,1870.9745
2017-03-14,1871.0186
2017-03-15,1871.2389
2017-03-16,1871.9762
2017-03-17,1872.1721
2017-03-20,1872.1842
2017-03-21,1871.6947
2017-03-22,1871.9001
2017-03-23,1872.0949
2017-03-24,1873.1698
2017-03-27,1874.2020
2017-03-28,1874.6026
2017-03-29,1874.7401
2017-03-30,1874.3387
2017-03-31,1874.8134
2017-04-05,1875.6802
2017-04-06,1875.7928
2017-04-07,1876.7026
2017-04-10,1877.2845
2017-04-11,1877.3826
2017-04-12,1877.5398
2017-04-13,1877.7809
2017-04-14,1877.6809
2017-04-17,1876.7690
2017-04-18,1876.2497
2017-04-19,1875.9630
2017-04-20,1875.4099
2017-04-21,1873.7721
2017-04-24,1873.0923
2017-04-25,1872.9350
2017-04-26,1873.0812
2017-04-27,1873.3322
2017-04-28,1873.1919
2017-05-02,1873.3842
2017-05-03,1872.8789
2017-05-04,1872.2518
2017-05-05,1871.5959
2017-05-08,1870.9804
2017-05-09,1870.2000
2017-05-10,1869.0361
2017-05-11,1868.6662
2017-05-12,1867.4122
2017-05-15,1867.6909
2017-05-16,1867.4608
2017-05-17,1867.4192
2017-05-18,1867.6121
2017-05-19,1867.5307
2017-05-22,1867.6778
2017-05-23,1867.5905
2017-05-24,1867.7149
2017-05-25,1868.0219
2017-05-26,1868.3298
2017-05-31,1869.0824
2017-06-01,1869.1848
2017-06-02,1869.6262
2017-06-05,1869.9616
2017-06-06,1870.1587
2017-06-07,1870.3371
2017-06-08,1870.5093
2017-06-09,1871.1741
2017-06-12,1872.1361
2017-06-13,1872.9222
2017-06-14,1873.7342
2017-06-15,1874.3930
2017-06-16,1876.2073
2017-06-19,1878.1584
2017-06-20,1881.5064
2017-06-21,1881.9698
2017-06-22,1882.0069
2017-06-23,1883.6906
2017-06-26,1884.9932
2017-06-27,1886.1183
2017-06-28,1886.6641
2017-06-29,1887.1669
2017-06-30,1888.6697
2017-07-03,1889.1997
2017-07-04,1889.3048
2017-07-05,1889.8309
2017-07-06,1890.4825
2017-07-07,1891.4234
2017-07-10,1891.9076
2017-07-11,1892.2696
2017-07-12,1892.6658
2017-07-13,1893.1608
2017-07-14,1894.5571
2017-07-17,1895.2915
2017-07-18,1894.7330
2017-07-19,1894.9491
2017-07-20,1895.3587
2017-07-21,1895.6540
2017-07-24,1896.1825
2017-07-25,1896.0064
2017-07-26,1895.9662
2017-07-27,1896.2870
2017-07-28,1896.7795
2017-07-31,1897.1931
2017-08-01,1897.0745
2017-08-02,1897.3006
2017-08-03,1897.3106
2017-08-04,1898.0587
2017-08-07,1898.2223
2017-08-08,1898.0460
2017-08-09,1897.8760
2017-08-10,1897.9421
2017-08-11,1897.9563
2017-08-14,1898.6637
2017-08-15,1898.9344
2017-08-16,1898.9603
2017-08-17,1898.8451
2017-08-18,1899.3201
2017-08-21,1899.4418
2017-08-22,1899.2239
2017-08-23,1899.0509
2017-08-24,1898.6923
2017-08-25,1898.4431
2017-08-28,1898.5263
2017-08-29,1898.2483
2017-08-30,1897.8033
2017-08-31,1897.5992
2017-09-01,1898.0496
2017-09-04,1898.4691
2017-09-05,1898.4202
2017-09-06,1898.5358
2017-09-07,1899.0063
2017-09-08,1900.2837
2017-09-11,1900.8004
2017-09-12,1900.8760
2017-09-13,1901.0525
2017-09-14,1901.4329
2017-09-15,1902.3981
2017-09-18,1902.6721
2017-09-19,1902.7113
2017-09-20,1902.9264
2017-09-21,1902.9686
2017-09-22,1903.4859
2017-09-25,1904.0697
2017-09-26,1903.8366
2017-09-27,1903.6235
2017-09-28,1903.8770
2017-09-29,1904.6918
2017-10-09,1905.6838
2017-10-10,1905.6766
2017-10-11,1906.0160
2017-10-12,1906.0959
2017-10-13,1906.7365
2017-10-16,1906.5520
2017-10-17,1906.1674
2017-10-18,1906.3882
2017-10-19,1906.7276
2017-10-20,1906.8995
2017-10-23,1909.2271
2017-10-24,1910.0232
2017-10-25,1909.6091
2017-10-26,1909.5109
2017-10-27,1909.2055
2017-10-30,1907.9473
2017-10-31,1907.5422
2017-11-01,1907.9427
2017-11-02,1908.0203
2017-11-03,1907.7265
2017-11-06,1907.9399
2017-11-07,1907.6890
2017-11-08,1907.5359
2017-11-09,1907.5424
2017-11-10,1907.4660
2017-11-13,1906.9826
2017-11-14,1910.4006
2017-11-15,1910.0045
2017-11-16,1910.1883
2017-11-17,1909.6075
2017-11-20,1909.7599
2017-11-21,1909.3476
2017-11-22,1908.0324
2017-11-23,1907.0834
2017-11-24,1906.1757
2017-11-27,1906.5072
2017-11-28,1906.3644
2017-11-29,1906.4330
2017-11-30,1906.4001
2017-12-01,1906.6009
2017-12-04,1907.2464
2017-12-05,1907.7369
2017-12-06,1908.0136
2017-12-07,1908.2821
2017-12-08,1909.3957
2017-12-11,1909.6830
2017-12-12,1909.3438
2017-12-13,1909.3586
2017-12-14,1909.4613
2017-12-15,1909.6778
2017-12-18,1909.9722
2017-12-19,1909.9695
2017-12-20,1909.7942
2017-12-21,1910.5942
2017-12-22,1911.0227
2017-12-25,1911.5730
2017-12-26,1911.6382
2017-12-27,1911.2701
2017-12-28,1911.2961
2017-12-29,1912.0383
2018-01-02,1913.0803
2018-01-03,1914.1017
2018-01-04,1914.5293
2018-01-05,1916.3121
2018-01-08,1917.0258
2018-01-09,1917.6507
2018-01-10,1917.4117
2018-01-11,1916.9934
2018-01-12,1917.3074
2018-01-15,1917.3011
2018-01-16,1917.4552
2018-01-17,1917.3592
2018-01-18,1917.5013
2018-01-19,1918.0587
2018-01-22,1918.8951
2018-01-23,1919.2048
2018-01-24,1919.6155
2018-01-25,1919.9009
2018-01-26,1920.7591
2018-01-29,1920.8785
2018-01-30,1920.8285
2018-01-31,1921.1706
2018-02-01,1921.3413
2018-02-02,1922.6385
2018-02-05,1923.3618
2018-02-06,1923.4856
2018-02-07,1923.5706
2018-02-08,1923.7242
2018-02-09,1923.6480
2018-02-12,1924.5639
2018-02-13,1924.3155
2018-02-14,1925.3907
2018-02-22,1926.7057
2018-02-23,1927.5143
2018-02-26,1928.2084
2018-02-27,1928.5918
2018-02-28,1928.6488
2018-03-01,1928.6790
2018-03-02,1928.4992
2018-03-05,1927.6203
2018-03-06,1928.0647
2018-03-07,1928.3200
2018-03-08,1928.5189
2018-03-09,1929.1493
2018-03-12,1929.9629
2018-03-13,1929.8699
2018-03-14,1929.8981
2018-03-15,1929.9814
2018-03-16,1930.5431
2018-03-19,1930.9651
2018-03-20,1931.3044
2018-03-21,1931.7424
2018-03-22,1931.9601
2018-03-23,1934.7501
2018-03-26,1935.4932
2018-03-27,1935.4091
2018-03-28,1936.0583
2018-03-29,1936.2295
2018-03-30,1937.6031
2018-04-02,1938.7532
2018-04-03,1939.5285
2018-04-04,1941.3645
2018-04-09,1943.2031
2018-04-10,1943.6219
2018-04-11,1944.0326
2018-04-12,1944.3203
2018-04-13,1945.6808
2018-04-16,1946.3113
2018-04-17,1946.4937
2018-04-18,1951.1871
2018-04-19,1950.7804
2018-04-20,1952.6931
2018-04-23,1951.8705
2018-04-24,1951.5697
2018-04-25,1951.3411
2018-04-26,1950.8095
2018-04-27,1949.8500
2018-05-02,1949.8193
2018-05-03,1950.1401
2018-05-04,1950.6323
2018-05-07,1951.0203
2018-05-08,1950.6950
2018-05-09,1950.0385
2018-05-10,1949.8974
2018-05-11,1949.4215
2018-05-14,1949.3210
2018-05-15,1948.8597
2018-05-16,1948.3947
2018-05-17,1948.3460
2018-05-18,1948.2015
2018-05-21,1948.7226
2018-05-22,1949.0645
2018-05-23,1949.2109
2018-05-24,1949.4217
2018-05-25,1950.0656
2018-05-28,1950.3084
2018-05-29,1950.1309
2018-05-30,1950.1323
2018-05-31,1950.1231
2018-06-01,1950.1765
2018-06-04,1949.8903
2018-06-05,1949.8284
2018-06-06,1950.0493
2018-06-07,1950.1188
2018-06-08,1950.1704
2018-06-11,1950.3395
2018-06-12,1950.2304
2018-06-13,1950.2194
2018-06-14,1950.6548
2018-06-15,1950.8015
2018-06-19,1951.0447
2018-06-20,1952.5681
2018-06-21,1953.7398
2018-06-22,1954.8414
2018-06-25,1955.2402
2018-06-26,1955.3940
2018-06-27,1955.8445
2018-06-28,1956.8987
2018-06-29,1959.6879
2018-07-02,1960.9662
2018-07-03,1961.8415
2018-07-04,1962.3949
2018-07-05,1963.5370
2018-07-06,1965.5327
2018-07-09,1965.9446
2018-07-10,1965.8752
2018-07-11,1966.1506
2018-07-12,1966.6378
2018-07-13,1967.5444
2018-07-16,1968.1648
2018-07-17,1968.4650
2018-07-18,1969.0590
2018-07-19,1970.3397
2018-07-20,1972.4090
2018-07-23,1973.6030
2018-07-24,1973.7303
2018-07-25,1974.2528
2018-07-26,1975.0408
2018-07-27,1977.8006
2018-07-30,1979.1013
2018-07-31,1980.7035
2018-08-01,1981.4924
2018-08-02,1982.6885
2018-08-03,1986.4967
2018-08-06,1987.7436
2018-08-07,1989.2950
2018-08-08,1989.0104
2018-08-09,1987.6955
2018-08-10,1986.5745
2018-08-13,1985.4485
2018-08-14,1985.5522
2018-08-15,1985.5524
2018-08-16,1984.9488
2018-08-17,1982.4477
2018-08-20,1981.6356
2018-08-21,1981.4692
2018-08-22,1981.9348
2018-08-23,1983.1246
2018-08-24,1983.7010
2018-08-27,1983.8148
2018-08-28,1983.9316
2018-08-29,1983.9129
2018-08-30,1984.3186
2018-08-31,1985.3383
2018-09-03,1985.2927
2018-09-04,1985.4190
2018-09-05,1985.6221
2018-09-06,1985.5623
2018-09-07,1985.4311
2018-09-10,1985.2801
2018-09-11,1984.8908
2018-09-12,1985.0058
2018-09-13,1985.3858
2018-09-14,1986.0033
2018-09-17,1986.5149
2018-09-18,1986.7713
2018-09-19,1986.9766
2018-09-20,1986.6367
2018-09-21,1987.2361
2018-09-25,1987.6986
2018-09-26,1988.1904
2018-09-27,1988.7833
2018-09-28,1990.1949
2018-10-08,1991.4389
2018-10-09,1991.8739
2018-10-10,1992.4974
2018-10-11,1993.3914
2018-10-12,1995.3849
2018-10-15,1995.9575
2018-10-16,1996.2186
2018-10-17,1996.4596
2018-10-18,1996.9402
2018-10-19,1997.8789
2018-10-22,1998.0548
2018-10-23,1998.4727
2018-10-24,1998.9867
2018-10-25,1999.5582
2018-10-26,2000.6646
2018-10-29,2001.6392
2018-10-30,2002.1228
2018-10-31,2002.2711
2018-11-01,2002.9859
2018-11-02,2003.3607
2018-11-05,2003.9638
2018-11-06,2004.5440
2018-11-07,2005.1700
2018-11-08,2005.5909
2018-11-09,2006.8340
2018-11-12,2007.0947
2018-11-13,2007.5938
2018-11-14,2009.1876
2018-11-15,2009.9678
2018-11-16,2013.3921
2018-11-19,2014.1095
2018-11-20,2014.1982
2018-11-21,2014.3979
2018-11-22,2014.4218
2018-11-23,2014.8356
2018-11-26,2014.8194
2018-11-27,2014.9406
2018-11-28,2015.2088
2018-11-29,2015.6970
2018-11-30,2016.3366
2018-12-03,2017.0333
2018-12-04,2018.1168
2018-12-05,2018.9775
2018-12-06,2019.4072
2018-12-07,2021.0570
2018-12-10,2022.0375
2018-12-11,2022.0474
2018-12-12,2022.5904
2018-12-13,2021.4369
2018-12-14,2020.5038
2018-12-17,2019.6298
2018-12-18,2019.1216
2018-12-19,2019.5678
2018-12-20,2020.5431
2018-12-21,2020.8695
2018-12-24,2021.1059
2018-12-25,2021.3778
2018-12-26,2022.1504
2018-12-27,2022.6449
2018-12-28,2025.5325
2019-01-02,2027.5897
2019-01-03,2029.1258
2019-01-04,2031.7314
2019-01-07,2033.3851
2019-01-08,2034.9915
2019-01-09,2035.6024
2019-01-10,2036.0067
2019-01-11,2038.1222
2019-01-14,2038.1100
2019-01-15,2037.8806
2019-01-16,2038.9296
2019-01-17,2039.4780
2019-01-18,2040.1348
2019-01-21,2040.1479
2019-01-22,2040.2201
2019-01-23,2040.1690
2019-01-24,2040.1318
2019-01-25,2039.6871
2019-01-28,2039.7874
2019-01-29,2040.2160
2019-01-30,2040.8381
2019-01-31,2041.7251
2019-02-01,2043.2964
2019-02-11,2044.9532
2019-02-12,2045.6243
2019-02-13,2046.0732
2019-02-14,2046.3793
2019-02-15,2047.9007
2019-02-18,2048.2791
2019-02-19,2047.9934
2019-02-20,2048.1301
2019-02-21,2048.2605
2019-02-22,2048.8762
2019-02-25,2049.1081
2019-02-26,2047.6542
2019-02-27,2047.2719
2019-02-28,2047.2477
2019-03-01,2046.1118
2019-03-04,2046.0156
2019-03-05,2046.0587
2019-03-06,2045.8954
2019-03-07,2046.5632
2019-03-08,2047.5767
2019-03-11,2048.1433
2019-03-12,2048.2383
2019-03-13,2047.8766
2019-03-14,2047.3928
2019-03-15,2047.2273
2019-03-18,2047.7120
2019-03-19,2047.6383
2019-03-20,2047.5928
2019-03-21,2048.1929
2019-03-22,2049.4187
2019-03-25,2050.1607
2019-03-26,2050.3050
2019-03-27,2050.7901
2019-03-28,2051.2845
2019-03-29,2052.9388
2019-04-01,2052.9901
2019-04-02,2052.5131
2019-04-03,2051.9463
2019-04-04,2050.8700
2019-04-08,2051.0566
2019-04-09,2050.0199
2019-04-10,2049.5590
2019-04-11,2049.6262
2019-04-12,2048.8863
2019-04-15,2047.3484
2019-04-16,2046.7336
2019-04-17,2046.6099
2019-04-18,2047.0667
2019-04-19,2047.3867
2019-04-22,2047.2752
2019-04-23,2046.6579
2019-04-24,2046.1707
2019-04-25,2045.8721
2019-04-26,2045.6302
2019-04-29,2045.4573
2019-04-30,2046.6677
2019-05-06,2048.0644
2019-05-07,2048.7550
2019-05-08,2049.6324
2019-05-09,2050.7868
2019-05-10,2053.0510
2019-05-13,2054.1279
2019-05-14,2054.4728
2019-05-15,2055.0528
2019-05-16,2055.4784
2019-05-17,2056.5165
2019-05-20,2056.7511
2019-05-21,2056.5727
2019-05-22,2056.2945
2019-05-23,2056.4189
2019-05-24,2056.7246
2019-05-27,2056.0445
2019-05-28,2055.9166
2019-05-29,2056.3624
2019-05-30,2056.4784
2019-05-31,2056.8297
2019-06-03,2057.0725
2019-06-04,2057.2484
2019-06-05,2057.4747
2019-06-06,2057.6638
2019-06-10,2058.1351
2019-06-11,2058.0842
2019-06-12,2058.1362
2019-06-13,2058.0131
2019-06-14,2058.0116
2019-06-17,2058.4562
2019-06-18,2058.8012
2019-06-19,2059.3019
2019-06-20,2060.3758
2019-06-21,2061.9024
2019-06-24,2063.2566
2019-06-25,2063.6042
2019-06-26,2064.0557
2019-06-27,2064.5699
2019-06-28,2065.8686
2019-07-01,2066.9920
2019-07-02,2068.0219
2019-07-03,2068.8627
2019-07-04,2069.3342
2019-07-05,2070.1631
2019-07-08,2069.9584
2019-07-09,2070.0659
2019-07-10,2070.1011
2019-07-11,2070.4613
2019-07-12,2071.0182
2019-07-15,2071.3434
2019-07-16,2071.4503
2019-07-17,2071.5490
2019-07-18,2071.7186
2019-07-19,2072.2813
2019-07-22,2072.8892
2019-07-23,2073.3488
2019-07-24,2073.5851
2019-07-25,2073.9728
2019-07-26,2075.0712
2019-07-29,2075.3974
2019-07-30,2075.7586
2019-07-31,2076.4429
2019-08-01,2076.8107
2019-08-02,2079.0014
2019-08-05,2080.1335
2019-08-06,2080.3824
2019-08-07,2080.9810
2019-08-08,2081.4491
2019-08-09,2083.1746
2019-08-12,2083.5384
2019-08-13,2084.2836
2019-08-14,2084.5671
2019-08-15,2085.0251
2019-08-16,2085.9526
2019-08-19,2086.6735
2019-08-20,2086.7527
2019-08-21,2086.4343
2019-08-22,2086.4754
2019-08-23,2086.6787
2019-08-26,2087.2110
2019-08-27,2087.2481
2019-08-28,2087.2879
2019-08-29,2087.1068
2019-08-30,2086.7343
2019-09-02,2086.8890
2019-09-03,2087.0118
2019-09-04,2087.4262
2019-09-05,2088.7874
2019-09-06,2090.0369
2019-09-09,2090.6684
2019-09-10,2090.6958
2019-09-11,2090.8025
2019-09-12,2090.6106
2019-09-16,2091.1040
2019-09-17,2091.0099
2019-09-18,2090.6986
2019-09-19,2090.8395
2019-09-20,2090.9510
2019-09-23,2091.2188
2019-09-24,2091.0744
2019-09-25,2091.0554
2019-09-26,2090.7928
2019-09-27,2090.8469
2019-09-30,2091.4904
2019-10-08,2092.7504
2019-10-09,2092.9956
2019-10-10,2093.1275
2019-10-11,2093.6830
2019-10-14,2093.9890
2019-10-15,2093.8246
2019-10-16,2093.8702
2019-10-17,2094.1255
2019-10-18,2094.0652
2019-10-21,2093.6612
2019-10-22,2093.7936
2019-10-23,2093.7698
2019-10-24,2093.7400
2019-10-25,2093.6278
2019-10-28,2093.3745
2019-10-29,2092.6490
2019-10-30,2091.3194
2019-10-31,2090.9644
2019-11-01,2090.8708
2019-11-04,2090.9963
2019-11-05,2091.8361
2019-11-06,2092.3872
2019-11-07,2092.6199
2019-11-08,2093.4741
2019-11-11,2093.9187
2019-11-12,2094.1711
2019-11-13,2094.5711
2019-11-14,2094.7975
2019-11-15,2095.6038
2019-11-18,2096.9681
2019-11-19,2097.9808
2019-11-20,2098.4909
2019-11-21,2098.9737
2019-11-22,2100.1166
2019-11-25,2100.1657
2019-11-26,2100.4850
2019-11-27,2100.6975
2019-11-28,2101.0259
2019-11-29,2101.6769
2019-12-02,2101.7625
2019-12-03,2101.9632
2019-12-04,2102.2465
2019-12-05,2102.6473
2019-12-06,2102.8585
2019-12-09,2103.2658
2019-12-10,2103.5862
2019-12-11,2104.0020
2019-12-12,2104.5063
2019-12-13,2105.2249
2019-12-16,2105.7848
2019-12-17,2105.8237
2019-12-18,2105.9607
2019-12-19,2106.2516
2019-12-20,2107.3295
2019-12-23,2108.4403
2019-12-24,2109.3041
2019-12-25,2109.8547
2019-12-26,2110.5233
2019-12-27,2111.7919
2019-12-30,2112.3771
2019-12-31,2113.1641
2020-01-02,2113.6594
2020-01-03,2114.1295
2020-01-06,2115.0324
2020-01-07,2115.4743
2020-01-08,2115.7819
2020-01-09,2116.3450
2020-01-10,2117.7621
2020-01-13,2118.5274
2020-01-14,2118.4264
2020-01-15,2118.2951
2020-01-16,2118.4121
2020-01-17,2119.1109
2020-01-20,2120.1381
2020-01-21,2120.7323
2020-01-22,2121.2636
2020-01-23,2122.0143
2020-02-03,2127.4830
2020-02-04,2127.8372
2020-02-05,2128.3478
2020-02-06,2128.9942
2020-02-07,2132.1831
2020-02-10,2133.6344
2020-02-11,2133.7667
2020-02-12,2134.5804
2020-02-13,2135.2086
2020-02-14,2136.4801
2020-02-17,2137.0279
2020-02-18,2137.6273
2020-02-19,2137.8410
2020-02-20,2137.8965
2020-02-21,2139.3118
2020-02-24,2140.4455
2020-02-25,2140.4475
2020-02-26,2140.7890
2020-02-27,2141.3966
2020-02-28,2142.7406
2020-03-02,2143.3547
2020-03-03,2143.6361
2020-03-04,2144.9269
2020-03-05,2145.5255
2020-03-06,2147.8998
2020-03-09,2150.7447
2020-03-10,2149.5420
2020-03-11,2149.2988
2020-03-12,2148.9798
2020-03-13,2147.6190
2020-03-16,2147.2812
2020-03-17,2146.3415
2020-03-18,2146.4297
2020-03-19,2146.4417
2020-03-20,2147.1255
2020-03-23,2148.3217
2020-03-24,2149.6399
2020-03-25,2150.4139
2020-03-26,2151.5510
2020-03-27,2152.8396
2020-03-30,2153.1532
2020-03-31,2154.1459
2020-04-01,2155.4110
2020-04-02,2155.9041
2020-04-03,2156.9003
2020-04-07,2163.8427
2020-04-08,2166.8084
2020-04-09,2167.7066
2020-04-10,2170.0817
2020-04-13,2169.8161
2020-04-14,2170.4768
2020-04-15,2171.4219
2020-04-16,2172.5886
2020-04-17,2173.5373
2020-04-20,2173.7953
2020-04-21,2174.4199
2020-04-22,2175.5541
2020-04-23,2177.0644
2020-04-24,2178.5759
2020-04-27,2178.5369
2020-04-28,2178.8122
2020-04-29,2179.3401
2020-04-30,2179.8090
2020-05-06,2179.3019
2020-05-07,2177.1073
2020-05-08,2175.6995
2020-05-11,2173.1927
2020-05-12,2172.7904
2020-05-13,2172.7034
2020-05-14,2172.6830
2020-05-15,2172.9932
2020-05-18,2172.1623
2020-05-19,2171.3353
2020-05-20,2171.0680
2020-05-21,2171.0252
2020-05-22,2172.3451
2020-05-25,2171.2364
2020-05-26,2168.9792
2020-05-27,2167.3053
2020-05-28,2167.0443
2020-05-29,2166.1219
2020-06-01,2166.0765
2020-06-02,2161.9270
2020-06-03,2158.4784
2020-06-04,2156.7007
2020-06-05,2151.0894
2020-06-08,2150.7932
2020-06-09,2151.6703
2020-06-10,2151.8278
2020-06-11,2152.7178
2020-06-12,2154.5125
2020-06-15,2155.4291
2020-06-16,2154.2478
2020-06-17,2153.2662
2020-06-18,2153.6069
2020-06-19,2153.1851
2020-06-22,2151.8635
2020-06-23,2150.2393
2020-06-24,2150.9239
2020-06-29,2152.0632
2020-06-30,2153.0444
2020-07-01,2153.4432
2020-07-02,2154.3227
2020-07-03,2154.8347
2020-07-06,2152.8862
2020-07-07,2150.3789
2020-07-08,2149.1787
2020-07-09,2146.2135
2020-07-10,2143.2564
2020-07-13,2141.8145
2020-07-14,2141.7081
2020-07-15,2142.1760
2020-07-16,2142.4786
2020-07-17,2142.9136
2020-07-20,2144.3571
2020-07-21,2146.7004
2020-07-22,2147.7271
2020-07-23,2148.0769
2020-07-24,2150.4032
2020-07-27,2150.9126
2020-07-28,2150.7252
2020-07-29,2150.4083
2020-07-30,2150.1237
2020-07-31,2149.9506
2020-08-03,2150.3333
2020-08-04,2150.6275
2020-08-05,2150.9461
2020-08-06,2150.9904
2020-08-07,2151.3215
2020-08-10,2152.1297
2020-08-11,2152.1446
2020-08-12,2152.0210
2020-08-13,2152.3991
2020-08-14,2153.3733
2020-08-17,2154.4091
2020-08-18,2154.5946
2020-08-19,2154.1685
2020-08-20,2153.3934
2020-08-21,2153.4603
2020-08-24,2153.3794
2020-08-25,2152.3375
2020-08-26,2151.5051
2020-08-27,2151.2121
2020-08-28,2150.2514
2020-08-31,2150.7219
2020-09-01,2150.7847
2020-09-02,2150.2420
2020-09-03,2149.8168
2020-09-04,2149.4291
2020-09-07,2148.8650
2020-09-08,2148.9426
2020-09-09,2149.3221
2020-09-10,2150.5827
2020-09-11,2150.6279
2020-09-14,2150.8962
2020-09-15,2151.6097
2020-09-16,2151.9529
2020-09-17,2152.3461
2020-09-18,2153.2711
2020-09-21,2153.8175
2020-09-22,2154.0134
2020-09-23,2154.1187
2020-09-24,2154.0394
2020-09-25,2153.6984
2020-09-28,2154.0079
2020-09-29,2154.2982
2020-09-30,2154.7170
2020-10-09,2155.7606
2020-10-12,2156.6015
2020-10-13,2157.0048
2020-10-14,2157.2144
2020-10-15,2157.4349
2020-10-16,2158.1512
2020-10-19,2159.0612
2020-10-20,2159.4885
2020-10-21,2159.8951
2020-10-22,2160.5331
2020-10-23,2160.8750
2020-10-26,2161.1680
2020-10-27,2161.6381
2020-10-28,2161.7940
2020-10-29,2161.9992
2020-10-30,2162.2112
2020-11-02,2162.6758
2020-11-03,2163.1705
2020-11-04,2163.5202
2020-11-05,2163.8402
2020-11-06,2164.0555
2020-11-09,2164.1419
2020-11-10,2163.8831
2020-11-11,2163.4434
2020-11-12,2162.7180
2020-11-13,2160.4808
2020-11-16,2160.1339
2020-11-17,2159.4431
2020-11-18,2158.4434
2020-11-19,2157.1871
2020-11-20,2155.2434
2020-11-23,2156.0177
2020-11-24,2156.0783
2020-11-25,2156.4022
2020-11-26,2156.6775
2020-11-27,2157.3615
2020-11-30,2158.9707
2020-12-01,2159.6645
2020-12-02,2159.7016
2020-12-03,2159.8016
2020-12-04,2160.8221
2020-12-07,2161.2903
2020-12-08,2161.8278
2020-12-09,2162.1188
2020-12-10,2162.6849
2020-12-11,2162.8227
2020-12-14,2163.2619
2020-12-15,2163.8630
2020-12-16,2164.5512
2020-12-17,2164.9798
2020-12-18,2165.8696
2020-12-21,2167.1379
2020-12-22,2168.0243
2020-12-23,2168.5002
2020-12-24,2168.4653
2020-12-25,2169.8478
2020-12-28,2170.6792
2020-12-29,2170.9727
2020-12-30,2172.0442
2020-12-31,2173.1889
2021-01-04,2173.5716
2021-01-05,2174.5979
2021-01-06,2175.2681
2021-01-07,2176.0971
2021-01-08,2177.2851
2021-01-11,2177.5794
2021-01-12,2178.1632
2021-01-13,2178.6814
2021-01-14,2179.0879
2021-01-15,2179.0118
2021-01-18,2178.6649
2021-01-19,2178.2989
2021-01-20,2178.5942
2021-01-21,2179.4142
2021-01-22,2179.7499
2021-01-25,2179.7346
2021-01-26,2178.3289
2021-01-27,2177.7699
2021-01-28,2175.9925
2021-01-29,2174.2479
2021-02-01,2175.1854
2021-02-02,2175.6528
2021-02-03,2175.0722
2021-02-04,2174.1349
2021-02-05,2173.6134
2021-02-08,2173.9017
2021-02-09,2174.7458
2021-02-10,2175.5911
2021-02-18,2176.2383
2021-02-19,2177.3873
2021-02-22,2177.9277
2021-02-23,2178.1867
2021-02-24,2178.3908
2021-02-25,2178.4556
2021-02-26,2178.5677
2021-03-01,2179.4999
2021-03-02,2179.7182
2021-03-03,2180.2092
2021-03-04,2180.0818
2021-03-05,2181.0038
2021-03-08,2181.3380
2021-03-09,2181.3389
2021-03-10,2181.7190
2021-03-11,2182.1378
2021-03-12,2182.6512
2021-03-15,2182.7977
2021-03-16,2183.1976
2021-03-17,2183.5124
2021-03-18,2183.6848
2021-03-19,2184.3370
2021-03-22,2185.1869
2021-03-23,2185.4450
2021-03-24,2185.8111
2021-03-25,2186.0508
2021-03-26,2186.6422
2021-03-29,2188.1987
2021-03-30,2188.4409
2021-03-31,2188.7956
2021-04-01,2189.0655
2021-04-02,2189.7916
2021-04-06,2190.2968
2021-04-07,2190.3153
2021-04-08,2190.4327
2021-04-09,2191.0974
2021-04-12,2191.5424
2021-04-13,2192.4413
2021-04-14,2192.8412
2021-04-15,2193.0204
2021-04-16,2193.9358
2021-04-19,2194.9506
2021-04-20,2195.5730
2021-04-21,2195.9681
2021-04-22,2196.2974
2021-04-23,2196.9592
2021-04-26,2196.6668
2021-04-27,2196.6363
2021-04-28,2197.0414
2021-04-29,2197.4984
2021-04-30,2198.1272
2021-05-06,2199.2982
2021-05-07,2199.8786
2021-05-10,2200.7158
2021-05-11,2201.2017
2021-05-12,2201.7241
2021-05-13,2201.6032
2021-05-14,2202.6436
2021-05-17,2202.8807
2021-05-18,2203.1396
2021-05-19,2203.6189
2021-05-20,2204.1626
2021-05-21,2205.5162
2021-05-24,2206.0905
2021-05-25,2206.3409
2021-05-26,2206.9041
2021-05-27,2207.1375
2021-05-28,2207.5731
2021-05-31,2208.0155
2021-06-01,2208.3426
2021-06-02,2208.3160
2021-06-03,2208.6998
2021-06-04,2208.8414
2021-06-07,2208.2989
2021-06-08,2208.1263
2021-06-09,2208.1306
2021-06-10,2208.4679
2021-06-11,2208.1484
2021-06-15,2208.3303
2021-06-16,2207.9559
2021-06-17,2207.7777
2021-06-18,2207.9595
2021-06-21,2208.7295
2021-06-22,2209.0519
2021-06-23,2209.6428
2021-06-24,2210.1919
2021-06-25,2211.5186
2021-06-28,2212.2497
2021-06-29,2212.4273
2021-06-30,2213.2952
2021-07-01,2213.6028
2021-07-02,2214.1874
2021-07-05,2214.9474
2021-07-06,2215.3041
2021-07-07,2216.0706
2021-07-08,2218.0151
2021-07-09,2219.0171
2021-07-12,2220.8402
2021-07-13,2221.9583
2021-07-14,2222.5933
2021-07-15,2222.5696
2021-07-16,2224.0495
2021-07-19,2224.7628
2021-07-20,2225.4386
2021-07-21,2226.2337
2021-07-22,2226.6939
2021-07-23,2228.4705
2021-07-26,2229.6456
2021-07-27,2229.0213
2021-07-28,2228.4790
2021-07-29,2229.3387
2021-07-30,2230.8624
2021-08-02,2232.1686
2021-08-03,2232.1455
2021-08-04,2232.4399
2021-08-05,2233.2933
2021-08-06,2234.2496
2021-08-09,2233.6240
2021-08-10,2233.5849
2021-08-11,2233.8307
2021-08-12,2234.4471
2021-08-13,2234.6493
2021-08-16,2234.9265
2021-08-17,2234.9812
2021-08-18,2235.8035
2021-08-19,2236.2955
2021-08-20,2236.7807
2021-08-23,2237.0746
2021-08-24,2237.3891
2021-08-25,2237.6536
2021-08-26,2236.9466
2021-08-27,2237.4087
2021-08-30,2238.0007
2021-08-31,2238.3179
2021-09-01,2238.9951
2021-09-02,2239.5112
2021-09-03,2240.0587
2021-09-06,2240.7307
2021-09-07,2240.9021
2021-09-08,2240.8412
2021-09-09,2240.7757
2021-09-10,2241.0082
2021-09-13,2240.9122
2021-09-14,2240.3292
2021-09-15,2240.2295
2021-09-16,2239.7669
2021-09-17,2239.6882
2021-09-22,2240.9405
2021-09-23,2241.1829
2021-09-24,2240.9938
2021-09-27,2240.7027
2021-09-28,2240.4559
2021-09-29,2240.3991
2021-09-30,2241.0800
2021-10-08,2241.7062
2021-10-11,2241.1535
2021-10-12,2240.5374
2021-10-13,2240.3747
2021-10-14,2240.2355
2021-10-15,2240.2268
2021-10-18,2239.3360
2021-10-19,2239.6330
2021-10-20,2240.1627
2021-10-21,2240.9352
2021-10-22,2241.4083
2021-10-25,2241.9634
2021-10-26,2242.4572
2021-10-27,2242.6845
2021-10-28,2243.0646
2021-10-29,2244.0758
2021-11-01,2244.9532
2021-11-02,2245.5095
2021-11-03,2245.9376
2021-11-04,2246.5641
2021-11-05,2248.1382
2021-11-08,2248.3944
2021-11-09,2248.5559
2021-11-10,2248.6322
2021-11-11,2248.6987
2021-11-12,2249.2037
2021-11-15,2249.9121
2021-11-16,2249.9624
2021-11-17,2250.2929
2021-11-18,2249.8986
2021-11-19,2250.5985
2021-11-22,2251.4611
2021-11-23,2251.6395
2021-11-24,2252.2343
2021-11-25,2252.5041
2021-11-26,2253.8478
2021-11-29,2254.7297
2021-11-30,2254.6934
2021-12-01,2254.7866
2021-12-02,2254.7615
2021-12-03,2255.0526
2021-12-06,2256.3952
2021-12-07,2256.0031
2021-12-08,2256.0674
2021-12-09,2256.4085
2021-12-10,2257.2663
2021-12-13,2257.7240
2021-12-14,2257.9958
2021-12-15,2258.2071
2021-12-16,2258.2838
2021-12-17,2258.5735
2021-12-20,2258.2473
2021-12-21,2257.9828
2021-12-22,2258.2389
2021-12-23,2258.8291
2021-12-24,2259.0848
2021-12-27,2259.7229
2021-12-28,2260.0853
2021-12-29,2260.6739
2021-12-30,2261.4307
2021-12-31,2262.8377
2022-01-04,2263.5238
2022-01-05,2263.5602
2022-01-06,2263.3638
2022-01-07,2263.8078
2022-01-10,2264.8080
2022-01-11,2265.2388
2022-01-12,2265.7829
2022-01-13,2265.8730
2022-01-14,2266.3413
2022-01-17,2267.4120
2022-01-18,2268.8750
2022-01-19,2270.3849
2022-01-20,2271.2088
2022-01-21,2272.9717
2022-01-24,2274.6075
2022-01-25,2274.1682
2022-01-26,2273.7421
2022-01-27,2273.3168
2022-01-28,2274.2556
2022-02-07,2275.6755
2022-02-08,2276.0458
2022-02-09,2276.2563
2022-02-10,2276.6561
2022-02-11,2275.2022
2022-02-14,2274.3930
2022-02-15,2274.1378
2022-02-16,2274.4691
2022-02-17,2275.0903
2022-02-18,2275.0476
2022-02-21,2274.3754
2022-02-22,2273.1335
2022-02-23,2273.4977
2022-02-24,2273.5011
2022-02-25,2273.5478
2022-02-28,2274.1215
2022-03-01,2273.8139
2022-03-02,2273.1806
2022-03-03,2272.0658
2022-03-04,2271.5012
2022-03-07,2271.3209
2022-03-08,2271.0233
2022-03-09,2270.0379
2022-03-10,2269.6323
2022-03-11,2269.5329
2022-03-14,2271.3091
2022-03-15,2269.4008
2022-03-16,2269.5044
2022-03-17,2269.7362
2022-03-18,2270.6440
2022-03-21,2270.8434
2022-03-22,2270.3863
2022-03-23,2270.4883
2022-03-24,2270.5237
2022-03-25,2270.9588
2022-03-28,2271.3851
2022-03-29,2271.5739
2022-03-30,2272.4996
2022-03-31,2272.9399
2022-04-01,2274.8087
2022-04-06,2276.3354
2022-04-07,2277.0207
2022-04-08,2278.0214
2022-04-11,2277.9608
2022-04-12,2278.1055
2022-04-13,2278.5777
2022-04-14,2279.5535
2022-04-15,2280.6223
2022-04-18,2280.0673
2022-04-19,2280.3193
2022-04-20,2280.0946
2022-04-21,2279.9975
2022-04-22,2280.4352
2022-04-25,2281.0327
2022-04-26,2281.2474
2022-04-27,2281.4227
2022-04-28,2281.2342
2022-04-29,2282.2689
2022-05-05,2283.2245
2022-05-06,2283.5625
2022-05-09,2284.4220
2022-05-10,2285.3776
2022-05-11,2285.7085
2022-05-12,2286.3554
2022-05-13,2287.6109
2022-05-16,2288.1373
2022-05-17,2288.9184
2022-05-18,2289.8785
2022-05-19,2290.2881
2022-05-20,2290.7210
2022-05-23,2291.6487
2022-05-24,2291.7397
2022-05-25,2291.6900
2022-05-26,2292.8766
2022-05-27,2293.7075
2022-05-30,2293.4713
2022-05-31,2292.4924
2022-06-01,2292.1735
2022-06-02,2291.3609
2022-06-06,2290.4125
2022-06-07,2290.2350
2022-06-08,2290.3662
2022-06-09,2290.9022
2022-06-10,2291.4577
2022-06-13,2291.6915
2022-06-14,2291.7149
2022-06-15,2291.7655
2022-06-16,2292.2632
2022-06-17,2293.2532
2022-06-20,2293.2950
2022-06-21,2293.3880
2022-06-22,2293.7694
2022-06-23,2294.2025
2022-06-24,2294.6289
2022-06-27,2293.8964
2022-06-28,2293.6954
2022-06-29,2293.9739
2022-06-30,2294.7257
2022-07-01,2295.3038
2022-07-04,2294.6254
2022-07-05,2294.3772
2022-07-06,2294.7270
2022-07-07,2295.0441
2022-07-08,2295.5405
2022-07-11,2296.4649
2022-07-12,2297.3421
2022-07-13,2297.9841
2022-07-14,2298.7270
2022-07-15,2300.0749
2022-07-18,2300.9834
2022-07-19,2301.2513
2022-07-20,2301.9846
2022-07-21,2302.8677
2022-07-22,2303.3777
2022-07-25,2304.1476
2022-07-26,2305.1279
2022-07-27,2305.5464
2022-07-28,2305.1771
2022-07-29,2307.1142
2022-08-01,2308.7549
2022-08-02,2309.6937
2022-08-03,2310.5372
2022-08-04,2311.4624
2022-08-05,2312.0686
2022-08-08,2312.1561
2022-08-09,2311.2470
2022-08-10,2311.0958
2022-08-11,2310.6624
2022-08-12,2310.6112
2022-08-15,2313.4569
2022-08-16,2314.6823
2022-08-17,2314.7302
2022-08-18,2315.4837
2022-08-19,2316.4046
2022-08-22,2316.4460
2022-08-23,2315.9713
2022-08-24,2315.8183
2022-08-25,2314.8635
2022-08-26,2314.3666
2022-08-29,2315.1518
2022-08-30,2315.7755
2022-08-31,2316.1565
2022-09-01,2316.7189
2022-09-02,2317.6402
2022-09-05,2318.5105
2022-09-06,2318.9742
2022-09-07,2319.1034
2022-09-08,2319.1514
2022-09-09,2319.3170
2022-09-13,2319.5777
2022-09-14,2319.3624
2022-09-15,2319.5362
2022-09-16,2319.4160
2022-09-19,2319.5305
2022-09-20,2319.8599
2022-09-21,2320.4524
2022-09-22,2320.7781
2022-09-23,2320.7929
2022-09-26,2319.9002
2022-09-27,2319.5339
2022-09-28,2318.8653
2022-09-29,2318.5447
2022-09-30,2318.0082
2022-10-10,2320.2819
2022-10-11,2320.3475
2022-10-12,2320.5818
2022-10-13,2320.9234
2022-10-14,2322.4260
2022-10-17,2322.9522
2022-10-18,2323.1619
2022-10-19,2323.6014
2022-10-20,2323.5281
2022-10-21,2323.6523
2022-10-24,2323.9895
2022-10-25,2323.4604
2022-10-26,2323.8345
2022-10-27,2324.2092
2022-10-28,2324.9913
2022-10-31,2325.6423
2022-11-01,2325.2387
2022-11-02,2324.8045
2022-11-03,2324.8301
2022-11-04,2324.1963
2022-11-07,2324.1911
2022-11-08,2324.1310
2022-11-09,2323.5229
2022-11-10,2322.6176
2022-11-11,2320.5630
2022-11-14,2315.1173
2022-11-15,2313.3932
2022-11-16,2310.8012
2022-11-17,2311.0797
2022-11-18,2310.2170
2022-11-21,2311.4219
2022-11-22,2311.5697
2022-11-23,2312.8061
2022-11-24,2314.4889
2022-11-25,2314.6016
2022-11-28,2314.1172
2022-11-29,2311.5411
2022-11-30,2310.9241
2022-12-01,2310.8044
2022-12-02,2310.4683
2022-12-05,2310.1371
2022-12-06,2308.1629
2022-12-07,2306.7780
2022-12-08,2306.2413
2022-12-09,2304.6707
2022-12-12,2303.5483
2022-12-13,2300.5654
2022-12-14,2301.9409
2022-12-15,2302.5674
2022-12-16,2302.3045
2022-12-19,2303.8455
2022-12-20,2304.0948
2022-12-21,2304.6139
2022-12-22,2305.6975
2022-12-23,2308.1542
2022-12-26,2308.7300
2022-12-27,2308.5118
2022-12-28,2309.0169
2022-12-29,2310.3846
2022-12-30,2311.8141
2023-01-03,2313.2716
2023-01-04,2314.6425
2023-01-05,2315.0324
2023-01-06,2314.7103
2023-01-09,2314.6985
2023-01-10,2313.2849
2023-01-11,2313.3121
2023-01-12,2313.6384
2023-01-13,2313.4236
2023-01-16,2312.5787
2023-01-17,2312.7900
2023-01-18,2312.9364
2023-01-19,2313.2007
2023-01-20,2313.6147
2023-01-30,2315.1651
2023-01-31,2315.5923
2023-02-01,2315.6508
2023-02-02,2316.3515
2023-02-03,2317.7603
2023-02-06,2318.1894
2023-02-07,2318.3311
2023-02-08,2318.6648
2023-02-09,2319.2443
2023-02-10,2320.1047
2023-02-13,2320.8241
2023-02-14,2321.1750
2023-02-15,2321.4436
2023-02-16,2321.9667
2023-02-17,2322.5881
2023-02-20,2321.9064
2023-02-21,2321.3856
2023-02-22,2321.7567
2023-02-23,2321.7533
2023-02-24,2321.8783
2023-02-27,2322.0077
2023-02-28,2321.9870
2023-03-01,2322.2044
2023-03-02,2322.3174
2023-03-03,2322.5505
2023-03-06,2323.7412
2023-03-07,2324.5029
2023-03-08,2325.0579
2023-03-09,2325.4913
2023-03-10,2326.6080
2023-03-13,2327.0380
2023-03-14,2327.3515
2023-03-15,2327.4082
2023-03-16,2327.8865
2023-03-17,2328.7427
2023-03-20,2330.2174
2023-03-21,2330.2194
2023-03-22,2330.4143
2023-03-23,2330.6657
2023-03-24,2330.6778
2023-03-27,2331.4822
2023-03-28,2331.7671
2023-03-29,2332.1989
2023-03-30,2332.4432
2023-03-31,2333.5799
2023-04-03,2334.0361
2023-04-04,2334.0855
2023-04-06,2334.1838
2023-04-07,2334.7526
2023-04-10,2335.3526
2023-04-11,2335.9853
2023-04-12,2336.5647
2023-04-13,2336.6459
2023-04-14,2337.1881
2023-04-17,2337.3344
2023-04-18,2337.7569
2023-04-19,2338.3159
2023-04-20,2338.6243
2023-04-21,2339.1594
2023-04-24,2339.7873
2023-04-25,2340.1178
2023-04-26,2340.5699
2023-04-27,2341.6067
2023-04-28,2342.4640
2023-05-04,2344.0035
2023-05-05,2345.6661
2023-05-08,2345.7921
2023-05-09,2346.3239
2023-05-10,2347.2698
2023-05-11,2348.4791
2023-05-12,2349.0321
2023-05-15,2349.1008
2023-05-16,2349.0758
2023-05-17,2349.0211
2023-05-18,2348.9694
2023-05-19,2349.6900
2023-05-22,2350.7689
2023-05-23,2351.7570
2023-05-24,2351.7279
2023-05-25,2351.6796
2023-05-26,2351.8755
2023-05-29,2352.6274
2023-05-30,2352.9879
2023-05-31,2353.5933
2023-06-01,2354.2182
2023-06-02,2354.2779
2023-06-05,2354.8751
2023-06-06,2355.6107
2023-06-07,2356.1912
2023-06-08,2356.2165
2023-06-09,2357.2690
2023-06-12,2357.7997
2023-06-13,2359.0985
2023-06-14,2359.6042
2023-06-15,2358.7109
2023-06-16,2357.7302
2023-06-19,2356.4862
2023-06-20,2356.9194
2023-06-21,2357.5297
2023-06-26,2358.2911
2023-06-27,2358.0449
2023-06-28,2358.4785
2023-06-29,2358.9486
2023-06-30,2360.5387
2023-07-03,2360.9276
2023-07-04,2361.2381
2023-07-05,2361.8315
2023-07-06,2362.3330
2023-07-07,2363.2157
2023-07-10,2363.6619
2023-07-11,2364.1300
2023-07-12,2364.1431
2023-07-13,2364.0398
2023-07-14,2364.3204
2023-07-17,2365.1082
2023-07-18,2365.7696
2023-07-19,2366.1042
2023-07-20,2366.4191
2023-07-21,2367.4676
2023-07-24,2368.2058
2023-07-25,2365.6122
2023-07-26,2366.0280
2023-07-27,2366.9021
2023-07-28,2366.5333
2023-07-31,2366.1483
2023-08-01,2366.5065
2023-08-02,2367.0389
2023-08-03,2367.9552
2023-08-04,2368.6833
2023-08-07,2369.2954
2023-08-08,2369.7863
2023-08-09,2370.0926
2023-08-10,2370.2897
2023-08-11,2371.2127
2023-08-14,2372.2771
2023-08-15,2373.5797
2023-08-16,2374.2923
2023-08-17,2374.3831
2023-08-18,2375.2379
2023-08-21,2376.2565
2023-08-22,2376.1525
2023-08-23,2376.3624
2023-08-24,2376.5527
2023-08-25,2376.3649
2023-08-28,2375.6836
2023-08-29,2374.9126
2023-08-30,2375.4623
2023-08-31,2375.9044
2023-09-01,2375.0938
2023-09-04,2373.9026
2023-09-05,2373.9956
2023-09-06,2372.7700
2023-09-07,2371.2844
2023-09-08,2369.8133
2023-09-11,2368.9956
2023-09-12,2369.6523
2023-09-13,2371.0534
2023-09-14,2371.9031
2023-09-15,2372.0927
2023-09-18,2371.6268
2023-09-19,2371.5006
2023-09-20,2371.7240
2023-09-21,2372.5950
2023-09-22,2372.6392
2023-09-25,2372.4472
2023-09-26,2371.9763
2023-09-27,2372.1218
2023-09-28,2373.6136
2023-10-09,2375.2758
2023-10-10,2374.7325
2023-10-11,2373.7624
2023-10-12,2373.8515
2023-10-13,2374.5764
2023-10-16,2374.8272
2023-10-17,2374.3433
2023-10-18,2373.9138
2023-10-19,2372.5154
2023-10-20,2372.5264
2023-10-23,2373.2011
2023-10-24,2372.8044
2023-10-25,2373.6659
2023-10-26,2373.9741
2023-10-27,2374.6333
2023-10-30,2375.4110
2023-10-31,2375.9818
2023-11-01,2376.0728
2023-11-02,2377.0392
2023-11-03,2377.5081
2023-11-06,2377.9733
2023-11-07,2377.8218
2023-11-08,2378.0320
2023-11-09,2378.2529
2023-11-10,2378.9590
2023-11-13,2379.7594
2023-11-14,2379.8421
2023-11-15,2380.3612
2023-11-16,2380.9020
2023-11-17,2381.6818
2023-11-20,2381.9526
2023-11-21,2381.8527
2023-11-22,2381.3161
2023-11-23,2380.5630
2023-11-24,2380.5315
2023-11-27,2380.2160
2023-11-28,2380.4982
2023-11-29,2380.4293
2023-11-30,2381.0547
2023-12-01,2381.3751
2023-12-04,2381.2543
2023-12-05,2381.1631
2023-12-06,2380.8718
2023-12-07,2381.2911
2023-12-08,2381.6836
2023-12-11,2382.5221
2023-12-12,2382.9055
2023-12-13,2384.1314
2023-12-14,2384.6500
2023-12-15,2386.3226
2023-12-18,2387.2619
2023-12-19,2387.3282
2023-12-20,2387.3106
2023-12-21,2388.0253
2023-12-22,2389.0700
2023-12-25,2390.2641
2023-12-26,2391.1909
2023-12-27,2392.8303
2023-12-28,2393.7593
2023-12-29,2395.3358
2024-01-02,2395.1505
2024-01-03,2394.9329
2024-01-04,2395.3653
2024-01-05,2396.4227
2024-01-08,2396.9421
2024-01-09,2397.9610
2024-01-10,2397.8348
2024-01-11,2397.9679
2024-01-12,2397.9029
2024-01-15,2398.3621
2024-01-16,2398.2765
2024-01-17,2398.9869
2024-01-18,2399.4388
2024-01-19,2400.6071
2024-01-22,2401.7249
2024-01-23,2401.5976
2024-01-24,2401.9183
2024-01-25,2402.7290
2024-01-26,2403.2603
2024-01-29,2404.2148
2024-01-30,2406.0956
2024-01-31,2407.1813
2024-02-01,2407.3435
2024-02-02,2408.1922
2024-02-05,2409.6084
2024-02-06,2408.1541
2024-02-07,2409.3203
2024-02-08,2409.5635
2024-02-19,2411.3866
2024-02-20,2412.6090
2024-02-21,2413.2002
2024-02-22,2414.2477
2024-02-23,2415.9150
2024-02-26,2417.2027
2024-02-27,2417.7531
2024-02-28,2418.6181
2024-02-29,2419.6333
2024-03-01,2418.4965
2024-03-04,2419.3428
2024-03-05,2419.8549
2024-03-06,2421.6498
2024-03-07,2421.6645
2024-03-08,2421.9842
2024-03-11,2421.5134
2024-03-12,2419.8827
2024-03-13,2419.4602
2024-03-14,2418.8709
2024-03-15,2419.4212
2024-03-18,2420.7346
2024-03-19,2421.5862
2024-03-20,2421.4009
2024-03-21,2421.8788
2024-03-22,2422.0631
2024-03-25,2421.8350
2024-03-26,2421.8989
2024-03-27,2423.1330
2024-03-28,2423.2360
2024-03-29,2424.1758
2024-04-01,2423.8957
2024-04-02,2424.8174
2024-04-03,2426.0246
2024-04-08,2427.2018
2024-04-09,2428.1247
2024-04-10,2428.1615
2024-04-11,2429.1222
2024-04-12,2431.1325
2024-04-15,2431.7490
2024-04-16,2431.9618
2024-04-17,2432.8531
2024-04-18,2434.0744
2024-04-19,2435.4101
2024-04-22,2436.7851
2024-04-23,2438.0716
2024-04-24,2435.8773
2024-04-25,2435.8574
2024-04-26,2433.5785
2024-04-29,2430.4232
2024-04-30,2432.3758
2024-05-06,2433.6357
2024-05-07,2435.3271
2024-05-08,2435.5624
2024-05-09,2434.7517
2024-05-10,2435.1240
2024-05-13,2436.3307
2024-05-14,2437.0574
2024-05-15,2437.3145
2024-05-16,2437.0892
2024-05-17,2437.4729
2024-05-20,2438.0597
2024-05-21,2437.9566
2024-05-22,2438.3724
2024-05-23,2439.1475
2024-05-24,2439.4462
2024-05-27,2439.8000
2024-05-28,2440.3802
2024-05-29,2440.9396
2024-05-30,2441.1634
2024-05-31,2441.3579
2024-06-03,2442.3324
2024-06-04,2442.7214
2024-06-05,2443.5207
2024-06-06,2443.9445
2024-06-07,2444.5939
2024-06-11,2445.3201
2024-06-12,2445.3778
2024-06-13,2445.6487
2024-06-14,2446.4219
2024-06-17,2446.6978
2024-06-18,2447.2690
2024-06-19,2448.0585
2024-06-20,2448.3491
2024-06-21,2448.1078
2024-06-24,2449.1831
2024-06-25,2449.9943
2024-06-26,2450.5577
2024-06-27,2451.5924
2024-06-28,2452.3417
2024-07-01,2450.9698
2024-07-02,2452.0078
2024-07-03,2452.7603
2024-07-04,2452.8357
2024-07-05,2451.9695
2024-07-08,2450.7817
2024-07-09,2451.8046
2024-07-10,2452.0090
2024-07-11,2452.4892
2024-07-12,2453.3322
2024-07-15,2454.1551
2024-07-16,2454.4291
2024-07-17,2454.6515
2024-07-18,2454.4213
2024-07-19,2455.0286
2024-07-22,2456.8728
2024-07-23,2457.9857
2024-07-24,2458.2125
2024-07-25,2459.1291
2024-07-26,2460.3697
2024-07-29,2461.6139
2024-07-30,2462.3170
2024-07-31,2463.0107
2024-08-01,2464.2629
2024-08-02,2465.5794
2024-08-05,2466.4229
2024-08-06,2465.7836
2024-08-07,2466.4982
2024-08-08,2464.9418
2024-08-09,2463.4286
2024-08-12,2460.0722
2024-08-13,2461.3882
2024-08-14,2463.0374
2024-08-15,2462.1074
2024-08-16,2462.1383
2024-08-19,2462.7534
2024-08-20,2462.7482
2024-08-21,2462.1594
2024-08-22,2462.4151
2024-08-23,2462.5322
2024-08-26,2462.0086
2024-08-27,2460.1101
2024-08-28,2460.9308
2024-08-29,2461.1284
2024-08-30,2461.4092
2024-09-02,2463.2508
2024-09-03,2463.9523
2024-09-04,2464.5619
2024-09-05,2465.0209
2024-09-06,2465.4834
2024-09-09,2466.1793
2024-09-10,2466.5892
2024-09-11,2467.4438
2024-09-12,2467.8060
2024-09-13,2469.0203
2024-09-18,2470.5806
2024-09-19,2470.4093
2024-09-20,2470.6955
2024-09-23,2470.9657
2024-09-24,2470.1410
2024-09-25,2472.3246
2024-09-26,2471.0472
2024-09-27,2465.1831
2024-09-30,2460.3344
2024-10-08,2457.4268
2024-10-09,2455.6980
2024-10-10,2459.1210
2024-10-11,2461.6187
2024-10-14,2464.3480
2024-10-15,2465.5713
2024-10-16,2465.5358
2024-10-17,2466.8746
2024-10-18,2466.9941
2024-10-21,2466.9941
2024-10-22,2465.5127
2024-10-23,2464.1154
2024-10-24,2463.9941
2024-10-25,2463.8625
2024-10-28,2463.5458
2024-10-29,2463.7368
2024-10-30,2463.8292
2024-10-31,2464.6543
2024-11-01,2466.3525
2024-11-04,2466.9947
2024-11-05,2467.5392
2024-11-06,2467.5796
2024-11-07,2468.7211
2024-11-08,2469.4279
2024-11-11,2470.3485
2024-11-12,2471.6010
2024-11-13,2471.2420
2024-11-14,2471.5102
2024-11-15,2471.9062
2024-11-18,2471.3858
2024-11-19,2471.9772
2024-11-20,2471.9796
2024-11-21,2472.9868
2024-11-22,2473.6394
2024-11-25,2474.9445
2024-11-26,2475.3798
2024-11-27,2475.6749
2024-11-28,2477.0343
2024-11-29,2479.1796
2024-12-02,2483.1307
2024-12-03,2483.2085
2024-12-04,2485.1815
2024-12-05,2485.7231
2024-12-06,2486.1540
2024-12-09,2487.8721
2024-12-10,2492.1323
2024-12-11,2492.7941
2024-12-12,2493.7062
2024-12-13,2497.5938
2024-12-16,2500.5172
2024-12-17,2499.7722
2024-12-18,2498.2355
2024-12-19,2498.5707
2024-12-20,2501.7050
2024-12-23,2502.5548
2024-12-24,2501.2692
2024-12-25,2499.8992
2024-12-26,2500.6950
2024-12-27,2503.0407
2024-12-30,2503.0150
2024-12-31,2505.2792
2025-01-02,2508.5976
2025-01-03,2510.0784
2025-01-06,2510.5615
2025-01-07,2509.0125
2025-01-08,2508.5287
2025-01-09,2506.5670
2025-01-10,2506.4579
2025-01-13,2504.8413
2025-01-14,2506.0395
2025-01-15,2506.3211
2025-01-16,2505.0771
2025-01-17,2504.2146
2025-01-20,2503.4661
2025-01-21,2504.5403
2025-01-22,2504.6016
2025-01-23,2503.5172
2025-01-24,2503.4577
2025-01-27,2506.3725
2025-02-05,2507.8612
2025-02-06,2509.7037
2025-02-07,2510.1185
2025-02-10,2508.4544
2025-02-11,2508.5616
2025-02-12,2508.2750
2025-02-13,2507.6309
2025-02-14,2505.8241
2025-02-17,2504.0487
2025-02-18,2502.6232
2025-02-19,2503.4294
2025-02-20,2501.3329
2025-02-21,2498.6581
2025-02-24,2495.7763
2025-02-25,2496.0688
2025-02-26,2496.4518
2025-02-27,2494.7148
2025-02-28,2495.4171
2025-03-03,2497.2825
2025-03-04,2497.1983
2025-03-05,2497.6506
2025-03-06,2495.9227
2025-03-07,2492.3140
2025-03-10,2491.5840
2025-03-11,2488.4224
2025-03-12,2490.3908
2025-03-13,2491.0685
2025-03-14,2492.1476
2025-03-17,2489.4320
2025-03-18,2490.0348
2025-03-19,2490.9451
2025-03-20,2493.5565
2025-03-21,2493.8314
2025-03-24,2494.7174
2025-03-25,2495.8056
2025-03-26,2496.9981
2025-03-27,2497.1210
2025-03-28,2497.4158
2025-03-31,2498.0684
2025-04-01,2498.2211
2025-04-02,2500.0018
2025-04-03,2505.6017
2025-04-07,2511.1772
2025-04-08,2508.6141
2025-04-09,2508.8607
2025-04-10,2509.1126
2025-04-11,2509.6664
2025-04-14,2509.8389
2025-04-15,2509.7450
2025-04-16,2510.2144
2025-04-17,2509.5747
2025-04-18,2509.8246
2025-04-21,2509.0630
2025-04-22,2509.7295
2025-04-23,2508.7940
2025-04-24,2508.5569
2025-04-25,2508.6559
2025-04-28,2509.5121
2025-04-29,2511.2226
2025-04-30,2512.2188
2025-05-06,2512.6351
2025-05-07,2512.2743
2025-05-08,2514.2408
2025-05-09,2515.2934
2025-05-12,2512.7897
2025-05-13,2514.2120
2025-05-14,2513.9503
2025-05-15,2513.5169
2025-05-16,2513.0486
2025-05-19,2514.0364
2025-05-20,2514.2154
2025-05-21,2514.2372
2025-05-22,2514.4472
2025-05-23,2514.8700
2025-05-26,2515.4220
2025-05-27,2514.8659
2025-05-28,2514.3425
2025-05-29,2513.0711
2025-05-30,2514.6447
2025-06-03,2514.7021
2025-06-04,2515.0996
2025-06-05,2515.3393
2025-06-06,2516.9996
2025-06-09,2517.8096
2025-06-10,2517.9271
2025-06-11,2518.8977
2025-06-12,2518.8824
2025-06-13,2519.2078
2025-06-16,2519.5694
2025-06-17,2520.7421
2025-06-18,2521.1979
2025-06-19,2521.7638
2025-06-20,2522.4725
2025-06-23,2522.7872
2025-06-24,2521.9586
2025-06-25,2521.1568
2025-06-26,2521.5240
2025-06-27,2521.9430
2025-06-30,2521.7667
2025-07-01,2522.7524
2025-07-02,2524.2212
2025-07-03,2524.7415
2025-07-04,2525.5730
2025-07-07,2526.0504
2025-07-08,2525.3364
2025-07-09,2525.2368
2025-07-10,2523.8730
2025-07-11,2523.5065
2025-07-14,2522.8484
2025-07-15,2524.6275
2025-07-16,2524.7235
2025-07-17,2525.0640
2025-07-18,2525.2301
2025-07-21,2524.0879
2025-07-22,2522.8647
2025-07-23,2521.4171
2025-07-24,2518.2271
2025-07-25,2517.6833
2025-07-28,2519.6859
2025-07-29,2517.1028
2025-07-30,2519.0002
2025-07-31,2520.8145
2025-08-01,2521.4343
2025-08-04,2521.7902
2025-08-05,2521.9729
2025-08-06,2522.2722
2025-08-07,2522.9008
2025-08-08,2523.3186
2025-08-11,2521.4608
2025-08-12,2520.1714
2025-08-13,2520.2505
2025-08-14,2519.5083
2025-08-15,2518.3442
2025-08-18,2514.2685
2025-08-19,2514.8478
2025-08-20,2514.3660
2025-08-21,2515.3925
2025-08-22,2514.9439
2025-08-25,2516.5351
2025-08-26,2517.4672
2025-08-27,2517.4676
2025-08-28,2515.9387
2025-08-29,2516.4244
2025-09-01,2517.1779
2025-09-02,2517.5026
2025-09-03,2518.9726
2025-09-04,2519.3102
2025-09-05,2518.1317
2025-09-08,2516.6120
2025-09-09,2515.5094
2025-09-10,2513.4332
2025-09-11,2513.2989
2025-09-12,2513.9191
2025-09-15,2514.4505
2025-09-16,2515.3687
2025-09-17,2516.6145
2025-09-18,2515.8291
2025-09-19,2514.6210
2025-09-22,2515.2637
2025-09-23,2513.8978
2025-09-24,2511.8526
2025-09-25,2511.4888
2025-09-26,2511.6543
2025-09-29,2511.3585
2025-09-30,2512.5396
2025-10-09,2513.9916
2025-10-10,2514.0060
2025-10-13,2515.3939
2025-10-14,2515.6850
2025-10-15,2515.6039
2025-10-16,2516.4508
2025-10-17,2518.3586
2025-10-20,2517.8100
2025-10-21,2518.6021
2025-10-22,2518.9413
2025-10-23,2518.9206
2025-10-24,2518.7954
2025-10-27,2519.5515
2025-10-28,2521.5486
2025-10-29,2522.1370
2025-10-30,2523.2631
2025-10-31,2525.3923
2025-11-03,2525.9461
2025-11-04,2525.9369
2025-11-05,2526.2891
2025-11-06,2525.2212
2025-11-07,2524.6913
2025-11-10,2525.1886
2025-11-11,2525.5569
2025-11-12,2526.1985
2025-11-13,2526.0706
2025-11-14,2526.3427
2025-11-17,2527.0685
2025-11-18,2527.2120
2025-11-19,2526.9316
2025-11-20,2526.9937
2025-11-21,2526.7606
2025-11-24,2526.9248
2025-11-25,2526.1427
2025-11-26,2524.6464
2025-11-27,2523.9436
2025-11-28,2524.6081
2025-12-01,2524.8599
2025-12-02,2524.1674
2025-12-03,2523.2961
2025-12-04,2521.0893
2025-12-05,2521.6242
2025-12-08,2521.5516
2025-12-09,2522.5018
2025-12-10,2523.2208
2025-12-11,2524.3447
2025-12-12,2523.6313
2025-12-15,2522.5698
2025-12-16,2522.7153
2025-12-17,2524.0815
2025-12-18,2524.4320
2025-12-19,2525.7614
2025-12-22,2525.5011
2025-12-23,2526.4422
2025-12-24,2526.6591
2025-12-25,2526.6956
2025-12-26,2527.1464
2025-12-29,2525.8829
2025-12-30,2525.7802
2025-12-31,2526.1084
2026-01-05,2526.2877
2026-01-06,2525.1909
2026-01-07,2524.5884
2026-01-08,2525.3954
2026-01-09,2525.9065
2026-01-12,2526.6922
2026-01-13,2527.0081
2026-01-14,2527.2401
2026-01-15,2527.5927
2026-01-16,2528.4725
2026-01-19,2528.8260
2026-01-20,2529.6441
2026-01-21,2530.4296
2026-01-22,2530.4976
2026-01-23,2531.4942
2026-01-26,2532.0218
2026-01-27,2531.6866
2026-01-28,2532.0377
2026-01-29,2532.1027
2026-01-30,2532.1394
2026-02-02,2532.3910
2026-02-03,2532.3534
2026-02-04,2532.4198
2026-02-05,2533.0408
2026-02-06,2534.1169
2026-02-09,2535.0781
2026-02-10,2535.2996
2026-02-11,2535.7493
2026-02-12,2536.2495
2026-02-13,2536.5480
2026-02-24,2537.6919
2026-02-25,2537.0073
2026-02-26,2536.0164
2026-02-27,2536.5483
2026-03-02,2537.9021
2026-03-03,2538.1412
2026-03-04,2538.8637
2026-03-05,2539.0990
2026-03-06,2539.4019
2026-03-09,2538.1461
2026-03-10,2538.3701
2026-03-11,2538.2804
2026-03-12,2538.8506
2026-03-13,2539.1226
2026-03-16,2538.7455
2026-03-17,2539.2163
2026-03-18,2540.2128
2026-03-19,2540.4724
2026-03-20,2540.7936
2026-03-23,2540.8065
2026-03-24,2541.2933
2026-03-25,2541.5536
2026-03-26,2541.9038
2026-03-27,2542.4737
2026-03-30,2543.8094
2026-03-31,2543.8918
2026-04-01,2543.5659
2026-04-02,2543.8282
2026-04-03,2545.0124
2026-04-07,2546.0496
2026-04-08,2546.4272
2026-04-09,2546.3207
2026-04-10,2547.0224
2026-04-13,2547.8598
2026-04-14,2548.2523
2026-04-15,2548.6331
2026-04-16,2548.8568
2026-04-17,2550.2861
2026-04-20,2550.7648
2026-04-21,2551.5766
2026-04-22,2552.4891
2026-04-23,2551.7920
2026-04-24,2551.2217
2026-04-27,2550.5635
2026-04-28,2551.2842
2026-04-29,2552.3235
2026-04-30,2552.0702
2026-05-06,2551.4684
2026-05-07,2551.8371
2026-05-08,2552.1915
2026-05-11,2552.9978
2026-05-12,2553.6527
2026-05-13,2554.3856
2026-05-14,2554.2803
2026-05-15,2554.4496
2026-05-18,2555.2178
2026-05-19,2556.5052
2026-05-20,2556.6912
2026-05-21,2556.7125
2026-05-22,2556.7511
2026-05-25,2557.5111
2026-05-26,2558.5090
2026-05-27,2559.8008
2026-05-28,2560.3847
2026-05-29,2561.1526
2026-06-01,2562.1693
2026-06-02,2562.2955
2026-06-03,2561.9265
2026-06-04,2562.5581
2026-06-05,2561.9961
2026-06-08,2561.3405
2026-06-09,2560.4514
2026-06-10,2559.4856
2026-06-11,2558.4057
2026-06-12,2558.7312
2026-06-15,2559.1558
2026-06-16,2560.4494
2026-06-17,2561.3775
2026-06-18,2562.1009
2026-06-22,2562.1740
2026-06-23,2561.5483
2026-06-24,2561.7138
2026-06-25,2562.7766
2026-06-26,2563.2441
2026-06-29,2564.5663
2026-06-30,2563.8402
2026-07-01,2562.5854
2026-07-02,2562.8346
2026-07-03,2562.6689
2026-07-06,2563.6420
2026-07-07,2563.7845
2026-07-08,2564.2707
2026-07-09,2564.3199
2026-07-10,2564.5756
2026-07-13,2564.3092
2026-07-14,2564.4938
2026-07-15,2564.7520
2026-07-16,2564.5525
2026-07-17,2565.0886
2026-07-20,2564.9631
2026-07-21,2565.1476
2026-07-22,2566.4498
2026-07-23,2566.5985
2026-07-24,2567.1936
2026-07-27,2567.2515
2026-07-28,2567.1222
2026-07-29,2567.0124
2026-07-30,2568.0804
2026-07-31,2568.8064
2026-08-03,2569.0224
2026-08-04,2569.4600
2026-08-05,2569.4779
2026-08-06,2569.7130
2026-08-07,2570.5680
2026-08-10,2571.6968
2026-08-11,2571.1825
2026-08-12,2571.2582
2026-08-13,2572.1964
2026-08-14,2572.5388
2026-08-17,2573.1530
2026-08-18,2574.0893
2026-08-19,2573.3084
2026-08-20,2573.0297
2026-08-21,2572.8289
2026-08-24,2573.7660
2026-08-25,2573.6752
2026-08-26,2573.3104
2026-08-27,2572.3935
2026-08-28,2572.3364
2026-08-31,2572.7657
2026-09-01,2573.6674
2026-09-02,2573.4799
2026-09-03,2574.3869
2026-09-04,2574.7126
2026-09-07,2575.3249
2026-09-08,2575.2433
2026-09-09,2575.3790
2026-09-10,2575.3059
2026-09-11,2575.0564
2026-09-14,2575.2782
2026-09-15,2575.7163
2026-09-16,2576.1275
