date,close
2003-12-31,1000.00
2004-01-02,1005.6542
2004-01-05,1024.4671
2004-01-06,1027.8115
2004-01-07,1032.1727
2004-01-08,1036.6554
2004-01-09,1028.1960
2004-01-12,1041.5126
2004-01-13,1037.7921
2004-01-14,1031.3679
2004-01-15,1028.1553
2004-01-16,1030.0918
2004-01-29,1033.6248
2004-01-30,1023.8777
2004-02-02,1030.5901
2004-02-03,1035.3190
2004-02-04,1045.5497
2004-02-05,1044.0905
2004-02-06,1040.1474
2004-02-09,1045.1256
2004-02-10,1041.1022
2004-02-11,1036.9580
2004-02-12,1030.2080
2004-02-13,1031.6466
2004-02-16,1039.2976
2004-02-17,1041.2410
2004-02-18,1045.9842
2004-02-19,1045.4083
2004-02-20,1045.8779
2004-02-23,1035.1934
2004-02-24,1037.5081
2004-02-25,1031.6229
2004-02-26,1037.0364
2004-02-27,1041.3857
2004-03-01,1044.1967
2004-03-02,1042.1309
2004-03-03,1036.6100
2004-03-04,1037.0343
2004-03-05,1036.1203
2004-03-08,1034.3020
2004-03-09,1035.5501
2004-03-10,1043.2537
2004-03-11,1047.0058
2004-03-12,1050.2124
2004-03-15,1059.5739
2004-03-16,1060.9721
2004-03-17,1062.1089
2004-03-18,1055.4751
2004-03-19,1060.8418
2004-03-22,1059.1596
2004-03-23,1053.6071
2004-03-24,1053.0347
2004-03-25,1053.7010
2004-03-26,1053.5189
2004-03-29,1051.2843
2004-03-30,1051.0846
2004-03-31,1055.7256
2004-04-01,1060.8080
2004-04-02,1066.7661
2004-04-05,1066.6161
2004-04-06,1068.4269
2004-04-07,1069.7210
2004-04-08,1069.9732
2004-04-09,1058.7866
2004-04-12,1055.4749
2004-04-13,1054.0280
2004-04-14,1047.0115
2004-04-15,1044.2866
2004-04-16,1048.9051
2004-04-19,1044.9938
2004-04-20,1041.5243
2004-04-21,1038.5806
2004-04-22,1038.3896
2004-04-23,1033.2697
2004-04-26,1035.4645
2004-04-27,1032.4884
2004-04-28,1026.9206
2004-04-29,1014.4394
2004-04-30,1020.2600
2004-05-10,1013.0047
2004-05-11,1010.2539
2004-05-12,1018.9507
2004-05-13,1017.1658
2004-05-14,1010.3220
2004-05-17,1006.4523
2004-05-18,1005.3937
2004-05-19,1008.0450
2004-05-20,1006.5653
2004-05-21,1010.2687
2004-05-24,1009.0660
2004-05-25,1005.1110
2004-05-26,1007.3395
2004-05-27,1012.8592
2004-05-28,1012.1891
2004-05-31,1013.0840
2004-06-01,1017.3188
2004-06-02,1014.3835
2004-06-03,1011.4587
2004-06-04,1010.7461
2004-06-07,1007.0457
2004-06-08,1004.0446
2004-06-09,1001.0659
2004-06-10,1001.7629
2004-06-11,1000.9952
2004-06-14,996.0721
2004-06-15,998.8275
2004-06-16,1001.8222
2004-06-17,995.9126
2004-06-18,992.3700
2004-06-21,992.1438
2004-06-22,994.8078
2004-06-23,994.1481
2004-06-24,992.8629
2004-06-25,990.3601
2004-06-28,989.5432
2004-06-29,993.3091
2004-06-30,994.1763
2004-07-01,1000.1353
2004-07-02,1001.5675
2004-07-05,1001.9116
2004-07-06,1003.3574
2004-07-07,1002.1684
2004-07-08,1002.6150
2004-07-09,1001.9589
2004-07-12,998.3552
2004-07-13,999.4373
2004-07-14,1001.4854
2004-07-15,1004.6921
2004-07-16,1009.3189
2004-07-19,1009.8097
2004-07-20,1006.6603
2004-07-21,1006.3465
2004-07-22,998.5575
2004-07-23,998.3322
2004-07-26,996.5573
2004-07-27,995.6929
2004-07-28,995.4675
2004-07-29,997.9788
2004-07-30,995.7101
2004-08-02,993.9383
2004-08-03,991.4601
2004-08-04,998.7415
2004-08-05,995.5640
2004-08-06,996.3351
2004-08-09,997.8297
2004-08-10,998.9117
2004-08-11,996.5079
2004-08-12,994.8716
2004-08-13,994.9496
2004-08-16,994.1770
2004-08-17,995.7584
2004-08-18,996.2048
2004-08-19,995.5359
2004-08-20,995.7775
2004-08-23,992.8637
2004-08-24,993.2499
2004-08-25,993.0944
2004-08-26,993.4732
2004-08-27,990.7855
2004-08-30,990.0358
2004-08-31,992.7760
2004-09-01,989.4336
2004-09-02,988.8381
2004-09-03,988.3571
2004-09-06,987.7183
2004-09-07,987.7307
2004-09-08,986.1143
2004-09-09,983.5142
2004-09-10,984.3325
2004-09-13,980.6728
2004-09-14,984.7481
2004-09-15,991.4436
2004-09-16,993.1906
2004-09-17,999.6234
2004-09-20,1006.9999
2004-09-21,1005.7819
2004-09-22,1002.0944
2004-09-23,1009.4468
2004-09-24,1007.5418
2004-09-27,1007.9403
2004-09-28,1010.0261
2004-09-29,1007.9206
2004-09-30,1006.6528
2004-10-08,1010.4170
2004-10-11,1009.4614
2004-10-12,1004.0778
2004-10-13,1003.2390
2004-10-14,996.8384
2004-10-15,997.0714
2004-10-18,997.8335
2004-10-19,998.9622
2004-10-20,1000.2568
2004-10-21,1000.3057
2004-10-22,1005.6955
2004-10-25,1003.0752
2004-10-26,1006.0164
2004-10-27,1007.0169
2004-10-28,1005.2694
2004-10-29,1001.2772
2004-11-01,999.6245
2004-11-02,999.1175
2004-11-03,1002.9374
2004-11-04,997.8956
2004-11-05,997.1837
2004-11-08,997.3219
2004-11-09,998.5312
2004-11-10,1006.2974
2004-11-11,1004.4729
2004-11-12,1005.0270
2004-11-15,1007.8854
2004-11-16,1008.1699
2004-11-17,1005.8814
2004-11-18,1009.2753
2004-11-19,1010.2334
2004-11-22,1009.1676
2004-11-23,1005.3040
2004-11-24,1004.4258
2004-11-25,1004.6050
2004-11-26,1004.4413
2004-11-29,1001.7808
2004-11-30,1002.1856
2004-12-01,1001.0050
2004-12-02,998.1489
2004-12-03,997.6265
2004-12-06,997.4157
2004-12-07,995.1792
2004-12-08,996.3211
2004-12-09,999.2932
2004-12-10,996.8577
2004-12-13,996.0418
2004-12-14,995.9742
2004-12-15,997.2142
2004-12-16,996.0099
2004-12-17,992.8096
2004-12-20,988.5490
2004-12-21,987.7182
2004-12-22,991.7267
2004-12-23,987.6069
2004-12-24,987.2241
2004-12-27,986.7011
2004-12-28,987.8752
2004-12-29,987.9235
2004-12-30,988.3726
2004-12-31,989.2166
2005-01-04,984.8538
2005-01-05,985.9011
2005-01-06,984.5573
2005-01-07,984.5535
2005-01-10,986.1922
2005-01-11,987.2804
2005-01-12,987.6669
2005-01-13,987.8725
2005-01-14,987.1977
2005-01-17,984.3980
2005-01-18,984.0570
2005-01-19,982.8970
2005-01-20,981.5545
2005-01-21,986.2661
2005-01-24,989.5034
2005-01-25,990.6953
2005-01-26,990.6471
2005-01-27,988.9968
2005-01-28,988.3230
2005-01-31,988.5961
2005-02-01,989.6620
2005-02-02,998.5169
2005-02-03,997.9458
2005-02-04,1003.0198
2005-02-16,1004.6172
2005-02-17,1002.4956
2005-02-18,1000.4434
2005-02-21,1004.7814
2005-02-22,1008.3936
2005-02-23,1007.5768
2005-02-24,1007.0099
2005-02-25,1008.3204
2005-02-28,1006.8183
2005-03-01,1005.5390
2005-03-02,1002.6168
2005-03-03,1003.4685
2005-03-04,1003.7098
2005-03-07,1005.2728
2005-03-08,1009.4848
2005-03-09,1009.3478
2005-03-10,1005.7380
2005-03-11,1007.0820
2005-03-14,1010.2316
2005-03-15,1007.7847
2005-03-16,1005.7930
2005-03-17,1004.6305
2005-03-18,1002.7510
2005-03-21,1003.8421
2005-03-22,1004.6270
2005-03-23,1003.1649
2005-03-24,1002.1756
2005-03-25,1003.2812
2005-03-28,1003.8371
2005-03-29,1002.9976
2005-03-30,1001.0073
2005-03-31,1001.9866
2005-04-01,1008.7963
2005-04-04,1007.7643
2005-04-05,1007.4419
2005-04-06,1012.6584
2005-04-07,1013.9543
2005-04-08,1016.8548
2005-04-11,1013.8800
2005-04-12,1012.9241
2005-04-13,1016.2639
2005-04-14,1015.1710
2005-04-15,1013.6366
2005-04-18,1012.3115
2005-04-19,1012.7477
2005-04-20,1011.6331
2005-04-21,1012.2879
2005-04-22,1011.8189
2005-04-25,1012.6514
2005-04-26,1015.2000
2005-04-27,1013.3241
2005-04-28,1015.6266
2005-04-29,1013.9936
2005-05-09,1009.6384
2005-05-10,1009.7987
2005-05-11,1006.2199
2005-05-12,1000.9995
2005-05-13,999.5882
2005-05-16,997.7589
2005-05-17,999.6793
2005-05-18,999.2285
2005-05-19,1000.0756
2005-05-20,1001.0580
2005-05-23,997.3230
2005-05-24,997.3029
2005-05-25,997.5649
2005-05-26,995.8745
2005-05-27,993.5247
2005-05-30,993.7853
2005-05-31,994.7736
2005-06-01,991.6965
2005-06-02,986.3556
2005-06-03,986.5966
2005-06-06,991.9203
2005-06-07,991.5061
2005-06-08,1006.1817
2005-06-09,1007.2523
2005-06-10,1003.7715
2005-06-13,1002.6939
2005-06-14,1002.0107
2005-06-15,1000.7930
2005-06-16,1004.6810
2005-06-17,1005.8495
2005-06-20,1012.1964
2005-06-21,1010.9040
2005-06-22,1012.9181
2005-06-23,1012.1259
2005-06-24,1012.8877
2005-06-27,1016.3579
2005-06-28,1014.4639
2005-06-29,1013.6326
2005-06-30,1009.9367
2005-07-01,1007.7376
2005-07-04,1008.5653
2005-07-05,1008.4190
2005-07-06,1006.9904
2005-07-07,1007.6070
2005-07-08,1006.1611
2005-07-11,1005.8173
2005-07-12,1012.5891
2005-07-13,1012.2738
2005-07-14,1013.9911
2005-07-15,1012.6894
2005-07-18,1012.0526
2005-07-19,1011.0655
2005-07-20,1013.7900
2005-07-21,1014.0530
2005-07-22,1017.2715
2005-07-25,1017.6977
2005-07-26,1022.8581
2005-07-27,1027.0781
2005-07-28,1027.1585
2005-07-29,1026.9414
2005-08-01,1027.9839
2005-08-02,1030.4846
2005-08-03,1030.8189
2005-08-04,1028.9006
2005-08-05,1034.5756
2005-08-08,1033.9849
2005-08-09,1033.9382
2005-08-10,1035.4723
2005-08-11,1039.1614
2005-08-12,1035.9556
2005-08-15,1043.6280
2005-08-16,1040.5659
2005-08-17,1042.0033
2005-08-18,1035.7533
2005-08-19,1036.7292
2005-08-22,1039.2438
2005-08-23,1038.8383
2005-08-24,1039.7286
2005-08-25,1038.7175
2005-08-26,1037.5882
2005-08-29,1034.5639
2005-08-30,1034.8804
2005-08-31,1037.8951
2005-09-01,1041.5256
2005-09-02,1042.7226
2005-09-05,1042.5262
2005-09-06,1040.1832
2005-09-07,1043.7002
2005-09-08,1044.7873
2005-09-09,1044.4264
2005-09-12,1044.4563
2005-09-13,1047.5840
2005-09-14,1049.7251
2005-09-15,1050.0525
2005-09-16,1049.0874
2005-09-19,1048.9439
2005-09-20,1047.3127
2005-09-21,1043.0979
2005-09-22,1038.5070
2005-09-23,1037.2497
2005-09-26,1038.0974
2005-09-27,1035.6885
2005-09-28,1036.5926
2005-09-29,1039.2781
2005-09-30,1040.6665
2005-10-10,1038.8507
2005-10-11,1040.7407
2005-10-12,1042.2369
2005-10-13,1041.6414
2005-10-14,1038.6976
2005-10-17,1038.8239
2005-10-18,1039.6746
2005-10-19,1039.0885
2005-10-20,1039.8742
2005-10-21,1039.5203
2005-10-24,1039.7425
2005-10-25,1037.0365
2005-10-26,1033.7372
2005-10-27,1033.9168
2005-10-28,1031.3631
2005-10-31,1032.3405
2005-11-01,1031.7203
2005-11-02,1032.5997
2005-11-03,1031.0415
2005-11-04,1031.5986
2005-11-07,1029.6790
2005-11-08,1029.6213
2005-11-09,1029.6753
2005-11-10,1026.8356
2005-11-11,1026.7980
2005-11-14,1026.8156
2005-11-15,1023.6882
2005-11-16,1024.7250
2005-11-17,1023.2501
2005-11-18,1026.7060
2005-11-21,1026.9360
2005-11-22,1025.1393
2005-11-23,1027.0824
2005-11-24,1027.7547
2005-11-25,1028.7547
2005-11-28,1028.1576
2005-11-29,1026.2188
2005-11-30,1026.5797
2005-12-01,1025.8197
2005-12-02,1026.3916
2005-12-05,1025.7642
2005-12-06,1026.8825
2005-12-07,1030.3081
2005-12-08,1031.3501
2005-12-09,1034.9296
2005-12-12,1036.0380
2005-12-13,1036.0039
2005-12-14,1039.2239
2005-12-15,1040.4088
2005-12-16,1042.8681
2005-12-19,1043.1834
2005-12-20,1043.4650
2005-12-21,1042.7120
2005-12-22,1046.7860
2005-12-23,1049.6114
2005-12-26,1051.9798
2005-12-27,1051.2986
2005-12-28,1053.4169
2005-12-29,1058.9547
2005-12-30,1056.7370
2006-01-04,1066.0194
2006-01-05,1071.0169
2006-01-06,1074.8365
2006-01-09,1075.6921
2006-01-10,1078.6485
2006-01-11,1078.5275
2006-01-12,1081.7272
2006-01-13,1079.9684
2006-01-16,1074.2985
2006-01-17,1076.4004
2006-01-18,1083.2540
2006-01-19,1086.9063
2006-01-20,1088.1093
2006-01-23,1089.2575
2006-01-24,1092.8303
2006-01-25,1096.9682
2006-02-06,1104.6934
2006-02-07,1102.4537
2006-02-08,1100.1019
2006-02-09,1095.9894
2006-02-10,1100.4947
2006-02-13,1099.8911
2006-02-14,1101.7904
2006-02-15,1102.2668
2006-02-16,1095.2112
2006-02-17,1093.5987
2006-02-20,1092.4614
2006-02-21,1095.8890
2006-02-22,1095.3833
2006-02-23,1094.5778
2006-02-24,1099.1929
2006-02-27,1103.6899
2006-02-28,1105.3021
2006-03-01,1107.3467
2006-03-02,1102.4943
2006-03-03,1103.1243
2006-03-06,1102.2684
2006-03-07,1094.4828
2006-03-08,1091.6858
2006-03-09,1091.0647
2006-03-10,1093.2079
2006-03-13,1097.8566
2006-03-14,1097.8744
2006-03-15,1101.5199
2006-03-16,1101.5442
2006-03-17,1100.9566
2006-03-20,1104.6663
2006-03-21,1106.0397
2006-03-22,1108.2528
2006-03-23,1109.3502
2006-03-24,1108.5391
2006-03-27,1111.6062
2006-03-28,1115.3111
2006-03-29,1117.9695
2006-03-30,1116.3613
2006-03-31,1122.0190
2006-04-03,1131.5369
2006-04-04,1134.1478
2006-04-05,1138.9543
2006-04-06,1140.2608
2006-04-07,1138.0844
2006-04-10,1141.7575
2006-04-11,1143.8722
2006-04-12,1141.3977
2006-04-13,1131.7723
2006-04-14,1139.7489
2006-04-17,1140.5985
2006-04-18,1142.8481
2006-04-19,1148.2571
2006-04-20,1146.4526
2006-04-21,1152.1844
2006-04-24,1153.3652
2006-04-25,1154.5036
2006-04-26,1159.9148
2006-04-27,1160.0344
2006-04-28,1169.2946
2006-05-08,1186.1309
2006-05-09,1195.3929
2006-05-10,1197.1983
2006-05-11,1194.8013
2006-05-12,1210.8707
2006-05-15,1232.6759
2006-05-16,1221.9630
2006-05-17,1219.8546
2006-05-18,1221.1438
2006-05-19,1233.6343
2006-05-22,1232.4571
2006-05-23,1217.9013
2006-05-24,1217.0550
2006-05-25,1217.7346
2006-05-26,1226.4817
2006-05-29,1239.9278
2006-05-30,1245.8448
2006-05-31,1243.3529
2006-06-01,1257.2850
2006-06-02,1251.3087
2006-06-05,1250.6021
2006-06-06,1246.8032
2006-06-07,1222.5636
2006-06-08,1224.5918
2006-06-09,1220.8872
2006-06-12,1225.3094
2006-06-13,1223.9488
2006-06-14,1220.4858
2006-06-15,1222.6390
2006-06-16,1232.9423
2006-06-19,1241.1907
2006-06-20,1245.3817
2006-06-21,1243.1612
2006-06-22,1242.6890
2006-06-23,1248.7140
2006-06-26,1256.8060
2006-06-27,1257.9877
2006-06-28,1256.6698
2006-06-29,1266.0792
2006-06-30,1265.6823
2006-07-03,1271.9225
2006-07-04,1269.0700
2006-07-05,1267.3199
2006-07-06,1276.5720
2006-07-07,1273.9730
2006-07-10,1273.5552
2006-07-11,1275.7869
2006-07-12,1276.8219
2006-07-13,1254.2351
2006-07-14,1257.3119
2006-07-17,1261.6648
2006-07-18,1259.9080
2006-07-19,1253.2033
2006-07-20,1254.8290
2006-07-21,1257.5038
2006-07-24,1259.8855
2006-07-25,1266.8670
2006-07-26,1266.7746
2006-07-27,1262.6380
2006-07-28,1258.2084
2006-07-31,1243.8334
2006-08-01,1242.0018
2006-08-02,1240.9425
2006-08-03,1240.6763
2006-08-04,1234.6021
2006-08-07,1231.8030
2006-08-08,1238.8809
2006-08-09,1239.4368
2006-08-10,1244.2888
2006-08-11,1245.8859
2006-08-14,1238.8094
2006-08-15,1242.8012
2006-08-16,1247.5617
2006-08-17,1245.2853
2006-08-18,1244.9866
2006-08-21,1245.9891
2006-08-22,1250.8480
2006-08-23,1251.9704
2006-08-24,1254.7285
2006-08-25,1254.4722
2006-08-28,1261.5558
2006-08-29,1263.5191
2006-08-30,1264.6417
2006-08-31,1266.0566
2006-09-01,1260.3059
2006-09-04,1265.7388
2006-09-05,1266.8473
2006-09-06,1267.5300
2006-09-07,1264.2348
2006-09-08,1265.4602
2006-09-11,1268.2153
2006-09-12,1270.8170
2006-09-13,1268.5042
2006-09-14,1267.7339
2006-09-15,1274.5048
2006-09-18,1277.1834
2006-09-19,1280.6371
2006-09-20,1282.1293
2006-09-21,1287.3926
2006-09-22,1285.0901
2006-09-25,1283.8960
2006-09-26,1279.3136
2006-09-27,1283.1840
2006-09-28,1289.9361
2006-09-29,1295.9335
2006-10-09,1304.1309
2006-10-10,1305.4316
2006-10-11,1305.2823
2006-10-12,1299.5654
2006-10-13,1301.2386
2006-10-16,1296.8055
2006-10-17,1295.8030
2006-10-18,1303.2813
2006-10-19,1305.7059
2006-10-20,1308.1105
2006-10-23,1300.0205
2006-10-24,1309.0691
2006-10-25,1312.0044
2006-10-26,1314.3538
2006-10-27,1311.3758
2006-10-30,1309.9611
2006-10-31,1314.9094
2006-11-01,1317.2781
2006-11-02,1315.8655
2006-11-03,1319.7084
2006-11-06,1323.2335
2006-11-07,1325.5706
2006-11-08,1322.3139
2006-11-09,1330.3209
2006-11-10,1325.4592
2006-11-13,1316.4326
2006-11-14,1321.0645
2006-11-15,1334.3881
2006-11-16,1335.9826
2006-11-17,1343.7976
2006-11-20,1354.2029
2006-11-21,1358.9392
2006-11-22,1360.3192
2006-11-23,1364.2906
2006-11-24,1363.6275
2006-11-27,1366.5511
2006-11-28,1367.0346
2006-11-29,1375.0696
2006-11-30,1393.7847
2006-12-01,1401.1128
2006-12-04,1414.5776
2006-12-05,1416.8522
2006-12-06,1412.3630
2006-12-07,1412.1023
2006-12-08,1394.4119
2006-12-11,1416.4120
2006-12-12,1421.9915
2006-12-13,1424.8064
2006-12-14,1432.4825
2006-12-15,1446.2767
2006-12-18,1467.0313
2006-12-19,1466.7347
2006-12-20,1470.5257
2006-12-21,1462.6217
2006-12-22,1460.6818
2006-12-25,1473.7487
2006-12-26,1475.7632
2006-12-27,1489.5882
2006-12-28,1492.0560
2006-12-29,1508.3110
2007-01-04,1512.2036
2007-01-05,1507.2430
2007-01-08,1519.1710
2007-01-09,1545.2792
2007-01-10,1558.7925
2007-01-11,1551.0737
2007-01-12,1540.7957
2007-01-15,1573.0968
2007-01-16,1598.0761
2007-01-17,1585.8058
2007-01-18,1586.0273
2007-01-19,1606.9180
2007-01-22,1633.8690
2007-01-23,1634.5536
2007-01-24,1644.9716
2007-01-25,1622.9430
2007-01-26,1637.4747
2007-01-29,1650.9040
2007-01-30,1644.7557
2007-01-31,1600.5963
2007-02-01,1599.5357
2007-02-02,1574.1853
2007-02-05,1570.7389
2007-02-06,1576.8227
2007-02-07,1593.9673
2007-02-08,1605.2243
2007-02-09,1603.6620
2007-02-12,1627.3880
2007-02-13,1639.4262
2007-02-14,1658.3340
2007-02-15,1675.7005
2007-02-16,1677.9756
2007-02-26,1679.0613
2007-02-27,1615.0912
2007-02-28,1629.7611
2007-03-01,1611.1959
2007-03-02,1622.9291
2007-03-05,1617.0388
2007-03-06,1626.2634
2007-03-07,1644.8937
2007-03-08,1654.4447
2007-03-09,1651.1157
2007-03-12,1653.5094
2007-03-13,1660.0036
2007-03-14,1651.6632
2007-03-15,1662.7828
2007-03-16,1655.4793
2007-03-19,1666.4822
2007-03-20,1666.7277
2007-03-21,1672.3584
2007-03-22,1676.0794
2007-03-23,1674.6339
2007-03-26,1686.4513
2007-03-27,1689.2125
2007-03-28,1690.4640
2007-03-29,1687.5800
2007-03-30,1687.4029
2007-04-02,1702.3541
2007-04-03,1711.3570
2007-04-04,1720.6521
2007-04-05,1728.7856
2007-04-06,1733.9550
2007-04-09,1748.6744
2007-04-10,1756.6403
2007-04-11,1764.9733
2007-04-12,1774.5611
2007-04-13,1775.2218
2007-04-16,1794.0994
2007-04-17,1799.4614
2007-04-18,1806.7798
2007-04-19,1780.0775
2007-04-20,1806.6497
2007-04-23,1833.7534
2007-04-24,1839.2909
2007-04-25,1838.2932
2007-04-26,1845.1386
2007-04-27,1842.1622
2007-04-30,1859.1159
2007-05-08,1885.6456
2007-05-09,1887.7175
2007-05-10,1892.7676
2007-05-11,1888.6885
2007-05-14,1895.6539
2007-05-15,1881.1163
2007-05-16,1899.4592
2007-05-17,1917.5241
2007-05-18,1917.1945
2007-05-21,1927.7161
2007-05-22,1933.2367
2007-05-23,1945.4716
2007-05-24,1941.0128
2007-05-25,1953.0133
2007-05-28,1971.5455
2007-05-29,1993.0132
2007-05-30,1947.0699
2007-05-31,1961.9373
2007-06-01,1936.7687
2007-06-04,1885.4457
2007-06-05,1905.1361
2007-06-06,1917.0957
2007-06-07,1939.8446
2007-06-08,1946.8294
2007-06-11,1966.6538
2007-06-12,1987.3386
2007-06-13,2002.8988
2007-06-14,1995.5870
2007-06-15,1998.4679
2007-06-18,2017.8951
2007-06-19,2021.4558
2007-06-20,2007.7050
2007-06-21,2013.2619
2007-06-22,1994.2401
2007-06-25,1970.0197
2007-06-26,1978.8264
2007-06-27,1997.3237
2007-06-28,1970.1061
2007-06-29,1969.6424
2007-07-02,1960.2509
2007-07-03,1970.5880
2007-07-04,1958.9023
2007-07-05,1925.6741
2007-07-06,1949.4094
2007-07-09,1969.5902
2007-07-10,1962.5262
2007-07-11,1961.9750
2007-07-12,1968.2826
2007-07-13,1967.0266
2007-07-16,1951.2909
2007-07-17,1966.3983
2007-07-18,1971.1857
2007-07-19,1974.1715
2007-07-20,2004.3633
2007-07-23,2030.9232
2007-07-24,2033.6337
2007-07-25,2046.5504
2007-07-26,2049.8449
2007-07-27,2052.5083
2007-07-30,2071.6427
2007-07-31,2082.2403
2007-08-01,2060.2281
2007-08-02,2087.5575
2007-08-03,2115.2949
2007-08-06,2128.2677
2007-08-07,2133.3704
2007-08-08,2127.2714
2007-08-09,2145.9670
2007-08-10,2136.1063
2007-08-13,2134.8620
2007-08-14,2143.8322
2007-08-15,2147.2342
2007-08-16,2134.7721
2007-08-17,2119.5913
2007-08-20,2158.1175
2007-08-21,2170.3955
2007-08-22,2180.5696
2007-08-23,2193.7493
2007-08-24,2208.9907
2007-08-27,2210.0352
2007-08-28,2211.2920
2007-08-29,2200.8041
2007-08-30,2210.7956
2007-08-31,2220.8013
2007-09-03,2240.1243
2007-09-04,2232.2045
2007-09-05,2233.9207
2007-09-06,2246.1861
2007-09-07,2232.9321
2007-09-10,2245.0229
2007-09-11,2213.5446
2007-09-12,2223.6793
2007-09-13,2241.5947
2007-09-14,2247.4840
2007-09-17,2263.3260
2007-09-18,2259.4427
2007-09-19,2254.5375
2007-09-20,2266.7932
2007-09-21,2266.7822
2007-09-24,2273.8104
2007-09-25,2268.0525
2007-09-26,2258.6730
2007-09-27,2270.5497
2007-09-28,2295.5441
2007-10-08,2307.2169
2007-10-09,2318.3675
2007-10-10,2320.2044
2007-10-11,2334.5419
2007-10-12,2333.4621
2007-10-15,2336.3425
2007-10-16,2345.1942
2007-10-17,2333.4198
2007-10-18,2305.7728
2007-10-19,2308.1308
2007-10-22,2293.3460
2007-10-23,2301.1828
2007-10-24,2308.8568
2007-10-25,2281.3064
2007-10-26,2286.5362
2007-10-29,2297.6166
2007-10-30,2305.3286
2007-10-31,2319.5779
2007-11-01,2309.5605
2007-11-02,2290.6536
2007-11-05,2297.0109
2007-11-06,2290.1957
2007-11-07,2292.1245
2007-11-08,2263.8873
2007-11-09,2257.5041
2007-11-12,2248.2165
2007-11-13,2241.1429
2007-11-14,2266.5880
2007-11-15,2256.4473
2007-11-16,2242.6940
2007-11-19,2237.3146
2007-11-20,2246.4974
2007-11-21,2239.6725
2007-11-22,2209.7005
2007-11-23,2217.5709
2007-11-26,2213.1576
2007-11-27,2201.5188
2007-11-28,2195.4178
2007-11-29,2217.1949
2007-11-30,2204.6887
2007-12-03,2214.6136
2007-12-04,2221.1921
2007-12-05,2239.4644
2007-12-06,2240.4683
2007-12-07,2250.8995
2007-12-10,2267.5449
2007-12-11,2268.8500
2007-12-12,2260.8520
2007-12-13,2232.0564
2007-12-14,2248.3851
2007-12-17,2231.8986
2007-12-18,2227.5285
2007-12-19,2248.0326
2007-12-20,2263.1064
2007-12-21,2274.7282
2007-12-24,2294.6318
2007-12-25,2298.8575
2007-12-26,2309.6396
2007-12-27,2325.8899
2007-12-28,2324.0207
2008-01-02,2333.4634
2008-01-03,2336.8564
2008-01-04,2347.2833
2008-01-07,2364.2250
2008-01-08,2360.6885
2008-01-09,2377.3732
2008-01-10,2389.7237
2008-01-11,2391.6228
2008-01-14,2397.3280
2008-01-15,2391.4524
2008-01-16,2362.9961
2008-01-17,2338.4460
2008-01-18,2343.6222
2008-01-21,2304.7214
2008-01-22,2245.5051
2008-01-23,2285.3236
2008-01-24,2302.4243
2008-01-25,2310.2722
2008-01-28,2260.4435
2008-01-29,2265.3276
2008-01-30,2257.0160
2008-01-31,2237.1453
2008-02-01,2224.7991
2008-02-04,2289.3226
2008-02-05,2282.4138
2008-02-13,2267.6363
2008-02-14,2278.9372
2008-02-15,2269.9706
2008-02-18,2291.7840
2008-02-19,2308.4954
2008-02-20,2291.1135
2008-02-21,2291.9937
2008-02-22,2265.4987
2008-02-25,2236.6756
2008-02-26,2223.1411
2008-02-27,2240.4908
2008-02-28,2240.2596
2008-02-29,2249.8988
2008-03-03,2275.4238
2008-03-04,2259.1548
2008-03-05,2249.6178
2008-03-06,2257.5833
2008-03-07,2246.9270
2008-03-10,2212.9497
2008-03-11,2213.1664
2008-03-12,2190.2815
2008-03-13,2171.4612
2008-03-14,2162.6587
2008-03-17,2125.7681
2008-03-18,2093.1535
2008-03-19,2112.9585
2008-03-20,2132.8534
2008-03-21,2136.1107
2008-03-24,2109.3752
2008-03-25,2117.3378
2008-03-26,2120.5082
2008-03-27,2098.4915
2008-03-28,2119.9920
2008-03-31,2099.0661
2008-04-01,2064.2348
2008-04-02,2056.2412
2008-04-03,2069.7295
2008-04-07,2096.5829
2008-04-08,2102.3453
2008-04-09,2074.5473
2008-04-10,2084.8899
2008-04-11,2088.9727
2008-04-14,2056.4284
2008-04-15,2059.3111
2008-04-16,2050.7851
2008-04-17,2040.6921
2008-04-18,2028.1760
2008-04-21,2024.9792
2008-04-22,2023.8860
2008-04-23,2042.6395
2008-04-24,2083.1816
2008-04-25,2084.5427
2008-04-28,2075.2094
2008-04-29,2079.2885
2008-04-30,2102.9850
2008-05-05,2117.3267
2008-05-06,2112.6386
2008-05-07,2085.1458
2008-05-08,2102.2976
2008-05-09,2098.7109
2008-05-12,2107.4064
2008-05-13,2103.3168
2008-05-14,2115.6366
2008-05-15,2110.3520
2008-05-16,2109.6596
2008-05-19,2106.0238
2008-05-20,2077.3715
2008-05-21,2088.0788
2008-05-22,2079.2374
2008-05-23,2073.1191
2008-05-26,2058.5669
2008-05-27,2061.3310
2008-05-28,2074.3997
2008-05-29,2061.0627
2008-05-30,2062.7358
2008-06-02,2063.9912
2008-06-03,2061.8469
2008-06-04,2050.7846
2008-06-05,2045.4204
2008-06-06,2042.9014
2008-06-10,2004.7548
2008-06-11,1997.0474
2008-06-12,1988.9037
2008-06-13,1978.5922
2008-06-16,1974.6685
2008-06-17,1962.8799
2008-06-18,1980.7478
2008-06-19,1956.5197
2008-06-20,1965.4187
2008-06-23,1957.5862
2008-06-24,1964.4006
2008-06-25,1978.0571
2008-06-26,1979.4642
2008-06-27,1962.3075
2008-06-30,1960.4922
2008-07-01,1952.7840
2008-07-02,1953.9618
2008-07-03,1961.2209
2008-07-04,1958.4882
2008-07-07,1972.1259
2008-07-08,1972.7122
2008-07-09,1983.4052
2008-07-10,1980.1358
2008-07-11,1976.5443
2008-07-14,1980.5742
2008-07-15,1968.4190
2008-07-16,1959.2105
2008-07-17,1959.0425
2008-07-18,1966.9660
2008-07-21,1977.2439
2008-07-22,1976.1691
2008-07-23,1972.6880
2008-07-24,1980.5436
2008-07-25,1978.2544
2008-07-28,1979.7509
2008-07-29,1975.3517
2008-07-30,1972.0646
2008-07-31,1963.5871
2008-08-01,1966.1646
2008-08-04,1960.6080
2008-08-05,1952.7551
2008-08-06,1954.0113
2008-08-07,1952.3839
2008-08-08,1942.9311
2008-08-11,1930.1476
2008-08-12,1930.5764
2008-08-13,1931.4363
2008-08-14,1932.7689
2008-08-15,1932.7773
2008-08-18,1919.4946
2008-08-19,1923.2867
2008-08-20,1943.0498
2008-08-21,1930.1859
2008-08-22,1922.9017
2008-08-25,1921.7412
2008-08-26,1914.0425
2008-08-27,1909.9286
2008-08-28,1911.1797
2008-08-29,1917.8789
2008-09-01,1909.4741
2008-09-02,1906.3267
2008-09-03,1901.0284
2008-09-04,1901.8465
2008-09-05,1896.2522
2008-09-08,1891.0253
2008-09-09,1892.4859
2008-09-10,1893.5483
2008-09-11,1888.6479
2008-09-12,1889.8144
2008-09-16,1883.4199
2008-09-17,1881.7717
2008-09-18,1877.1201
2008-09-19,1896.7074
2008-09-22,1904.7757
2008-09-23,1894.6031
2008-09-24,1895.8759
2008-09-25,1903.2050
2008-09-26,1905.3813
2008-10-06,1895.6063
2008-10-07,1897.1717
2008-10-08,1894.8713
2008-10-09,1897.3260
2008-10-10,1891.2381
2008-10-13,1896.6885
2008-10-14,1891.9092
2008-10-15,1891.4805
2008-10-16,1884.7168
2008-10-17,1884.6531
2008-10-20,1888.3432
2008-10-21,1888.5298
2008-10-22,1884.8613
2008-10-23,1883.4687
2008-10-24,1878.9819
2008-10-27,1867.8331
2008-10-28,1871.3300
2008-10-29,1868.6709
2008-10-30,1873.9549
2008-10-31,1871.8410
2008-11-03,1871.6762
2008-11-04,1869.1799
2008-11-05,1875.1393
2008-11-06,1873.4524
2008-11-07,1876.5767
2008-11-10,1888.2609
2008-11-11,1888.0102
2008-11-12,1891.4428
2008-11-13,1900.8660
2008-11-14,1906.0707
2008-11-17,1909.5237
2008-11-18,1896.7067
2008-11-19,1903.9853
2008-11-20,1902.7832
2008-11-21,1903.7313
2008-11-24,1897.3659
2008-11-25,1895.4976
2008-11-26,1897.4653
2008-11-27,1905.7792
2008-11-28,1903.9686
2008-12-01,1908.1835
2008-12-02,1912.0400
2008-12-03,1920.1543
2008-12-04,1922.6081
2008-12-05,1929.4361
2008-12-08,1936.4906
2008-12-09,1928.5076
2008-12-10,1935.2200
2008-12-11,1931.6329
2008-12-12,1924.0997
2008-12-15,1927.6691
2008-12-16,1933.7769
2008-12-17,1938.5873
2008-12-18,1945.4295
2008-12-19,1949.1781
2008-12-22,1945.0153
2008-12-23,1932.4943
2008-12-24,1928.9048
2008-12-25,1928.1945
2008-12-26,1926.5511
2008-12-29,1927.1344
2008-12-30,1925.8738
2008-12-31,1925.1844
2009-01-05,1933.7558
2009-01-06,1939.6943
2009-01-07,1938.6713
2009-01-08,1934.8144
2009-01-09,1940.4481
2009-01-12,1940.1752
2009-01-13,1932.2347
2009-01-14,1940.4515
2009-01-15,1937.7826
2009-01-16,1937.8112
2009-01-19,1937.7551
2009-01-20,1939.6661
2009-01-21,1938.0609
2009-01-22,1944.6432
2009-01-23,1945.6091
2009-02-02,1950.3288
2009-02-03,1956.3066
2009-02-04,1961.9793
2009-02-05,1954.0506
2009-02-06,1969.7023
2009-02-09,1982.9387
2009-02-10,1989.4436
2009-02-11,1989.8699
2009-02-12,1992.4621
2009-02-13,2010.4737
2009-02-16,2020.3076
2009-02-17,2002.6209
2009-02-18,1984.3240
2009-02-19,1991.3111
2009-02-20,2001.8525
2009-02-23,2016.4679
2009-02-24,2001.0870
2009-02-25,2002.7445
2009-02-26,1983.3162
2009-02-27,1973.4019
2009-03-02,1980.7565
2009-03-03,1979.3981
2009-03-04,2000.7400
2009-03-05,2002.2846
2009-03-06,1998.9637
2009-03-09,1985.4082
2009-03-10,1991.2148
2009-03-11,1988.9194
2009-03-12,1989.2315
2009-03-13,1987.8941
2009-03-16,1993.8569
2009-03-17,2008.1769
2009-03-18,2011.0523
2009-03-19,2020.6006
2009-03-20,2020.3610
2009-03-23,2033.5245
2009-03-24,2035.4182
2009-03-25,2025.4820
2009-03-26,2037.3128
2009-03-27,2040.8124
2009-03-30,2036.3974
2009-03-31,2041.7873
2009-04-01,2050.5490
2009-04-02,2055.9999
2009-04-03,2053.1847
2009-04-07,2051.4665
2009-04-08,2031.7513
2009-04-09,2039.6808
2009-04-10,2059.7126
2009-04-13,2070.1464
2009-04-14,2076.3868
2009-04-15,2080.8799
2009-04-16,2077.9997
2009-04-17,2073.7721
2009-04-20,2084.6907
2009-04-21,2077.9300
2009-04-22,2056.5268
2009-04-23,2060.1738
2009-04-24,2056.3073
2009-04-27,2041.7212
2009-04-28,2044.0130
2009-04-29,2062.9301
2009-04-30,2071.1031
2009-05-04,2090.2795
2009-05-05,2093.9685
2009-05-06,2103.2203
2009-05-07,2103.1468
2009-05-08,2107.3282
2009-05-11,2092.3690
2009-05-12,2107.1979
2009-05-13,2115.0603
2009-05-14,2111.9367
2009-05-15,2113.5514
2009-05-18,2116.4384
2009-05-19,2125.5388
2009-05-20,2121.5066
2009-05-21,2106.0328
2009-05-22,2103.0891
2009-05-25,2106.2684
2009-05-26,2102.0500
2009-05-27,2108.7952
2009-06-01,2128.2366
2009-06-02,2129.5438
2009-06-03,2144.7753
2009-06-04,2145.3666
2009-06-05,2144.0352
2009-06-08,2145.1916
2009-06-09,2147.9134
2009-06-10,2153.1511
2009-06-11,2147.6458
2009-06-12,2136.7372
2009-06-15,2147.0852
2009-06-16,2144.4907
2009-06-17,2156.1977
2009-06-18,2164.4229
2009-06-19,2169.0501
2009-06-22,2167.2985
2009-06-23,2167.8643
2009-06-24,2174.5087
2009-06-25,2176.1833
2009-06-26,2181.1371
2009-06-29,2194.2840
2009-06-30,2192.1240
2009-07-01,2208.5972
2009-07-02,2219.9443
2009-07-03,2232.0101
2009-07-06,2241.4149
2009-07-07,2232.7374
2009-07-08,2235.8691
2009-07-09,2246.9637
2009-07-10,2251.8506
2009-07-13,2245.2033
2009-07-14,2265.0329
2009-07-15,2272.3573
2009-07-16,2275.5637
2009-07-17,2282.6200
2009-07-20,2302.6571
2009-07-21,2290.5613
2009-07-22,2304.4661
2009-07-23,2309.0944
2009-07-24,2311.5147
2009-07-27,2332.3759
2009-07-28,2339.1072
2009-07-29,2302.4070
2009-07-30,2317.0291
2009-07-31,2342.6705
2009-08-03,2360.8653
2009-08-04,2364.0344
2009-08-05,2351.3980
2009-08-06,2329.3452
2009-08-07,2298.3279
2009-08-10,2298.2600
2009-08-11,2296.7599
2009-08-12,2256.6320
2009-08-13,2268.4673
2009-08-14,2245.1947
2009-08-17,2197.8636
2009-08-18,2207.9024
2009-08-19,2171.8680
2009-08-20,2200.9220
2009-08-21,2217.2725
2009-08-24,2227.4808
2009-08-25,2204.6638
2009-08-26,2218.3550
2009-08-27,2213.0748
2009-08-28,2184.4433
2009-08-31,2131.1391
2009-09-01,2131.9723
2009-09-02,2139.5529
2009-09-03,2174.1959
2009-09-04,2179.4321
2009-09-07,2185.5561
2009-09-08,2200.5402
2009-09-09,2211.5518
2009-09-10,2204.3382
2009-09-11,2217.3105
2009-09-14,2229.1028
2009-09-15,2232.0414
2009-09-16,2222.7905
2009-09-17,2235.1240
2009-09-18,2211.8848
2009-09-21,2216.3330
2009-09-22,2200.2418
2009-09-23,2184.3364
2009-09-24,2183.2272
2009-09-25,2178.2054
2009-09-28,2161.0361
2009-09-29,2160.7696
2009-09-30,2169.2664
2009-10-09,2199.7954
2009-10-12,2198.7345
2009-10-13,2207.3081
2009-10-14,2213.8891
2009-10-15,2217.3966
2009-10-16,2218.2867
2009-10-19,2238.1202
2009-10-20,2248.3617
2009-10-21,2245.3786
2009-10-22,2242.0534
2009-10-23,2255.6945
2009-10-26,2257.3217
2009-10-27,2236.4496
2009-10-28,2239.2564
2009-10-29,2219.9718
2009-10-30,2230.1070
2009-11-02,2256.3373
2009-11-03,2265.6444
2009-11-04,2269.7282
2009-11-05,2272.7054
2009-11-06,2276.3087
2009-11-09,2279.7551
2009-11-10,2284.0892
2009-11-11,2280.9531
2009-11-12,2281.6495
2009-11-13,2285.0668
2009-11-16,2308.0715
2009-11-17,2309.2494
2009-11-18,2308.6264
2009-11-19,2311.2206
2009-11-20,2310.2210
2009-11-23,2318.3104
2009-11-24,2290.9542
2009-11-25,2312.2440
2009-11-26,2281.7354
2009-11-27,2260.9323
2009-11-30,2291.3579
2009-12-01,2306.1191
2009-12-02,2315.6170
2009-12-03,2316.8731
2009-12-04,2314.3089
2009-12-07,2322.2776
2009-12-08,2316.1024
2009-12-09,2302.5442
2009-12-10,2305.8291
2009-12-11,2306.5459
2009-12-14,2309.6400
2009-12-15,2306.7038
2009-12-16,2301.7187
2009-12-17,2282.2763
2009-12-18,2261.2628
2009-12-21,2262.6031
2009-12-22,2247.8354
2009-12-23,2256.4400
2009-12-24,2279.3548
2009-12-25,2279.6673
2009-12-28,2289.9499
2009-12-29,2293.9518
2009-12-30,2298.5186
2009-12-31,2301.9916
2010-01-04,2296.5816
2010-01-05,2303.0244
2010-01-06,2299.5638
2010-01-07,2284.3789
2010-01-08,2286.0223
2010-01-11,2287.7229
2010-01-12,2298.6110
2010-01-13,2281.6388
2010-01-14,2296.4769
2010-01-15,2302.5550
2010-01-18,2309.8907
2010-01-19,2309.2596
2010-01-20,2283.9293
2010-01-21,2283.2300
2010-01-22,2265.1283
2010-01-25,2252.9690
2010-01-26,2232.8568
2010-01-27,2228.2404
2010-01-28,2234.5924
2010-01-29,2237.2606
2010-02-01,2230.3534
2010-02-02,2226.5193
2010-02-03,2236.0198
2010-02-04,2236.2185
2010-02-05,2224.3593
2010-02-08,2221.9382
2010-02-09,2223.2329
2010-02-10,2232.3753
2010-02-11,2233.1741
2010-02-12,2240.5827
2010-02-22,2237.6725
2010-02-23,2235.0411
2010-02-24,2246.4319
2010-02-25,2255.2390
2010-02-26,2255.3007
2010-03-01,2261.8021
2010-03-02,2261.4313
2010-03-03,2266.5886
2010-03-04,2249.0805
2010-03-05,2251.3198
2010-03-08,2256.4276
2010-03-09,2257.3757
2010-03-10,2252.0530
2010-03-11,2249.3672
2010-03-12,2241.4219
2010-03-15,2232.5216
2010-03-16,2236.2188
2010-03-17,2250.5920
2010-03-18,2250.1285
2010-03-19,2253.9960
2010-03-22,2257.2843
2010-03-23,2254.4354
2010-03-24,2258.5773
2010-03-25,2250.7178
2010-03-26,2259.7733
2010-03-29,2272.8297
2010-03-30,2276.0771
2010-03-31,2277.0283
2010-04-01,2288.0137
2010-04-02,2290.9533
2010-04-06,2289.2781
2010-04-07,2287.6603
2010-04-08,2283.0432
2010-04-09,2293.4075
2010-04-12,2294.6869
2010-04-13,2292.5613
2010-04-14,2296.0453
2010-04-15,2288.8960
2010-04-16,2285.7384
2010-04-19,2257.2921
2010-04-20,2264.0507
2010-04-21,2283.5341
2010-04-22,2282.8729
2010-04-23,2279.3229
2010-04-26,2278.3134
2010-04-27,2263.7001
2010-04-28,2261.2002
2010-04-29,2246.4815
2010-04-30,2239.1034
2010-05-04,2237.1825
2010-05-05,2248.2356
2010-05-06,2226.3049
2010-05-07,2216.2137
2010-05-10,2206.1901
2010-05-11,2194.9625
2010-05-12,2187.0988
2010-05-13,2203.3934
2010-05-14,2205.1121
2010-05-17,2178.9902
2010-05-18,2188.0409
2010-05-19,2191.9874
2010-05-20,2185.5731
2010-05-21,2196.5521
2010-05-24,2214.3435
2010-05-25,2207.1795
2010-05-26,2205.2933
2010-05-27,2215.6908
2010-05-28,2216.6122
2010-05-31,2203.9375
2010-06-01,2195.7334
2010-06-02,2199.6998
2010-06-03,2199.3091
2010-06-04,2201.5129
2010-06-07,2202.8010
2010-06-08,2205.4367
2010-06-09,2215.4076
2010-06-10,2216.4330
2010-06-11,2213.7044
2010-06-17,2205.1599
2010-06-18,2184.4663
2010-06-21,2197.5083
2010-06-22,2198.9500
2010-06-23,2196.8525
2010-06-24,2198.4913
2010-06-25,2191.8201
2010-06-28,2185.7808
2010-06-29,2163.1594
2010-06-30,2161.7724
2010-07-01,2154.0295
2010-07-02,2150.1571
2010-07-05,2149.0658
2010-07-06,2161.5604
2010-07-07,2168.3845
2010-07-08,2168.8248
2010-07-09,2182.6369
2010-07-12,2185.8627
2010-07-13,2179.7900
2010-07-14,2181.0853
2010-07-15,2172.5216
2010-07-16,2174.5598
2010-07-19,2187.0050
2010-07-20,2199.7229
2010-07-21,2201.2115
2010-07-22,2208.5378
2010-07-23,2210.4849
2010-07-26,2215.4941
2010-07-27,2215.7348
2010-07-28,2228.8900
2010-07-29,2228.7466
2010-07-30,2228.4198
2010-08-02,2240.2054
2010-08-03,2229.3339
2010-08-04,2232.6571
2010-08-05,2234.5188
2010-08-06,2245.8780
2010-08-09,2252.8331
2010-08-10,2234.2188
2010-08-11,2240.3576
2010-08-12,2236.9916
2010-08-13,2246.7463
2010-08-16,2262.7388
2010-08-17,2268.7043
2010-08-18,2268.8771
2010-08-19,2269.0474
2010-08-20,2255.7324
2010-08-23,2259.5415
2010-08-24,2266.3309
2010-08-25,2252.9799
2010-08-26,2256.1383
2010-08-27,2262.8540
2010-08-30,2282.0152
2010-08-31,2287.1610
2010-09-01,2278.9991
2010-09-02,2294.2354
2010-09-03,2299.1226
2010-09-06,2299.3230
2010-09-07,2301.8853
2010-09-08,2308.3962
2010-09-09,2299.1915
2010-09-10,2304.5543
2010-09-13,2316.4464
2010-09-14,2318.8083
2010-09-15,2304.2780
2010-09-16,2291.0889
2010-09-17,2293.5351
2010-09-20,2288.7529
2010-09-21,2286.0253
2010-09-27,2303.7551
2010-09-28,2304.7424
2010-09-29,2299.1056
2010-09-30,2313.5127
2010-10-08,2336.3458
2010-10-11,2335.8014
2010-10-12,2340.6948
2010-10-13,2343.7338
2010-10-14,2336.0138
2010-10-15,2346.1680
2010-10-18,2330.6580
2010-10-19,2353.2384
2010-10-20,2358.5235
2010-10-21,2351.4583
2010-10-22,2359.3092
2010-10-25,2387.8231
2010-10-26,2385.7659
2010-10-27,2369.9643
2010-10-28,2369.1249
2010-10-29,2374.3481
2010-11-01,2400.8471
2010-11-02,2393.6710
2010-11-03,2378.6272
2010-11-04,2395.6317
2010-11-05,2407.9240
2010-11-08,2419.2912
2010-11-09,2420.2036
2010-11-10,2422.5157
2010-11-11,2421.0893
2010-11-12,2365.8755
2010-11-15,2388.0831
2010-11-16,2352.5914
2010-11-17,2321.2854
2010-11-18,2329.9516
2010-11-19,2351.6661
2010-11-22,2357.6057
2010-11-23,2351.3830
2010-11-24,2368.5905
2010-11-25,2370.0142
2010-11-26,2366.1403
2010-11-29,2373.3505
2010-11-30,2358.8646
2010-12-01,2357.1194
2010-12-02,2355.7618
2010-12-03,2350.5941
2010-12-06,2340.0415
2010-12-07,2357.7777
2010-12-08,2353.8876
2010-12-09,2341.1082
2010-12-10,2347.9699
2010-12-13,2370.1049
2010-12-14,2376.2378
2010-12-15,2371.1842
2010-12-16,2371.4470
2010-12-17,2374.3871
2010-12-20,2366.0402
2010-12-21,2372.6806
2010-12-22,2364.8063
2010-12-23,2350.3677
2010-12-24,2336.1430
2010-12-27,2315.6901
2010-12-28,2301.2592
2010-12-29,2312.0412
2010-12-30,2316.5400
2010-12-31,2333.4351
2011-01-04,2347.9770
2011-01-05,2347.6058
2011-01-06,2343.6990
2011-01-07,2337.9822
2011-01-10,2320.4228
2011-01-11,2317.3334
2011-01-12,2319.3303
2011-01-13,2318.9263
2011-01-14,2307.6560
2011-01-17,2285.3748
2011-01-18,2286.7248
2011-01-19,2298.7506
2011-01-20,2281.5923
2011-01-21,2282.3598
2011-01-24,2270.6766
2011-01-25,2268.6338
2011-01-26,2276.0356
2011-01-27,2283.3112
2011-01-28,2288.1931
2011-01-31,2296.4952
2011-02-01,2296.2505
2011-02-09,2292.8051
2011-02-10,2303.4460
2011-02-11,2306.2542
2011-02-14,2320.3574
2011-02-15,2318.3380
2011-02-16,2326.5499
2011-02-17,2327.5312
2011-02-18,2319.7593
2011-02-21,2331.1933
2011-02-22,2312.7956
2011-02-23,2316.3166
2011-02-24,2318.6477
2011-02-25,2319.7299
2011-02-28,2329.3760
2011-03-01,2329.8075
2011-03-02,2327.7098
2011-03-03,2317.9223
2011-03-04,2325.5004
2011-03-07,2335.9679
2011-03-08,2336.5991
2011-03-09,2340.4601
2011-03-10,2331.2866
2011-03-11,2327.1830
2011-03-14,2333.6470
2011-03-15,2322.9400
2011-03-16,2331.5262
2011-03-17,2322.5071
2011-03-18,2326.7961
2011-03-21,2321.6883
2011-03-22,2320.6769
2011-03-23,2328.9707
2011-03-24,2328.1514
2011-03-25,2332.8963
2011-03-28,2328.7846
2011-03-29,2318.6050
2011-03-30,2315.6260
2011-03-31,2310.8635
2011-04-01,2317.5850
2011-04-06,2318.3145
2011-04-07,2321.8387
2011-04-08,2329.4323
2011-04-11,2327.0183
2011-04-12,2325.9491
2011-04-13,2334.0183
2011-04-14,2333.2147
2011-04-15,2334.3410
2011-04-18,2336.2684
2011-04-19,2325.5040
2011-04-20,2325.6363
2011-04-21,2331.3876
2011-04-22,2330.0313
2011-04-25,2320.3691
2011-04-26,2315.6784
2011-04-27,2313.3209
2011-04-28,2300.9825
2011-04-29,2309.4651
2011-05-03,2314.4593
2011-05-04,2302.0647
2011-05-05,2302.9610
2011-05-06,2304.9226
2011-05-09,2307.3705
2011-05-10,2310.2797
2011-05-11,2310.8528
2011-05-12,2305.8116
2011-05-13,2306.6843
2011-05-16,2303.5211
2011-05-17,2302.9184
2011-05-18,2307.1541
2011-05-19,2305.7603
2011-05-20,2304.2768
2011-05-23,2286.8909
2011-05-24,2286.3324
2011-05-25,2280.7863
2011-05-26,2277.6525
2011-05-27,2273.8852
2011-05-30,2273.0305
2011-05-31,2279.8891
2011-06-01,2284.0852
2011-06-02,2276.8554
2011-06-03,2283.7600
2011-06-07,2286.2589
2011-06-08,2285.9574
2011-06-09,2276.7004
2011-06-10,2277.9799
2011-06-13,2276.2891
2011-06-14,2281.2489
2011-06-15,2276.4174
2011-06-16,2269.9084
2011-06-17,2267.4287
2011-06-20,2262.9967
2011-06-21,2267.6480
2011-06-22,2267.5567
2011-06-23,2275.7470
2011-06-24,2285.1946
2011-06-27,2287.7299
2011-06-28,2288.1891
2011-06-29,2282.7212
2011-06-30,2290.2246
2011-07-01,2292.2957
2011-07-04,2303.2376
2011-07-05,2304.7079
2011-07-06,2304.8596
2011-07-07,2304.9244
2011-07-08,2305.6403
2011-07-11,2308.9373
2011-07-12,2303.3039
2011-07-13,2309.2382
2011-07-14,2309.4192
2011-07-15,2312.7161
2011-07-18,2312.0760
2011-07-19,2305.6705
2011-07-20,2302.3564
2011-07-21,2297.0197
2011-07-22,2299.5615
2011-07-25,2286.0584
2011-07-26,2287.8937
2011-07-27,2293.9555
2011-07-28,2293.4727
2011-07-29,2289.8029
2011-08-01,2289.5347
2011-08-02,2286.2289
2011-08-03,2285.4393
2011-08-04,2288.1250
2011-08-05,2283.8319
2011-08-08,2272.5241
2011-08-09,2275.6549
2011-08-10,2282.6027
2011-08-11,2293.1600
2011-08-12,2296.1867
2011-08-15,2300.2391
2011-08-16,2297.2748
2011-08-17,2294.9321
2011-08-18,2286.6402
2011-08-19,2284.0479
2011-08-22,2277.9975
2011-08-23,2283.6231
2011-08-24,2284.5362
2011-08-25,2291.8179
2011-08-26,2292.4747
2011-08-29,2280.9802
2011-08-30,2275.6257
2011-08-31,2274.0578
2011-09-01,2270.9485
2011-09-02,2263.0791
2011-09-05,2251.7865
2011-09-06,2247.4395
2011-09-07,2255.8999
2011-09-08,2253.5249
2011-09-09,2251.2709
2011-09-13,2246.4613
2011-09-14,2248.4836
2011-09-15,2248.8506
2011-09-16,2249.7650
2011-09-19,2244.0185
2011-09-20,2244.6650
2011-09-21,2252.8193
2011-09-22,2242.0557
2011-09-23,2237.8816
2011-09-26,2231.5200
2011-09-27,2232.9111
2011-09-28,2229.3659
2011-09-29,2222.3352
2011-09-30,2224.6530
2011-10-10,2224.8936
2011-10-11,2222.6583
2011-10-12,2233.1632
2011-10-13,2238.8300
2011-10-14,2240.1486
2011-10-17,2245.0375
2011-10-18,2239.0204
2011-10-19,2239.3449
2011-10-20,2233.8822
2011-10-21,2234.8740
2011-10-24,2241.9914
2011-10-25,2248.3434
2011-10-26,2252.1594
2011-10-27,2251.0488
2011-10-28,2259.6844
2011-10-31,2262.7529
2011-11-01,2265.7036
2011-11-02,2272.7515
2011-11-03,2274.1053
2011-11-04,2277.4244
2011-11-07,2275.3375
2011-11-08,2274.4505
2011-11-09,2280.1053
2011-11-10,2278.2046
2011-11-11,2277.8656
2011-11-14,2286.0348
2011-11-15,2286.6328
2011-11-16,2277.0067
2011-11-17,2275.4793
2011-11-18,2266.9694
2011-11-21,2267.0896
2011-11-22,2268.6643
2011-11-23,2268.6839
2011-11-24,2269.2860
2011-11-25,2268.8988
2011-11-28,2270.0409
2011-11-29,2272.9881
2011-11-30,2261.7245
2011-12-01,2273.0930
2011-12-02,2270.4984
2011-12-05,2263.3836
2011-12-06,2262.8288
2011-12-07,2264.4858
2011-12-08,2264.6094
2011-12-09,2261.9000
2011-12-12,2259.0723
2011-12-13,2251.3290
2011-12-14,2249.0508
2011-12-15,2245.4781
2011-12-16,2254.1408
2011-12-19,2254.1892
2011-12-20,2253.7673
2011-12-21,2248.5107
2011-12-22,2247.2851
2011-12-23,2248.3235
2011-12-26,2245.2440
2011-12-27,2240.2969
2011-12-28,2239.5447
2011-12-29,2242.3143
2011-12-30,2248.9123
2012-01-04,2243.4204
2012-01-05,2237.5843
2012-01-06,2238.9736
2012-01-09,2250.1941
2012-01-10,2262.2281
2012-01-11,2260.1846
2012-01-12,2260.2169
2012-01-13,2251.4799
2012-01-16,2244.2210
2012-01-17,2256.1819
2012-01-18,2248.1190
2012-01-19,2254.4056
2012-01-20,2262.5613
2012-01-30,2260.5560
2012-01-31,2261.0507
2012-02-01,2258.7461
2012-02-02,2264.9290
2012-02-03,2268.5383
2012-02-06,2269.2997
2012-02-07,2262.7434
2012-02-08,2269.4876
2012-02-09,2269.5342
2012-02-10,2269.7307
2012-02-13,2270.3232
2012-02-14,2270.1725
2012-02-15,2272.7356
2012-02-16,2271.3501
2012-02-17,2270.8326
2012-02-20,2273.2000
2012-02-21,2274.6600
2012-02-22,2278.6954
2012-02-23,2279.1218
2012-02-24,2283.0427
2012-02-27,2284.3140
2012-02-28,2284.8491
2012-02-29,2281.1852
2012-03-01,2281.7926
2012-03-02,2287.5252
2012-03-05,2285.6463
2012-03-06,2281.7918
2012-03-07,2280.0703
2012-03-08,2284.9251
2012-03-09,2291.1404
2012-03-12,2292.7412
2012-03-13,2297.2355
2012-03-14,2286.4730
2012-03-15,2287.0985
2012-03-16,2295.2554
2012-03-19,2296.2173
2012-03-20,2289.8106
2012-03-21,2287.3753
2012-03-22,2286.8749
2012-03-23,2283.9437
2012-03-26,2285.4193
2012-03-27,2283.0725
2012-03-28,2274.3696
2012-03-29,2271.6270
2012-03-30,2273.3379
2012-04-05,2281.5391
2012-04-06,2282.3595
2012-04-09,2280.2568
2012-04-10,2282.5506
2012-04-11,2283.4089
2012-04-12,2290.4251
2012-04-13,2292.9553
2012-04-16,2293.3061
2012-04-17,2289.1284
2012-04-18,2296.7194
2012-04-19,2295.6716
2012-04-20,2299.2505
2012-04-23,2295.7433
2012-04-24,2295.1056
2012-04-25,2297.2319
2012-04-26,2297.7309
2012-04-27,2298.6391
2012-05-02,2306.3753
2012-05-03,2308.1146
2012-05-04,2312.1587
2012-05-07,2313.3852
2012-05-08,2311.6794
2012-05-09,2306.0999
2012-05-10,2307.2724
2012-05-11,2306.9156
2012-05-14,2307.1057
2012-05-15,2310.2680
2012-05-16,2307.2563
2012-05-17,2312.1644
2012-05-18,2308.0767
2012-05-21,2311.5624
2012-05-22,2318.5994
2012-05-23,2319.3574
2012-05-24,2317.8834
2012-05-25,2315.4962
2012-05-28,2322.1201
2012-05-29,2327.0327
2012-05-30,2327.6006
2012-05-31,2327.5826
2012-06-01,2328.9928
2012-06-04,2320.1608
2012-06-05,2322.0296
2012-06-06,2321.9738
2012-06-07,2322.4280
2012-06-08,2325.2671
2012-06-11,2331.9316
2012-06-12,2332.3018
2012-06-13,2340.0494
2012-06-14,2338.0480
2012-06-15,2338.3528
2012-06-18,2341.6167
2012-06-19,2337.5202
2012-06-20,2334.7974
2012-06-21,2330.8537
2012-06-25,2324.2061
2012-06-26,2323.4717
2012-06-27,2327.1470
2012-06-28,2324.8756
2012-06-29,2331.6561
2012-07-02,2335.3200
2012-07-03,2336.6086
2012-07-04,2334.8091
2012-07-05,2331.1874
2012-07-06,2341.7365
2012-07-09,2336.5399
2012-07-10,2330.5253
2012-07-11,2336.2967
2012-07-12,2340.4733
2012-07-13,2341.8583
2012-07-16,2333.6286
2012-07-17,2331.8649
2012-07-18,2330.3337
2012-07-19,2333.2846
2012-07-20,2330.3697
2012-07-23,2326.3452
2012-07-24,2328.5690
2012-07-25,2327.2940
2012-07-26,2323.9132
2012-07-27,2321.7642
2012-07-30,2318.4841
2012-07-31,2314.8065
2012-08-01,2319.3787
2012-08-02,2316.8277
2012-08-03,2321.2209
2012-08-06,2326.6387
2012-08-07,2327.3334
2012-08-08,2325.6816
2012-08-09,2332.9073
2012-08-10,2331.2105
2012-08-13,2324.9717
2012-08-14,2325.2602
2012-08-15,2322.2072
2012-08-16,2318.3014
2012-08-17,2315.1685
2012-08-20,2314.4622
2012-08-21,2319.0449
2012-08-22,2315.0922
2012-08-23,2313.7117
2012-08-24,2309.9261
2012-08-27,2303.2830
2012-08-28,2303.5493
2012-08-29,2301.4629
2012-08-30,2296.7727
2012-08-31,2298.2410
2012-09-03,2305.2989
2012-09-04,2303.5748
2012-09-05,2302.7438
2012-09-06,2303.8480
2012-09-07,2314.5988
2012-09-10,2314.8209
2012-09-11,2311.8275
2012-09-12,2311.5656
2012-09-13,2308.8242
2012-09-14,2309.2234
2012-09-17,2300.9190
2012-09-18,2299.6300
2012-09-19,2299.3307
2012-09-20,2294.4493
2012-09-21,2294.3557
2012-09-24,2295.9286
2012-09-25,2296.0179
2012-09-26,2293.1303
2012-09-27,2299.7481
2012-09-28,2306.1537
2012-10-08,2304.9027
2012-10-09,2312.1144
2012-10-10,2315.1190
2012-10-11,2313.0876
2012-10-12,2313.7850
2012-10-15,2314.5046
2012-10-16,2315.6891
2012-10-17,2316.3419
2012-10-18,2322.2359
2012-10-19,2321.7888
2012-10-22,2322.9957
2012-10-23,2317.5071
2012-10-24,2315.3524
2012-10-25,2312.2077
2012-10-26,2307.6910
2012-10-29,2307.3717
2012-10-30,2308.5686
2012-10-31,2310.1647
2012-11-01,2315.7141
2012-11-02,2316.5238
2012-11-05,2314.5804
2012-11-06,2312.4600
2012-11-07,2312.1714
2012-11-08,2307.5015
2012-11-09,2306.7779
2012-11-12,2307.5833
2012-11-13,2303.5075
2012-11-14,2304.2362
2012-11-15,2301.8151
2012-11-16,2301.2618
2012-11-19,2299.8665
2012-11-20,2299.7204
2012-11-21,2301.3769
2012-11-22,2299.3794
2012-11-23,2301.0240
2012-11-26,2299.5916
2012-11-27,2295.5746
2012-11-28,2291.8363
2012-11-29,2291.2210
2012-11-30,2294.4702
2012-12-03,2291.8729
2012-12-04,2293.1889
2012-12-05,2300.4868
2012-12-06,2301.1860
2012-12-07,2306.8628
2012-12-10,2310.8949
2012-12-11,2309.3408
2012-12-12,2309.8652
2012-12-13,2307.3525
2012-12-14,2320.0468
2012-12-17,2321.5464
2012-12-18,2319.9250
2012-12-19,2320.7531
2012-12-20,2322.0716
2012-12-21,2321.6624
2012-12-24,2322.4379
2012-12-25,2331.3190
2012-12-26,2333.8462
2012-12-27,2332.4114
2012-12-28,2336.6087
2012-12-31,2343.1845
2013-01-04,2342.5930
2013-01-07,2345.5284
2013-01-08,2346.8975
2013-01-09,2349.2309
2013-01-10,2352.5528
2013-01-11,2346.4148
2013-01-14,2361.5382
2013-01-15,2368.0707
2013-01-16,2367.8390
2013-01-17,2365.1807
2013-01-18,2373.3921
2013-01-21,2376.8597
2013-01-22,2372.7667
2013-01-23,2372.8068
2013-01-24,2367.4343
2013-01-25,2366.1266
2013-01-28,2377.7502
2013-01-29,2380.6916
2013-01-30,2382.6791
2013-01-31,2383.7151
2013-02-01,2389.2715
2013-02-04,2387.4399
2013-02-05,2391.7902
2013-02-06,2394.4122
2013-02-07,2397.2691
2013-02-08,2403.9550
2013-02-18,2405.1515
2013-02-19,2397.1747
2013-02-20,2405.6269
2013-02-21,2396.8289
2013-02-22,2394.5768
2013-02-25,2397.8033
2013-02-26,2393.1553
2013-02-27,2393.1412
2013-02-28,2403.3088
2013-03-01,2407.1306
2013-03-04,2393.4325
2013-03-05,2402.7684
2013-03-06,2409.3890
2013-03-07,2404.4932
2013-03-08,2400.8424
2013-03-11,2400.6977
2013-03-12,2394.2667
2013-03-13,2390.4999
2013-03-14,2392.3658
2013-03-15,2394.2221
2013-03-18,2390.2201
2013-03-19,2389.9075
2013-03-20,2400.3403
2013-03-21,2406.4071
2013-03-22,2410.1030
2013-03-25,2411.0575
2013-03-26,2408.6569
2013-03-27,2410.3674
2013-03-28,2401.2525
2013-03-29,2402.2910
2013-04-01,2404.3502
2013-04-02,2397.5066
2013-04-03,2395.8274
2013-04-08,2399.8599
2013-04-09,2403.3950
2013-04-10,2402.8491
2013-04-11,2403.7029
2013-04-12,2403.0912
2013-04-15,2398.4455
2013-04-16,2402.0487
2013-04-17,2406.7608
2013-04-18,2405.5918
2013-04-19,2412.6321
2013-04-22,2411.6719
2013-04-23,2400.3299
2013-04-24,2408.9229
2013-04-25,2404.2344
2013-04-26,2399.9398
2013-05-02,2403.2407
2013-05-03,2409.8593
2013-05-06,2416.7272
2013-05-07,2418.0629
2013-05-08,2422.0210
2013-05-09,2421.5627
2013-05-10,2423.1058
2013-05-13,2424.9009
2013-05-14,2420.0988
2013-05-15,2426.6812
2013-05-16,2432.5109
2013-05-17,2440.6451
2013-05-20,2444.7422
2013-05-21,2448.0672
2013-05-22,2442.4571
2013-05-23,2440.7685
2013-05-24,2447.0999
2013-05-27,2452.4205
2013-05-28,2453.9155
2013-05-29,2457.2815
2013-05-30,2457.1680
2013-05-31,2453.6739
2013-06-03,2449.5611
2013-06-04,2441.4306
2013-06-05,2444.0608
2013-06-06,2437.4953
2013-06-07,2432.6846
2013-06-13,2422.6831
2013-06-14,2429.1527
2013-06-17,2429.3648
2013-06-18,2429.2607
2013-06-19,2423.4577
2013-06-20,2401.4918
2013-06-21,2401.3577
2013-06-24,2378.1778
2013-06-25,2381.1836
2013-06-26,2394.3603
2013-06-27,2393.6510
2013-06-28,2396.9307
2013-07-01,2406.4279
2013-07-02,2413.0230
2013-07-03,2415.0067
2013-07-04,2415.5506
2013-07-05,2413.7151
2013-07-08,2404.4700
2013-07-09,2405.2759
2013-07-10,2412.8836
2013-07-11,2420.9126
2013-07-12,2416.7020
2013-07-15,2425.8940
2013-07-16,2427.1612
2013-07-17,2420.8449
2013-07-18,2416.8706
2013-07-19,2409.5358
2013-07-22,2413.1222
2013-07-23,2421.3448
2013-07-24,2421.0860
2013-07-25,2413.3453
2013-07-26,2413.9745
2013-07-29,2407.1104
2013-07-30,2404.0415
2013-07-31,2406.3070
2013-08-01,2418.5046
2013-08-02,2421.3706
2013-08-05,2426.5305
2013-08-06,2429.2469
2013-08-07,2424.0003
2013-08-08,2423.1541
2013-08-09,2423.4933
2013-08-12,2427.8023
2013-08-13,2427.7777
2013-08-14,2425.9873
2013-08-15,2420.1073
2013-08-16,2413.2302
2013-08-19,2420.5361
2013-08-20,2418.5461
2013-08-21,2418.2055
2013-08-22,2419.4919
2013-08-23,2420.3005
2013-08-26,2427.5254
2013-08-27,2429.0193
2013-08-28,2423.9675
2013-08-29,2423.0885
2013-08-30,2418.4960
2013-09-02,2422.1331
2013-09-03,2428.8118
2013-09-04,2428.2803
2013-09-05,2429.6912
2013-09-06,2432.7619
2013-09-09,2438.8611
2013-09-10,2441.1455
2013-09-11,2440.9658
2013-09-12,2444.2526
2013-09-13,2444.0134
2013-09-16,2444.0598
2013-09-17,2438.4673
2013-09-18,2441.2232
2013-09-23,2449.9720
2013-09-24,2449.1584
2013-09-25,2446.1056
2013-09-26,2439.6557
2013-09-27,2441.8123
2013-09-30,2447.1437
2013-10-08,2455.3797
2013-10-09,2458.8069
2013-10-10,2454.4972
2013-10-11,2458.8853
2013-10-14,2461.2557
2013-10-15,2459.6411
2013-10-16,2449.6022
2013-10-17,2447.1024
2013-10-18,2450.0189
2013-10-21,2459.8174
2013-10-22,2453.4344
2013-10-23,2445.2612
2013-10-24,2439.8737
2013-10-25,2431.7360
2013-10-28,2430.9481
2013-10-29,2427.1850
2013-10-30,2432.1627
2013-10-31,2427.2045
2013-11-01,2427.9602
2013-11-04,2428.4378
2013-11-05,2431.0037
2013-11-06,2425.2232
2013-11-07,2420.3126
2013-11-08,2414.1410
2013-11-11,2414.0965
2013-11-12,2415.9250
2013-11-13,2409.0000
2013-11-14,2412.2927
2013-11-15,2414.8372
2013-11-18,2422.9004
2013-11-19,2420.2095
2013-11-20,2419.9685
2013-11-21,2417.4425
2013-11-22,2416.1082
2013-11-25,2415.6144
2013-11-26,2415.8192
2013-11-27,2419.1929
2013-11-28,2422.7798
2013-11-29,2426.6839
2013-12-02,2414.2442
2013-12-03,2419.7741
2013-12-04,2424.2465
2013-12-05,2421.0641
2013-12-06,2418.8848
2013-12-09,2420.4981
2013-12-10,2420.3855
2013-12-11,2416.7418
2013-12-12,2418.8855
2013-12-13,2420.5412
2013-12-16,2415.1740
2013-12-17,2412.6643
2013-12-18,2410.9502
2013-12-19,2406.1426
2013-12-20,2401.2002
2013-12-23,2402.0658
2013-12-24,2405.2180
2013-12-25,2409.3539
2013-12-26,2403.9251
2013-12-27,2408.8104
2013-12-30,2409.5512
2013-12-31,2410.7700
2014-01-02,2413.9156
2014-01-03,2412.1915
2014-01-06,2405.0241
2014-01-07,2406.7982
2014-01-08,2408.9189
2014-01-09,2406.2205
2014-01-10,2401.2323
2014-01-13,2399.4117
2014-01-14,2404.2933
2014-01-15,2406.8070
2014-01-16,2406.1609
2014-01-17,2403.6974
2014-01-20,2399.0401
2014-01-21,2405.4364
2014-01-22,2413.6571
2014-01-23,2417.9784
2014-01-24,2424.3924
2014-01-27,2425.6621
2014-01-28,2430.5972
2014-01-29,2437.2536
2014-01-30,2436.2960
2014-02-07,2444.1428
2014-02-10,2455.4502
2014-02-11,2455.7671
2014-02-12,2459.4542
2014-02-13,2456.7579
2014-02-14,2465.1332
2014-02-17,2473.3193
2014-02-18,2473.0720
2014-02-19,2474.5493
2014-02-20,2473.7692
2014-02-21,2474.5003
2014-02-24,2475.2619
2014-02-25,2466.6732
2014-02-26,2468.7723
2014-02-27,2467.7938
2014-02-28,2471.1935
2014-03-03,2478.0274
2014-03-04,2475.5362
2014-03-05,2471.1908
2014-03-06,2471.2241
2014-03-07,2470.6881
2014-03-10,2461.0377
2014-03-11,2461.2421
2014-03-12,2459.9257
2014-03-13,2464.2938
2014-03-14,2464.5500
2014-03-17,2470.9268
2014-03-18,2471.8346
2014-03-19,2468.0295
2014-03-20,2460.1443
2014-03-21,2465.6337
2014-03-24,2465.8947
2014-03-25,2465.9435
2014-03-26,2467.1726
2014-03-27,2462.7003
2014-03-28,2457.7319
2014-03-31,2458.4759
2014-04-01,2462.9134
2014-04-02,2462.7847
2014-04-03,2462.0050
2014-04-04,2466.5632
2014-04-08,2472.7114
2014-04-09,2475.0302
2014-04-10,2478.7328
2014-04-11,2478.9179
2014-04-14,2481.8607
2014-04-15,2479.0754
2014-04-16,2479.6194
2014-04-17,2481.7896
2014-04-18,2483.3188
2014-04-21,2480.2286
2014-04-22,2478.2983
2014-04-23,2477.4896
2014-04-24,2476.0742
2014-04-25,2471.2263
2014-04-28,2465.0451
2014-04-29,2468.6143
2014-04-30,2471.9831
2014-05-05,2475.8517
2014-05-06,2479.6967
2014-05-07,2476.7460
2014-05-08,2477.7652
2014-05-09,2477.3698
2014-05-12,2483.5006
2014-05-13,2483.5263
2014-05-14,2483.3130
2014-05-15,2478.0858
2014-05-16,2476.9622
2014-05-19,2474.9885
2014-05-20,2475.4715
2014-05-21,2479.2184
2014-05-22,2481.0914
2014-05-23,2485.0509
2014-05-26,2488.5553
2014-05-27,2489.0469
2014-05-28,2493.7263
2014-05-29,2492.8531
2014-05-30,2494.3880
2014-06-03,2497.7016
2014-06-04,2497.3734
2014-06-05,2501.5062
2014-06-06,2502.2391
2014-06-09,2501.2980
2014-06-10,2507.7528
2014-06-11,2509.7972
2014-06-12,2509.1735
2014-06-13,2515.3672
2014-06-16,2519.5480
2014-06-17,2514.1539
2014-06-18,2511.0545
2014-06-19,2504.6876
2014-06-20,2508.1714
2014-06-23,2511.4711
2014-06-24,2514.2255
2014-06-25,2513.3777
2014-06-26,2518.6503
2014-06-27,2520.3355
2014-06-30,2523.5694
2014-07-01,2523.1726
2014-07-02,2523.8810
2014-07-03,2527.2999
2014-07-04,2526.3033
2014-07-07,2526.4203
2014-07-08,2530.1013
2014-07-09,2524.6193
2014-07-10,2523.4895
2014-07-11,2526.3235
2014-07-14,2532.2739
2014-07-15,2530.1801
2014-07-16,2526.9971
2014-07-17,2523.8268
2014-07-18,2525.0413
2014-07-21,2525.8148
2014-07-22,2533.1534
2014-07-23,2531.6554
2014-07-24,2531.9810
2014-07-25,2536.2404
2014-07-28,2543.8537
2014-07-29,2547.8219
2014-07-30,2547.6687
2014-07-31,2552.9788
2014-08-01,2551.7219
2014-08-04,2559.2451
2014-08-05,2559.9065
2014-08-06,2561.1201
2014-08-07,2557.2150
2014-08-08,2560.4911
2014-08-11,2569.0984
2014-08-12,2570.8305
2014-08-13,2570.6640
2014-08-14,2568.7273
2014-08-15,2574.0480
2014-08-18,2579.7784
2014-08-19,2580.5089
2014-08-20,2579.5529
2014-08-21,2578.4003
2014-08-22,2581.7024
2014-08-25,2579.6929
2014-08-26,2574.0621
2014-08-27,2576.2493
2014-08-28,2573.5217
2014-08-29,2579.5108
2014-09-01,2588.0488
2014-09-02,2595.2187
2014-09-03,2601.1663
2014-09-04,2605.5058
2014-09-05,2610.7699
2014-09-09,2611.5110
2014-09-10,2611.9300
2014-09-11,2611.2598
2014-09-12,2617.1650
2014-09-15,2619.2221
2014-09-16,2602.8679
2014-09-17,2606.2065
2014-09-18,2610.4155
2014-09-19,2617.7831
2014-09-22,2610.6477
2014-09-23,2617.0749
2014-09-24,2625.9711
2014-09-25,2626.9704
2014-09-26,2627.8890
2014-09-29,2633.4692
2014-09-30,2636.7945
2014-10-08,2643.6267
2014-10-09,2644.9535
2014-10-10,2640.9070
2014-10-13,2640.0671
2014-10-14,2640.3448
2014-10-15,2644.5563
2014-10-16,2641.2269
2014-10-17,2640.7474
2014-10-20,2650.5690
2014-10-21,2649.2254
2014-10-22,2647.4438
2014-10-23,2641.4118
2014-10-24,2644.8522
2014-10-27,2646.0684
2014-10-28,2660.3162
2014-10-29,2671.5870
2014-10-30,2676.2733
2014-10-31,2684.5129
2014-11-03,2691.0414
2014-11-04,2692.4043
2014-11-05,2693.0190
2014-11-06,2700.3439
2014-11-07,2702.9161
2014-11-10,2718.7302
2014-11-11,2708.5715
2014-11-12,2718.2769
2014-11-13,2712.2332
2014-11-14,2710.5411
2014-11-17,2709.5086
2014-11-18,2703.5431
2014-11-19,2706.3067
2014-11-20,2708.2481
2014-11-21,2719.2270
2014-11-24,2736.5002
2014-11-25,2745.4362
2014-11-26,2752.8686
2014-11-27,2759.3747
2014-11-28,2770.2753
2014-12-01,2765.3057
2014-12-02,2785.3799
2014-12-03,2788.8570
2014-12-04,2815.2529
2014-12-05,2812.4719
2014-12-08,2830.1755
2014-12-09,2774.6725
2014-12-10,2796.8121
2014-12-11,2794.4473
2014-12-12,2797.1126
2014-12-15,2804.3017
2014-12-16,2818.7299
2014-12-17,2822.5795
2014-12-18,2822.4884
2014-12-19,2825.1229
2014-12-22,2817.3000
2014-12-23,2803.3314
2014-12-24,2801.1776
2014-12-25,2819.3891
2014-12-26,2839.5630
2014-12-29,2845.4932
2014-12-30,2842.3180
2014-12-31,2862.5726
2015-01-05,2890.6014
2015-01-06,2897.3855
2015-01-07,2903.5358
2015-01-08,2891.4440
2015-01-09,2893.2797
2015-01-12,2886.6808
2015-01-13,2897.9301
2015-01-14,2899.9976
2015-01-15,2919.5696
2015-01-16,2931.4959
2015-01-19,2883.4933
2015-01-20,2908.1630
2015-01-21,2939.6900
2015-01-22,2950.4596
2015-01-23,2947.5938
2015-01-26,2958.1678
2015-01-27,2954.5896
2015-01-28,2941.8881
2015-01-29,2935.0553
2015-01-30,2927.3952
2015-02-02,2916.3936
2015-02-03,2931.9977
2015-02-04,2930.5051
2015-02-05,2928.5059
2015-02-06,2911.6764
2015-02-09,2910.8407
2015-02-10,2924.2932
2015-02-11,2933.5132
2015-02-12,2938.7423
2015-02-13,2952.3146
2015-02-16,2967.2620
2015-02-17,2972.6559
2015-02-25,2963.9511
2015-02-26,2974.5583
2015-02-27,2979.5917
2015-03-02,2990.3668
2015-03-03,2981.3327
2015-03-04,2991.0739
2015-03-05,2990.1405
2015-03-06,2978.5355
2015-03-09,2989.8936
2015-03-10,2996.4983
2015-03-11,2996.7873
2015-03-12,2997.8170
2015-03-13,3007.3703
2015-03-16,3030.7786
2015-03-17,3038.5485
2015-03-18,3052.0157
2015-03-19,3054.5806
2015-03-20,3071.4664
2015-03-23,3094.0163
2015-03-24,3101.5394
2015-03-25,3104.1503
2015-03-26,3091.2375
2015-03-27,3099.9962
2015-03-30,3107.6061
2015-03-31,3109.0452
2015-04-01,3126.3059
2015-04-02,3139.5921
2015-04-03,3153.8439
2015-04-07,3166.6394
2015-04-08,3159.1546
2015-04-09,3150.6998
2015-04-10,3170.3781
2015-04-13,3183.3442
2015-04-14,3181.6428
2015-04-15,3158.7125
2015-04-16,3169.9482
2015-04-17,3178.4392
2015-04-20,3164.7896
2015-04-21,3189.7136
2015-04-22,3212.7496
2015-04-23,3217.1617
2015-04-24,3213.7869
2015-04-27,3221.9611
2015-04-28,3206.6989
2015-04-29,3220.6348
2015-04-30,3228.5351
2015-05-04,3233.4838
2015-05-05,3211.4065
2015-05-06,3211.3647
2015-05-07,3207.9564
2015-05-08,3232.0523
2015-05-11,3261.7558
2015-05-12,3280.9205
2015-05-13,3283.3432
2015-05-14,3284.5344
2015-05-15,3288.5487
2015-05-18,3307.2900
2015-05-19,3324.8820
2015-05-20,3339.7149
2015-05-21,3363.2358
2015-05-22,3376.0018
2015-05-25,3390.1925
2015-05-26,3417.1225
2015-05-27,3422.7404
2015-05-28,3381.2808
2015-05-29,3394.0360
2015-06-01,3430.6742
2015-06-02,3455.9552
2015-06-03,3460.5795
2015-06-04,3457.1906
2015-06-05,3465.2943
2015-06-08,3453.6954
2015-06-09,3449.2641
2015-06-10,3462.8199
2015-06-11,3472.2305
2015-06-12,3483.5822
2015-06-15,3467.0765
2015-06-16,3440.2769
2015-06-17,3452.7657
2015-06-18,3426.9395
2015-06-19,3380.3130
2015-06-23,3388.0061
2015-06-24,3398.5868
2015-06-25,3374.1583
2015-06-26,3324.9721
2015-06-29,3295.3920
2015-06-30,3324.8034
2015-07-01,3298.2654
2015-07-02,3271.1680
2015-07-03,3242.4262
2015-07-06,3237.4826
2015-07-07,3216.3752
2015-07-08,3198.8485
2015-07-09,3217.7712
2015-07-10,3242.6823
2015-07-13,3267.9083
2015-07-14,3273.2919
2015-07-15,3248.8159
2015-07-16,3255.5489
2015-07-17,3284.7438
2015-07-20,3296.7244
2015-07-21,3310.0553
2015-07-22,3316.7674
2015-07-23,3337.8705
2015-07-24,3332.6147
2015-07-27,3294.1287
2015-07-28,3283.2001
2015-07-29,3301.9877
2015-07-30,3289.4849
2015-07-31,3281.0572
2015-08-03,3269.5703
2015-08-04,3290.5980
2015-08-05,3287.8522
2015-08-06,3286.7245
2015-08-07,3302.5397
2015-08-10,3323.9966
2015-08-11,3323.9294
2015-08-12,3315.6373
2015-08-13,3325.9454
2015-08-14,3329.1243
2015-08-17,3332.8571
2015-08-18,3300.9421
2015-08-19,3309.5368
2015-08-20,3296.8411
2015-08-21,3276.7960
2015-08-24,3248.4673
2015-08-25,3225.7522
2015-08-26,3220.8765
2015-08-27,3233.0324
2015-08-28,3248.6570
2015-08-31,3240.0726
2015-09-01,3226.7983
2015-09-02,3222.7778
2015-09-07,3223.6143
2015-09-08,3235.1046
2015-09-09,3243.8120
2015-09-10,3240.0592
2015-09-11,3242.7375
2015-09-14,3226.4950
2015-09-15,3215.2704
2015-09-16,3232.4380
2015-09-17,3229.4354
2015-09-18,3232.9590
2015-09-21,3246.1359
2015-09-22,3247.7836
2015-09-23,3244.8841
2015-09-24,3248.2865
2015-09-25,3238.2960
2015-09-28,3247.0967
2015-09-29,3244.4388
2015-09-30,3246.0307
2015-10-08,3260.3682
2015-10-09,3266.6176
2015-10-12,3281.7939
2015-10-13,3287.7021
2015-10-14,3283.7822
2015-10-15,3295.8022
2015-10-16,3303.9100
2015-10-19,3303.1869
2015-10-20,3311.6169
2015-10-21,3290.2364
2015-10-22,3301.9330
2015-10-23,3312.5477
2015-10-26,3318.4057
2015-10-27,3322.2025
2015-10-28,3315.5187
2015-10-29,3317.2364
2015-10-30,3318.3420
2015-11-02,3313.9516
2015-11-03,3313.1633
2015-11-04,3327.2885
2015-11-05,3327.9445
2015-11-06,3339.8919
2015-11-09,3342.8905
2015-11-10,3343.0717
2015-11-11,3350.0110
2015-11-12,3350.1331
2015-11-13,3337.9573
2015-11-16,3346.0267
2015-11-17,3341.5786
2015-11-18,3335.7298
2015-11-19,3345.6756
2015-11-20,3352.4246
2015-11-23,3350.4412
2015-11-24,3355.0772
2015-11-25,3362.7326
2015-11-26,3361.2936
2015-11-27,3340.3676
2015-11-30,3344.3893
2015-12-01,3342.9725
2015-12-02,3341.9537
2015-12-03,3350.5775
2015-12-04,3352.4902
2015-12-07,3359.4719
2015-12-08,3355.3509
2015-12-09,3355.1661
2015-12-10,3354.2336
2015-12-11,3351.2868
2015-12-14,3356.6312
2015-12-15,3360.4989
2015-12-16,3363.7572
2015-12-17,3373.5773
2015-12-18,3377.0533
2015-12-21,3382.3356
2015-12-22,3386.1408
2015-12-23,3383.5634
2015-12-24,3384.5158
2015-12-25,3389.4612
2015-12-28,3382.3001
2015-12-29,3387.1517
2015-12-30,3391.2193
2015-12-31,3387.2965
2016-01-04,3359.1483
2016-01-05,3353.0219
2016-01-06,3360.8284
2016-01-07,3338.0113
2016-01-08,3338.8441
2016-01-11,3321.5336
2016-01-12,3323.4023
2016-01-13,3315.7051
2016-01-14,3326.1453
2016-01-15,3315.3397
2016-01-18,3319.6208
2016-01-19,3328.2420
2016-01-20,3323.4564
2016-01-21,3309.2072
2016-01-22,3315.5432
2016-01-25,3318.7982
2016-01-26,3298.0406
2016-01-27,3292.9119
2016-01-28,3282.5993
2016-01-29,3289.8345
2016-02-01,3287.2335
2016-02-02,3295.5254
2016-02-03,3296.5666
2016-02-04,3303.6180
2016-02-05,3302.0454
2016-02-15,3304.3229
2016-02-16,3315.5955
2016-02-17,3319.5240
2016-02-18,3320.3725
2016-02-19,3323.0727
2016-02-22,3329.8570
2016-02-23,3327.8712
2016-02-24,3327.0275
2016-02-25,3302.7434
2016-02-26,3303.6849
2016-02-29,3289.5291
2016-03-01,3295.4863
2016-03-02,3308.0266
2016-03-03,3308.0202
2016-03-04,3306.3067
2016-03-07,3311.5839
2016-03-08,3312.8109
2016-03-09,3307.9468
2016-03-10,3304.8786
2016-03-11,3305.3736
2016-03-14,3314.4439
2016-03-15,3313.9504
2016-03-16,3312.2812
2016-03-17,3321.6333
2016-03-18,3334.0351
2016-03-21,3340.6106
2016-03-22,3339.8531
2016-03-23,3342.4210
2016-03-24,3339.8818
2016-03-25,3342.1722
2016-03-28,3339.9213
2016-03-29,3334.6631
2016-03-30,3343.8998
2016-03-31,3345.7760
2016-04-01,3345.0925
2016-04-05,3352.0721
2016-04-06,3353.3338
2016-04-07,3349.0489
2016-04-08,3346.3083
2016-04-11,3351.9452
2016-04-12,3348.7422
2016-04-13,3351.0952
2016-04-14,3351.4544
2016-04-15,3350.9676
2016-04-18,3347.4840
2016-04-19,3347.9227
2016-04-20,3336.7174
2016-04-21,3333.3639
2016-04-22,3331.1568
2016-04-25,3327.3336
2016-04-26,3328.2741
2016-04-27,3328.8862
2016-04-28,3329.3488
2016-04-29,3330.3725
2016-05-03,3337.7288
2016-05-04,3338.3503
2016-05-05,3339.7669
2016-05-06,3333.5767
2016-05-09,3328.1702
2016-05-10,3329.4276
2016-05-11,3330.2446
2016-05-12,3332.0869
2016-05-13,3331.8609
2016-05-16,3335.9260
2016-05-17,3335.3107
2016-05-18,3329.2604
2016-05-19,3330.5115
2016-05-20,3332.9579
2016-05-23,3336.8827
2016-05-24,3337.2471
2016-05-25,3336.1758
2016-05-26,3336.6872
2016-05-27,3336.8172
2016-05-30,3336.0600
2016-05-31,3345.1684
2016-06-01,3346.6474
2016-06-02,3348.6554
2016-06-03,3351.4844
2016-06-06,3353.0333
2016-06-07,3354.7131
2016-06-08,3354.4306
2016-06-13,3344.4362
2016-06-14,3345.2544
2016-06-15,3352.4232
2016-06-16,3352.5322
2016-06-17,3355.0618
2016-06-20,3357.7171
2016-06-21,3356.0039
2016-06-22,3359.6709
2016-06-23,3358.8638
2016-06-24,3359.0007
2016-06-27,3365.4916
2016-06-28,3367.8360
2016-06-29,3368.9042
2016-06-30,3370.1637
2016-07-01,3372.2258
2016-07-04,3377.8558
2016-07-05,3379.9150
2016-07-06,3382.9180
2016-07-07,3384.5571
2016-07-08,3385.6470
2016-07-11,3385.5618
2016-07-12,3389.6022
2016-07-13,3391.0273
2016-07-14,3391.1332
2016-07-15,3392.3963
2016-07-18,3392.5894
2016-07-19,3392.8763
2016-07-20,3393.7329
2016-07-21,3395.2078
2016-07-22,3392.7217
2016-07-25,3393.2819
2016-07-26,3397.0275
2016-07-27,3389.4408
2016-07-28,3391.3122
2016-07-29,3391.3704
2016-08-01,3388.9278
2016-08-02,3400.4491
2016-08-03,3402.1992
2016-08-04,3403.5093
2016-08-05,3404.2693
2016-08-08,3407.6089
2016-08-09,3410.4945
2016-08-10,3410.6744
2016-08-11,3408.2461
2016-08-12,3412.4146
2016-08-15,3419.1377
2016-08-16,3419.6798
2016-08-17,3420.0079
2016-08-18,3419.6272
2016-08-19,3420.4035
2016-08-22,3418.7227
2016-08-23,3418.9486
2016-08-24,3417.9506
2016-08-25,3417.2500
2016-08-26,3418.8736
2016-08-29,3419.8233
2016-08-30,3419.0345
2016-08-31,3419.8182
2016-09-01,3418.2061
2016-09-02,3417.5198
2016-09-05,3419.2103
2016-09-06,3422.8348
2016-09-07,3422.3740
2016-09-08,3423.3843
2016-09-09,3422.5044
2016-09-12,3415.9867
2016-09-13,3417.0418
2016-09-14,3415.9380
2016-09-19,3418.8470
2016-09-20,3419.2121
2016-09-21,3419.5419
2016-09-22,3421.9871
2016-09-23,3422.9517
2016-09-26,3419.0894
2016-09-27,3420.1543
2016-09-28,3420.0472
2016-09-29,3421.7420
2016-09-30,3423.2313
2016-10-10,3429.6556
2016-10-11,3431.6015
2016-10-12,3432.3942
2016-10-13,3433.6264
2016-10-14,3434.9159
2016-10-17,3433.0269
2016-10-18,3436.8010
2016-10-19,3436.9002
2016-10-20,3438.1009
2016-10-21,3438.3573
2016-10-24,3440.5088
2016-10-25,3440.1615
2016-10-26,3437.6389
2016-10-27,3436.6168
2016-10-28,3435.5905
2016-10-31,3435.3471
2016-11-01,3437.2952
2016-11-02,3436.4837
2016-11-03,3438.2569
2016-11-04,3438.0196
2016-11-07,3438.1898
2016-11-08,3439.5837
2016-11-09,3438.4923
2016-11-10,3440.7742
2016-11-11,3440.9978
2016-11-14,3441.3046
2016-11-15,3439.7194
2016-11-16,3439.3274
2016-11-17,3437.4972
2016-11-18,3435.1089
2016-11-21,3436.7151
2016-11-22,3439.0075
2016-11-23,3438.7220
2016-11-24,3438.9175
2016-11-25,3440.7470
2016-11-28,3441.8170
2016-11-29,3438.7849
2016-11-30,3433.4474
2016-12-01,3432.2350
2016-12-02,3426.0320
2016-12-05,3422.1986
2016-12-06,3418.4117
2016-12-07,3419.9701
2016-12-08,3420.4515
2016-12-09,3420.1314
2016-12-12,3408.0865
2016-12-13,3405.0762
2016-12-14,3399.8544
2016-12-15,3387.3883
2016-12-16,3385.7518
2016-12-19,3381.5767
2016-12-20,3376.9316
2016-12-21,3381.3267
2016-12-22,3385.1969
2016-12-23,3385.9391
2016-12-26,3388.4553
2016-12-27,3389.7376
2016-12-28,3389.2522
2016-12-29,3390.8996
2016-12-30,3395.4547
2017-01-03,3399.3502
2017-01-04,3402.4952
2017-01-05,3402.9034
2017-01-06,3402.6528
2017-01-09,3405.2293
2017-01-10,3406.6478
2017-01-11,3405.1267
2017-01-12,3404.3493
2017-01-13,3403.2082
2017-01-16,3399.7742
2017-01-17,3398.9857
2017-01-18,3397.7280
2017-01-19,3395.8058
2017-01-20,3399.3899
2017-01-23,3402.7389
2017-01-24,3402.5731
2017-01-25,3402.7680
2017-01-26,3404.8197
2017-02-03,3401.8980
2017-02-06,3401.8397
2017-02-07,3398.8775
2017-02-08,3399.7064
2017-02-09,3401.3852
2017-02-10,3403.1079
2017-02-13,3406.0215
2017-02-14,3406.8197
2017-02-15,3404.9941
2017-02-16,3407.1446
2017-02-17,3406.1162
2017-02-20,3411.9298
2017-02-21,3413.0263
2017-02-22,3415.1362
2017-02-23,3414.7134
2017-02-24,3416.1449
2017-02-27,3414.0059
2017-02-28,3414.6250
2017-03-01,3414.7946
2017-03-02,3413.3460
2017-03-03,3413.8315
2017-03-06,3416.6332
2017-03-07,3417.0009
2017-03-08,3415.9711
2017-03-09,3413.3264
2017-03-10,3413.2493
2017-03-13,3416.2350
2017-03-14,3416.1176
2017-03-15,3416.9596
2017-03-16,3419.6753
2017-03-17,3416.9097
2017-03-20,3417.8526
2017-03-21,3419.2820
2017-03-22,3419.1475
2017-03-23,3419.9990
2017-03-24,3424.8553
2017-03-27,3424.4381
2017-03-28,3424.3348
2017-03-29,3423.7666
2017-03-30,3419.9305
2017-03-31,3422.0659
2017-04-05,3428.4340
2017-04-06,3430.2130
2017-04-07,3433.3400
2017-04-10,3432.9167
2017-04-11,3433.8928
2017-04-12,3433.1292
2017-04-13,3434.5369
2017-04-14,3430.8374
2017-04-17,3428.6319
2017-04-18,3427.9416
2017-04-19,3426.3069
2017-04-20,3427.7618
2017-04-21,3425.7092
2017-04-24,3420.0566
2017-04-25,3421.6990
2017-04-26,3422.6087
2017-04-27,3424.2321
2017-04-28,3423.6465
2017-05-02,3423.1615
2017-05-03,3421.5012
2017-05-04,3419.9051
2017-05-05,3416.5941
2017-05-08,3412.4500
2017-05-09,3412.3663
2017-05-10,3409.2155
2017-05-11,3409.9800
2017-05-12,3410.1608
2017-05-15,3412.4033
2017-05-16,3416.1536
2017-05-17,3415.0662
2017-05-18,3414.1220
2017-05-19,3414.9537
2017-05-22,3414.5766
2017-05-23,3412.9941
2017-05-24,3413.2594
2017-05-25,3416.1434
2017-05-26,3416.3373
2017-05-31,3417.7875
2017-06-01,3416.7164
2017-06-02,3416.9383
2017-06-05,3417.4038
2017-06-06,3419.9076
2017-06-07,3425.1852
2017-06-08,3427.7848
2017-06-09,3431.8211
2017-06-12,3432.3214
2017-06-13,3434.7510
2017-06-14,3432.2189
2017-06-15,3433.5740
2017-06-16,3434.2105
2017-06-19,3440.7099
2017-06-20,3442.0088
2017-06-21,3445.9960
2017-06-22,3444.3189
2017-06-23,3449.7573
2017-06-26,3455.7871
2017-06-27,3457.9114
2017-06-28,3455.9259
2017-06-29,3458.9573
2017-06-30,3462.6613
2017-07-03,3462.7784
2017-07-04,3460.8775
2017-07-05,3465.2985
2017-07-06,3466.3546
2017-07-07,3467.1030
2017-07-10,3466.5442
2017-07-11,3467.0349
2017-07-12,3467.2218
2017-07-13,3469.4401
2017-07-14,3471.4380
2017-07-17,3467.1032
2017-07-18,3466.9224
2017-07-19,3472.2367
2017-07-20,3474.8383
2017-07-21,3474.9755
2017-07-24,3477.4566
2017-07-25,3476.3524
2017-07-26,3474.9435
2017-07-27,3475.9296
2017-07-28,3478.4050
2017-07-31,3480.4639
2017-08-01,3482.3338
2017-08-02,3481.7027
2017-08-03,3479.3573
2017-08-04,3477.6876
2017-08-07,3479.6131
2017-08-08,3479.9277
2017-08-09,3480.5273
2017-08-10,3479.2388
2017-08-11,3473.3309
2017-08-14,3478.9016
2017-08-15,3480.7430
2017-08-16,3480.6831
2017-08-17,3481.7110
2017-08-18,3483.8967
2017-08-21,3485.6721
2017-08-22,3485.9994
2017-08-23,3485.4903
2017-08-24,3483.4650
2017-08-25,3489.3137
2017-08-28,3493.2789
2017-08-29,3492.6083
2017-08-30,3492.3858
2017-08-31,3491.8560
2017-09-01,3494.6807
2017-09-04,3497.2257
2017-09-05,3498.3864
2017-09-06,3498.6333
2017-09-07,3497.0891
2017-09-08,3498.4360
2017-09-11,3500.4929
2017-09-12,3501.1072
2017-09-13,3502.4594
2017-09-14,3501.9136
2017-09-15,3502.4359
2017-09-18,3504.9134
2017-09-19,3503.2498
2017-09-20,3505.0064
2017-09-21,3504.5594
2017-09-22,3505.8377
2017-09-25,3505.3412
2017-09-26,3504.8795
2017-09-27,3505.8664
2017-09-28,3507.2450
2017-09-29,3511.0153
2017-10-09,3517.1729
2017-10-10,3518.0758
2017-10-11,3520.1218
2017-10-12,3521.0638
2017-10-13,3525.1532
2017-10-16,3523.2896
2017-10-17,3523.5399
2017-10-18,3526.5567
2017-10-19,3526.0002
2017-10-20,3526.2675
2017-10-23,3528.7187
2017-10-24,3530.8100
2017-10-25,3532.9532
2017-10-26,3533.4338
2017-10-27,3537.5096
2017-10-30,3534.2550
2017-10-31,3533.5352
2017-11-01,3533.0835
2017-11-02,3532.1294
2017-11-03,3530.1172
2017-11-06,3535.3323
2017-11-07,3537.9013
2017-11-08,3536.5921
2017-11-09,3540.5028
2017-11-10,3550.4626
2017-11-13,3552.5093
2017-11-14,3547.0997
2017-11-15,3543.0120
2017-11-16,3547.7768
2017-11-17,3543.6996
2017-11-20,3548.7834
2017-11-21,3553.9620
2017-11-22,3550.7645
2017-11-23,3535.0572
2017-11-24,3532.1252
2017-11-27,3526.1451
2017-11-28,3528.5674
2017-11-29,3528.2390
2017-11-30,3523.8135
2017-12-01,3523.1511
2017-12-04,3525.6011
2017-12-05,3524.4773
2017-12-06,3523.3220
2017-12-07,3519.1840
2017-12-08,3525.2502
2017-12-11,3533.0357
2017-12-12,3528.1092
2017-12-13,3531.8457
2017-12-14,3530.9983
2017-12-15,3526.8687
2017-12-18,3527.2070
2017-12-19,3532.2830
2017-12-20,3531.5984
2017-12-21,3536.4222
2017-12-22,3538.0736
2017-12-25,3537.0206
2017-12-26,3538.2894
2017-12-27,3530.3179
2017-12-28,3533.4257
2017-12-29,3536.3801
2018-01-02,3545.8407
2018-01-03,3549.5706
2018-01-04,3552.2699
2018-01-05,3557.1977
2018-01-08,3559.4463
2018-01-09,3562.7454
2018-01-10,3563.8604
2018-01-11,3562.1563
2018-01-12,3565.9366
2018-01-15,3565.3344
2018-01-16,3569.2714
2018-01-17,3565.6704
2018-01-18,3570.0054
2018-01-19,3570.6111
2018-01-22,3579.1985
2018-01-23,3584.5666
2018-01-24,3584.8674
2018-01-25,3582.4215
2018-01-26,3587.7534
2018-01-29,3578.0941
2018-01-30,3573.4493
2018-01-31,3576.9914
2018-02-01,3573.6213
2018-02-02,3577.0657
2018-02-05,3578.7983
2018-02-06,3562.5097
2018-02-07,3549.9501
2018-02-08,3547.0551
2018-02-09,3519.6550
2018-02-12,3529.9227
2018-02-13,3536.1125
2018-02-14,3545.1137
2018-02-22,3557.8979
2018-02-23,3561.9887
2018-02-26,3569.5068
2018-02-27,3562.5627
2018-02-28,3559.2489
2018-03-01,3562.7637
2018-03-02,3558.6350
2018-03-05,3557.8640
2018-03-06,3564.0637
2018-03-07,3561.0226
2018-03-08,3566.0322
2018-03-09,3572.9372
2018-03-12,3577.3249
2018-03-13,3573.4680
2018-03-14,3570.8924
2018-03-15,3573.5012
2018-03-16,3568.6169
2018-03-19,3571.1405
2018-03-20,3573.6237
2018-03-21,3570.6170
2018-03-22,3565.9225
2018-03-23,3549.6519
2018-03-26,3550.7909
2018-03-27,3555.4691
2018-03-28,3548.2795
2018-03-29,3553.3618
2018-03-30,3559.6146
2018-04-02,3560.0350
2018-04-03,3558.4512
2018-04-04,3558.3766
2018-04-09,3560.1461
2018-04-10,3566.8175
2018-04-11,3569.8203
2018-04-12,3566.3928
2018-04-13,3564.9328
2018-04-16,3560.6344
2018-04-17,3552.2779
2018-04-18,3561.5727
2018-04-19,3565.3775
2018-04-20,3557.2755
2018-04-23,3552.7797
2018-04-24,3563.4443
2018-04-25,3562.9717
2018-04-26,3554.3400
2018-04-27,3553.8624
2018-05-02,3555.0870
2018-05-03,3559.2152
2018-05-04,3560.1996
2018-05-07,3569.2823
2018-05-08,3573.5510
2018-05-09,3572.2845
2018-05-10,3574.4662
2018-05-11,3573.3234
2018-05-14,3575.7049
2018-05-15,3578.4092
2018-05-16,3575.2749
2018-05-17,3571.3263
2018-05-18,3575.8356
2018-05-21,3579.6461
2018-05-22,3578.6571
2018-05-23,3572.3631
2018-05-24,3569.4165
2018-05-25,3566.1570
2018-05-28,3568.0456
2018-05-29,3563.8345
2018-05-30,3555.8298
2018-05-31,3564.5057
2018-06-01,3558.3844
2018-06-04,3561.6458
2018-06-05,3568.8341
2018-06-06,3569.2177
2018-06-07,3567.7235
2018-06-08,3564.2203
2018-06-11,3562.8478
2018-06-12,3569.1265
2018-06-13,3564.9497
2018-06-14,3562.5075
2018-06-15,3558.5331
2018-06-19,3543.4545
2018-06-20,3547.4138
2018-06-21,3543.7579
2018-06-22,3545.1662
2018-06-25,3542.6205
2018-06-26,3540.7198
2018-06-27,3532.0377
2018-06-28,3528.0528
2018-06-29,3542.7108
2018-07-02,3534.7705
2018-07-03,3535.5565
2018-07-04,3530.8921
2018-07-05,3528.9255
2018-07-06,3530.5769
2018-07-09,3543.0753
2018-07-10,3544.7791
2018-07-11,3540.0435
2018-07-12,3550.1641
2018-07-13,3557.4456
2018-07-16,3556.7164
2018-07-17,3554.9383
2018-07-18,3553.4924
2018-07-19,3553.9209
2018-07-20,3562.3267
2018-07-23,3566.6495
2018-07-24,3572.6391
2018-07-25,3573.1842
2018-07-26,3567.7019
2018-07-27,3568.0800
2018-07-30,3566.5209
2018-07-31,3568.7655
2018-08-01,3562.5415
2018-08-02,3555.2018
2018-08-03,3546.0243
2018-08-06,3540.7990
2018-08-07,3554.0853
2018-08-08,3546.8081
2018-08-09,3555.5099
2018-08-10,3556.8305
2018-08-13,3555.3647
2018-08-14,3552.8542
2018-08-15,3543.5939
2018-08-16,3540.0145
2018-08-17,3527.5515
2018-08-20,3529.1377
2018-08-21,3536.7077
2018-08-22,3534.2894
2018-08-23,3537.4575
2018-08-24,3539.8949
2018-08-27,3550.0909
2018-08-28,3550.2203
2018-08-29,3547.8605
2018-08-30,3544.2557
2018-08-31,3542.0509
2018-09-03,3541.7759
2018-09-04,3545.9407
2018-09-05,3539.2949
2018-09-06,3536.1776
2018-09-07,3535.6033
2018-09-10,3528.9039
2018-09-11,3527.6470
2018-09-12,3524.8104
2018-09-13,3528.1420
2018-09-14,3526.1108
2018-09-17,3522.5101
2018-09-18,3528.9354
2018-09-19,3534.6915
2018-09-20,3533.7245
2018-09-21,3547.7721
2018-09-25,3545.5981
2018-09-26,3550.0816
2018-09-27,3548.3168
2018-09-28,3554.1337
2018-10-08,3538.7857
2018-10-09,3538.8295
2018-10-10,3538.6100
2018-10-11,3522.5099
2018-10-12,3523.3467
2018-10-15,3518.8655
2018-10-16,3514.7921
2018-10-17,3515.9939
2018-10-18,3508.6959
2018-10-19,3518.5875
2018-10-22,3533.8516
2018-10-23,3525.7610
2018-10-24,3525.7210
2018-10-25,3525.9166
2018-10-26,3525.1249
2018-10-29,3517.7485
2018-10-30,3521.1952
2018-10-31,3526.9533
2018-11-01,3530.1379
2018-11-02,3544.7603
2018-11-05,3543.4972
2018-11-06,3543.0844
2018-11-07,3542.2454
2018-11-08,3540.8847
2018-11-09,3536.9179
2018-11-12,3542.3855
2018-11-13,3546.0961
2018-11-14,3545.9460
2018-11-15,3551.3051
2018-11-16,3559.0829
2018-11-19,3561.6720
2018-11-20,3553.8912
2018-11-21,3555.0499
2018-11-22,3554.0802
2018-11-23,3543.9108
2018-11-26,3543.3724
2018-11-27,3543.5260
2018-11-28,3548.1741
2018-11-29,3544.5118
2018-11-30,3548.3769
2018-12-03,3558.8771
2018-12-04,3560.8800
2018-12-05,3560.8124
2018-12-06,3554.6234
2018-12-07,3556.2024
2018-12-10,3554.4483
2018-12-11,3556.6948
2018-12-12,3558.2091
2018-12-13,3561.7684
2018-12-14,3554.4700
2018-12-17,3551.8026
2018-12-18,3547.9584
2018-12-19,3544.6280
2018-12-20,3544.4961
2018-12-21,3538.9144
2018-12-24,3541.4633
2018-12-25,3540.5861
2018-12-26,3539.8702
2018-12-27,3539.1985
2018-12-28,3544.2789
2019-01-02,3543.8719
2019-01-03,3543.9793
2019-01-04,3552.7015
2019-01-07,3558.9457
2019-01-08,3560.2419
2019-01-09,3564.2602
2019-01-10,3565.3178
2019-01-11,3569.9814
2019-01-14,3566.6883
2019-01-15,3572.8623
2019-01-16,3574.8644
2019-01-17,3573.1879
2019-01-18,3580.2445
2019-01-21,3582.6961
2019-01-22,3578.9385
2019-01-23,3579.3502
2019-01-24,3581.9424
2019-01-25,3585.7927
2019-01-28,3585.3695
2019-01-29,3586.0717
2019-01-30,3584.3731
2019-01-31,3587.4701
2019-02-01,3596.6481
2019-02-11,3605.7249
2019-02-12,3609.1245
2019-02-13,3616.1461
2019-02-14,3617.7802
2019-02-15,3614.6707
2019-02-18,3629.2445
2019-02-19,3626.9121
2019-02-20,3628.7454
2019-02-21,3629.2693
2019-02-22,3644.4695
2019-02-25,3669.0049
2019-02-26,3661.0843
2019-02-27,3656.9275
2019-02-28,3658.0591
2019-03-01,3669.1972
2019-03-04,3677.1742
2019-03-05,3682.7747
2019-03-06,3688.5770
2019-03-07,3684.2593
2019-03-08,3668.4764
2019-03-11,3684.4719
2019-03-12,3692.4421
2019-03-13,3682.3394
2019-03-14,3674.9880
2019-03-15,3685.0134
2019-03-18,3702.9710
2019-03-19,3703.1393
2019-03-20,3701.4695
2019-03-21,3705.8096
2019-03-22,3711.4408
2019-03-25,3701.8616
2019-03-26,3692.2865
2019-03-27,3699.2634
2019-03-28,3697.2831
2019-03-29,3718.5661
2019-04-01,3737.5853
2019-04-02,3736.8802
2019-04-03,3741.4621
2019-04-04,3751.4527
2019-04-08,3749.2072
2019-04-09,3748.9056
2019-04-10,3748.5251
2019-04-11,3732.9025
2019-04-12,3727.5831
2019-04-15,3721.1102
2019-04-16,3732.9115
2019-04-17,3736.0110
2019-04-18,3734.9383
2019-04-19,3743.0990
2019-04-22,3730.5039
2019-04-23,3726.0233
2019-04-24,3727.4734
2019-04-25,3711.9247
2019-04-26,3699.1001
2019-04-29,3698.7628
2019-04-30,3704.4400
2019-05-06,3671.6254
2019-05-07,3679.4192
2019-05-08,3674.2477
2019-05-09,3667.7039
2019-05-10,3687.1134
2019-05-13,3681.0709
2019-05-14,3678.8495
2019-05-15,3693.5685
2019-05-16,3696.6324
2019-05-17,3681.3323
2019-05-20,3674.7565
2019-05-21,3681.7853
2019-05-22,3680.8311
2019-05-23,3670.7465
2019-05-24,3669.3491
2019-05-27,3674.2252
2019-05-28,3678.4615
2019-05-29,3678.5061
2019-05-30,3675.7366
2019-05-31,3677.2725
2019-06-03,3675.1673
2019-06-04,3669.0596
2019-06-05,3669.1236
2019-06-06,3660.2221
2019-06-10,3668.0559
2019-06-11,3685.8723
2019-06-12,3681.4109
2019-06-13,3680.2938
2019-06-14,3677.5452
2019-06-17,3676.3456
2019-06-18,3678.7612
2019-06-19,3688.4307
2019-06-20,3707.9229
2019-06-21,3716.5182
2019-06-24,3719.3328
2019-06-25,3714.5197
2019-06-26,3716.4919
2019-06-27,3725.6669
2019-06-28,3726.3685
2019-07-01,3745.7417
2019-07-02,3748.2307
2019-07-03,3742.5559
2019-07-04,3738.2852
2019-07-05,3745.4157
2019-07-08,3730.0576
2019-07-09,3728.9882
2019-07-10,3727.9586
2019-07-11,3729.0236
2019-07-12,3732.1601
2019-07-15,3734.8881
2019-07-16,3732.1835
2019-07-17,3731.8314
2019-07-18,3725.7960
2019-07-19,3732.4839
2019-07-22,3744.0765
2019-07-23,3746.9521
2019-07-24,3753.0972
2019-07-25,3759.4833
2019-07-26,3766.6267
2019-07-29,3767.2682
2019-07-30,3770.9105
2019-07-31,3767.6436
2019-08-01,3762.8974
2019-08-02,3756.6932
2019-08-05,3746.7592
2019-08-06,3740.6303
2019-08-07,3741.3392
2019-08-08,3755.1199
2019-08-09,3749.6575
2019-08-12,3762.9014
2019-08-13,3759.3685
2019-08-14,3762.9206
2019-08-15,3766.7560
2019-08-16,3774.4356
2019-08-19,3789.7648
2019-08-20,3788.2412
2019-08-21,3787.3813
2019-08-22,3788.7615
2019-08-23,3797.4776
2019-08-26,3791.4523
2019-08-27,3801.6321
2019-08-28,3799.9583
2019-08-29,3798.9673
2019-08-30,3798.9720
2019-09-02,3808.2853
2019-09-03,3810.9789
2019-09-04,3816.3344
2019-09-05,3825.3365
2019-09-06,3834.5164
2019-09-09,3843.1802
2019-09-10,3839.9103
2019-09-11,3833.0418
2019-09-12,3839.6308
2019-09-16,3838.8893
2019-09-17,3825.5324
2019-09-18,3829.2154
2019-09-19,3833.2238
2019-09-20,3835.8326
2019-09-23,3828.7895
2019-09-24,3832.4499
2019-09-25,3825.8797
2019-09-26,3817.8830
2019-09-27,3818.3011
2019-09-30,3814.1599
2019-10-08,3818.3754
2019-10-09,3819.9291
2019-10-10,3828.6790
2019-10-11,3836.4256
2019-10-14,3844.4960
2019-10-15,3838.9898
2019-10-16,3836.2303
2019-10-17,3837.6876
2019-10-18,3827.3072
2019-10-21,3825.7307
2019-10-22,3830.6073
2019-10-23,3825.4529
2019-10-24,3823.8756
2019-10-25,3830.7023
2019-10-28,3837.4478
2019-10-29,3834.5893
2019-10-30,3828.9868
2019-10-31,3827.2387
2019-11-01,3840.4795
2019-11-04,3847.1508
2019-11-05,3855.1530
2019-11-06,3853.3202
2019-11-07,3856.5248
2019-11-08,3855.4825
2019-11-11,3842.1843
2019-11-12,3842.5224
2019-11-13,3845.3836
2019-11-14,3847.8705
2019-11-15,3842.4038
2019-11-18,3854.6363
2019-11-19,3864.1342
2019-11-20,3859.6317
2019-11-21,3856.1812
2019-11-22,3847.3646
2019-11-25,3850.3220
2019-11-26,3852.8786
2019-11-27,3851.1139
2019-11-28,3849.0786
2019-11-29,3842.3424
2019-12-02,3843.6641
2019-12-03,3845.9814
2019-12-04,3846.3246
2019-12-05,3854.1935
2019-12-06,3863.0238
2019-12-09,3863.6182
2019-12-10,3868.0763
2019-12-11,3870.0312
2019-12-12,3869.3878
2019-12-13,3886.0335
2019-12-16,3894.3944
2019-12-17,3905.1406
2019-12-18,3903.2573
2019-12-19,3902.6457
2019-12-20,3902.0237
2019-12-23,3893.9733
2019-12-24,3902.6101
2019-12-25,3904.3489
2019-12-26,3913.7497
2019-12-27,3913.9396
2019-12-30,3925.5253
2019-12-31,3933.1999
2020-01-02,3947.5746
2020-01-03,3948.9756
2020-01-06,3950.7931
2020-01-07,3959.0525
2020-01-08,3950.5557
2020-01-09,3964.2118
2020-01-10,3965.9495
2020-01-13,3975.7181
2020-01-14,3973.6407
2020-01-15,3969.8431
2020-01-16,3968.8609
2020-01-17,3973.6199
2020-01-20,3985.2469
2020-01-21,3974.2635
2020-01-22,3982.2808
2020-01-23,3952.9294
2020-02-03,3890.8283
2020-02-04,3922.9448
2020-02-05,3937.2805
2020-02-06,3956.8771
2020-02-07,3960.8424
2020-02-10,3968.8541
2020-02-11,3975.0503
2020-02-12,3990.0810
2020-02-13,3987.5914
2020-02-14,3994.1851
2020-02-17,4017.1620
2020-02-18,4020.9123
2020-02-19,4016.1749
2020-02-20,4033.9046
2020-02-21,4049.8311
2020-02-24,4052.3432
2020-02-25,4051.5662
2020-02-26,4031.4292
2020-02-27,4038.4228
2020-02-28,3999.1274
2020-03-02,4027.0294
2020-03-03,4034.5830
2020-03-04,4037.9987
2020-03-05,4056.0906
2020-03-06,4051.2564
2020-03-09,4016.5665
2020-03-10,4034.3948
2020-03-11,4022.2865
2020-03-12,4002.9414
2020-03-13,3984.2365
2020-03-16,3944.0753
2020-03-17,3939.9027
2020-03-18,3927.3931
2020-03-19,3920.2527
2020-03-20,3934.8218
2020-03-23,3905.4384
2020-03-24,3927.1722
2020-03-25,3952.3929
2020-03-26,3950.2203
2020-03-27,3952.6803
2020-03-30,3941.2165
2020-03-31,3945.7890
2020-04-01,3944.2703
2020-04-02,3958.4976
2020-04-03,3955.0084
2020-04-07,3984.6464
2020-04-08,3984.0718
2020-04-09,3988.5783
2020-04-10,3980.4269
2020-04-13,3974.3183
2020-04-14,3992.0091
2020-04-15,3987.5799
2020-04-16,3994.6491
2020-04-17,4003.9548
2020-04-20,4012.2249
2020-04-21,4003.7708
2020-04-22,4013.1694
2020-04-23,4012.6654
2020-04-24,4006.1684
2020-04-27,4011.3626
2020-04-28,4015.8905
2020-04-29,4018.2898
2020-04-30,4032.0930
2020-05-06,4039.1236
2020-05-07,4035.8802
2020-05-08,4045.7455
2020-05-11,4040.9507
2020-05-12,4042.6037
2020-05-13,4046.6117
2020-05-14,4036.2832
2020-05-15,4034.3824
2020-05-18,4034.2111
2020-05-19,4042.5550
2020-05-20,4034.0239
2020-05-21,4028.9695
2020-05-22,4011.3177
2020-05-25,4011.1116
2020-05-26,4022.4449
2020-05-27,4014.4498
2020-05-28,4015.1689
2020-05-29,4025.6825
2020-06-01,4047.8015
2020-06-02,4041.3537
2020-06-03,4037.0786
2020-06-04,4035.2953
2020-06-05,4035.8366
2020-06-08,4037.0863
2020-06-09,4045.1972
2020-06-10,4048.7622
2020-06-11,4043.7595
2020-06-12,4049.7938
2020-06-15,4043.5210
2020-06-16,4057.9196
2020-06-17,4057.5853
2020-06-18,4060.4483
2020-06-19,4076.6851
2020-06-22,4076.8239
2020-06-23,4083.2264
2020-06-24,4090.3304
2020-06-29,4088.0581
2020-06-30,4105.9010
2020-07-01,4117.9781
2020-07-02,4130.8788
2020-07-03,4147.1746
2020-07-06,4188.3703
2020-07-07,4199.5548
2020-07-08,4214.9129
2020-07-09,4234.9542
2020-07-10,4231.5556
2020-07-13,4260.1077
2020-07-14,4248.2368
2020-07-15,4240.7112
2020-07-16,4196.9796
2020-07-17,4209.6865
2020-07-20,4238.8641
2020-07-21,4252.9302
2020-07-22,4267.1136
2020-07-23,4271.9136
2020-07-24,4221.7640
2020-07-27,4224.5465
2020-07-28,4238.2844
2020-07-29,4267.1276
2020-07-30,4265.2121
2020-07-31,4284.0120
2020-08-03,4299.9401
2020-08-04,4296.9646
2020-08-05,4303.4084
2020-08-06,4298.9947
2020-08-07,4291.0564
2020-08-10,4295.1949
2020-08-11,4285.3261
2020-08-12,4273.8559
2020-08-13,4275.1298
2020-08-14,4288.1888
2020-08-17,4306.2949
2020-08-18,4313.9584
2020-08-19,4299.4570
2020-08-20,4287.6238
2020-08-21,4297.3790
2020-08-24,4310.5624
2020-08-25,4310.4976
2020-08-26,4296.6916
2020-08-27,4302.8308
2020-08-28,4326.8161
2020-08-31,4324.0446
2020-09-01,4331.0097
2020-09-02,4332.8074
2020-09-03,4327.3071
2020-09-04,4317.7540
2020-09-07,4294.3156
2020-09-08,4294.8292
2020-09-09,4272.6525
2020-09-10,4272.5471
2020-09-11,4281.0366
2020-09-14,4287.4866
2020-09-15,4295.6857
2020-09-16,4291.5283
2020-09-17,4290.8032
2020-09-18,4308.7349
2020-09-21,4302.3216
2020-09-22,4293.6886
2020-09-23,4300.0399
2020-09-24,4282.5672
2020-09-25,4277.7335
2020-09-28,4279.9415
2020-09-29,4285.6233
2020-09-30,4288.4650
2020-10-09,4310.6899
2020-10-12,4335.2987
2020-10-13,4341.5171
2020-10-14,4337.7433
2020-10-15,4335.5894
2020-10-16,4335.9733
2020-10-19,4327.9638
2020-10-20,4337.8654
2020-10-21,4335.3419
2020-10-22,4333.3232
2020-10-23,4317.1140
2020-10-26,4317.7525
2020-10-27,4323.8871
2020-10-28,4331.9145
2020-10-29,4341.7473
2020-10-30,4326.3015
2020-11-02,4335.0387
2020-11-03,4343.9851
2020-11-04,4351.2862
2020-11-05,4366.5520
2020-11-06,4366.5396
2020-11-09,4381.1286
2020-11-10,4376.6966
2020-11-11,4367.9668
2020-11-12,4370.2579
2020-11-13,4358.9533
2020-11-16,4366.2365
2020-11-17,4360.7974
2020-11-18,4358.4143
2020-11-19,4363.3459
2020-11-20,4367.5451
2020-11-23,4377.5651
2020-11-24,4373.8669
2020-11-25,4360.9484
2020-11-26,4361.2377
2020-11-27,4370.8643
2020-11-30,4367.9406
2020-12-01,4386.1809
2020-12-02,4386.7593
2020-12-03,4384.7625
2020-12-04,4390.3891
2020-12-07,4387.4156
2020-12-08,4387.2606
2020-12-09,4376.5311
2020-12-10,4378.3800
2020-12-11,4367.8282
2020-12-14,4377.0304
2020-12-15,4379.4233
2020-12-16,4383.5158
2020-12-17,4392.8635
2020-12-18,4394.8228
2020-12-21,4407.9948
2020-12-22,4396.3387
2020-12-23,4406.0439
2020-12-24,4402.6143
2020-12-25,4415.7556
2020-12-28,4419.3568
2020-12-29,4413.3519
2020-12-30,4430.3951
2020-12-31,4452.6015
2021-01-04,4467.6649
2021-01-05,4483.2744
2021-01-06,4490.7124
2021-01-07,4507.2199
2021-01-08,4508.2879
2021-01-11,4500.2885
2021-01-12,4524.8227
2021-01-13,4517.8996
2021-01-14,4501.7515
2021-01-15,4502.3515
2021-01-18,4516.2449
2021-01-19,4503.6535
2021-01-20,4514.8935
2021-01-21,4530.4885
2021-01-22,4541.7715
2021-01-25,4552.4378
2021-01-26,4530.8868
2021-01-27,4533.7675
2021-01-28,4503.7087
2021-01-29,4491.1554
2021-02-01,4505.2192
2021-02-02,4521.1994
2021-02-03,4519.0939
2021-02-04,4513.8970
2021-02-05,4512.8273
2021-02-08,4527.6464
2021-02-09,4550.5865
2021-02-10,4576.0672
2021-02-18,4571.4692
2021-02-19,4568.4925
2021-02-22,4545.2765
2021-02-23,4542.4212
2021-02-24,4517.2358
2021-02-25,4521.2274
2021-02-26,4492.5426
2021-03-01,4510.7072
2021-03-02,4501.5004
2021-03-03,4519.2736
2021-03-04,4489.2309
2021-03-05,4485.7669
2021-03-08,4457.4922
2021-03-09,4439.4600
2021-03-10,4447.4235
2021-03-11,4469.9366
2021-03-12,4473.4873
2021-03-15,4456.3922
2021-03-16,4465.1712
2021-03-17,4470.2343
2021-03-18,4479.7455
2021-03-19,4458.4118
2021-03-22,4467.9168
2021-03-23,4458.6915
2021-03-24,4443.8131
2021-03-25,4446.7333
2021-03-26,4466.2501
2021-03-29,4471.0871
2021-03-30,4480.3665
2021-03-31,4473.2932
2021-04-01,4483.9320
2021-04-02,4493.2192
2021-04-06,4492.0674
2021-04-07,4486.0864
2021-04-08,4488.6734
2021-04-09,4478.2673
2021-04-12,4463.2890
2021-04-13,4463.4982
2021-04-14,4472.6419
2021-04-15,4469.8938
2021-04-16,4473.7888
2021-04-19,4492.6984
2021-04-20,4494.7458
2021-04-21,4497.7843
2021-04-22,4499.5560
2021-04-23,4509.2036
2021-04-26,4503.3124
2021-04-27,4505.8538
2021-04-28,4511.9231
2021-04-29,4515.7378
2021-04-30,4513.3955
2021-05-06,4509.1190
2021-05-07,4497.2368
2021-05-10,4497.5211
2021-05-11,4498.8864
2021-05-12,4504.0384
2021-05-13,4495.0816
2021-05-14,4509.7271
2021-05-17,4523.6434
2021-05-18,4525.1918
2021-05-19,4524.3765
2021-05-20,4526.8082
2021-05-21,4524.1230
2021-05-24,4528.1124
2021-05-25,4549.6120
2021-05-26,4550.9152
2021-05-27,4555.5231
2021-05-28,4554.9286
2021-05-31,4561.1177
2021-06-01,4563.8162
2021-06-02,4556.8549
2021-06-03,4552.7049
2021-06-04,4556.7800
2021-06-07,4556.4317
2021-06-08,4549.9785
2021-06-09,4552.3192
2021-06-10,4560.9128
2021-06-11,4556.9534
2021-06-15,4550.0491
2021-06-16,4534.2350
2021-06-17,4539.8846
2021-06-18,4542.7130
2021-06-21,4547.2600
2021-06-22,4555.2682
2021-06-23,4563.3281
2021-06-24,4562.7440
2021-06-25,4577.9222
2021-06-28,4580.6528
2021-06-29,4575.0483
2021-06-30,4583.2885
2021-07-01,4584.0115
2021-07-02,4561.9807
2021-07-05,4565.7572
2021-07-06,4565.8854
2021-07-07,4579.9803
2021-07-08,4577.5229
2021-07-09,4581.0241
2021-07-12,4595.9566
2021-07-13,4602.0992
2021-07-14,4594.3328
2021-07-15,4604.6055
2021-07-16,4598.6079
2021-07-19,4598.2230
2021-07-20,4598.3123
2021-07-21,4611.2693
2021-07-22,4618.1440
2021-07-23,4610.8417
2021-07-26,4591.0634
2021-07-27,4560.5570
2021-07-28,4558.9226
2021-07-29,4583.4346
2021-07-30,4579.6087
2021-08-02,4599.4291
2021-08-03,4592.1036
2021-08-04,4609.9534
2021-08-05,4607.6439
2021-08-06,4608.5102
2021-08-09,4613.2998
2021-08-10,4621.2912
2021-08-11,4624.8345
2021-08-12,4622.6168
2021-08-13,4620.9072
2021-08-16,4616.8332
2021-08-17,4596.3880
2021-08-18,4604.8902
2021-08-19,4604.4746
2021-08-20,4592.6426
2021-08-23,4610.6887
2021-08-24,4622.0866
2021-08-25,4627.6948
2021-08-26,4612.1414
2021-08-27,4620.1560
2021-08-30,4624.2791
2021-08-31,4625.3642
2021-09-01,4624.2498
2021-09-02,4635.8593
2021-09-03,4628.0138
2021-09-06,4642.6426
2021-09-07,4660.0193
2021-09-08,4656.6749
2021-09-09,4657.8010
2021-09-10,4665.8503
2021-09-13,4666.7582
2021-09-14,4656.0231
2021-09-15,4652.3488
2021-09-16,4631.1254
2021-09-17,4634.3422
2021-09-22,4636.9026
2021-09-23,4636.9978
2021-09-24,4627.5656
2021-09-27,4618.2234
2021-09-28,4622.1129
2021-09-29,4603.3309
2021-09-30,4618.8249
2021-10-08,4618.9099
2021-10-11,4616.6848
2021-10-12,4601.3641
2021-10-13,4610.2821
2021-10-14,4611.9467
2021-10-15,4619.5010
2021-10-18,4617.9940
2021-10-19,4626.0049
2021-10-20,4625.7066
2021-10-21,4627.6066
2021-10-22,4627.3982
2021-10-25,4636.1507
2021-10-26,4634.3024
2021-10-27,4628.5314
2021-10-28,4619.7628
2021-10-29,4630.4882
2021-11-01,4634.0537
2021-11-02,4626.9045
2021-11-03,4625.2905
2021-11-04,4636.9964
2021-11-05,4628.2208
2021-11-08,4631.8697
2021-11-09,4636.7994
2021-11-10,4634.0657
2021-11-11,4647.1974
2021-11-12,4652.9630
2021-11-15,4648.9468
2021-11-16,4644.7445
2021-11-17,4652.2724
2021-11-18,4648.5767
2021-11-19,4662.3279
2021-11-22,4674.5721
2021-11-23,4671.9353
2021-11-24,4672.3080
2021-11-25,4669.3126
2021-11-26,4667.9752
2021-11-29,4673.1962
2021-11-30,4672.4587
2021-12-01,4674.0733
2021-12-02,4672.1416
2021-12-03,4682.8086
2021-12-06,4676.3894
2021-12-07,4671.5437
2021-12-08,4688.5868
2021-12-09,4699.0862
2021-12-10,4701.0656
2021-12-13,4707.5100
2021-12-14,4701.5363
2021-12-15,4695.1002
2021-12-16,4702.1101
2021-12-17,4686.5880
2021-12-20,4670.1171
2021-12-21,4679.7056
2021-12-22,4684.9137
2021-12-23,4693.2457
2021-12-24,4686.8213
2021-12-27,4685.4063
2021-12-28,4692.4231
2021-12-29,4682.9326
2021-12-30,4692.7077
2021-12-31,4702.5381
2022-01-04,4696.3946
2022-01-05,4679.3623
2022-01-06,4676.2707
2022-01-07,4669.0456
2022-01-10,4674.7952
2022-01-11,4664.3664
2022-01-12,4677.6536
2022-01-13,4659.5686
2022-01-14,4653.8660
2022-01-17,4665.4833
2022-01-18,4674.7971
2022-01-19,4670.6156
2022-01-20,4672.4762
2022-01-21,4664.5343
2022-01-24,4670.9820
2022-01-25,4645.6268
2022-01-26,4652.7171
2022-01-27,4632.4451
2022-01-28,4622.8708
2022-02-07,4639.5707
2022-02-08,4635.4370
2022-02-09,4647.5648
2022-02-10,4645.5845
2022-02-11,4631.3108
2022-02-14,4614.5614
2022-02-15,4621.8999
2022-02-16,4627.2861
2022-02-17,4631.6917
2022-02-18,4636.9733
2022-02-21,4634.1446
2022-02-22,4621.1730
2022-02-23,4634.2313
2022-02-24,4616.5345
2022-02-25,4623.9392
2022-02-28,4628.2587
2022-03-01,4633.1032
2022-03-02,4625.6292
2022-03-03,4616.8358
2022-03-04,4602.6826
2022-03-07,4575.8053
2022-03-08,4550.8751
2022-03-09,4540.8715
2022-03-10,4555.9803
2022-03-11,4553.4429
2022-03-14,4528.3608
2022-03-15,4484.7539
2022-03-16,4519.1425
2022-03-17,4537.1876
2022-03-18,4544.1266
2022-03-21,4547.0141
2022-03-22,4546.9705
2022-03-23,4550.1901
2022-03-24,4542.9379
2022-03-25,4526.5624
2022-03-28,4522.5463
2022-03-29,4520.8455
2022-03-30,4544.4693
2022-03-31,4536.6780
2022-04-01,4549.1138
2022-04-06,4548.7054
2022-04-07,4536.6409
2022-04-08,4539.5676
2022-04-11,4513.0436
2022-04-12,4523.1088
2022-04-13,4517.1349
2022-04-14,4529.9315
2022-04-15,4526.8420
2022-04-18,4524.7733
2022-04-19,4521.5219
2022-04-20,4505.3669
2022-04-21,4485.9352
2022-04-22,4486.8360
2022-04-25,4444.4078
2022-04-26,4437.1838
2022-04-27,4464.3776
2022-04-28,4470.1073
2022-04-29,4497.0759
2022-05-05,4500.7196
2022-05-06,4478.9277
2022-05-09,4478.2894
2022-05-10,4489.4203
2022-05-11,4500.6158
2022-05-12,4498.4001
2022-05-13,4509.7030
2022-05-16,4507.5389
2022-05-17,4519.3566
2022-05-18,4517.8249
2022-05-19,4521.8610
2022-05-20,4539.4921
2022-05-23,4538.4706
2022-05-24,4513.4584
2022-05-25,4522.4759
2022-05-26,4530.0237
2022-05-27,4531.4767
2022-05-30,4538.9789
2022-05-31,4550.4515
2022-06-01,4549.2821
2022-06-02,4554.0511
2022-06-06,4572.4830
2022-06-07,4572.4698
2022-06-08,4580.2302
2022-06-09,4570.4368
2022-06-10,4588.5608
2022-06-13,4580.9876
2022-06-14,4584.9545
2022-06-15,4589.9545
2022-06-16,4587.2366
2022-06-17,4601.9520
2022-06-20,4607.0975
2022-06-21,4603.0239
2022-06-22,4591.0900
2022-06-23,4614.2026
2022-06-24,4628.1464
2022-06-27,4640.7867
2022-06-28,4650.8237
2022-06-29,4632.6515
2022-06-30,4650.8501
2022-07-01,4648.4184
2022-07-04,4656.8666
2022-07-05,4652.6862
2022-07-06,4637.7832
2022-07-07,4644.7839
2022-07-08,4639.4777
2022-07-11,4624.3263
2022-07-12,4616.5840
2022-07-13,4620.5577
2022-07-14,4626.8769
2022-07-15,4617.8522
2022-07-18,4631.3283
2022-07-19,4630.1525
2022-07-20,4639.3019
2022-07-21,4630.0378
2022-07-22,4627.3779
2022-07-25,4621.0605
2022-07-26,4633.7900
2022-07-27,4636.9182
2022-07-28,4637.9172
2022-07-29,4630.8041
2022-08-01,4639.9400
2022-08-02,4622.3883
2022-08-03,4612.4354
2022-08-04,4618.2962
2022-08-05,4629.7766
2022-08-08,4636.8382
2022-08-09,4640.6933
2022-08-10,4634.4940
2022-08-11,4647.9658
2022-08-12,4645.1579
2022-08-15,4654.5535
2022-08-16,4659.2222
2022-08-17,4664.7749
2022-08-18,4663.2199
2022-08-19,4652.4334
2022-08-22,4662.4510
2022-08-23,4662.0016
2022-08-24,4633.6430
2022-08-25,4637.6954
2022-08-26,4631.8903
2022-08-29,4633.4237
2022-08-30,4627.4242
2022-08-31,4612.5763
2022-09-01,4608.2417
2022-09-02,4607.9916
2022-09-05,4612.1508
2022-09-06,4628.8167
2022-09-07,4633.0587
2022-09-08,4627.0056
2022-09-09,4636.0655
2022-09-13,4638.0757
2022-09-14,4628.9373
2022-09-15,4611.5732
2022-09-16,4587.8472
2022-09-19,4584.7105
2022-09-20,4590.8644
2022-09-21,4586.4786
2022-09-22,4583.9130
2022-09-23,4572.5856
2022-09-26,4567.5546
2022-09-27,4581.1781
2022-09-28,4560.0702
2022-09-29,4559.8650
2022-09-30,4548.5871
2022-10-10,4533.6474
2022-10-11,4535.8430
2022-10-12,4552.8518
2022-10-13,4549.4084
2022-10-14,4572.7454
2022-10-17,4575.3805
2022-10-18,4577.8334
2022-10-19,4565.0747
2022-10-20,4556.2973
2022-10-21,4556.9164
2022-10-24,4536.0264
2022-10-25,4532.9634
2022-10-26,4542.9299
2022-10-27,4534.9653
2022-10-28,4510.2770
2022-10-31,4504.1900
2022-11-01,4529.5553
2022-11-02,4542.4925
2022-11-03,4540.3141
2022-11-04,4570.1798
2022-11-07,4568.8505
2022-11-08,4562.4375
2022-11-09,4555.0879
2022-11-10,4543.2055
2022-11-11,4561.2267
2022-11-14,4549.0504
2022-11-15,4566.0376
2022-11-16,4551.0589
2022-11-17,4545.6512
2022-11-18,4538.5146
2022-11-21,4537.8167
2022-11-22,4530.6583
2022-11-23,4532.9020
2022-11-24,4536.8692
2022-11-25,4534.4958
2022-11-28,4526.2010
2022-11-29,4547.4650
2022-11-30,4546.2125
2022-12-01,4555.6383
2022-12-02,4551.7664
2022-12-05,4563.5092
2022-12-06,4561.8130
2022-12-07,4552.8446
2022-12-08,4551.9961
2022-12-09,4559.4315
2022-12-12,4546.5575
2022-12-13,4535.2217
2022-12-14,4536.2987
2022-12-15,4536.1839
2022-12-16,4530.4257
2022-12-19,4516.0339
2022-12-20,4502.4901
2022-12-21,4501.2702
2022-12-22,4499.9512
2022-12-23,4497.7095
2022-12-26,4510.4863
2022-12-27,4523.5589
2022-12-28,4520.0524
2022-12-29,4519.2369
2022-12-30,4524.9227
2023-01-03,4538.9423
2023-01-04,4544.3610
2023-01-05,4563.0463
2023-01-06,4567.1337
2023-01-09,4573.3102
2023-01-10,4571.1181
2023-01-11,4567.1209
2023-01-12,4567.3809
2023-01-13,4577.3455
2023-01-16,4589.3257
2023-01-17,4590.1001
2023-01-18,4591.2744
2023-01-19,4599.3060
2023-01-20,4609.5285
2023-01-30,4614.6710
2023-01-31,4607.2440
2023-02-01,4619.6948
2023-02-02,4621.1315
2023-02-03,4615.1286
2023-02-06,4601.0343
2023-02-07,4604.2535
2023-02-08,4599.2646
2023-02-09,4616.8433
2023-02-10,4609.9326
2023-02-13,4622.0485
2023-02-14,4623.0425
2023-02-15,4617.0964
2023-02-16,4604.5795
2023-02-17,4590.8204
2023-02-20,4612.8332
2023-02-21,4613.3642
2023-02-22,4608.3728
2023-02-23,4606.9322
2023-02-24,4597.8572
2023-02-27,4592.9712
2023-02-28,4598.4034
2023-03-01,4612.4866
2023-03-02,4607.7608
2023-03-03,4610.2300
2023-03-06,4611.1810
2023-03-07,4593.0940
2023-03-08,4591.0416
2023-03-09,4589.2405
2023-03-10,4572.8968
2023-03-13,4585.9863
2023-03-14,4576.4682
2023-03-15,4578.3890
2023-03-16,4563.4859
2023-03-17,4570.2028
2023-03-20,4564.6200
2023-03-21,4577.5790
2023-03-22,4581.9059
2023-03-23,4590.6645
2023-03-24,4585.8454
2023-03-27,4583.0809
2023-03-28,4578.8181
2023-03-29,4581.5283
2023-03-30,4588.8761
2023-03-31,4597.1549
2023-04-03,4608.7395
2023-04-04,4610.1611
2023-04-06,4612.3220
2023-04-07,4624.2506
2023-04-10,4616.4148
2023-04-11,4615.9811
2023-04-12,4618.9165
2023-04-13,4611.7221
2023-04-14,4619.2958
2023-04-17,4630.1486
2023-04-18,4630.9976
2023-04-19,4621.8807
2023-04-20,4620.4262
2023-04-21,4594.0398
2023-04-24,4581.6661
2023-04-25,4572.2233
2023-04-26,4575.1528
2023-04-27,4583.5271
2023-04-28,4596.3824
2023-05-04,4597.2838
2023-05-05,4589.6292
2023-05-08,4598.4326
2023-05-09,4583.6659
2023-05-10,4579.1958
2023-05-11,4579.2085
2023-05-12,4563.3857
2023-05-15,4576.2580
2023-05-16,4570.7108
2023-05-17,4569.0498
2023-05-18,4572.3489
2023-05-19,4573.9241
2023-05-22,4580.5619
2023-05-23,4568.4670
2023-05-24,4558.1586
2023-05-25,4554.4327
2023-05-26,4560.0117
2023-05-29,4556.8488
2023-05-30,4559.4558
2023-05-31,4553.3158
2023-06-01,4555.7711
2023-06-02,4571.0020
2023-06-05,4569.6635
2023-06-06,4556.5135
2023-06-07,4555.6389
2023-06-08,4557.9488
2023-06-09,4567.1765
2023-06-12,4571.9836
2023-06-13,4577.9688
2023-06-14,4581.9806
2023-06-15,4591.5483
2023-06-16,4601.2527
2023-06-19,4596.5599
2023-06-20,4595.6083
2023-06-21,4574.6255
2023-06-26,4556.4009
2023-06-27,4570.0496
2023-06-28,4568.9867
2023-06-29,4569.3543
2023-06-30,4578.6932
2023-07-03,4587.5622
2023-07-04,4590.2801
2023-07-05,4581.1970
2023-07-06,4575.7013
2023-07-07,4570.2872
2023-07-10,4572.9064
2023-07-11,4581.1312
2023-07-12,4572.7904
2023-07-13,4588.1401
2023-07-14,4587.5835
2023-07-17,4582.9124
2023-07-18,4580.0862
2023-07-19,4579.0793
2023-07-20,4569.0129
2023-07-21,4568.2333
2023-07-24,4564.8470
2023-07-25,4587.6366
2023-07-26,4583.5281
2023-07-27,4580.6490
2023-07-28,4599.0158
2023-07-31,4604.9824
2023-08-01,4600.9819
2023-08-02,4595.3272
2023-08-03,4600.9031
2023-08-04,4605.5340
2023-08-07,4597.7049
2023-08-08,4594.3886
2023-08-09,4588.8333
2023-08-10,4591.7703
2023-08-11,4570.6617
2023-08-14,4569.6964
2023-08-15,4565.7201
2023-08-16,4556.5468
2023-08-17,4564.7135
2023-08-18,4550.0623
2023-08-21,4538.6818
2023-08-22,4544.9460
2023-08-23,4526.9945
2023-08-24,4534.4450
2023-08-25,4522.7186
2023-08-28,4529.7449
2023-08-29,4549.3886
2023-08-30,4553.2873
2023-08-31,4548.2419
2023-09-01,4554.2079
2023-09-04,4567.5237
2023-09-05,4558.9671
2023-09-06,4556.9167
2023-09-07,4536.5806
2023-09-08,4533.0156
2023-09-11,4539.4343
2023-09-12,4537.2600
2023-09-13,4530.6610
2023-09-14,4529.6084
2023-09-15,4526.7816
2023-09-18,4527.9409
2023-09-19,4524.4107
2023-09-20,4519.2519
2023-09-21,4511.5004
2023-09-22,4527.9831
2023-09-25,4521.7368
2023-09-26,4516.4193
2023-09-27,4519.9180
2023-09-28,4522.9789
2023-10-09,4520.6635
2023-10-10,4512.3609
2023-10-11,4512.3180
2023-10-12,4519.2833
2023-10-13,4509.8629
2023-10-16,4500.7128
2023-10-17,4501.7140
2023-10-18,4488.1433
2023-10-19,4467.7663
2023-10-20,4457.0030
2023-10-23,4442.0666
2023-10-24,4452.2136
2023-10-25,4458.5824
2023-10-26,4461.6796
2023-10-27,4479.8014
2023-10-30,4489.4801
2023-10-31,4484.7054
2023-11-01,4482.7966
2023-11-02,4476.6513
2023-11-03,4488.8953
2023-11-06,4504.8492
2023-11-07,4502.7308
2023-11-08,4501.9997
2023-11-09,4499.2963
2023-11-10,4495.1981
2023-11-13,4498.2349
2023-11-14,4500.9204
2023-11-15,4510.2156
2023-11-16,4500.6079
2023-11-17,4502.9614
2023-11-20,4508.9806
2023-11-21,4505.8090
2023-11-22,4492.5581
2023-11-23,4499.7042
2023-11-24,4489.1794
2023-11-27,4487.7254
2023-11-28,4491.5835
2023-11-29,4484.2655
2023-11-30,4485.4239
2023-12-01,4484.1659
2023-12-04,4478.6771
2023-12-05,4459.9260
2023-12-06,4462.2491
2023-12-07,4459.7471
2023-12-08,4460.5861
2023-12-11,4470.1761
2023-12-12,4472.8292
2023-12-13,4460.8696
2023-12-14,4458.2416
2023-12-15,4455.9270
2023-12-18,4449.4385
2023-12-19,4449.3842
2023-12-20,4440.4580
2023-12-21,4448.2307
2023-12-22,4443.5320
2023-12-25,4447.1040
2023-12-26,4439.0313
2023-12-27,4449.4009
2023-12-28,4468.5026
2023-12-29,4481.5711
2024-01-02,4475.6470
2024-01-03,4469.2788
2024-01-04,4464.1799
2024-01-05,4454.4685
2024-01-08,4437.8829
2024-01-09,4442.1155
2024-01-10,4437.0992
2024-01-11,4444.1289
2024-01-12,4442.1471
2024-01-15,4441.8379
2024-01-16,4441.3098
2024-01-17,4417.7196
2024-01-18,4422.1513
2024-01-19,4415.9499
2024-01-22,4383.1853
2024-01-23,4391.1844
2024-01-24,4401.9340
2024-01-25,4427.5374
2024-01-26,4422.4979
2024-01-29,4410.6655
2024-01-30,4392.9532
2024-01-31,4378.3249
2024-02-01,4377.0166
2024-02-02,4361.5529
2024-02-05,4350.7538
2024-02-06,4387.1009
2024-02-07,4404.3822
2024-02-08,4422.3838
2024-02-19,4435.8742
2024-02-20,4444.4211
2024-02-21,4454.6403
2024-02-22,4467.4006
2024-02-23,4475.0278
2024-02-26,4473.9522
2024-02-27,4489.4505
2024-02-28,4463.2724
2024-02-29,4486.9547
2024-03-01,4491.6894
2024-03-04,4497.7122
2024-03-05,4494.9036
2024-03-06,4498.2680
2024-03-07,4492.8797
2024-03-08,4502.2232
2024-03-11,4512.0675
2024-03-12,4510.4051
2024-03-13,4509.5844
2024-03-14,4505.9574
2024-03-15,4512.7952
2024-03-18,4525.0925
2024-03-19,4520.4884
2024-03-20,4524.3721
2024-03-21,4524.8242
2024-03-22,4514.2210
2024-03-25,4505.1239
2024-03-26,4504.7270
2024-03-27,4490.5583
2024-03-28,4501.1146
2024-03-29,4512.5844
2024-04-01,4527.2305
2024-04-02,4527.6596
2024-04-03,4529.4526
2024-04-08,4520.8539
2024-04-09,4525.6129
2024-04-10,4519.8237
2024-04-11,4524.8027
2024-04-12,4524.6983
2024-04-15,4532.9381
2024-04-16,4512.1734
2024-04-17,4535.5794
2024-04-18,4539.0243
2024-04-19,4537.3851
2024-04-22,4533.6944
2024-04-23,4528.7243
2024-04-24,4536.2557
2024-04-25,4537.6522
2024-04-26,4548.7055
2024-04-29,4554.1965
2024-04-30,4556.6100
2024-05-06,4580.1192
2024-05-07,4584.6328
2024-05-08,4575.9175
2024-05-09,4590.7526
2024-05-10,4593.2086
2024-05-13,4593.2613
2024-05-14,4595.0546
2024-05-15,4588.4054
2024-05-16,4588.9015
2024-05-17,4597.4756
2024-05-20,4606.6961
2024-05-21,4598.0701
2024-05-22,4596.9182
2024-05-23,4582.4536
2024-05-24,4573.9983
2024-05-27,4587.4749
2024-05-28,4581.1476
2024-05-29,4582.2368
2024-05-30,4575.8640
2024-05-31,4573.2410
2024-06-03,4572.1432
2024-06-04,4581.4838
2024-06-05,4571.6886
2024-06-06,4569.4567
2024-06-07,4569.1718
2024-06-11,4564.9855
2024-06-12,4569.2261
2024-06-13,4565.2890
2024-06-14,4567.6289
2024-06-17,4564.5791
2024-06-18,4569.8178
2024-06-19,4566.6553
2024-06-20,4557.4094
2024-06-21,4552.3123
2024-06-24,4536.9183
2024-06-25,4536.0419
2024-06-26,4547.6594
2024-06-27,4535.8945
2024-06-28,4545.1618
2024-07-01,4551.8922
2024-07-02,4546.8340
2024-07-03,4541.9282
2024-07-04,4534.0322
2024-07-05,4534.3518
2024-07-08,4521.5450
2024-07-09,4536.5860
2024-07-10,4529.4229
2024-07-11,4544.5280
2024-07-12,4543.9989
2024-07-15,4541.4207
2024-07-16,4543.0395
2024-07-17,4533.2394
2024-07-18,4538.3081
2024-07-19,4537.1969
2024-07-22,4534.3696
2024-07-23,4511.5829
2024-07-24,4502.6759
2024-07-25,4496.5914
2024-07-26,4508.2559
2024-07-29,4506.8937
2024-07-30,4501.4284
2024-07-31,4527.4881
2024-08-01,4524.7613
2024-08-02,4515.1443
2024-08-05,4499.0499
2024-08-06,4501.6206
2024-08-07,4505.6348
2024-08-08,4502.9702
2024-08-09,4497.9241
2024-08-12,4490.2609
2024-08-13,4494.0723
2024-08-14,4487.7909
2024-08-15,4489.4291
2024-08-16,4485.6697
2024-08-19,4490.2393
2024-08-20,4477.6817
2024-08-21,4474.0470
2024-08-22,4471.0216
2024-08-23,4471.4452
2024-08-26,4472.6269
2024-08-27,4464.2593
2024-08-28,4462.2744
2024-08-29,4468.1053
2024-08-30,4481.6887
2024-09-02,4469.2183
2024-09-03,4474.5935
2024-09-04,4470.1955
2024-09-05,4473.9872
2024-09-06,4464.0380
2024-09-09,4453.9197
2024-09-10,4453.5695
2024-09-11,4453.5322
2024-09-12,4450.6991
2024-09-13,4447.7575
2024-09-18,4453.6117
2024-09-19,4462.3858
2024-09-20,4461.6154
2024-09-23,4462.9691
2024-09-24,4498.0033
2024-09-25,4508.4247
2024-09-26,4546.0149
2024-09-27,4582.2281
2024-09-30,4662.1226
2024-10-08,4715.1494
2024-10-09,4635.2546
2024-10-10,4650.7762
2024-10-11,4627.0511
2024-10-14,4652.1134
2024-10-15,4630.4551
2024-10-16,4631.5782
2024-10-17,4623.8044
2024-10-18,4655.9751
2024-10-21,4662.2932
2024-10-22,4667.3948
2024-10-23,4668.8260
2024-10-24,4655.9069
2024-10-25,4665.0440
2024-10-28,4670.7401
2024-10-29,4657.1530
2024-10-30,4650.7082
2024-10-31,4652.6568
2024-11-01,4651.7979
2024-11-04,4665.9673
2024-11-05,4689.8970
2024-11-06,4685.9642
2024-11-07,4710.5172
2024-11-08,4705.7352
2024-11-11,4716.9652
2024-11-12,4705.4476
2024-11-13,4708.0039
2024-11-14,4684.9963
2024-11-15,4668.0615
2024-11-18,4657.4587
2024-11-19,4670.9862
2024-11-20,4679.0631
2024-11-21,4680.2407
2024-11-22,4651.8806
2024-11-25,4651.8302
2024-11-26,4649.1404
2024-11-27,4668.0778
2024-11-28,4662.8378
2024-11-29,4678.4713
2024-12-02,4694.5006
2024-12-03,4695.4742
2024-12-04,4690.7907
2024-12-05,4693.0884
2024-12-06,4704.8352
2024-12-09,4709.2778
2024-12-10,4723.5015
2024-12-11,4731.6430
2024-12-12,4744.9428
2024-12-13,4728.9341
2024-12-16,4722.3705
2024-12-17,4713.4494
2024-12-18,4717.3936
2024-12-19,4716.7937
2024-12-20,4721.8970
2024-12-23,4716.0924
2024-12-24,4727.3106
2024-12-25,4721.6319
2024-12-26,4726.6137
2024-12-27,4730.0022
2024-12-30,4731.8749
2024-12-31,4720.7869
2025-01-02,4703.4508
2025-01-03,4692.8316
2025-01-06,4690.6866
2025-01-07,4697.2267
2025-01-08,4695.5053
2025-01-09,4692.4144
2025-01-10,4679.5589
2025-01-13,4674.7348
2025-01-14,4703.3565
2025-01-15,4699.7664
2025-01-16,4701.3398
2025-01-17,4707.6889
2025-01-20,4712.2874
2025-01-21,4718.1442
2025-01-22,4710.7033
2025-01-23,4706.6503
2025-01-24,4719.8237
2025-01-27,4719.2845
2025-02-05,4717.9752
2025-02-06,4736.0731
2025-02-07,4748.9830
2025-02-10,4751.8992
2025-02-11,4747.9926
2025-02-12,4759.2432
2025-02-13,4750.7145
2025-02-14,4759.2973
2025-02-17,4757.6273
2025-02-18,4745.5855
2025-02-19,4760.2416
2025-02-20,4758.6211
2025-02-21,4772.1699
2025-02-24,4765.5254
2025-02-25,4755.7517
2025-02-26,4771.4088
2025-02-27,4769.0348
2025-02-28,4741.5376
2025-03-03,4743.5056
2025-03-04,4749.0369
2025-03-05,4757.8077
2025-03-06,4773.9479
2025-03-07,4769.2480
2025-03-10,4765.8815
2025-03-11,4762.5166
2025-03-12,4762.8539
2025-03-13,4755.4359
2025-03-14,4777.9857
2025-03-17,4775.2048
2025-03-18,4782.9144
2025-03-19,4781.0027
2025-03-20,4776.1582
2025-03-21,4757.6702
2025-03-24,4761.4904
2025-03-25,4760.5237
2025-03-26,4762.7503
2025-03-27,4765.7693
2025-03-28,4759.4775
2025-03-31,4752.4054
2025-04-01,4757.7509
2025-04-02,4760.8777
2025-04-03,4756.1822
2025-04-07,4674.6445
2025-04-08,4684.9783
2025-04-09,4699.4773
2025-04-10,4717.6344
2025-04-11,4722.5981
2025-04-14,4731.1613
2025-04-15,4728.6738
2025-04-16,4724.1677
2025-04-17,4725.7109
2025-04-18,4724.4569
2025-04-21,4733.3081
2025-04-22,4736.6626
2025-04-23,4738.7873
2025-04-24,4735.3748
2025-04-25,4736.8025
2025-04-28,4733.1602
2025-04-29,4738.0127
2025-04-30,4740.9379
2025-05-06,4756.0583
2025-05-07,4757.0502
2025-05-08,4764.0603
2025-05-09,4761.3561
2025-05-12,4770.7912
2025-05-13,4771.1973
2025-05-14,4775.5860
2025-05-15,4765.3807
2025-05-16,4763.2369
2025-05-19,4765.2885
2025-05-20,4773.9170
2025-05-21,4778.5931
2025-05-22,4773.1062
2025-05-23,4767.1900
2025-05-26,4764.8238
2025-05-27,4760.1899
2025-05-28,4760.3456
2025-05-29,4767.6226
2025-05-30,4763.2710
2025-06-03,4768.5449
2025-06-04,4776.2966
2025-06-05,4779.3755
2025-06-06,4781.8218
2025-06-09,4789.5062
2025-06-10,4785.8546
2025-06-11,4793.9158
2025-06-12,4795.3733
2025-06-13,4787.5731
2025-06-16,4790.7905
2025-06-17,4789.2934
2025-06-18,4790.1949
2025-06-19,4778.7409
2025-06-20,4778.7863
2025-06-23,4783.7983
2025-06-24,4794.7976
2025-06-25,4806.1817
2025-06-26,4803.8605
2025-06-27,4805.6843
2025-06-30,4811.8759
2025-07-01,4818.8752
2025-07-02,4817.9515
2025-07-03,4825.2193
2025-07-04,4826.3302
2025-07-07,4824.0326
2025-07-08,4833.5740
2025-07-09,4829.6906
2025-07-10,4832.5923
2025-07-11,4834.8032
2025-07-14,4836.0004
2025-07-15,4840.1972
2025-07-16,4841.4356
2025-07-17,4852.0626
2025-07-18,4858.6924
2025-07-21,4867.5660
2025-07-22,4875.3940
2025-07-23,4873.7052
2025-07-24,4879.0682
2025-07-25,4877.2624
2025-07-28,4880.7345
2025-07-29,4882.9494
2025-07-30,4881.8267
2025-07-31,4866.6453
2025-08-01,4864.1456
2025-08-04,4875.8402
2025-08-05,4886.1399
2025-08-06,4894.0855
2025-08-07,4894.2545
2025-08-08,4893.6320
2025-08-11,4897.9149
2025-08-12,4899.3096
2025-08-13,4913.9211
2025-08-14,4904.4500
2025-08-15,4918.8553
2025-08-18,4924.5028
2025-08-19,4922.6384
2025-08-20,4931.7872
2025-08-21,4935.1971
2025-08-22,4953.9123
2025-08-25,4976.5340
2025-08-26,4977.2926
2025-08-27,4952.7159
2025-08-28,4962.8892
2025-08-29,4969.0351
2025-09-01,4980.1183
2025-09-02,4964.3897
2025-09-03,4961.2356
2025-09-04,4939.7025
2025-09-05,4968.8070
2025-09-08,4976.2977
2025-09-09,4969.0150
2025-09-10,4964.6416
2025-09-11,4983.9651
2025-09-12,4986.1734
2025-09-15,4984.6015
2025-09-16,4986.5652
2025-09-17,4999.2620
2025-09-18,4984.4458
2025-09-19,4983.1778
2025-09-22,4986.5582
2025-09-23,4980.6392
2025-09-24,4994.9303
2025-09-25,4996.8307
2025-09-26,4987.4368
2025-09-29,5004.3438
2025-09-30,5017.9337
2025-10-09,5035.3018
2025-10-10,5014.1533
2025-10-13,5010.3921
2025-10-14,4988.7775
2025-10-15,5006.6905
2025-10-16,5002.9570
2025-10-17,4977.4229
2025-10-20,4982.4547
2025-10-21,4999.1549
2025-10-22,4993.4124
2025-10-23,4995.2596
2025-10-24,5008.6119
2025-10-27,5024.2282
2025-10-28,5019.0574
2025-10-29,5033.5482
2025-10-30,5024.6167
2025-10-31,5019.5228
2025-11-03,5023.1524
2025-11-04,5008.1381
2025-11-05,5013.9713
2025-11-06,5029.5552
2025-11-07,5026.6000
2025-11-10,5035.4678
2025-11-11,5030.3447
2025-11-12,5029.9398
2025-11-13,5044.9183
2025-11-14,5028.1605
2025-11-17,5021.6125
2025-11-18,5009.4281
2025-11-19,5010.8238
2025-11-20,5004.6549
2025-11-21,4973.7911
2025-11-24,4979.8975
2025-11-25,4988.7119
2025-11-26,4986.7010
2025-11-27,4985.1040
2025-11-28,4993.3637
2025-12-01,5003.7947
2025-12-02,4996.5836
2025-12-03,4991.1481
2025-12-04,4988.6893
2025-12-05,5002.2157
2025-12-08,5005.5025
2025-12-09,4996.2048
2025-12-10,5001.6991
2025-12-11,4994.4091
2025-12-12,5004.8323
2025-12-15,4996.7355
2025-12-16,4981.3865
2025-12-17,5003.0065
2025-12-18,5000.6801
2025-12-19,5009.4603
2025-12-22,5018.7382
2025-12-23,5020.4382
2025-12-24,5028.2336
2025-12-25,5032.9937
2025-12-26,5036.9017
2025-12-29,5027.6183
2025-12-30,5031.0068
2025-12-31,5029.1558
2026-01-05,5053.4658
2026-01-06,5071.9242
2026-01-07,5072.5033
2026-01-08,5070.4949
2026-01-09,5085.3800
2026-01-12,5101.3869
2026-01-13,5093.4572
2026-01-14,5097.7880
2026-01-15,5101.8759
2026-01-16,5103.7741
2026-01-19,5112.3415
2026-01-20,5111.3830
2026-01-21,5123.7204
2026-01-22,5127.4377
2026-01-23,5139.4878
2026-01-26,5135.2622
2026-01-27,5138.4488
2026-01-28,5152.3661
2026-01-29,5150.1432
2026-01-30,5130.0870
2026-02-02,5086.3468
2026-02-03,5114.4519
2026-02-04,5122.2027
2026-02-05,5110.4433
2026-02-06,5109.3960
2026-02-09,5132.7590
2026-02-10,5134.8814
2026-02-11,5137.4358
2026-02-12,5144.3536
2026-02-13,5125.3182
2026-02-24,5141.0655
2026-02-25,5150.6231
2026-02-26,5146.2864
2026-02-27,5151.9695
2026-03-02,5154.6285
2026-03-03,5119.8201
2026-03-04,5109.0092
2026-03-05,5115.8473
2026-03-06,5124.5577
2026-03-09,5107.4728
2026-03-10,5125.6150
2026-03-11,5130.5601
2026-03-12,5124.8856
2026-03-13,5112.8123
2026-03-16,5106.0779
2026-03-17,5089.2253
2026-03-18,5097.2665
2026-03-19,5068.6451
2026-03-20,5058.8974
2026-03-23,5020.3777
2026-03-24,5043.3732
2026-03-25,5061.1051
2026-03-26,5045.7467
2026-03-27,5056.4157
2026-03-30,5057.2632
2026-03-31,5040.9348
2026-04-01,5061.7848
2026-04-02,5049.4679
2026-04-03,5043.0515
2026-04-07,5048.4557
2026-04-08,5090.1546
2026-04-09,5085.7926
2026-04-10,5097.9603
2026-04-13,5097.4567
2026-04-14,5111.4462
2026-04-15,5108.6281
2026-04-16,5127.4936
2026-04-17,5129.3137
2026-04-20,5135.3237
2026-04-21,5140.1253
2026-04-22,5150.6356
2026-04-23,5139.9006
2026-04-24,5136.6941
2026-04-27,5138.7773
2026-04-28,5133.7867
2026-04-29,5156.4804
2026-04-30,5155.4348
2026-05-06,5174.4125
2026-05-07,5183.6297
2026-05-08,5181.1937
2026-05-11,5198.2950
2026-05-12,5193.5305
2026-05-13,5205.9935
2026-05-14,5182.5939
2026-05-15,5167.7718
2026-05-18,5163.1201
2026-05-19,5175.5481
2026-05-20,5179.0137
2026-05-21,5151.3300
2026-05-22,5170.6487
2026-05-25,5183.7524
2026-05-26,5182.4114
2026-05-27,5169.2060
2026-05-28,5174.9838
2026-05-29,5160.1597
2026-06-01,5154.2755
2026-06-02,5168.3252
2026-06-03,5169.0974
2026-06-04,5164.7023
2026-06-05,5145.0763
2026-06-08,5116.0240
2026-06-09,5136.7772
2026-06-10,5121.2902
2026-06-11,5118.4434
2026-06-12,5131.0430
2026-06-15,5161.2295
2026-06-16,5161.9040
2026-06-17,5172.6423
2026-06-18,5173.8824
2026-06-22,5191.8276
2026-06-23,5163.9304
2026-06-24,5177.2643
2026-06-25,5187.3662
2026-06-26,5161.3455
2026-06-29,5177.6003
2026-06-30,5190.9718
2026-07-01,5188.6538
2026-07-02,5160.4303
2026-07-03,5168.4325
2026-07-06,5169.0916
2026-07-07,5152.7740
2026-07-08,5144.3177
2026-07-09,5166.0318
2026-07-10,5147.2892
2026-07-13,5120.2466
2026-07-14,5143.0220
2026-07-15,5140.4489
2026-07-16,5122.8353
2026-07-17,5077.9083
2026-07-20,5083.5325
2026-07-21,5117.5191
2026-07-22,5114.1600
2026-07-23,5118.8412
2026-07-24,5098.4645
2026-07-27,5125.8185
2026-07-28,5096.4807
2026-07-29,5109.6892
2026-07-30,5094.0142
2026-07-31,5108.1319
2026-08-03,5098.9699
2026-08-04,5116.8848
2026-08-05,5138.3991
2026-08-06,5139.7551
2026-08-07,5157.8079
2026-08-10,5166.3816
2026-08-11,5153.3673
2026-08-12,5160.7174
2026-08-13,5150.1798
2026-08-14,5153.4711
2026-08-17,5179.9798
2026-08-18,5181.0071
2026-08-19,5143.5761
2026-08-20,5149.3754
2026-08-21,5153.9284
2026-08-24,5140.2832
2026-08-25,5140.3998
2026-08-26,5147.2763
2026-08-27,5161.2169
2026-08-28,5157.2949
2026-08-31,5160.9415
2026-09-01,5153.5746
2026-09-02,5137.9173
2026-09-03,5142.5035
2026-09-04,5136.4427
2026-09-07,5145.1154
2026-09-08,5144.2240
2026-09-09,5145.6040
2026-09-10,5136.2270
2026-09-11,5120.6507
2026-09-14,5118.7271
2026-09-15,5113.8401
2026-09-16,5124.9088
2026-09-17,5119.8598
2026-09-18,5136.5602
2026-09-21,5146.2813
2026-09-22,5144.9193
2026-09-23,5141.2857
2026-09-24,5122.3739
