date,close
2003-12-31,1000.00
2004-01-02,1000.8490
2004-01-05,1005.6200
2004-01-06,1005.1438
2004-01-07,1005.7812
2004-01-08,1007.1131
2004-01-09,1007.0922
2004-01-12,1008.4773
2004-01-13,1008.3720
2004-01-14,1007.6775
2004-01-15,1008.3833
2004-01-16,1010.7630
2004-01-29,1012.3632
2004-01-30,1013.6989
2004-02-02,1017.4538
2004-02-03,1018.1810
2004-02-04,1021.5266
2004-02-05,1021.4038
2004-02-06,1020.7946
2004-02-09,1021.2400
2004-02-10,1021.8397
2004-02-11,1021.8672
2004-02-12,1019.7416
2004-02-13,1020.6318
2004-02-16,1023.6220
2004-02-17,1026.8983
2004-02-18,1028.1579
2004-02-19,1030.2865
2004-02-20,1030.1240
2004-02-23,1022.9462
2004-02-24,1020.8045
2004-02-25,1016.6757
2004-02-26,1018.1652
2004-02-27,1023.5491
2004-03-01,1026.5584
2004-03-02,1027.3019
2004-03-03,1024.1061
2004-03-04,1024.7368
2004-03-05,1024.7616
2004-03-08,1023.5484
2004-03-09,1023.5489
2004-03-10,1026.7074
2004-03-11,1030.7677
2004-03-12,1032.8900
2004-03-15,1036.6364
2004-03-16,1037.2285
2004-03-17,1039.1829
2004-03-18,1036.4216
2004-03-19,1038.7724
2004-03-22,1038.8270
2004-03-23,1036.6193
2004-03-24,1035.9225
2004-03-25,1036.4617
2004-03-26,1037.3728
2004-03-29,1036.5028
2004-03-30,1035.7226
2004-03-31,1038.6693
2004-04-01,1041.5182
2004-04-02,1048.5013
2004-04-05,1053.6740
2004-04-06,1056.9348
2004-04-07,1060.3023
2004-04-08,1063.5791
2004-04-09,1053.8362
2004-04-12,1051.8770
2004-04-13,1052.0102
2004-04-14,1042.3444
2004-04-15,1040.3694
2004-04-16,1041.8402
2004-04-19,1040.4315
2004-04-20,1038.9066
2004-04-21,1034.9754
2004-04-22,1032.6906
2004-04-23,1030.3754
2004-04-26,1031.1887
2004-04-27,1031.1374
2004-04-28,1027.2886
2004-04-29,1014.6202
2004-04-30,1018.8858
2004-05-10,1014.8887
2004-05-11,1013.1368
2004-05-12,1018.4595
2004-05-13,1018.4400
2004-05-14,1015.6431
2004-05-17,1014.7481
2004-05-18,1014.4219
2004-05-19,1016.5318
2004-05-20,1015.2493
2004-05-21,1018.1621
2004-05-24,1016.8314
2004-05-25,1015.6579
2004-05-26,1015.5402
2004-05-27,1019.0486
2004-05-28,1020.6525
2004-05-31,1020.7106
2004-06-01,1024.8991
2004-06-02,1022.7755
2004-06-03,1020.6892
2004-06-04,1020.0084
2004-06-07,1015.6937
2004-06-08,1013.5429
2004-06-09,1009.1527
2004-06-10,1009.1268
2004-06-11,1008.2630
2004-06-14,1006.2051
2004-06-15,1007.0083
2004-06-16,1008.7733
2004-06-17,1005.9025
2004-06-18,1003.3725
2004-06-21,1002.1982
2004-06-22,1005.7796
2004-06-23,1004.5590
2004-06-24,1004.1698
2004-06-25,1002.0499
2004-06-28,1001.6252
2004-06-29,1003.5985
2004-06-30,1004.8942
2004-07-01,1008.4078
2004-07-02,1009.5233
2004-07-05,1009.4110
2004-07-06,1011.4923
2004-07-07,1010.4570
2004-07-08,1010.2882
2004-07-09,1009.7482
2004-07-12,1008.0076
2004-07-13,1007.6266
2004-07-14,1008.6431
2004-07-15,1010.1123
2004-07-16,1014.5819
2004-07-19,1014.5524
2004-07-20,1011.3274
2004-07-21,1010.7106
2004-07-22,1005.1842
2004-07-23,1005.3514
2004-07-26,1004.0880
2004-07-27,1002.7880
2004-07-28,1002.9126
2004-07-29,1005.1787
2004-07-30,1006.0305
2004-08-02,1005.2898
2004-08-03,1004.8552
2004-08-04,1007.7904
2004-08-05,1005.5828
2004-08-06,1005.3154
2004-08-09,1005.6096
2004-08-10,1005.8957
2004-08-11,1004.8381
2004-08-12,1004.0879
2004-08-13,1005.2570
2004-08-16,1004.6521
2004-08-17,1004.9730
2004-08-18,1005.5840
2004-08-19,1004.8086
2004-08-20,1005.5151
2004-08-23,1004.2530
2004-08-24,1004.5132
2004-08-25,1004.1235
2004-08-26,1004.4270
2004-08-27,1003.8579
2004-08-30,1003.0700
2004-08-31,1002.5575
2004-09-01,1001.5162
2004-09-02,1000.3911
2004-09-03,998.6157
2004-09-06,998.4143
2004-09-07,997.8674
2004-09-08,998.0052
2004-09-09,997.0212
2004-09-10,998.5354
2004-09-13,994.7816
2004-09-14,996.0223
2004-09-15,1000.5556
2004-09-16,1002.1940
2004-09-17,1005.4176
2004-09-20,1014.0727
2004-09-21,1011.6436
2004-09-22,1009.6732
2004-09-23,1012.1284
2004-09-24,1015.5575
2004-09-27,1013.9234
2004-09-28,1016.3719
2004-09-29,1015.3001
2004-09-30,1015.9151
2004-10-08,1015.2841
2004-10-11,1016.9240
2004-10-12,1013.2321
2004-10-13,1012.3968
2004-10-14,1008.5093
2004-10-15,1008.3236
2004-10-18,1009.7423
2004-10-19,1010.3992
2004-10-20,1010.0597
2004-10-21,1010.0538
2004-10-22,1013.3223
2004-10-25,1013.2921
2004-10-26,1010.6511
2004-10-27,1009.9543
2004-10-28,1010.6485
2004-10-29,1008.9954
2004-11-01,1007.4563
2004-11-02,1006.7446
2004-11-03,1007.3208
2004-11-04,1004.9352
2004-11-05,1003.0581
2004-11-08,1002.6045
2004-11-09,1003.4789
2004-11-10,1006.8046
2004-11-11,1006.6222
2004-11-12,1005.7976
2004-11-15,1005.6467
2004-11-16,1007.2037
2004-11-17,1005.7215
2004-11-18,1009.1275
2004-11-19,1010.2856
2004-11-22,1011.6512
2004-11-23,1011.1788
2004-11-24,1010.0072
2004-11-25,1009.5863
2004-11-26,1009.8041
2004-11-29,1009.4858
2004-11-30,1009.0816
2004-12-01,1008.3827
2004-12-02,1006.5116
2004-12-03,1004.6184
2004-12-06,1004.1674
2004-12-07,1003.3345
2004-12-08,1003.1631
2004-12-09,1004.3879
2004-12-10,1003.5646
2004-12-13,1002.3453
2004-12-14,1002.0039
2004-12-15,1000.6021
2004-12-16,998.3788
2004-12-17,996.6697
2004-12-20,993.3540
2004-12-21,992.1249
2004-12-22,992.1521
2004-12-23,990.2621
2004-12-24,988.8865
2004-12-27,988.7201
2004-12-28,989.8800
2004-12-29,990.0414
2004-12-30,991.5897
2004-12-31,992.6024
2005-01-04,988.4536
2005-01-05,989.6516
2005-01-06,989.3625
2005-01-07,989.2359
2005-01-10,990.7663
2005-01-11,991.2650
2005-01-12,991.3963
2005-01-13,992.0920
2005-01-14,991.9448
2005-01-17,989.8123
2005-01-18,988.2012
2005-01-19,987.5090
2005-01-20,986.6342
2005-01-21,988.7730
2005-01-24,992.0383
2005-01-25,992.8006
2005-01-26,993.2403
2005-01-27,992.7632
2005-01-28,992.8449
2005-01-31,994.1091
2005-02-01,994.7228
2005-02-02,1000.4280
2005-02-03,1000.6392
2005-02-04,1004.2333
2005-02-16,1007.2490
2005-02-17,1005.8413
2005-02-18,1004.8240
2005-02-21,1007.4509
2005-02-22,1010.1201
2005-02-23,1011.2965
2005-02-24,1010.1402
2005-02-25,1014.2407
2005-02-28,1012.6772
2005-03-01,1013.0138
2005-03-02,1010.8473
2005-03-03,1010.6384
2005-03-04,1010.5051
2005-03-07,1011.2937
2005-03-08,1014.2876
2005-03-09,1015.1092
2005-03-10,1013.2627
2005-03-11,1013.6348
2005-03-14,1016.0026
2005-03-15,1015.3657
2005-03-16,1013.5156
2005-03-17,1013.0586
2005-03-18,1011.2119
2005-03-21,1011.4044
2005-03-22,1010.8627
2005-03-23,1010.2988
2005-03-24,1010.6229
2005-03-25,1010.9131
2005-03-28,1012.0042
2005-03-29,1011.6241
2005-03-30,1010.7841
2005-03-31,1011.2220
2005-04-01,1016.2338
2005-04-04,1016.9115
2005-04-05,1017.2804
2005-04-06,1022.0344
2005-04-07,1024.6807
2005-04-08,1027.2768
2005-04-11,1026.4683
2005-04-12,1027.2750
2005-04-13,1028.7328
2005-04-14,1028.2110
2005-04-15,1026.9606
2005-04-18,1027.2620
2005-04-19,1026.0981
2005-04-20,1024.6792
2005-04-21,1024.7126
2005-04-22,1025.2976
2005-04-25,1025.3636
2005-04-26,1026.1425
2005-04-27,1026.8480
2005-04-28,1028.9018
2005-04-29,1029.1642
2005-05-09,1028.0405
2005-05-10,1029.2896
2005-05-11,1027.8001
2005-05-12,1025.4655
2005-05-13,1023.6648
2005-05-16,1020.2130
2005-05-17,1021.7669
2005-05-18,1020.5280
2005-05-19,1021.4271
2005-05-20,1021.3686
2005-05-23,1019.6671
2005-05-24,1020.5039
2005-05-25,1021.1607
2005-05-26,1018.6354
2005-05-27,1016.2653
2005-05-30,1016.4245
2005-05-31,1016.1815
2005-06-01,1014.3893
2005-06-02,1010.4811
2005-06-03,1009.9167
2005-06-06,1011.6384
2005-06-07,1012.3707
2005-06-08,1022.7102
2005-06-09,1024.7938
2005-06-10,1021.1571
2005-06-13,1021.4829
2005-06-14,1021.1091
2005-06-15,1020.4818
2005-06-16,1023.1112
2005-06-17,1025.0893
2005-06-20,1030.6699
2005-06-21,1030.3290
2005-06-22,1033.5992
2005-06-23,1033.0672
2005-06-24,1033.3427
2005-06-27,1035.8442
2005-06-28,1034.6893
2005-06-29,1033.7797
2005-06-30,1032.3661
2005-07-01,1029.8674
2005-07-04,1029.4165
2005-07-05,1030.2244
2005-07-06,1030.0722
2005-07-07,1030.6192
2005-07-08,1030.6088
2005-07-11,1031.9996
2005-07-12,1034.0696
2005-07-13,1033.9675
2005-07-14,1035.7479
2005-07-15,1036.1490
2005-07-18,1035.4482
2005-07-19,1034.0373
2005-07-20,1035.7460
2005-07-21,1035.2957
2005-07-22,1037.3866
2005-07-25,1038.5500
2005-07-26,1041.0340
2005-07-27,1043.7202
2005-07-28,1044.4357
2005-07-29,1044.8825
2005-08-01,1046.5686
2005-08-02,1048.9119
2005-08-03,1050.2573
2005-08-04,1049.9400
2005-08-05,1053.7103
2005-08-08,1056.2545
2005-08-09,1057.5063
2005-08-10,1059.7377
2005-08-11,1061.4732
2005-08-12,1059.2659
2005-08-15,1062.5851
2005-08-16,1060.4410
2005-08-17,1061.5257
2005-08-18,1056.5055
2005-08-19,1057.2465
2005-08-22,1057.2756
2005-08-23,1057.8276
2005-08-24,1058.6412
2005-08-25,1058.0066
2005-08-26,1057.4782
2005-08-29,1056.6686
2005-08-30,1056.0423
2005-08-31,1059.7732
2005-09-01,1063.2050
2005-09-02,1063.4748
2005-09-05,1062.9138
2005-09-06,1062.7647
2005-09-07,1065.0009
2005-09-08,1066.1922
2005-09-09,1067.0938
2005-09-12,1069.0058
2005-09-13,1070.5937
2005-09-14,1071.6747
2005-09-15,1072.4445
2005-09-16,1072.6427
2005-09-19,1072.7367
2005-09-20,1072.1071
2005-09-21,1069.1125
2005-09-22,1065.2913
2005-09-23,1064.2847
2005-09-26,1063.5075
2005-09-27,1062.0477
2005-09-28,1062.6108
2005-09-29,1062.9054
2005-09-30,1066.8661
2005-10-10,1066.8207
2005-10-11,1067.1118
2005-10-12,1067.5927
2005-10-13,1067.3993
2005-10-14,1066.6252
2005-10-17,1065.7539
2005-10-18,1065.5558
2005-10-19,1066.1181
2005-10-20,1065.1864
2005-10-21,1064.9626
2005-10-24,1065.1972
2005-10-25,1064.3416
2005-10-26,1063.9375
2005-10-27,1063.4220
2005-10-28,1062.3729
2005-10-31,1061.9004
2005-11-01,1061.4425
2005-11-02,1062.6901
2005-11-03,1063.2864
2005-11-04,1064.1123
2005-11-07,1064.3569
2005-11-08,1063.4590
2005-11-09,1063.9495
2005-11-10,1063.8309
2005-11-11,1064.1797
2005-11-14,1063.4708
2005-11-15,1062.2575
2005-11-16,1062.3970
2005-11-17,1062.4086
2005-11-18,1063.3533
2005-11-21,1063.7929
2005-11-22,1062.8096
2005-11-23,1062.4565
2005-11-24,1062.3387
2005-11-25,1063.4620
2005-11-28,1064.4341
2005-11-29,1064.4399
2005-11-30,1064.7501
2005-12-01,1063.2674
2005-12-02,1064.9639
2005-12-05,1066.3886
2005-12-06,1067.1622
2005-12-07,1068.4641
2005-12-08,1069.5036
2005-12-09,1070.2241
2005-12-12,1071.5498
2005-12-13,1069.5698
2005-12-14,1071.3869
2005-12-15,1073.7943
2005-12-16,1075.4428
2005-12-19,1076.5129
2005-12-20,1076.4958
2005-12-21,1076.4761
2005-12-22,1077.2453
2005-12-23,1078.8718
2005-12-26,1080.4111
2005-12-27,1080.4396
2005-12-28,1080.7944
2005-12-29,1082.6092
2005-12-30,1082.8746
2006-01-04,1089.8140
2006-01-05,1091.1270
2006-01-06,1094.5096
2006-01-09,1096.5067
2006-01-10,1098.7095
2006-01-11,1099.6840
2006-01-12,1100.9546
2006-01-13,1104.1105
2006-01-16,1103.5235
2006-01-17,1104.6136
2006-01-18,1107.6027
2006-01-19,1108.3953
2006-01-20,1109.7252
2006-01-23,1109.7764
2006-01-24,1111.8959
2006-01-25,1112.3826
2006-02-06,1114.5201
2006-02-07,1114.6699
2006-02-08,1115.4634
2006-02-09,1114.4566
2006-02-10,1116.5288
2006-02-13,1114.6691
2006-02-14,1113.6442
2006-02-15,1113.5226
2006-02-16,1110.7190
2006-02-17,1110.5454
2006-02-20,1113.8044
2006-02-21,1114.0337
2006-02-22,1113.9781
2006-02-23,1113.7277
2006-02-24,1113.9594
2006-02-27,1117.6961
2006-02-28,1118.5833
2006-03-01,1118.1211
2006-03-02,1114.4745
2006-03-03,1113.0831
2006-03-06,1114.7318
2006-03-07,1113.3970
2006-03-08,1112.9114
2006-03-09,1113.0070
2006-03-10,1113.9901
2006-03-13,1115.5118
2006-03-14,1115.4032
2006-03-15,1116.0795
2006-03-16,1116.1987
2006-03-17,1116.3681
2006-03-20,1117.1697
2006-03-21,1117.2406
2006-03-22,1116.4411
2006-03-23,1117.1815
2006-03-24,1118.3384
2006-03-27,1119.2269
2006-03-28,1118.9151
2006-03-29,1120.3391
2006-03-30,1120.9084
2006-03-31,1126.0308
2006-04-03,1128.9067
2006-04-04,1131.2406
2006-04-05,1132.9907
2006-04-06,1134.0022
2006-04-07,1134.5643
2006-04-10,1135.1871
2006-04-11,1135.3841
2006-04-12,1134.7374
2006-04-13,1133.1845
2006-04-14,1134.6908
2006-04-17,1134.9814
2006-04-18,1136.2821
2006-04-19,1137.0836
2006-04-20,1136.5913
2006-04-21,1136.9088
2006-04-24,1137.0480
2006-04-25,1137.5488
2006-04-26,1137.5127
2006-04-27,1138.1683
2006-04-28,1138.8535
2006-05-08,1140.9820
2006-05-09,1142.6467
2006-05-10,1144.0187
2006-05-11,1144.1930
2006-05-12,1147.4294
2006-05-15,1153.5061
2006-05-16,1166.7768
2006-05-17,1168.6390
2006-05-18,1167.4751
2006-05-19,1170.9389
2006-05-22,1174.4970
2006-05-23,1172.6737
2006-05-24,1170.8464
2006-05-25,1169.1992
2006-05-26,1170.4580
2006-05-29,1174.7617
2006-05-30,1176.1881
2006-05-31,1176.9023
2006-06-01,1181.8039
2006-06-02,1182.4858
2006-06-05,1183.0664
2006-06-06,1182.3839
2006-06-07,1177.0040
2006-06-08,1176.7049
2006-06-09,1176.1652
2006-06-12,1176.1753
2006-06-13,1174.0295
2006-06-14,1173.9374
2006-06-15,1174.6605
2006-06-16,1175.9899
2006-06-19,1177.4577
2006-06-20,1178.7403
2006-06-21,1177.9786
2006-06-22,1178.1503
2006-06-23,1181.4342
2006-06-26,1182.1964
2006-06-27,1183.4979
2006-06-28,1183.6412
2006-06-29,1185.0248
2006-06-30,1185.1817
2006-07-03,1186.5299
2006-07-04,1185.3218
2006-07-05,1185.1641
2006-07-06,1187.4413
2006-07-07,1188.0946
2006-07-10,1188.5566
2006-07-11,1189.2904
2006-07-12,1189.7195
2006-07-13,1186.4036
2006-07-14,1186.6941
2006-07-17,1187.6434
2006-07-18,1187.0657
2006-07-19,1185.1558
2006-07-20,1185.2761
2006-07-21,1185.5222
2006-07-24,1185.4149
2006-07-25,1187.2893
2006-07-26,1186.6647
2006-07-27,1186.2357
2006-07-28,1185.1534
2006-07-31,1182.5315
2006-08-01,1182.4734
2006-08-02,1182.7853
2006-08-03,1181.6263
2006-08-04,1180.8432
2006-08-07,1180.5380
2006-08-08,1181.6294
2006-08-09,1181.4859
2006-08-10,1182.8040
2006-08-11,1184.2551
2006-08-14,1183.1838
2006-08-15,1184.2425
2006-08-16,1185.9978
2006-08-17,1185.2725
2006-08-18,1184.8541
2006-08-21,1184.7685
2006-08-22,1186.0487
2006-08-23,1186.5955
2006-08-24,1187.4749
2006-08-25,1187.9203
2006-08-28,1190.0627
2006-08-29,1189.7236
2006-08-30,1190.2060
2006-08-31,1190.2870
2006-09-01,1189.2876
2006-09-04,1190.2690
2006-09-05,1190.3826
2006-09-06,1191.0271
2006-09-07,1190.6743
2006-09-08,1190.4692
2006-09-11,1190.3261
2006-09-12,1191.4276
2006-09-13,1190.8993
2006-09-14,1190.9680
2006-09-15,1192.8101
2006-09-18,1193.8430
2006-09-19,1194.3411
2006-09-20,1194.4577
2006-09-21,1194.6322
2006-09-22,1194.5625
2006-09-25,1194.0264
2006-09-26,1193.3245
2006-09-27,1193.6374
2006-09-28,1195.8476
2006-09-29,1197.4170
2006-10-09,1198.1196
2006-10-10,1197.6506
2006-10-11,1197.6713
2006-10-12,1197.4101
2006-10-13,1197.4564
2006-10-16,1198.0079
2006-10-17,1198.1234
2006-10-18,1199.5802
2006-10-19,1200.0256
2006-10-20,1200.0822
2006-10-23,1198.9268
2006-10-24,1200.0746
2006-10-25,1200.5705
2006-10-26,1200.7021
2006-10-27,1200.3338
2006-10-30,1200.5402
2006-10-31,1201.2564
2006-11-01,1201.6703
2006-11-02,1202.0325
2006-11-03,1202.8459
2006-11-06,1203.6226
2006-11-07,1204.1018
2006-11-08,1203.3323
2006-11-09,1204.6359
2006-11-10,1204.2474
2006-11-13,1203.3378
2006-11-14,1204.1808
2006-11-15,1205.8448
2006-11-16,1206.3996
2006-11-17,1207.3168
2006-11-20,1208.4721
2006-11-21,1209.3704
2006-11-22,1209.3237
2006-11-23,1212.4519
2006-11-24,1212.8779
2006-11-27,1212.2112
2006-11-28,1212.1785
2006-11-29,1210.1474
2006-11-30,1214.4837
2006-12-01,1216.1543
2006-12-04,1218.6474
2006-12-05,1220.3555
2006-12-06,1221.6426
2006-12-07,1222.8325
2006-12-08,1219.6003
2006-12-11,1222.7396
2006-12-12,1224.1925
2006-12-13,1225.3062
2006-12-14,1225.6057
2006-12-15,1228.3750
2006-12-18,1230.2143
2006-12-19,1231.1195
2006-12-20,1231.0108
2006-12-21,1230.3623
2006-12-22,1234.5352
2006-12-25,1234.5238
2006-12-26,1234.4905
2006-12-27,1237.3146
2006-12-28,1237.1808
2006-12-29,1241.5376
2007-01-04,1242.4939
2007-01-05,1241.9279
2007-01-08,1244.7902
2007-01-09,1250.5922
2007-01-10,1254.2190
2007-01-11,1253.1122
2007-01-12,1251.5838
2007-01-15,1256.7820
2007-01-16,1259.4438
2007-01-17,1256.8403
2007-01-18,1257.0930
2007-01-19,1261.4229
2007-01-22,1267.1166
2007-01-23,1266.6394
2007-01-24,1269.2060
2007-01-25,1265.4654
2007-01-26,1267.2117
2007-01-29,1270.7171
2007-01-30,1269.2657
2007-01-31,1265.0449
2007-02-01,1264.2896
2007-02-02,1260.6093
2007-02-05,1261.8602
2007-02-06,1262.3194
2007-02-07,1264.1572
2007-02-08,1265.3907
2007-02-09,1265.8586
2007-02-12,1268.8488
2007-02-13,1271.3861
2007-02-14,1274.6974
2007-02-15,1277.6411
2007-02-16,1279.0509
2007-02-26,1281.0463
2007-02-27,1273.1092
2007-02-28,1276.7938
2007-03-01,1278.2071
2007-03-02,1281.5179
2007-03-05,1280.0400
2007-03-06,1280.9983
2007-03-07,1283.4612
2007-03-08,1284.0286
2007-03-09,1283.8742
2007-03-12,1284.8921
2007-03-13,1285.5795
2007-03-14,1286.2127
2007-03-15,1286.9193
2007-03-16,1286.2401
2007-03-19,1287.3057
2007-03-20,1287.6392
2007-03-21,1288.3818
2007-03-22,1289.0653
2007-03-23,1289.1951
2007-03-26,1290.9711
2007-03-27,1291.9485
2007-03-28,1293.2931
2007-03-29,1293.3069
2007-03-30,1293.0226
2007-04-02,1294.6969
2007-04-03,1295.8543
2007-04-04,1297.1450
2007-04-05,1298.6616
2007-04-06,1299.6674
2007-04-09,1303.1824
2007-04-10,1304.8809
2007-04-11,1305.5273
2007-04-12,1307.4549
2007-04-13,1307.5636
2007-04-16,1309.9536
2007-04-17,1311.9287
2007-04-18,1314.7269
2007-04-19,1311.0686
2007-04-20,1315.7153
2007-04-23,1319.4674
2007-04-24,1320.5716
2007-04-25,1319.8112
2007-04-26,1322.2372
2007-04-27,1326.6267
2007-04-30,1327.4058
2007-05-08,1329.6482
2007-05-09,1330.1525
2007-05-10,1331.5818
2007-05-11,1330.5087
2007-05-14,1331.1527
2007-05-15,1331.2710
2007-05-16,1332.1203
2007-05-17,1334.0523
2007-05-18,1334.0960
2007-05-21,1334.6744
2007-05-22,1335.4606
2007-05-23,1337.2076
2007-05-24,1336.6897
2007-05-25,1338.4387
2007-05-28,1341.4814
2007-05-29,1343.2940
2007-05-30,1337.8058
2007-05-31,1338.3804
2007-06-01,1334.2733
2007-06-04,1327.8448
2007-06-05,1329.1096
2007-06-06,1331.6440
2007-06-07,1332.7592
2007-06-08,1333.1548
2007-06-11,1334.5126
2007-06-12,1336.3327
2007-06-13,1339.5999
2007-06-14,1339.0113
2007-06-15,1339.1339
2007-06-18,1341.3813
2007-06-19,1341.4143
2007-06-20,1340.6582
2007-06-21,1341.4287
2007-06-22,1339.5332
2007-06-25,1337.8964
2007-06-26,1342.6673
2007-06-27,1344.9733
2007-06-28,1343.1901
2007-06-29,1341.9362
2007-07-02,1340.7252
2007-07-03,1342.5310
2007-07-04,1341.2603
2007-07-05,1339.5527
2007-07-06,1341.5188
2007-07-09,1343.2396
2007-07-10,1342.1670
2007-07-11,1341.8769
2007-07-12,1346.4658
2007-07-13,1345.4236
2007-07-16,1345.2357
2007-07-17,1345.9777
2007-07-18,1346.8071
2007-07-19,1350.8007
2007-07-20,1354.2628
2007-07-23,1357.2107
2007-07-24,1358.5111
2007-07-25,1361.2428
2007-07-26,1361.9715
2007-07-27,1362.4904
2007-07-30,1363.7476
2007-07-31,1364.6964
2007-08-01,1362.7456
2007-08-02,1365.0785
2007-08-03,1367.8830
2007-08-06,1369.3677
2007-08-07,1369.5653
2007-08-08,1369.9868
2007-08-09,1371.4023
2007-08-10,1372.2728
2007-08-13,1372.9145
2007-08-14,1373.8689
2007-08-15,1373.9845
2007-08-16,1375.7260
2007-08-17,1375.1153
2007-08-20,1377.5215
2007-08-21,1379.0127
2007-08-22,1379.6896
2007-08-23,1381.7844
2007-08-24,1383.3275
2007-08-27,1383.8816
2007-08-28,1384.4074
2007-08-29,1382.7708
2007-08-30,1384.6224
2007-08-31,1385.4245
2007-09-03,1387.5267
2007-09-04,1387.1487
2007-09-05,1387.6999
2007-09-06,1389.8761
2007-09-07,1390.0138
2007-09-10,1392.3530
2007-09-11,1390.8202
2007-09-12,1391.2837
2007-09-13,1393.1175
2007-09-14,1391.7658
2007-09-17,1393.9668
2007-09-18,1394.4543
2007-09-19,1396.6982
2007-09-20,1398.5904
2007-09-21,1397.8169
2007-09-24,1396.4405
2007-09-25,1399.8479
2007-09-26,1398.4605
2007-09-27,1400.9021
2007-09-28,1412.3875
2007-10-08,1417.1545
2007-10-09,1435.5093
2007-10-10,1440.9754
2007-10-11,1448.5439
2007-10-12,1454.2539
2007-10-15,1453.1353
2007-10-16,1452.9741
2007-10-17,1449.7142
2007-10-18,1444.1134
2007-10-19,1445.7683
2007-10-22,1440.8360
2007-10-23,1442.1890
2007-10-24,1444.2633
2007-10-25,1440.2364
2007-10-26,1438.7623
2007-10-29,1440.2334
2007-10-30,1443.9796
2007-10-31,1444.7503
2007-11-01,1443.6459
2007-11-02,1440.1232
2007-11-05,1459.0368
2007-11-06,1455.0974
2007-11-07,1454.7317
2007-11-08,1449.4397
2007-11-09,1448.2253
2007-11-12,1442.5592
2007-11-13,1442.9872
2007-11-14,1449.2538
2007-11-15,1446.7033
2007-11-16,1446.4774
2007-11-19,1444.7026
2007-11-20,1445.5384
2007-11-21,1444.8748
2007-11-22,1440.2485
2007-11-23,1440.3262
2007-11-26,1439.4497
2007-11-27,1437.5769
2007-11-28,1438.2530
2007-11-29,1441.1035
2007-11-30,1438.3975
2007-12-03,1444.3309
2007-12-04,1444.4539
2007-12-05,1447.6978
2007-12-06,1446.9280
2007-12-07,1448.3838
2007-12-10,1450.1887
2007-12-11,1450.3133
2007-12-12,1453.7055
2007-12-13,1450.4601
2007-12-14,1450.3905
2007-12-17,1446.9541
2007-12-18,1447.2446
2007-12-19,1454.5264
2007-12-20,1457.8335
2007-12-21,1460.9581
2007-12-24,1465.0272
2007-12-25,1469.7517
2007-12-26,1471.7890
2007-12-27,1473.6883
2007-12-28,1473.0741
2008-01-02,1473.1185
2008-01-03,1473.4687
2008-01-04,1475.0770
2008-01-07,1477.2915
2008-01-08,1477.5382
2008-01-09,1478.7386
2008-01-10,1479.4439
2008-01-11,1479.3494
2008-01-14,1479.1982
2008-01-15,1478.4484
2008-01-16,1475.4849
2008-01-17,1472.5872
2008-01-18,1471.1494
2008-01-21,1468.5235
2008-01-22,1461.0389
2008-01-23,1465.3273
2008-01-24,1466.5762
2008-01-25,1467.7084
2008-01-28,1462.5323
2008-01-29,1463.4427
2008-01-30,1462.7949
2008-01-31,1461.6608
2008-02-01,1464.2951
2008-02-04,1472.3651
2008-02-05,1470.6568
2008-02-13,1469.4454
2008-02-14,1470.3365
2008-02-15,1469.6018
2008-02-18,1472.1754
2008-02-19,1473.6375
2008-02-20,1472.0295
2008-02-21,1472.0848
2008-02-22,1469.6195
2008-02-25,1465.5272
2008-02-26,1465.5663
2008-02-27,1467.2057
2008-02-28,1467.0887
2008-02-29,1467.6592
2008-03-03,1469.3365
2008-03-04,1468.5087
2008-03-05,1466.7585
2008-03-06,1468.0671
2008-03-07,1467.7725
2008-03-10,1467.6144
2008-03-11,1468.4458
2008-03-12,1467.0561
2008-03-13,1466.9259
2008-03-14,1466.7063
2008-03-17,1463.2771
2008-03-18,1461.5361
2008-03-19,1463.4127
2008-03-20,1464.5974
2008-03-21,1464.5174
2008-03-24,1462.3838
2008-03-25,1462.5128
2008-03-26,1462.7160
2008-03-27,1459.6842
2008-03-28,1461.3105
2008-03-31,1460.1109
2008-04-01,1458.3424
2008-04-02,1458.7294
2008-04-03,1460.4547
2008-04-07,1462.7497
2008-04-08,1462.8857
2008-04-09,1460.0905
2008-04-10,1461.6063
2008-04-11,1462.0257
2008-04-14,1460.1279
2008-04-15,1460.9594
2008-04-16,1460.7067
2008-04-17,1461.1407
2008-04-18,1459.8228
2008-04-21,1460.5830
2008-04-22,1461.2001
2008-04-23,1462.5231
2008-04-24,1466.6951
2008-04-25,1470.3501
2008-04-28,1469.3824
2008-04-29,1469.6358
2008-04-30,1470.5915
2008-05-05,1472.3950
2008-05-06,1472.3214
2008-05-07,1469.2084
2008-05-08,1470.6820
2008-05-09,1470.5403
2008-05-12,1471.9001
2008-05-13,1470.8141
2008-05-14,1471.8725
2008-05-15,1471.5356
2008-05-16,1471.6070
2008-05-19,1471.7499
2008-05-20,1469.4815
2008-05-21,1471.6861
2008-05-22,1471.3544
2008-05-23,1470.4561
2008-05-26,1469.5012
2008-05-27,1469.7495
2008-05-28,1471.7393
2008-05-29,1471.3659
2008-05-30,1471.6740
2008-06-02,1472.4707
2008-06-03,1471.8507
2008-06-04,1470.9160
2008-06-05,1470.5956
2008-06-06,1470.6667
2008-06-10,1466.4396
2008-06-11,1465.7297
2008-06-12,1465.3601
2008-06-13,1464.2061
2008-06-16,1464.7165
2008-06-17,1464.2138
2008-06-18,1465.7407
2008-06-19,1463.6202
2008-06-20,1463.8119
2008-06-23,1463.4121
2008-06-24,1463.7691
2008-06-25,1464.8710
2008-06-26,1464.8759
2008-06-27,1462.4300
2008-06-30,1462.5544
2008-07-01,1462.1801
2008-07-02,1461.9464
2008-07-03,1462.5696
2008-07-04,1462.1069
2008-07-07,1463.6428
2008-07-08,1463.8271
2008-07-09,1464.9938
2008-07-10,1465.3437
2008-07-11,1465.1172
2008-07-14,1465.7736
2008-07-15,1465.1508
2008-07-16,1464.7140
2008-07-17,1464.7583
2008-07-18,1465.4769
2008-07-21,1466.2732
2008-07-22,1466.3571
2008-07-23,1466.3782
2008-07-24,1467.3135
2008-07-25,1467.2641
2008-07-28,1467.8203
2008-07-29,1467.3808
2008-07-30,1467.4232
2008-07-31,1467.0430
2008-08-01,1466.8941
2008-08-04,1466.7294
2008-08-05,1466.1536
2008-08-06,1466.3634
2008-08-07,1466.3877
2008-08-08,1466.8197
2008-08-11,1466.2194
2008-08-12,1466.7051
2008-08-13,1467.7015
2008-08-14,1468.0124
2008-08-15,1468.4395
2008-08-18,1470.0161
2008-08-19,1471.1695
2008-08-20,1472.1877
2008-08-21,1471.7794
2008-08-22,1471.8363
2008-08-25,1472.1690
2008-08-26,1471.9242
2008-08-27,1472.3158
2008-08-28,1473.2550
2008-08-29,1475.1225
2008-09-01,1475.9593
2008-09-02,1476.6801
2008-09-03,1477.2408
2008-09-04,1477.6238
2008-09-05,1477.7398
2008-09-08,1477.7504
2008-09-09,1478.6335
2008-09-10,1480.5455
2008-09-11,1481.4667
2008-09-12,1484.0401
2008-09-16,1491.4794
2008-09-17,1496.8936
2008-09-18,1496.3296
2008-09-19,1496.6116
2008-09-22,1496.4810
2008-09-23,1498.3027
2008-09-24,1499.7862
2008-09-25,1501.9356
2008-09-26,1501.6444
2008-10-06,1502.0858
2008-10-07,1509.5367
2008-10-08,1520.1068
2008-10-09,1531.8138
2008-10-10,1534.3927
2008-10-13,1534.1894
2008-10-14,1532.8573
2008-10-15,1534.9185
2008-10-16,1535.6602
2008-10-17,1534.3345
2008-10-20,1533.8600
2008-10-21,1534.6993
2008-10-22,1535.0364
2008-10-23,1534.4534
2008-10-24,1534.8584
2008-10-27,1534.0939
2008-10-28,1537.4210
2008-10-29,1540.8272
2008-10-30,1544.8485
2008-10-31,1544.5197
2008-11-03,1544.6636
2008-11-04,1545.5406
2008-11-05,1546.9711
2008-11-06,1550.2153
2008-11-07,1552.1613
2008-11-10,1557.9133
2008-11-11,1559.6622
2008-11-12,1564.0781
2008-11-13,1571.2410
2008-11-14,1565.8605
2008-11-17,1563.9809
2008-11-18,1562.8929
2008-11-19,1557.5643
2008-11-20,1557.7660
2008-11-21,1559.6032
2008-11-24,1557.6481
2008-11-25,1554.0017
2008-11-26,1556.8755
2008-11-27,1566.3257
2008-11-28,1562.6190
2008-12-01,1562.5586
2008-12-02,1566.0495
2008-12-03,1569.9641
2008-12-04,1572.9837
2008-12-05,1578.4751
2008-12-08,1579.2122
2008-12-09,1573.5568
2008-12-10,1576.4349
2008-12-11,1578.4619
2008-12-12,1580.8883
2008-12-15,1583.3749
2008-12-16,1585.9493
2008-12-17,1593.1818
2008-12-18,1598.5999
2008-12-19,1602.1634
2008-12-22,1600.3453
2008-12-23,1600.4724
2008-12-24,1600.1963
2008-12-25,1598.5763
2008-12-26,1598.0601
2008-12-29,1598.8018
2008-12-30,1598.5628
2008-12-31,1599.2551
2009-01-05,1603.7967
2009-01-06,1606.1145
2009-01-07,1607.7972
2009-01-08,1609.8580
2009-01-09,1611.4807
2009-01-12,1611.0493
2009-01-13,1607.8578
2009-01-14,1603.5435
2009-01-15,1597.4749
2009-01-16,1593.3200
2009-01-19,1591.2399
2009-01-20,1585.8877
2009-01-21,1583.8292
2009-01-22,1589.9163
2009-01-23,1591.6433
2009-02-02,1591.3733
2009-02-03,1587.2569
2009-02-04,1581.5306
2009-02-05,1575.5853
2009-02-06,1579.0571
2009-02-09,1581.8508
2009-02-10,1582.3831
2009-02-11,1584.2008
2009-02-12,1589.4693
2009-02-13,1591.7604
2009-02-16,1593.6321
2009-02-17,1589.1875
2009-02-18,1588.4300
2009-02-19,1590.9662
2009-02-20,1592.1657
2009-02-23,1594.0337
2009-02-24,1595.2586
2009-02-25,1598.0980
2009-02-26,1597.0544
2009-02-27,1594.9413
2009-03-02,1595.1367
2009-03-03,1595.3819
2009-03-04,1596.4315
2009-03-05,1596.1362
2009-03-06,1597.5195
2009-03-09,1596.7958
2009-03-10,1598.1978
2009-03-11,1599.1860
2009-03-12,1599.8859
2009-03-13,1599.4598
2009-03-16,1600.1318
2009-03-17,1601.6227
2009-03-18,1602.2717
2009-03-19,1604.0859
2009-03-20,1604.8887
2009-03-23,1605.8928
2009-03-24,1605.2542
2009-03-25,1604.0162
2009-03-26,1604.4129
2009-03-27,1603.2500
2009-03-30,1603.2597
2009-03-31,1602.9124
2009-04-01,1604.0691
2009-04-02,1604.3616
2009-04-03,1602.4522
2009-04-07,1600.5952
2009-04-08,1596.5555
2009-04-09,1596.4709
2009-04-10,1597.3946
2009-04-13,1596.3879
2009-04-14,1597.1947
2009-04-15,1597.9030
2009-04-16,1598.6811
2009-04-17,1600.0364
2009-04-20,1601.0930
2009-04-21,1601.2350
2009-04-22,1600.1486
2009-04-23,1599.8337
2009-04-24,1599.0311
2009-04-27,1597.2672
2009-04-28,1597.3625
2009-04-29,1600.1704
2009-04-30,1601.5310
2009-05-04,1603.5412
2009-05-05,1604.3386
2009-05-06,1604.6720
2009-05-07,1605.7040
2009-05-08,1606.8292
2009-05-11,1606.5808
2009-05-12,1607.9394
2009-05-13,1610.9478
2009-05-14,1611.3338
2009-05-15,1612.2616
2009-05-18,1613.8787
2009-05-19,1616.2798
2009-05-20,1617.2091
2009-05-21,1614.9802
2009-05-22,1614.1842
2009-05-25,1613.3265
2009-05-26,1614.2254
2009-05-27,1614.9651
2009-06-01,1616.0571
2009-06-02,1616.4874
2009-06-03,1616.9901
2009-06-04,1616.2662
2009-06-05,1617.3836
2009-06-08,1616.5797
2009-06-09,1615.0901
2009-06-10,1616.8760
2009-06-11,1615.2563
2009-06-12,1613.4848
2009-06-15,1613.1064
2009-06-16,1612.7047
2009-06-17,1613.4562
2009-06-18,1613.9380
2009-06-19,1613.7663
2009-06-22,1613.0818
2009-06-23,1612.3585
2009-06-24,1613.8684
2009-06-25,1613.7536
2009-06-26,1614.1440
2009-06-29,1615.6414
2009-06-30,1615.9269
2009-07-01,1617.5866
2009-07-02,1619.4320
2009-07-03,1620.7884
2009-07-06,1623.1047
2009-07-07,1623.3302
2009-07-08,1623.1097
2009-07-09,1624.6463
2009-07-10,1628.0090
2009-07-13,1627.2203
2009-07-14,1628.4007
2009-07-15,1628.6416
2009-07-16,1630.1091
2009-07-17,1631.6431
2009-07-20,1636.9340
2009-07-21,1634.1080
2009-07-22,1635.8611
2009-07-23,1636.0044
2009-07-24,1636.3523
2009-07-27,1645.1112
2009-07-28,1648.7697
2009-07-29,1652.2896
2009-07-30,1652.8854
2009-07-31,1657.8021
2009-08-03,1660.0688
2009-08-04,1662.2057
2009-08-05,1660.8776
2009-08-06,1655.3721
2009-08-07,1644.9018
2009-08-10,1642.8854
2009-08-11,1643.1757
2009-08-12,1633.2945
2009-08-13,1635.8496
2009-08-14,1631.1166
2009-08-17,1622.1434
2009-08-18,1626.2884
2009-08-19,1616.6673
2009-08-20,1623.4349
2009-08-21,1627.2236
2009-08-24,1629.6480
2009-08-25,1626.4441
2009-08-26,1628.3816
2009-08-27,1626.5984
2009-08-28,1621.0226
2009-08-31,1610.1274
2009-09-01,1609.1521
2009-09-02,1609.2739
2009-09-03,1616.7944
2009-09-04,1616.6757
2009-09-07,1617.5480
2009-09-08,1619.5723
2009-09-09,1622.4024
2009-09-10,1623.2025
2009-09-11,1624.6402
2009-09-14,1628.2416
2009-09-15,1629.3350
2009-09-16,1627.6084
2009-09-17,1630.0042
2009-09-18,1626.0332
2009-09-21,1626.4348
2009-09-22,1620.5260
2009-09-23,1617.0460
2009-09-24,1614.3619
2009-09-25,1613.3467
2009-09-28,1609.1431
2009-09-29,1607.9323
2009-09-30,1609.9264
2009-10-09,1615.8919
2009-10-12,1612.8363
2009-10-13,1613.8605
2009-10-14,1618.6137
2009-10-15,1618.4312
2009-10-16,1617.5609
2009-10-19,1621.7237
2009-10-20,1625.2621
2009-10-21,1626.9153
2009-10-22,1627.4784
2009-10-23,1629.1034
2009-10-26,1629.4832
2009-10-27,1624.5186
2009-10-28,1625.7575
2009-10-29,1620.1480
2009-10-30,1629.7211
2009-11-02,1631.5044
2009-11-03,1636.2009
2009-11-04,1638.6302
2009-11-05,1641.1269
2009-11-06,1643.0928
2009-11-09,1644.3815
2009-11-10,1644.3618
2009-11-11,1645.1860
2009-11-12,1647.2558
2009-11-13,1647.9067
2009-11-16,1650.3484
2009-11-17,1650.3781
2009-11-18,1651.5987
2009-11-19,1654.9971
2009-11-20,1655.4168
2009-11-23,1658.1188
2009-11-24,1652.4307
2009-11-25,1656.8946
2009-11-26,1652.0817
2009-11-27,1650.4558
2009-11-30,1657.1398
2009-12-01,1660.1146
2009-12-02,1662.3230
2009-12-03,1666.2099
2009-12-04,1662.9506
2009-12-07,1665.6592
2009-12-08,1665.1194
2009-12-09,1663.4134
2009-12-10,1664.5538
2009-12-11,1665.6266
2009-12-14,1664.5136
2009-12-15,1663.1926
2009-12-16,1662.5641
2009-12-17,1657.2342
2009-12-18,1654.4680
2009-12-21,1655.9949
2009-12-22,1651.1681
2009-12-23,1652.5638
2009-12-24,1656.7903
2009-12-25,1658.5309
2009-12-28,1661.0199
2009-12-29,1662.8879
2009-12-30,1663.9835
2009-12-31,1667.0337
2010-01-04,1666.3574
2010-01-05,1667.3009
2010-01-06,1668.2155
2010-01-07,1666.8925
2010-01-08,1667.6738
2010-01-11,1669.1865
2010-01-12,1673.8500
2010-01-13,1671.9721
2010-01-14,1678.0311
2010-01-15,1679.4702
2010-01-18,1680.8099
2010-01-19,1680.7072
2010-01-20,1675.4589
2010-01-21,1675.4242
2010-01-22,1670.8783
2010-01-25,1664.7645
2010-01-26,1659.8249
2010-01-27,1661.4794
2010-01-28,1663.6435
2010-01-29,1663.9544
2010-02-01,1662.0408
2010-02-02,1662.0895
2010-02-03,1661.9859
2010-02-04,1661.9760
2010-02-05,1660.6785
2010-02-08,1661.5959
2010-02-09,1660.7636
2010-02-10,1663.4851
2010-02-11,1664.2852
2010-02-12,1667.8354
2010-02-22,1666.7625
2010-02-23,1667.1076
2010-02-24,1671.5176
2010-02-25,1675.1217
2010-02-26,1677.2329
2010-03-01,1680.7065
2010-03-02,1681.3108
2010-03-03,1684.3720
2010-03-04,1679.2109
2010-03-05,1681.5124
2010-03-08,1683.3401
2010-03-09,1682.8734
2010-03-10,1681.9251
2010-03-11,1683.2759
2010-03-12,1682.6186
2010-03-15,1680.9722
2010-03-16,1682.7867
2010-03-17,1687.2453
2010-03-18,1687.0362
2010-03-19,1689.3741
2010-03-22,1690.5782
2010-03-23,1691.5707
2010-03-24,1694.2946
2010-03-25,1693.7862
2010-03-26,1695.4812
2010-03-29,1699.0244
2010-03-30,1700.2981
2010-03-31,1702.7182
2010-04-01,1707.2366
2010-04-02,1709.6427
2010-04-06,1712.2072
2010-04-07,1712.4675
2010-04-08,1709.6065
2010-04-09,1714.4006
2010-04-12,1714.9750
2010-04-13,1714.5470
2010-04-14,1714.0905
2010-04-15,1710.5539
2010-04-16,1711.2477
2010-04-19,1706.7358
2010-04-20,1707.6872
2010-04-21,1715.6549
2010-04-22,1718.0290
2010-04-23,1718.0502
2010-04-26,1717.7245
2010-04-27,1714.0161
2010-04-28,1712.3982
2010-04-29,1710.1330
2010-04-30,1709.6022
2010-05-04,1708.3677
2010-05-05,1713.1358
2010-05-06,1708.1717
2010-05-07,1706.7697
2010-05-10,1705.0088
2010-05-11,1702.8863
2010-05-12,1700.8385
2010-05-13,1703.7054
2010-05-14,1704.8219
2010-05-17,1699.5644
2010-05-18,1701.0043
2010-05-19,1704.2694
2010-05-20,1702.2184
2010-05-21,1705.6706
2010-05-24,1709.9337
2010-05-25,1708.2361
2010-05-26,1708.3793
2010-05-27,1711.8290
2010-05-28,1711.7323
2010-05-31,1706.2711
2010-06-01,1702.4706
2010-06-02,1704.4830
2010-06-03,1705.7245
2010-06-04,1707.3600
2010-06-07,1710.9299
2010-06-08,1712.4441
2010-06-09,1714.3994
2010-06-10,1716.0879
2010-06-11,1716.2022
2010-06-17,1711.8054
2010-06-18,1703.2363
2010-06-21,1707.3613
2010-06-22,1708.2442
2010-06-23,1709.3306
2010-06-24,1709.6498
2010-06-25,1707.4631
2010-06-28,1705.6327
2010-06-29,1699.1637
2010-06-30,1698.7713
2010-07-01,1697.2142
2010-07-02,1696.5785
2010-07-05,1696.9976
2010-07-06,1700.6318
2010-07-07,1702.7817
2010-07-08,1704.1762
2010-07-09,1708.1491
2010-07-12,1709.0314
2010-07-13,1708.7188
2010-07-14,1709.3216
2010-07-15,1706.6676
2010-07-16,1708.1406
2010-07-19,1711.7687
2010-07-20,1716.2564
2010-07-21,1717.4465
2010-07-22,1719.4069
2010-07-23,1719.9852
2010-07-26,1721.7674
2010-07-27,1721.2538
2010-07-28,1724.4227
2010-07-29,1725.5005
2010-07-30,1725.4265
2010-08-02,1727.8281
2010-08-03,1726.7034
2010-08-04,1728.3234
2010-08-05,1729.0533
2010-08-06,1734.1342
2010-08-09,1736.9762
2010-08-10,1734.2961
2010-08-11,1736.2973
2010-08-12,1737.1203
2010-08-13,1740.8651
2010-08-16,1747.5600
2010-08-17,1750.1254
2010-08-18,1752.8522
2010-08-19,1753.8229
2010-08-20,1753.4206
2010-08-23,1753.8268
2010-08-24,1755.2495
2010-08-25,1752.3742
2010-08-26,1753.4236
2010-08-27,1756.6054
2010-08-30,1761.2652
2010-08-31,1764.5806
2010-09-01,1762.2967
2010-09-02,1770.4636
2010-09-03,1774.1443
2010-09-06,1773.5493
2010-09-07,1774.9071
2010-09-08,1776.4855
2010-09-09,1773.8365
2010-09-10,1774.3887
2010-09-13,1774.8173
2010-09-14,1774.4431
2010-09-15,1769.9033
2010-09-16,1765.3442
2010-09-17,1765.7979
2010-09-20,1763.5224
2010-09-21,1762.5397
2010-09-27,1765.1545
2010-09-28,1763.7844
2010-09-29,1762.4818
2010-09-30,1768.1163
2010-10-08,1776.9407
2010-10-11,1782.7155
2010-10-12,1783.9704
2010-10-13,1785.6627
2010-10-14,1788.8393
2010-10-15,1795.2762
2010-10-18,1797.1084
2010-10-19,1800.9265
2010-10-20,1794.1247
2010-10-21,1787.8686
2010-10-22,1791.5954
2010-10-25,1800.5742
2010-10-26,1801.4217
2010-10-27,1799.7042
2010-10-28,1801.8453
2010-10-29,1804.0379
2010-11-01,1813.1688
2010-11-02,1810.8778
2010-11-03,1805.3971
2010-11-04,1808.1992
2010-11-05,1813.8994
2010-11-08,1816.8961
2010-11-09,1815.3410
2010-11-10,1814.2659
2010-11-11,1814.8606
2010-11-12,1797.2249
2010-11-15,1803.5777
2010-11-16,1792.4530
2010-11-17,1785.4835
2010-11-18,1788.8500
2010-11-19,1795.1005
2010-11-22,1792.4145
2010-11-23,1788.3507
2010-11-24,1790.0148
2010-11-25,1794.2553
2010-11-26,1794.0324
2010-11-29,1793.3388
2010-11-30,1787.5816
2010-12-01,1788.9412
2010-12-02,1792.6051
2010-12-03,1791.2892
2010-12-06,1789.8283
2010-12-07,1794.7044
2010-12-08,1791.9135
2010-12-09,1789.1803
2010-12-10,1793.0018
2010-12-13,1804.1342
2010-12-14,1807.1371
2010-12-15,1805.4385
2010-12-16,1806.1410
2010-12-17,1809.5982
2010-12-20,1807.5842
2010-12-21,1810.1801
2010-12-22,1808.4096
2010-12-23,1801.3899
2010-12-24,1795.5924
2010-12-27,1787.0112
2010-12-28,1783.0040
2010-12-29,1786.5414
2010-12-30,1790.2464
2010-12-31,1799.7073
2011-01-04,1807.1402
2011-01-05,1807.2722
2011-01-06,1805.2306
2011-01-07,1805.7545
2011-01-10,1803.0010
2011-01-11,1799.9103
2011-01-12,1800.3055
2011-01-13,1799.2732
2011-01-14,1792.2789
2011-01-17,1781.4046
2011-01-18,1779.5877
2011-01-19,1784.3433
2011-01-20,1776.2482
2011-01-21,1775.4718
2011-01-24,1768.6290
2011-01-25,1768.1870
2011-01-26,1770.9476
2011-01-27,1774.2621
2011-01-28,1775.3902
2011-01-31,1778.9178
2011-02-01,1780.3923
2011-02-09,1775.3832
2011-02-10,1780.0575
2011-02-11,1781.8051
2011-02-14,1789.9482
2011-02-15,1788.7428
2011-02-16,1791.7766
2011-02-17,1792.8871
2011-02-18,1790.1893
2011-02-21,1791.6725
2011-02-22,1784.6223
2011-02-23,1784.9809
2011-02-24,1786.8573
2011-02-25,1786.3057
2011-02-28,1789.6016
2011-03-01,1790.1916
2011-03-02,1790.6247
2011-03-03,1789.3100
2011-03-04,1792.5340
2011-03-07,1797.4027
2011-03-08,1797.7425
2011-03-09,1801.1446
2011-03-10,1797.9916
2011-03-11,1795.4907
2011-03-14,1795.6451
2011-03-15,1793.7055
2011-03-16,1797.9576
2011-03-17,1795.2683
2011-03-18,1797.8449
2011-03-21,1797.0765
2011-03-22,1798.5124
2011-03-23,1800.3574
2011-03-24,1800.5582
2011-03-25,1803.4794
2011-03-28,1802.9536
2011-03-29,1798.9212
2011-03-30,1796.3599
2011-03-31,1794.5903
2011-04-01,1797.1293
2011-04-06,1798.3504
2011-04-07,1800.2162
2011-04-08,1803.5650
2011-04-11,1805.5723
2011-04-12,1806.7866
2011-04-13,1809.7946
2011-04-14,1810.4610
2011-04-15,1810.5565
2011-04-18,1812.6298
2011-04-19,1807.1065
2011-04-20,1807.2147
2011-04-21,1809.6576
2011-04-22,1809.7435
2011-04-25,1805.0128
2011-04-26,1802.6363
2011-04-27,1801.5897
2011-04-28,1797.1555
2011-04-29,1798.5742
2011-05-03,1800.3172
2011-05-04,1797.5338
2011-05-05,1798.0030
2011-05-06,1798.9184
2011-05-09,1800.5779
2011-05-10,1802.8447
2011-05-11,1803.6131
2011-05-12,1802.7308
2011-05-13,1803.1814
2011-05-16,1802.6623
2011-05-17,1802.3703
2011-05-18,1803.5098
2011-05-19,1802.5123
2011-05-20,1802.2395
2011-05-23,1796.1704
2011-05-24,1796.5280
2011-05-25,1794.0237
2011-05-26,1792.6949
2011-05-27,1792.0409
2011-05-30,1790.4031
2011-05-31,1792.9007
2011-06-01,1794.9752
2011-06-02,1792.2353
2011-06-03,1793.6154
2011-06-07,1793.8076
2011-06-08,1792.8833
2011-06-09,1787.5945
2011-06-10,1786.6152
2011-06-13,1786.0956
2011-06-14,1787.1077
2011-06-15,1784.0068
2011-06-16,1779.6048
2011-06-17,1777.7904
2011-06-20,1776.6508
2011-06-21,1779.0324
2011-06-22,1777.7312
2011-06-23,1780.9976
2011-06-24,1784.6973
2011-06-27,1786.4121
2011-06-28,1785.8016
2011-06-29,1782.5435
2011-06-30,1785.0972
2011-07-01,1786.5787
2011-07-04,1790.4302
2011-07-05,1789.7493
2011-07-06,1789.6808
2011-07-07,1790.5097
2011-07-08,1790.5418
2011-07-11,1790.0807
2011-07-12,1788.8305
2011-07-13,1789.9078
2011-07-14,1791.3996
2011-07-15,1793.3337
2011-07-18,1790.9518
2011-07-19,1784.9220
2011-07-20,1781.5323
2011-07-21,1776.1524
2011-07-22,1777.0336
2011-07-25,1770.8197
2011-07-26,1770.9587
2011-07-27,1773.3147
2011-07-28,1772.0469
2011-07-29,1770.1230
2011-08-01,1768.9720
2011-08-02,1767.0135
2011-08-03,1765.6601
2011-08-04,1765.9493
2011-08-05,1765.7709
2011-08-08,1762.1152
2011-08-09,1762.7132
2011-08-10,1766.3138
2011-08-11,1773.6066
2011-08-12,1775.8328
2011-08-15,1779.2547
2011-08-16,1778.4114
2011-08-17,1777.1043
2011-08-18,1773.7891
2011-08-19,1771.5794
2011-08-22,1769.9758
2011-08-23,1773.6188
2011-08-24,1774.0803
2011-08-25,1776.3303
2011-08-26,1776.1922
2011-08-29,1759.5826
2011-08-30,1753.3943
2011-08-31,1752.7342
2011-09-01,1750.8664
2011-09-02,1742.4813
2011-09-05,1734.1788
2011-09-06,1730.3216
2011-09-07,1735.6858
2011-09-08,1733.8615
2011-09-09,1733.4762
2011-09-13,1730.8012
2011-09-14,1732.0985
2011-09-15,1731.5314
2011-09-16,1729.5718
2011-09-19,1726.5677
2011-09-20,1726.4212
2011-09-21,1728.3352
2011-09-22,1721.6859
2011-09-23,1717.8569
2011-09-26,1712.7983
2011-09-27,1711.8506
2011-09-28,1707.9776
2011-09-29,1697.9260
2011-09-30,1703.9077
2011-10-10,1707.6068
2011-10-11,1707.7093
2011-10-12,1714.7437
2011-10-13,1719.8224
2011-10-14,1723.1686
2011-10-17,1728.3824
2011-10-18,1725.3731
2011-10-19,1726.7242
2011-10-20,1727.7610
2011-10-21,1733.3410
2011-10-24,1737.1215
2011-10-25,1739.4875
2011-10-26,1742.5050
2011-10-27,1739.1210
2011-10-28,1743.5879
2011-10-31,1747.6043
2011-11-01,1751.3046
2011-11-02,1755.3506
2011-11-03,1757.7160
2011-11-04,1760.2351
2011-11-07,1761.0188
2011-11-08,1761.7409
2011-11-09,1765.8432
2011-11-10,1767.3630
2011-11-11,1766.4399
2011-11-14,1769.9048
2011-11-15,1769.8790
2011-11-16,1764.8328
2011-11-17,1763.0420
2011-11-18,1757.9037
2011-11-21,1757.1169
2011-11-22,1757.2850
2011-11-23,1757.6814
2011-11-24,1757.6472
2011-11-25,1757.9129
2011-11-28,1757.9340
2011-11-29,1757.9907
2011-11-30,1753.2019
2011-12-01,1760.9442
2011-12-02,1758.5550
2011-12-05,1756.3842
2011-12-06,1755.9274
2011-12-07,1756.8436
2011-12-08,1757.8257
2011-12-09,1756.5980
2011-12-12,1756.4202
2011-12-13,1753.2610
2011-12-14,1751.4743
2011-12-15,1749.5337
2011-12-16,1754.2037
2011-12-19,1754.3175
2011-12-20,1754.1996
2011-12-21,1750.3305
2011-12-22,1749.2279
2011-12-23,1749.9399
2011-12-26,1748.5107
2011-12-27,1746.6244
2011-12-28,1746.7787
2011-12-29,1747.5225
2011-12-30,1752.5325
2012-01-04,1751.7244
2012-01-05,1750.5129
2012-01-06,1753.1726
2012-01-09,1758.9536
2012-01-10,1765.0041
2012-01-11,1762.7251
2012-01-12,1763.2729
2012-01-13,1758.9555
2012-01-16,1756.6535
2012-01-17,1761.6962
2012-01-18,1758.5414
2012-01-19,1762.0882
2012-01-20,1766.1977
2012-01-30,1765.8948
2012-01-31,1766.5702
2012-02-01,1766.0517
2012-02-02,1768.3832
2012-02-03,1769.8283
2012-02-06,1769.8808
2012-02-07,1766.1842
2012-02-08,1768.3718
2012-02-09,1767.8869
2012-02-10,1768.0480
2012-02-13,1768.6896
2012-02-14,1768.9143
2012-02-15,1770.6279
2012-02-16,1771.4449
2012-02-17,1770.8840
2012-02-20,1774.2894
2012-02-21,1774.8038
2012-02-22,1775.5931
2012-02-23,1776.4953
2012-02-24,1777.7177
2012-02-27,1778.3374
2012-02-28,1778.6172
2012-02-29,1777.2684
2012-03-01,1777.7857
2012-03-02,1780.8538
2012-03-05,1780.8465
2012-03-06,1780.6712
2012-03-07,1780.8723
2012-03-08,1782.9404
2012-03-09,1787.8285
2012-03-12,1788.8183
2012-03-13,1790.8889
2012-03-14,1786.6568
2012-03-15,1787.0096
2012-03-16,1791.0636
2012-03-19,1791.8367
2012-03-20,1789.8303
2012-03-21,1789.4041
2012-03-22,1789.9684
2012-03-23,1790.3145
2012-03-26,1790.7118
2012-03-27,1790.8928
2012-03-28,1787.9130
2012-03-29,1787.2211
2012-03-30,1789.0189
2012-04-05,1790.8657
2012-04-06,1792.0249
2012-04-09,1791.7688
2012-04-10,1792.9369
2012-04-11,1794.6622
2012-04-12,1798.0938
2012-04-13,1800.3880
2012-04-16,1801.7476
2012-04-17,1801.0665
2012-04-18,1804.7277
2012-04-19,1805.7527
2012-04-20,1808.8075
2012-04-23,1808.6168
2012-04-24,1809.1490
2012-04-25,1810.2101
2012-04-26,1811.6698
2012-04-27,1814.0372
2012-05-02,1817.4665
2012-05-03,1819.1568
2012-05-04,1820.6544
2012-05-07,1820.6482
2012-05-08,1820.3782
2012-05-09,1820.0928
2012-05-10,1821.8700
2012-05-11,1823.5862
2012-05-14,1826.1769
2012-05-15,1829.2346
2012-05-16,1830.4068
2012-05-17,1833.0265
2012-05-18,1834.3756
2012-05-21,1835.6246
2012-05-22,1838.7610
2012-05-23,1839.7419
2012-05-24,1842.3147
2012-05-25,1845.0475
2012-05-28,1848.1315
2012-05-29,1849.3770
2012-05-30,1851.2463
2012-05-31,1851.8422
2012-06-01,1852.3446
2012-06-04,1851.0890
2012-06-05,1852.1365
2012-06-06,1852.8165
2012-06-07,1854.3860
2012-06-08,1860.0364
2012-06-11,1860.9417
2012-06-12,1861.7028
2012-06-13,1864.1538
2012-06-14,1862.9287
2012-06-15,1864.4740
2012-06-18,1865.1828
2012-06-19,1862.6819
2012-06-20,1861.9692
2012-06-21,1860.8508
2012-06-25,1858.7850
2012-06-26,1858.1204
2012-06-27,1859.2986
2012-06-28,1858.7666
2012-06-29,1861.0012
2012-07-02,1861.7799
2012-07-03,1862.6725
2012-07-04,1864.0370
2012-07-05,1863.8545
2012-07-06,1867.4184
2012-07-09,1866.9824
2012-07-10,1866.1833
2012-07-11,1866.9422
2012-07-12,1867.9223
2012-07-13,1868.7334
2012-07-16,1866.8166
2012-07-17,1866.4881
2012-07-18,1866.1666
2012-07-19,1867.2065
2012-07-20,1867.1656
2012-07-23,1866.5143
2012-07-24,1865.7356
2012-07-25,1865.7198
2012-07-26,1864.1933
2012-07-27,1864.1809
2012-07-30,1862.5177
2012-07-31,1860.4239
2012-08-01,1861.7386
2012-08-02,1860.9481
2012-08-03,1860.6436
2012-08-06,1860.5911
2012-08-07,1859.8227
2012-08-08,1859.4521
2012-08-09,1860.2777
2012-08-10,1860.7829
2012-08-13,1860.9340
2012-08-14,1860.8586
2012-08-15,1859.7678
2012-08-16,1859.3623
2012-08-17,1859.2050
2012-08-20,1857.7340
2012-08-21,1858.2545
2012-08-22,1856.2177
2012-08-23,1855.8557
2012-08-24,1854.5544
2012-08-27,1852.8485
2012-08-28,1853.0062
2012-08-29,1851.7339
2012-08-30,1851.2775
2012-08-31,1851.4041
2012-09-03,1852.1139
2012-09-04,1851.9543
2012-09-05,1850.6274
2012-09-06,1849.8064
2012-09-07,1852.8306
2012-09-10,1852.9627
2012-09-11,1851.0651
2012-09-12,1850.1575
2012-09-13,1849.4131
2012-09-14,1848.4826
2012-09-17,1845.5493
2012-09-18,1844.6791
2012-09-19,1843.8486
2012-09-20,1843.6718
2012-09-21,1843.8394
2012-09-24,1843.8072
2012-09-25,1844.4610
2012-09-26,1845.1893
2012-09-27,1847.7595
2012-09-28,1850.8127
2012-10-08,1851.6765
2012-10-09,1854.2528
2012-10-10,1855.9096
2012-10-11,1856.5405
2012-10-12,1858.6159
2012-10-15,1858.7072
2012-10-16,1859.2686
2012-10-17,1860.5267
2012-10-18,1862.3865
2012-10-19,1862.5575
2012-10-22,1863.1530
2012-10-23,1862.2232
2012-10-24,1860.9174
2012-10-25,1860.3321
2012-10-26,1858.5571
2012-10-29,1857.8348
2012-10-30,1858.4487
2012-10-31,1859.4016
2012-11-01,1861.2048
2012-11-02,1861.9519
2012-11-05,1861.7346
2012-11-06,1861.1514
2012-11-07,1862.2093
2012-11-08,1861.1995
2012-11-09,1862.0024
2012-11-12,1863.3347
2012-11-13,1862.6808
2012-11-14,1863.3086
2012-11-15,1863.1178
2012-11-16,1863.6457
2012-11-19,1864.6343
2012-11-20,1864.9543
2012-11-21,1865.0410
2012-11-22,1865.0211
2012-11-23,1867.0728
2012-11-26,1868.1558
2012-11-27,1867.7763
2012-11-28,1866.7998
2012-11-29,1866.8526
2012-11-30,1867.8706
2012-12-03,1867.8487
2012-12-04,1868.1801
2012-12-05,1870.0037
2012-12-06,1870.5029
2012-12-07,1872.8221
2012-12-10,1875.1856
2012-12-11,1874.7435
2012-12-12,1874.9840
2012-12-13,1874.5167
2012-12-14,1878.9580
2012-12-17,1881.4514
2012-12-18,1881.4958
2012-12-19,1881.6664
2012-12-20,1881.6495
2012-12-21,1881.9431
2012-12-24,1881.4798
2012-12-25,1885.1580
2012-12-26,1886.0228
2012-12-27,1886.2565
2012-12-28,1887.3019
2012-12-31,1889.8923
2013-01-04,1891.3565
2013-01-07,1893.2653
2013-01-08,1893.6069
2013-01-09,1895.0347
2013-01-10,1898.0861
2013-01-11,1897.9722
2013-01-14,1904.4302
2013-01-15,1907.9807
2013-01-16,1910.2368
2013-01-17,1910.0610
2013-01-18,1914.2826
2013-01-21,1916.9729
2013-01-22,1915.0495
2013-01-23,1916.1706
2013-01-24,1914.7701
2013-01-25,1913.1776
2013-01-28,1918.8759
2013-01-29,1920.5366
2013-01-30,1922.2373
2013-01-31,1926.3787
2013-02-01,1929.0427
2013-02-04,1929.3897
2013-02-05,1929.9238
2013-02-06,1931.6894
2013-02-07,1934.3397
2013-02-08,1939.5155
2013-02-18,1941.7539
2013-02-19,1939.4483
2013-02-20,1943.3223
2013-02-21,1938.5151
2013-02-22,1937.5253
2013-02-25,1939.0291
2013-02-26,1936.3139
2013-02-27,1936.9582
2013-02-28,1942.3891
2013-03-01,1943.7960
2013-03-04,1937.7992
2013-03-05,1940.2819
2013-03-06,1945.4119
2013-03-07,1945.0502
2013-03-08,1945.5376
2013-03-11,1944.9708
2013-03-12,1944.2875
2013-03-13,1942.2852
2013-03-14,1942.1668
2013-03-15,1942.7058
2013-03-18,1940.7552
2013-03-19,1940.5235
2013-03-20,1944.6851
2013-03-21,1947.2929
2013-03-22,1951.3649
2013-03-25,1953.4406
2013-03-26,1951.4431
2013-03-27,1952.0057
2013-03-28,1947.8516
2013-03-29,1948.7248
2013-04-01,1950.2186
2013-04-02,1950.1629
2013-04-03,1950.7584
2013-04-08,1953.0028
2013-04-09,1955.3572
2013-04-10,1957.0941
2013-04-11,1958.7787
2013-04-12,1958.6984
2013-04-15,1956.6330
2013-04-16,1957.3099
2013-04-17,1957.1973
2013-04-18,1955.9421
2013-04-19,1957.8471
2013-04-22,1952.4788
2013-04-23,1945.3778
2013-04-24,1949.0991
2013-04-25,1950.3307
2013-04-26,1951.2359
2013-05-02,1951.1131
2013-05-03,1954.4633
2013-05-06,1957.7450
2013-05-07,1960.3714
2013-05-08,1962.3170
2013-05-09,1962.1683
2013-05-10,1964.0547
2013-05-13,1965.7468
2013-05-14,1964.6932
2013-05-15,1966.2351
2013-05-16,1969.2426
2013-05-17,1974.0365
2013-05-20,1976.1852
2013-05-21,1975.2519
2013-05-22,1973.4613
2013-05-23,1972.5681
2013-05-24,1973.8859
2013-05-27,1975.1912
2013-05-28,1979.2324
2013-05-29,1980.8057
2013-05-30,1979.8766
2013-05-31,1980.1695
2013-06-03,1980.3667
2013-06-04,1977.5262
2013-06-05,1977.0793
2013-06-06,1974.0950
2013-06-07,1972.4821
2013-06-13,1967.6672
2013-06-14,1966.6945
2013-06-17,1966.5166
2013-06-18,1966.8454
2013-06-19,1962.1205
2013-06-20,1947.2421
2013-06-21,1946.7805
2013-06-24,1934.4152
2013-06-25,1936.3861
2013-06-26,1942.9126
2013-06-27,1945.1571
2013-06-28,1948.2981
2013-07-01,1952.6362
2013-07-02,1955.4340
2013-07-03,1955.1798
2013-07-04,1957.3042
2013-07-05,1959.7038
2013-07-08,1957.0909
2013-07-09,1956.5777
2013-07-10,1957.7629
2013-07-11,1959.5711
2013-07-12,1956.8316
2013-07-15,1957.6707
2013-07-16,1956.7572
2013-07-17,1953.0548
2013-07-18,1949.5813
2013-07-19,1946.1025
2013-07-22,1944.1435
2013-07-23,1944.9151
2013-07-24,1942.9046
2013-07-25,1942.1279
2013-07-26,1942.9805
2013-07-29,1940.2817
2013-07-30,1939.9271
2013-07-31,1940.9271
2013-08-01,1945.1314
2013-08-02,1946.8464
2013-08-05,1947.3898
2013-08-06,1948.7850
2013-08-07,1946.8594
2013-08-08,1945.8693
2013-08-09,1945.4020
2013-08-12,1947.6036
2013-08-13,1947.3018
2013-08-14,1943.9935
2013-08-15,1941.4609
2013-08-16,1939.8580
2013-08-19,1941.1502
2013-08-20,1938.9853
2013-08-21,1937.6707
2013-08-22,1936.9844
2013-08-23,1937.4486
2013-08-26,1940.2059
2013-08-27,1939.2199
2013-08-28,1938.9627
2013-08-29,1939.2142
2013-08-30,1940.4197
2013-09-02,1940.8844
2013-09-03,1943.2893
2013-09-04,1943.1004
2013-09-05,1943.1595
2013-09-06,1944.1109
2013-09-09,1949.5086
2013-09-10,1951.8625
2013-09-11,1957.0003
2013-09-12,1959.2704
2013-09-13,1955.8853
2013-09-16,1954.2380
2013-09-17,1952.3574
2013-09-18,1954.1373
2013-09-23,1955.6192
2013-09-24,1954.3246
2013-09-25,1954.5260
2013-09-26,1951.8676
2013-09-27,1951.4360
2013-09-30,1952.6205
2013-10-08,1955.4951
2013-10-09,1956.6912
2013-10-10,1955.7672
2013-10-11,1957.1006
2013-10-14,1958.4116
2013-10-15,1957.3917
2013-10-16,1955.0349
2013-10-17,1953.5960
2013-10-18,1953.6575
2013-10-21,1955.4574
2013-10-22,1954.1105
2013-10-23,1952.6293
2013-10-24,1949.4824
2013-10-25,1945.8296
2013-10-28,1944.2977
2013-10-29,1943.4306
2013-10-30,1946.0208
2013-10-31,1944.5499
2013-11-01,1945.8731
2013-11-04,1945.9504
2013-11-05,1945.1577
2013-11-06,1942.8580
2013-11-07,1940.9857
2013-11-08,1937.2758
2013-11-11,1935.3388
2013-11-12,1934.8585
2013-11-13,1928.9547
2013-11-14,1926.8372
2013-11-15,1925.0220
2013-11-18,1926.5621
2013-11-19,1924.6215
2013-11-20,1922.9170
2013-11-21,1922.3910
2013-11-22,1922.2074
2013-11-25,1921.5903
2013-11-26,1919.5717
2013-11-27,1919.6783
2013-11-28,1921.3940
2013-11-29,1922.8039
2013-12-02,1922.7188
2013-12-03,1924.9554
2013-12-04,1926.7527
2013-12-05,1925.4877
2013-12-06,1924.4367
2013-12-09,1924.1234
2013-12-10,1923.2677
2013-12-11,1920.6048
2013-12-12,1920.2638
2013-12-13,1920.9416
2013-12-16,1918.0527
2013-12-17,1916.3676
2013-12-18,1914.3581
2013-12-19,1909.3254
2013-12-20,1906.5772
2013-12-23,1906.5661
2013-12-24,1907.3707
2013-12-25,1909.3461
2013-12-26,1907.7868
2013-12-27,1907.9459
2013-12-30,1908.2636
2013-12-31,1908.9650
2014-01-02,1909.0433
2014-01-03,1906.7410
2014-01-06,1903.3809
2014-01-07,1902.4621
2014-01-08,1901.0812
2014-01-09,1900.0406
2014-01-10,1897.4180
2014-01-13,1895.7267
2014-01-14,1896.0229
2014-01-15,1896.6405
2014-01-16,1896.1399
2014-01-17,1894.3932
2014-01-20,1890.8351
2014-01-21,1893.1311
2014-01-22,1897.7403
2014-01-23,1898.3850
2014-01-24,1900.5184
2014-01-27,1902.0546
2014-01-28,1902.3548
2014-01-29,1905.4527
2014-01-30,1906.0490
2014-02-07,1908.7837
2014-02-10,1913.4735
2014-02-11,1913.5613
2014-02-12,1914.6124
2014-02-13,1917.2098
2014-02-14,1922.4303
2014-02-17,1925.9117
2014-02-18,1924.9588
2014-02-19,1926.5236
2014-02-20,1930.5595
2014-02-21,1931.4417
2014-02-24,1930.9661
2014-02-25,1931.9429
2014-02-26,1933.0661
2014-02-27,1937.7925
2014-02-28,1936.8157
2014-03-03,1938.3356
2014-03-04,1936.2028
2014-03-05,1932.1010
2014-03-06,1932.1079
2014-03-07,1933.5512
2014-03-10,1931.9762
2014-03-11,1932.4318
2014-03-12,1931.4379
2014-03-13,1933.1440
2014-03-14,1934.2901
2014-03-17,1935.4078
2014-03-18,1935.5603
2014-03-19,1933.2206
2014-03-20,1932.4905
2014-03-21,1934.7849
2014-03-24,1935.3078
2014-03-25,1935.0344
2014-03-26,1934.8572
2014-03-27,1934.5165
2014-03-28,1933.8781
2014-03-31,1934.1554
2014-04-01,1935.1231
2014-04-02,1934.8205
2014-04-03,1934.2521
2014-04-04,1936.3099
2014-04-08,1940.0667
2014-04-09,1940.6332
2014-04-10,1943.0366
2014-04-11,1944.6224
2014-04-14,1947.5040
2014-04-15,1947.2744
2014-04-16,1948.2042
2014-04-17,1950.5795
2014-04-18,1952.4047
2014-04-21,1952.3817
2014-04-22,1953.0775
2014-04-23,1953.7720
2014-04-24,1954.0418
2014-04-25,1954.0599
2014-04-28,1953.0330
2014-04-29,1953.8004
2014-04-30,1956.5818
2014-05-05,1958.0181
2014-05-06,1960.6070
2014-05-07,1961.6269
2014-05-08,1963.9979
2014-05-09,1968.0451
2014-05-12,1970.9339
2014-05-13,1971.3106
2014-05-14,1970.9766
2014-05-15,1969.9810
2014-05-16,1969.9750
2014-05-19,1968.6740
2014-05-20,1968.7713
2014-05-21,1970.3307
2014-05-22,1971.4457
2014-05-23,1973.7761
2014-05-26,1974.8513
2014-05-27,1976.1273
2014-05-28,1978.0107
2014-05-29,1979.9115
2014-05-30,1982.3164
2014-06-03,1985.1521
2014-06-04,1986.3310
2014-06-05,1988.4065
2014-06-06,1989.8996
2014-06-09,1991.3572
2014-06-10,1994.6807
2014-06-11,1995.3310
2014-06-12,1996.1974
2014-06-13,1999.6671
2014-06-16,2002.6322
2014-06-17,1999.5622
2014-06-18,1996.8380
2014-06-19,1995.9959
2014-06-20,1998.2577
2014-06-23,1999.4275
2014-06-24,2001.4069
2014-06-25,2001.7837
2014-06-26,2004.2397
2014-06-27,2006.1250
2014-06-30,2006.4608
2014-07-01,2004.0821
2014-07-02,2004.0457
2014-07-03,2005.6289
2014-07-04,2004.0912
2014-07-07,2005.1720
2014-07-08,2005.7515
2014-07-09,2004.1077
2014-07-10,2004.2301
2014-07-11,2006.0402
2014-07-14,2007.6682
2014-07-15,2008.0906
2014-07-16,2007.2363
2014-07-17,2004.6153
2014-07-18,2004.4886
2014-07-21,2004.5224
2014-07-22,2007.2376
2014-07-23,2007.9490
2014-07-24,2009.4121
2014-07-25,2011.0496
2014-07-28,2014.9743
2014-07-29,2016.0740
2014-07-30,2016.7428
2014-07-31,2019.4725
2014-08-01,2021.6623
2014-08-04,2024.3929
2014-08-05,2024.5051
2014-08-06,2025.3269
2014-08-07,2024.5097
2014-08-08,2026.1037
2014-08-11,2029.2594
2014-08-12,2030.3563
2014-08-13,2030.7627
2014-08-14,2030.9965
2014-08-15,2033.8176
2014-08-18,2035.5450
2014-08-19,2036.2502
2014-08-20,2036.5412
2014-08-21,2035.8797
2014-08-22,2037.4607
2014-08-25,2038.1681
2014-08-26,2037.7709
2014-08-27,2039.0581
2014-08-28,2039.5334
2014-08-29,2041.6596
2014-09-01,2045.1543
2014-09-02,2048.3727
2014-09-03,2051.6042
2014-09-04,2053.2371
2014-09-05,2055.7734
2014-09-09,2055.9013
2014-09-10,2055.2397
2014-09-11,2055.1187
2014-09-12,2057.8026
2014-09-15,2058.4137
2014-09-16,2053.1665
2014-09-17,2054.5604
2014-09-18,2057.3168
2014-09-19,2061.3618
2014-09-22,2058.5451
2014-09-23,2060.5374
2014-09-24,2064.1474
2014-09-25,2065.2311
2014-09-26,2065.5944
2014-09-29,2068.3789
2014-09-30,2071.2982
2014-10-08,2073.3530
2014-10-09,2074.9317
2014-10-10,2073.6220
2014-10-13,2074.2078
2014-10-14,2075.0328
2014-10-15,2079.2394
2014-10-16,2081.3038
2014-10-17,2084.5190
2014-10-20,2090.5640
2014-10-21,2093.5667
2014-10-22,2095.4129
2014-10-23,2096.6196
2014-10-24,2098.2392
2014-10-27,2097.7982
2014-10-28,2103.6663
2014-10-29,2109.9849
2014-10-30,2115.6416
2014-10-31,2123.7750
2014-11-03,2127.3625
2014-11-04,2132.2863
2014-11-05,2134.2825
2014-11-06,2137.5352
2014-11-07,2143.7203
2014-11-10,2156.0040
2014-11-11,2154.9352
2014-11-12,2158.1041
2014-11-13,2157.3734
2014-11-14,2152.9082
2014-11-17,2148.3124
2014-11-18,2143.0856
2014-11-19,2144.0421
2014-11-20,2145.9419
2014-11-21,2149.5910
2014-11-24,2161.8944
2014-11-25,2164.1933
2014-11-26,2167.8730
2014-11-27,2169.5911
2014-11-28,2173.0702
2014-12-01,2170.7858
2014-12-02,2178.6128
2014-12-03,2177.6479
2014-12-04,2189.1773
2014-12-05,2186.3872
2014-12-08,2195.4629
2014-12-09,2153.1276
2014-12-10,2161.1944
2014-12-11,2156.3423
2014-12-12,2158.2779
2014-12-15,2159.2829
2014-12-16,2169.8098
2014-12-17,2172.9334
2014-12-18,2177.3679
2014-12-19,2185.1525
2014-12-22,2193.6069
2014-12-23,2185.9676
2014-12-24,2183.7090
2014-12-25,2196.1762
2014-12-26,2211.9218
2014-12-29,2219.1310
2014-12-30,2219.8364
2014-12-31,2229.7796
2015-01-05,2242.9435
2015-01-06,2243.8030
2015-01-07,2253.0846
2015-01-08,2243.8860
2015-01-09,2247.7282
2015-01-12,2240.0344
2015-01-13,2243.2017
2015-01-14,2246.4390
2015-01-15,2256.9014
2015-01-16,2264.4406
2015-01-19,2241.3649
2015-01-20,2247.3077
2015-01-21,2262.6139
2015-01-22,2267.4620
2015-01-23,2269.9512
2015-01-26,2268.3852
2015-01-27,2264.4190
2015-01-28,2256.1758
2015-01-29,2250.7443
2015-01-30,2245.4539
2015-02-02,2232.0844
2015-02-03,2238.7894
2015-02-04,2237.2250
2015-02-05,2236.6834
2015-02-06,2231.3749
2015-02-09,2234.8363
2015-02-10,2239.7553
2015-02-11,2241.7509
2015-02-12,2244.0321
2015-02-13,2250.5833
2015-02-16,2255.2122
2015-02-17,2258.3908
2015-02-25,2257.1722
2015-02-26,2264.0719
2015-02-27,2263.5865
2015-03-02,2265.4627
2015-03-03,2261.6777
2015-03-04,2261.1996
2015-03-05,2258.5330
2015-03-06,2257.1819
2015-03-09,2261.1276
2015-03-10,2261.3563
2015-03-11,2263.0985
2015-03-12,2267.9820
2015-03-13,2269.7525
2015-03-16,2280.5538
2015-03-17,2286.3157
2015-03-18,2288.9543
2015-03-19,2288.5713
2015-03-20,2293.4476
2015-03-23,2297.2165
2015-03-24,2293.4020
2015-03-25,2288.2153
2015-03-26,2283.5327
2015-03-27,2282.1770
2015-03-30,2286.0512
2015-03-31,2279.6963
2015-04-01,2284.0345
2015-04-02,2287.6595
2015-04-03,2291.8283
2015-04-07,2293.8322
2015-04-08,2289.5486
2015-04-09,2283.1073
2015-04-10,2288.3864
2015-04-13,2294.0401
2015-04-14,2294.0391
2015-04-15,2290.2393
2015-04-16,2298.1798
2015-04-17,2309.4685
2015-04-20,2309.2930
2015-04-21,2318.5006
2015-04-22,2333.3543
2015-04-23,2334.8153
2015-04-24,2333.0650
2015-04-27,2339.4628
2015-04-28,2333.0025
2015-04-29,2337.1845
2015-04-30,2338.8949
2015-05-04,2342.1884
2015-05-05,2330.4252
2015-05-06,2329.8964
2015-05-07,2328.5154
2015-05-08,2333.9082
2015-05-11,2344.9372
2015-05-12,2354.2439
2015-05-13,2352.9008
2015-05-14,2360.3641
2015-05-15,2360.0999
2015-05-18,2360.6743
2015-05-19,2367.2906
2015-05-20,2372.6107
2015-05-21,2383.2736
2015-05-22,2391.9457
2015-05-25,2409.3636
2015-05-26,2420.7965
2015-05-27,2422.9732
2015-05-28,2402.3410
2015-05-29,2408.4593
2015-06-01,2430.7927
2015-06-02,2438.3945
2015-06-03,2433.3139
2015-06-04,2432.9899
2015-06-05,2436.8446
2015-06-08,2439.3589
2015-06-09,2441.4330
2015-06-10,2435.9676
2015-06-11,2433.4597
2015-06-12,2436.6444
2015-06-15,2436.5121
2015-06-16,2421.8612
2015-06-17,2422.5244
2015-06-18,2409.1535
2015-06-19,2387.7478
2015-06-23,2388.3528
2015-06-24,2397.7063
2015-06-25,2385.6644
2015-06-26,2360.2796
2015-06-29,2351.1535
2015-06-30,2368.6550
2015-07-01,2353.3071
2015-07-02,2343.8983
2015-07-03,2340.4993
2015-07-06,2348.8813
2015-07-07,2345.8241
2015-07-08,2342.6698
2015-07-09,2354.2413
2015-07-10,2363.3695
2015-07-13,2366.3752
2015-07-14,2366.6932
2015-07-15,2360.3348
2015-07-16,2363.2320
2015-07-17,2372.1026
2015-07-20,2377.3807
2015-07-21,2381.3329
2015-07-22,2382.3641
2015-07-23,2390.6804
2015-07-24,2390.6326
2015-07-27,2377.1477
2015-07-28,2377.8597
2015-07-29,2384.2161
2015-07-30,2380.9131
2015-07-31,2379.8594
2015-08-03,2377.6294
2015-08-04,2385.4065
2015-08-05,2385.0793
2015-08-06,2386.3877
2015-08-07,2393.6091
2015-08-10,2402.1472
2015-08-11,2397.3711
2015-08-12,2394.4132
2015-08-13,2398.5991
2015-08-14,2399.3117
2015-08-17,2399.9586
2015-08-18,2392.2582
2015-08-19,2393.7308
2015-08-20,2391.9621
2015-08-21,2389.2892
2015-08-24,2379.8146
2015-08-25,2375.8769
2015-08-26,2377.4885
2015-08-27,2381.2606
2015-08-28,2385.0480
2015-08-31,2384.9025
2015-09-01,2383.6125
2015-09-02,2384.7445
2015-09-07,2385.9667
2015-09-08,2389.4300
2015-09-09,2391.6835
2015-09-10,2390.1034
2015-09-11,2391.0249
2015-09-14,2389.5301
2015-09-15,2387.0662
2015-09-16,2391.8061
2015-09-17,2391.3823
2015-09-18,2393.1744
2015-09-21,2395.6795
2015-09-22,2395.5732
2015-09-23,2394.0435
2015-09-24,2394.3862
2015-09-25,2393.4163
2015-09-28,2394.8465
2015-09-29,2394.3264
2015-09-30,2395.6940
2015-10-08,2398.5396
2015-10-09,2400.0104
2015-10-12,2403.9889
2015-10-13,2405.7712
2015-10-14,2407.4153
2015-10-15,2409.4232
2015-10-16,2411.7928
2015-10-19,2411.6683
2015-10-20,2414.0162
2015-10-21,2412.7476
2015-10-22,2414.6177
2015-10-23,2417.4381
2015-10-26,2421.0255
2015-10-27,2423.4006
2015-10-28,2424.2682
2015-10-29,2424.3982
2015-10-30,2425.9331
2015-11-02,2424.7750
2015-11-03,2424.7990
2015-11-04,2427.2019
2015-11-05,2427.6214
2015-11-06,2430.8186
2015-11-09,2425.1806
2015-11-10,2423.9494
2015-11-11,2424.4896
2015-11-12,2424.0218
2015-11-13,2423.1824
2015-11-16,2423.0885
2015-11-17,2422.7286
2015-11-18,2420.5908
2015-11-19,2422.1978
2015-11-20,2423.7659
2015-11-23,2423.8072
2015-11-24,2424.1483
2015-11-25,2426.4730
2015-11-26,2426.9103
2015-11-27,2424.6233
2015-11-30,2426.0007
2015-12-01,2427.3437
2015-12-02,2429.3652
2015-12-03,2431.7061
2015-12-04,2433.5664
2015-12-07,2438.4597
2015-12-08,2438.1089
2015-12-09,2437.9172
2015-12-10,2438.2764
2015-12-11,2438.2567
2015-12-14,2440.0898
2015-12-15,2440.1378
2015-12-16,2441.0935
2015-12-17,2442.9892
2015-12-18,2444.5545
2015-12-21,2448.6216
2015-12-22,2450.8045
2015-12-23,2451.5247
2015-12-24,2453.7478
2015-12-25,2455.2741
2015-12-28,2455.5496
2015-12-29,2456.5772
2015-12-30,2456.9465
2015-12-31,2457.2666
2016-01-04,2454.3352
2016-01-05,2453.1713
2016-01-06,2454.3867
2016-01-07,2453.1012
2016-01-08,2455.7699
2016-01-11,2454.9133
2016-01-12,2458.5776
2016-01-13,2460.7796
2016-01-14,2463.1665
2016-01-15,2462.5094
2016-01-18,2462.1689
2016-01-19,2459.7741
2016-01-20,2455.8532
2016-01-21,2454.8466
2016-01-22,2456.5862
2016-01-25,2456.2721
2016-01-26,2452.2724
2016-01-27,2449.1155
2016-01-28,2447.8471
2016-01-29,2450.4996
2016-02-01,2450.1137
2016-02-02,2450.3319
2016-02-03,2449.3426
2016-02-04,2451.3643
2016-02-05,2452.2785
2016-02-15,2455.6947
2016-02-16,2457.1514
2016-02-17,2458.0830
2016-02-18,2459.5212
2016-02-19,2460.8294
2016-02-22,2461.7924
2016-02-23,2461.9680
2016-02-24,2461.9508
2016-02-25,2459.0670
2016-02-26,2459.2109
2016-02-29,2458.0687
2016-03-01,2459.9072
2016-03-02,2462.2529
2016-03-03,2462.1443
2016-03-04,2462.6075
2016-03-07,2464.0724
2016-03-08,2465.2460
2016-03-09,2466.3438
2016-03-10,2467.3456
2016-03-11,2469.1095
2016-03-14,2471.2264
2016-03-15,2472.0662
2016-03-16,2473.0385
2016-03-17,2474.7141
2016-03-18,2477.3852
2016-03-21,2478.4220
2016-03-22,2478.1274
2016-03-23,2478.7869
2016-03-24,2478.8580
2016-03-25,2479.5575
2016-03-28,2478.2229
2016-03-29,2476.8776
2016-03-30,2477.9037
2016-03-31,2478.0901
2016-04-01,2478.4378
2016-04-05,2480.3578
2016-04-06,2480.0983
2016-04-07,2479.4144
2016-04-08,2478.5033
2016-04-11,2478.9785
2016-04-12,2476.9103
2016-04-13,2475.3307
2016-04-14,2471.9904
2016-04-15,2469.6309
2016-04-18,2469.7061
2016-04-19,2469.1221
2016-04-20,2465.8387
2016-04-21,2462.2985
2016-04-22,2457.9240
2016-04-25,2452.7493
2016-04-26,2450.2679
2016-04-27,2451.3655
2016-04-28,2452.0211
2016-04-29,2452.4004
2016-05-03,2453.9528
2016-05-04,2454.4918
2016-05-05,2455.3281
2016-05-06,2455.4719
2016-05-09,2456.2352
2016-05-10,2458.3444
2016-05-11,2458.8219
2016-05-12,2460.2294
2016-05-13,2461.3885
2016-05-16,2462.2056
2016-05-17,2462.0959
2016-05-18,2460.4696
2016-05-19,2459.6098
2016-05-20,2459.5243
2016-05-23,2460.2685
2016-05-24,2460.5144
2016-05-25,2460.8105
2016-05-26,2460.4976
2016-05-27,2460.9919
2016-05-30,2461.7377
2016-05-31,2463.1233
2016-06-01,2463.1516
2016-06-02,2462.9536
2016-06-03,2463.6438
2016-06-06,2464.5331
2016-06-07,2464.0528
2016-06-08,2464.7443
2016-06-13,2464.9940
2016-06-14,2466.3286
2016-06-15,2467.6431
2016-06-16,2468.3944
2016-06-17,2469.2810
2016-06-20,2470.2606
2016-06-21,2470.2782
2016-06-22,2471.3034
2016-06-23,2471.9733
2016-06-24,2473.4466
2016-06-27,2476.1323
2016-06-28,2477.1296
2016-06-29,2477.3293
2016-06-30,2478.6623
2016-07-01,2480.4666
2016-07-04,2482.9283
2016-07-05,2483.7454
2016-07-06,2485.2442
2016-07-07,2487.0024
2016-07-08,2488.5406
2016-07-11,2488.9440
2016-07-12,2489.5854
2016-07-13,2490.9698
2016-07-14,2491.6596
2016-07-15,2492.5403
2016-07-18,2493.1663
2016-07-19,2494.1776
2016-07-20,2495.9844
2016-07-21,2498.9896
2016-07-22,2499.2138
2016-07-25,2499.3645
2016-07-26,2500.9414
2016-07-27,2500.3314
2016-07-28,2501.6300
2016-07-29,2501.9452
2016-08-01,2502.4436
2016-08-02,2503.9000
2016-08-03,2505.1043
2016-08-04,2506.2531
2016-08-05,2508.0820
2016-08-08,2510.4258
2016-08-09,2512.6742
2016-08-10,2514.9734
2016-08-11,2515.3284
2016-08-12,2518.6854
2016-08-15,2523.3859
2016-08-16,2523.5555
2016-08-17,2523.0887
2016-08-18,2524.4228
2016-08-19,2524.1230
2016-08-22,2524.0696
2016-08-23,2522.3306
2016-08-24,2520.5862
2016-08-25,2520.3973
2016-08-26,2521.7970
2016-08-29,2521.8505
2016-08-30,2519.9739
2016-08-31,2520.6581
2016-09-01,2520.3443
2016-09-02,2520.7506
2016-09-05,2521.6592
2016-09-06,2522.5987
2016-09-07,2522.9977
2016-09-08,2523.8099
2016-09-09,2524.6011
2016-09-12,2523.0628
2016-09-13,2523.7318
2016-09-14,2524.0854
2016-09-19,2525.0385
2016-09-20,2525.3422
2016-09-21,2525.6468
2016-09-22,2527.4355
2016-09-23,2528.8430
2016-09-26,2529.1891
2016-09-27,2529.5256
2016-09-28,2529.9203
2016-09-29,2530.8299
2016-09-30,2531.8038
2016-10-10,2536.1051
2016-10-11,2536.7872
2016-10-12,2536.6703
2016-10-13,2537.6383
2016-10-14,2539.3652
2016-10-17,2539.9638
2016-10-18,2541.2788
2016-10-19,2542.3650
2016-10-20,2543.9136
2016-10-21,2544.9332
2016-10-24,2545.2255
2016-10-25,2544.4583
2016-10-26,2541.8579
2016-10-27,2540.6494
2016-10-28,2541.6733
2016-10-31,2540.8576
2016-11-01,2540.6936
2016-11-02,2540.8603
2016-11-03,2541.7925
2016-11-04,2542.5891
2016-11-07,2542.8180
2016-11-08,2542.3214
2016-11-09,2542.4635
2016-11-10,2541.8276
2016-11-11,2541.0936
2016-11-14,2539.9167
2016-11-15,2537.6639
2016-11-16,2536.7320
2016-11-17,2534.6954
2016-11-18,2533.3517
2016-11-21,2533.8633
2016-11-22,2534.2169
2016-11-23,2534.4620
2016-11-24,2534.6130
2016-11-25,2534.3588
2016-11-28,2534.5666
2016-11-29,2530.9900
2016-11-30,2525.6733
2016-12-01,2521.2302
2016-12-02,2517.3818
2016-12-05,2514.3273
2016-12-06,2507.9356
2016-12-07,2508.3470
2016-12-08,2509.3490
2016-12-09,2508.6141
2016-12-12,2502.8567
2016-12-13,2494.8421
2016-12-14,2488.9857
2016-12-15,2473.2831
2016-12-16,2473.2802
2016-12-19,2467.2561
2016-12-20,2461.1042
2016-12-21,2464.5000
2016-12-22,2468.1922
2016-12-23,2471.6767
2016-12-26,2473.2932
2016-12-27,2474.7205
2016-12-28,2474.3287
2016-12-29,2476.6616
2016-12-30,2480.4052
2017-01-03,2481.7997
2017-01-04,2483.4790
2017-01-05,2484.2480
2017-01-06,2485.0298
2017-01-09,2486.8598
2017-01-10,2488.1226
2017-01-11,2488.6570
2017-01-12,2489.3511
2017-01-13,2489.8642
2017-01-16,2488.6929
2017-01-17,2487.0809
2017-01-18,2484.8966
2017-01-19,2483.4886
2017-01-20,2484.6861
2017-01-23,2486.0470
2017-01-24,2485.8492
2017-01-25,2485.0821
2017-01-26,2492.0149
2017-02-03,2489.1627
2017-02-06,2486.7752
2017-02-07,2483.6834
2017-02-08,2482.7564
2017-02-09,2483.5876
2017-02-10,2484.1966
2017-02-13,2485.1943
2017-02-14,2485.3745
2017-02-15,2485.0713
2017-02-16,2485.3730
2017-02-17,2485.6062
2017-02-20,2487.2278
2017-02-21,2487.6427
2017-02-22,2487.8663
2017-02-23,2488.3060
2017-02-24,2489.2037
2017-02-27,2489.2664
2017-02-28,2489.1102
2017-03-01,2488.5997
2017-03-02,2487.6780
2017-03-03,2487.6975
2017-03-06,2487.9010
2017-03-07,2487.7754
2017-03-08,2486.8219
2017-03-09,2485.6203
2017-03-10,2484.2399
2017-03-13,2484.2215
2017-03-14,2484.1911
2017-03-15,2484.3676
2017-03-16,2485.8277
2017-03-17,2485.3311
2017-03-20,2484.8254
2017-03-21,2484.1221
2017-03-22,2484.2329
2017-03-23,2484.4371
2017-03-24,2486.9652
2017-03-27,2488.3265
2017-03-28,2489.0934
2017-03-29,2488.9951
2017-03-30,2487.3082
2017-03-31,2487.3712
2017-04-05,2488.7023
2017-04-06,2488.6872
2017-04-07,2489.4318
2017-04-10,2490.3201
2017-04-11,2490.8607
2017-04-12,2491.2810
2017-04-13,2491.8176
2017-04-14,2490.3400
2017-04-17,2487.6811
2017-04-18,2486.4077
2017-04-19,2485.3595
2017-04-20,2484.6511
2017-04-21,2483.0053
2017-04-24,2479.8952
2017-04-25,2479.9064
2017-04-26,2480.6434
2017-04-27,2481.1908
2017-04-28,2481.9489
2017-05-02,2482.0993
2017-05-03,2481.6448
2017-05-04,2480.4776
2017-05-05,2479.2283
2017-05-08,2473.6363
2017-05-09,2471.9983
2017-05-10,2469.0322
2017-05-11,2467.4847
2017-05-12,2466.9720
2017-05-15,2467.2544
2017-05-16,2467.5954
2017-05-17,2467.5460
2017-05-18,2467.5599
2017-05-19,2467.5117
2017-05-22,2466.6615
2017-05-23,2465.4377
2017-05-24,2465.2574
2017-05-25,2466.9316
2017-05-26,2467.0751
2017-05-31,2468.4955
2017-06-01,2468.4390
2017-06-02,2468.3667
2017-06-05,2468.6578
2017-06-06,2470.0512
2017-06-07,2471.8692
2017-06-08,2472.5234
2017-06-09,2474.1734
2017-06-12,2476.0425
2017-06-13,2477.8724
2017-06-14,2478.7356
2017-06-15,2480.5967
2017-06-16,2482.0632
2017-06-19,2487.2143
2017-06-20,2490.6399
2017-06-21,2491.8856
2017-06-22,2492.2371
2017-06-23,2493.0637
2017-06-26,2498.0387
2017-06-27,2499.9658
2017-06-28,2499.4281
2017-06-29,2499.7604
2017-06-30,2500.6558
2017-07-03,2501.4628
2017-07-04,2501.6308
2017-07-05,2504.2616
2017-07-06,2505.5271
2017-07-07,2506.5152
2017-07-10,2506.7476
2017-07-11,2506.9622
2017-07-12,2507.1263
2017-07-13,2509.4138
2017-07-14,2511.3717
2017-07-17,2511.5873
2017-07-18,2510.2739
2017-07-19,2512.2473
2017-07-20,2514.1058
2017-07-21,2514.6027
2017-07-24,2516.1064
2017-07-25,2514.6748
2017-07-26,2514.0251
2017-07-27,2514.8866
2017-07-28,2515.7511
2017-07-31,2517.5235
2017-08-01,2518.2910
2017-08-02,2519.6307
2017-08-03,2518.2613
2017-08-04,2518.4052
2017-08-07,2517.5401
2017-08-08,2517.5181
2017-08-09,2516.0158
2017-08-10,2515.6239
2017-08-11,2514.4539
2017-08-14,2517.4494
2017-08-15,2518.1575
2017-08-16,2517.8216
2017-08-17,2518.0282
2017-08-18,2518.0254
2017-08-21,2518.1405
2017-08-22,2517.9818
2017-08-23,2517.4176
2017-08-24,2516.0194
2017-08-25,2517.7341
2017-08-28,2520.1616
2017-08-29,2519.9612
2017-08-30,2517.9391
2017-08-31,2517.2553
2017-09-01,2518.3421
2017-09-04,2519.2181
2017-09-05,2519.4435
2017-09-06,2519.6331
2017-09-07,2520.0265
2017-09-08,2521.6862
2017-09-11,2521.8182
2017-09-12,2520.9073
2017-09-13,2520.4876
2017-09-14,2520.4607
2017-09-15,2521.0866
2017-09-18,2521.3882
2017-09-19,2520.7097
2017-09-20,2520.9547
2017-09-21,2520.7996
2017-09-22,2520.2527
2017-09-25,2520.0889
2017-09-26,2519.2129
2017-09-27,2519.2693
2017-09-28,2519.8009
2017-09-29,2521.7572
2017-10-09,2522.6143
2017-10-10,2522.6778
2017-10-11,2523.9036
2017-10-12,2524.5419
2017-10-13,2525.0377
2017-10-16,2524.1602
2017-10-17,2523.3667
2017-10-18,2523.5839
2017-10-19,2523.3113
2017-10-20,2523.4365
2017-10-23,2524.0497
2017-10-24,2524.4481
2017-10-25,2523.9871
2017-10-26,2523.2886
2017-10-27,2523.1476
2017-10-30,2520.1930
2017-10-31,2519.2433
2017-11-01,2520.3079
2017-11-02,2517.3459
2017-11-03,2514.8187
2017-11-06,2514.3577
2017-11-07,2514.8695
2017-11-08,2514.4585
2017-11-09,2514.9601
2017-11-10,2516.9785
2017-11-13,2516.1308
2017-11-14,2514.4672
2017-11-15,2511.6568
2017-11-16,2512.3129
2017-11-17,2511.4912
2017-11-20,2511.0026
2017-11-21,2509.9851
2017-11-22,2506.4046
2017-11-23,2501.1603
2017-11-24,2500.7717
2017-11-27,2499.5373
2017-11-28,2498.3106
2017-11-29,2498.2488
2017-11-30,2496.4852
2017-12-01,2496.3739
2017-12-04,2497.0664
2017-12-05,2497.5782
2017-12-06,2497.6844
2017-12-07,2497.9989
2017-12-08,2500.5879
2017-12-11,2502.2085
2017-12-12,2500.0637
2017-12-13,2500.1273
2017-12-14,2499.7409
2017-12-15,2500.2559
2017-12-18,2500.3083
2017-12-19,2501.4326
2017-12-20,2500.4342
2017-12-21,2501.3900
2017-12-22,2502.2576
2017-12-25,2501.9604
2017-12-26,2502.4103
2017-12-27,2500.0198
2017-12-28,2500.6521
2017-12-29,2502.5939
2018-01-02,2504.7823
2018-01-03,2507.5959
2018-01-04,2508.0403
2018-01-05,2510.1467
2018-01-08,2511.4898
2018-01-09,2510.8589
2018-01-10,2510.3575
2018-01-11,2509.4792
2018-01-12,2510.1126
2018-01-15,2508.9869
2018-01-16,2509.7545
2018-01-17,2509.4127
2018-01-18,2511.5061
2018-01-19,2513.1848
2018-01-22,2516.3771
2018-01-23,2518.7099
2018-01-24,2521.1284
2018-01-25,2521.8086
2018-01-26,2522.3712
2018-01-29,2517.9961
2018-01-30,2516.2530
2018-01-31,2516.8942
2018-02-01,2515.7315
2018-02-02,2518.8617
2018-02-05,2522.3494
2018-02-06,2518.5195
2018-02-07,2516.8073
2018-02-08,2514.6816
2018-02-09,2508.0285
2018-02-12,2512.5418
2018-02-13,2514.4311
2018-02-14,2515.8793
2018-02-22,2520.9437
2018-02-23,2521.5722
2018-02-26,2525.9312
2018-02-27,2525.0325
2018-02-28,2524.4340
2018-03-01,2524.4405
2018-03-02,2521.9718
2018-03-05,2520.3869
2018-03-06,2522.8985
2018-03-07,2522.2599
2018-03-08,2522.9865
2018-03-09,2524.2214
2018-03-12,2526.8424
2018-03-13,2526.4550
2018-03-14,2525.6496
2018-03-15,2525.7411
2018-03-16,2525.5416
2018-03-19,2526.2625
2018-03-20,2526.7317
2018-03-21,2526.7519
2018-03-22,2526.2052
2018-03-23,2526.3066
2018-03-26,2527.6695
2018-03-27,2528.7761
2018-03-28,2528.2242
2018-03-29,2529.7996
2018-03-30,2531.4074
2018-04-02,2533.9051
2018-04-03,2534.7864
2018-04-04,2536.5098
2018-04-09,2540.5898
2018-04-10,2541.9411
2018-04-11,2543.7378
2018-04-12,2543.3577
2018-04-13,2542.6945
2018-04-16,2542.0993
2018-04-17,2541.3065
2018-04-18,2552.0239
2018-04-19,2552.3177
2018-04-20,2551.0201
2018-04-23,2547.1770
2018-04-24,2550.7439
2018-04-25,2549.8117
2018-04-26,2546.8251
2018-04-27,2546.7347
2018-05-02,2545.8635
2018-05-03,2547.6323
2018-05-04,2548.5277
2018-05-07,2551.1749
2018-05-08,2552.2933
2018-05-09,2550.8048
2018-05-10,2550.7265
2018-05-11,2549.6913
2018-05-14,2548.7935
2018-05-15,2548.3361
2018-05-16,2546.0960
2018-05-17,2545.1047
2018-05-18,2546.2435
2018-05-21,2548.0029
2018-05-22,2547.7760
2018-05-23,2546.1531
2018-05-24,2545.5423
2018-05-25,2544.7102
2018-05-28,2544.7571
2018-05-29,2542.3369
2018-05-30,2539.6911
2018-05-31,2540.7207
2018-06-01,2539.9827
2018-06-04,2538.2882
2018-06-05,2539.5157
2018-06-06,2539.8970
2018-06-07,2540.2113
2018-06-08,2538.6425
2018-06-11,2538.5085
2018-06-12,2539.4612
2018-06-13,2538.7220
2018-06-14,2538.6491
2018-06-15,2537.6385
2018-06-19,2533.4612
2018-06-20,2533.6835
2018-06-21,2533.0382
2018-06-22,2534.5173
2018-06-25,2534.4065
2018-06-26,2534.1275
2018-06-27,2533.5883
2018-06-28,2533.9682
2018-06-29,2540.3067
2018-07-02,2540.4567
2018-07-03,2543.0974
2018-07-04,2543.1882
2018-07-05,2544.9113
2018-07-06,2546.3110
2018-07-09,2549.5636
2018-07-10,2549.7150
2018-07-11,2549.1165
2018-07-12,2552.2901
2018-07-13,2553.5068
2018-07-16,2554.1286
2018-07-17,2554.5205
2018-07-18,2555.6536
2018-07-19,2559.0549
2018-07-20,2562.9875
2018-07-23,2565.9037
2018-07-24,2566.6552
2018-07-25,2567.1316
2018-07-26,2566.5687
2018-07-27,2568.3139
2018-07-30,2570.0589
2018-07-31,2573.3695
2018-08-01,2573.6562
2018-08-02,2574.1480
2018-08-03,2576.8730
2018-08-06,2577.0292
2018-08-07,2582.5769
2018-08-08,2580.7882
2018-08-09,2580.7185
2018-08-10,2578.6593
2018-08-13,2576.2819
2018-08-14,2575.0279
2018-08-15,2573.6834
2018-08-16,2572.3928
2018-08-17,2568.3071
2018-08-20,2567.2284
2018-08-21,2568.5699
2018-08-22,2568.3434
2018-08-23,2570.3041
2018-08-24,2571.1376
2018-08-27,2573.3993
2018-08-28,2574.5948
2018-08-29,2573.6375
2018-08-30,2572.4154
2018-08-31,2573.5597
2018-09-03,2572.8306
2018-09-04,2573.6442
2018-09-05,2572.6705
2018-09-06,2572.4397
2018-09-07,2571.8265
2018-09-10,2569.6564
2018-09-11,2568.4286
2018-09-12,2568.2426
2018-09-13,2569.1292
2018-09-14,2569.8682
2018-09-17,2569.4783
2018-09-18,2571.0956
2018-09-19,2573.3159
2018-09-20,2572.7489
2018-09-21,2575.6601
2018-09-25,2575.8861
2018-09-26,2577.2996
2018-09-27,2576.9440
2018-09-28,2579.5825
2018-10-08,2577.5345
2018-10-09,2577.2673
2018-10-10,2578.2855
2018-10-11,2575.9960
2018-10-12,2578.7157
2018-10-15,2578.7503
2018-10-16,2577.9724
2018-10-17,2578.2115
2018-10-18,2577.3119
2018-10-19,2580.4237
2018-10-22,2583.4491
2018-10-23,2582.9963
2018-10-24,2584.2494
2018-10-25,2584.8651
2018-10-26,2585.5749
2018-10-29,2585.4357
2018-10-30,2586.8809
2018-10-31,2588.1583
2018-11-01,2590.1594
2018-11-02,2593.3397
2018-11-05,2594.2146
2018-11-06,2594.4235
2018-11-07,2595.4734
2018-11-08,2595.7546
2018-11-09,2595.5583
2018-11-12,2597.5623
2018-11-13,2599.6331
2018-11-14,2603.0382
2018-11-15,2607.0090
2018-11-16,2612.0043
2018-11-19,2613.2202
2018-11-20,2610.5589
2018-11-21,2611.1596
2018-11-22,2610.4653
2018-11-23,2608.6958
2018-11-26,2608.9225
2018-11-27,2609.3069
2018-11-28,2611.2118
2018-11-29,2611.0102
2018-11-30,2612.1880
2018-12-03,2616.6466
2018-12-04,2618.9585
2018-12-05,2620.2325
2018-12-06,2620.3177
2018-12-07,2621.4210
2018-12-10,2622.2914
2018-12-11,2622.4312
2018-12-12,2623.5146
2018-12-13,2622.1805
2018-12-14,2619.4459
2018-12-17,2617.1665
2018-12-18,2615.0648
2018-12-19,2614.6780
2018-12-20,2614.4968
2018-12-21,2613.1900
2018-12-24,2614.1529
2018-12-25,2614.6758
2018-12-26,2614.1888
2018-12-27,2615.1346
2018-12-28,2619.3805
2019-01-02,2621.1180
2019-01-03,2624.3647
2019-01-04,2628.5214
2019-01-07,2632.7284
2019-01-08,2635.2651
2019-01-09,2637.5175
2019-01-10,2638.8269
2019-01-11,2640.4612
2019-01-14,2638.9501
2019-01-15,2639.7420
2019-01-16,2641.0960
2019-01-17,2641.2771
2019-01-18,2642.4408
2019-01-21,2643.1904
2019-01-22,2642.2853
2019-01-23,2642.2928
2019-01-24,2643.2659
2019-01-25,2644.6396
2019-01-28,2643.8225
2019-01-29,2643.7855
2019-01-30,2644.4697
2019-01-31,2646.3323
2019-02-01,2650.0929
2019-02-11,2654.5240
2019-02-12,2656.8311
2019-02-13,2659.9345
2019-02-14,2661.4828
2019-02-15,2660.2736
2019-02-18,2665.8861
2019-02-19,2664.3501
2019-02-20,2665.0120
2019-02-21,2666.7001
2019-02-22,2671.7130
2019-02-25,2682.2957
2019-02-26,2677.6214
2019-02-27,2674.5384
2019-02-28,2674.7918
2019-03-01,2676.7802
2019-03-04,2680.6959
2019-03-05,2683.9182
2019-03-06,2684.9920
2019-03-07,2683.9712
2019-03-08,2678.9010
2019-03-11,2684.7518
2019-03-12,2687.7987
2019-03-13,2683.9745
2019-03-14,2679.9327
2019-03-15,2682.0624
2019-03-18,2688.7615
2019-03-19,2690.9067
2019-03-20,2690.3438
2019-03-21,2694.3687
2019-03-22,2696.3683
2019-03-25,2693.4385
2019-03-26,2686.9584
2019-03-27,2687.9202
2019-03-28,2687.9611
2019-03-29,2695.1984
2019-04-01,2702.9074
2019-04-02,2703.6116
2019-04-03,2704.2119
2019-04-04,2706.7643
2019-04-08,2706.9549
2019-04-09,2702.4554
2019-04-10,2699.6103
2019-04-11,2694.7588
2019-04-12,2693.6974
2019-04-15,2688.6835
2019-04-16,2689.1537
2019-04-17,2689.9898
2019-04-18,2690.5316
2019-04-19,2692.2395
2019-04-22,2687.2142
2019-04-23,2683.1120
2019-04-24,2681.3161
2019-04-25,2674.3416
2019-04-26,2670.7400
2019-04-29,2667.9521
2019-04-30,2672.0408
2019-05-06,2662.4211
2019-05-07,2665.4853
2019-05-08,2666.7046
2019-05-09,2668.4099
2019-05-10,2676.4934
2019-05-13,2675.1146
2019-05-14,2676.1112
2019-05-15,2681.1652
2019-05-16,2682.0621
2019-05-17,2677.4193
2019-05-20,2674.9626
2019-05-21,2676.3718
2019-05-22,2676.0898
2019-05-23,2673.9553
2019-05-24,2673.9371
2019-05-27,2673.4884
2019-05-28,2673.8255
2019-05-29,2674.6899
2019-05-30,2672.7268
2019-05-31,2672.8979
2019-06-03,2670.2292
2019-06-04,2667.4777
2019-06-05,2667.1791
2019-06-06,2665.3170
2019-06-10,2667.8846
2019-06-11,2673.4163
2019-06-12,2672.1642
2019-06-13,2671.6558
2019-06-14,2669.3539
2019-06-17,2669.3447
2019-06-18,2669.5617
2019-06-19,2673.1561
2019-06-20,2680.2194
2019-06-21,2684.2086
2019-06-24,2685.0293
2019-06-25,2683.2039
2019-06-26,2684.8958
2019-06-27,2688.3609
2019-06-28,2688.5580
2019-07-01,2695.0980
2019-07-02,2697.1459
2019-07-03,2696.5160
2019-07-04,2696.3168
2019-07-05,2696.8821
2019-07-08,2692.5526
2019-07-09,2692.3136
2019-07-10,2691.8742
2019-07-11,2692.3572
2019-07-12,2694.7170
2019-07-15,2696.1485
2019-07-16,2696.2495
2019-07-17,2696.8715
2019-07-18,2695.6571
2019-07-19,2697.3282
2019-07-22,2696.5287
2019-07-23,2697.5881
2019-07-24,2698.8453
2019-07-25,2701.5423
2019-07-26,2704.7204
2019-07-29,2705.6017
2019-07-30,2708.1611
2019-07-31,2709.3544
2019-08-01,2708.9605
2019-08-02,2709.2780
2019-08-05,2707.6291
2019-08-06,2706.4955
2019-08-07,2708.7168
2019-08-08,2710.6845
2019-08-09,2711.9223
2019-08-12,2714.8981
2019-08-13,2714.8474
2019-08-14,2716.1734
2019-08-15,2717.9171
2019-08-16,2720.6482
2019-08-19,2726.4931
2019-08-20,2725.2966
2019-08-21,2725.1946
2019-08-22,2724.9649
2019-08-23,2726.8102
2019-08-26,2725.0356
2019-08-27,2727.6968
2019-08-28,2727.8243
2019-08-29,2726.8986
2019-08-30,2725.8148
2019-09-02,2727.9550
2019-09-03,2729.3066
2019-09-04,2730.5470
2019-09-05,2736.0415
2019-09-06,2738.7091
2019-09-09,2742.9016
2019-09-10,2741.6559
2019-09-11,2739.9579
2019-09-12,2740.1352
2019-09-16,2739.2576
2019-09-17,2734.0899
2019-09-18,2733.6217
2019-09-19,2735.7147
2019-09-20,2737.4796
2019-09-23,2735.2736
2019-09-24,2735.5156
2019-09-25,2734.2785
2019-09-26,2731.5633
2019-09-27,2732.4966
2019-09-30,2732.2476
2019-10-08,2734.3629
2019-10-09,2735.3724
2019-10-10,2737.7401
2019-10-11,2740.0601
2019-10-14,2743.1440
2019-10-15,2741.1969
2019-10-16,2739.6979
2019-10-17,2739.8940
2019-10-18,2737.9235
2019-10-21,2736.3710
2019-10-22,2736.8108
2019-10-23,2734.6418
2019-10-24,2733.6087
2019-10-25,2734.7226
2019-10-28,2736.8085
2019-10-29,2734.6932
2019-10-30,2730.5210
2019-10-31,2728.7092
2019-11-01,2730.7720
2019-11-04,2732.4809
2019-11-05,2736.0887
2019-11-06,2736.4372
2019-11-07,2738.3549
2019-11-08,2738.5657
2019-11-11,2733.4343
2019-11-12,2733.3009
2019-11-13,2733.6566
2019-11-14,2734.2701
2019-11-15,2733.3722
2019-11-18,2736.4654
2019-11-19,2745.8512
2019-11-20,2745.5058
2019-11-21,2745.4440
2019-11-22,2744.4372
2019-11-25,2745.2532
2019-11-26,2745.5731
2019-11-27,2745.3733
2019-11-28,2745.0781
2019-11-29,2744.8759
2019-12-02,2745.4111
2019-12-03,2746.0009
2019-12-04,2746.5499
2019-12-05,2749.0943
2019-12-06,2751.0911
2019-12-09,2752.3702
2019-12-10,2754.3279
2019-12-11,2756.0139
2019-12-12,2757.1617
2019-12-13,2761.5662
2019-12-16,2766.9839
2019-12-17,2770.7693
2019-12-18,2771.7727
2019-12-19,2771.6186
2019-12-20,2771.4751
2019-12-23,2769.8416
2019-12-24,2773.4523
2019-12-25,2775.3459
2019-12-26,2779.4162
2019-12-27,2779.4640
2019-12-30,2782.5921
2019-12-31,2786.4940
2020-01-02,2792.3159
2020-01-03,2794.0213
2020-01-06,2796.9904
2020-01-07,2799.8982
2020-01-08,2797.8519
2020-01-09,2802.7452
2020-01-10,2803.3944
2020-01-13,2806.9652
2020-01-14,2807.9161
2020-01-15,2805.1500
2020-01-16,2803.8245
2020-01-17,2804.8129
2020-01-20,2810.4809
2020-01-21,2809.2866
2020-01-22,2811.5492
2020-01-23,2804.3332
2020-02-03,2793.8428
2020-02-04,2802.7935
2020-02-05,2807.7567
2020-02-06,2814.4636
2020-02-07,2817.0116
2020-02-10,2820.8815
2020-02-11,2822.1845
2020-02-12,2830.1076
2020-02-13,2829.9382
2020-02-14,2831.5277
2020-02-17,2840.4984
2020-02-18,2843.8305
2020-02-19,2844.0740
2020-02-20,2850.3694
2020-02-21,2855.2302
2020-02-24,2859.7957
2020-02-25,2859.0734
2020-02-26,2852.4530
2020-02-27,2852.8828
2020-02-28,2842.9260
2020-03-02,2848.0265
2020-03-03,2850.4827
2020-03-04,2851.6763
2020-03-05,2857.8789
2020-03-06,2859.0118
2020-03-09,2851.7150
2020-03-10,2854.5719
2020-03-11,2852.8891
2020-03-12,2847.7698
2020-03-13,2843.0553
2020-03-16,2831.1958
2020-03-17,2828.4003
2020-03-18,2826.7737
2020-03-19,2826.6004
2020-03-20,2835.5109
2020-03-23,2826.3850
2020-03-24,2830.8659
2020-03-25,2839.8497
2020-03-26,2838.3797
2020-03-27,2837.8264
2020-03-30,2833.7172
2020-03-31,2834.3563
2020-04-01,2836.1430
2020-04-02,2840.7341
2020-04-03,2838.4538
2020-04-07,2853.6692
2020-04-08,2857.0943
2020-04-09,2857.4385
2020-04-10,2852.3172
2020-04-13,2846.3753
2020-04-14,2850.3956
2020-04-15,2850.5671
2020-04-16,2854.5889
2020-04-17,2857.5114
2020-04-20,2860.2881
2020-04-21,2859.1428
2020-04-22,2862.4697
2020-04-23,2864.0286
2020-04-24,2862.2537
2020-04-27,2863.4524
2020-04-28,2863.4930
2020-04-29,2864.2374
2020-04-30,2870.2959
2020-05-06,2872.9266
2020-05-07,2867.8769
2020-05-08,2868.5160
2020-05-11,2864.6210
2020-05-12,2861.8307
2020-05-13,2860.2288
2020-05-14,2854.7295
2020-05-15,2854.0347
2020-05-18,2848.8197
2020-05-19,2848.7857
2020-05-20,2842.2961
2020-05-21,2839.4650
2020-05-22,2836.2077
2020-05-25,2830.1411
2020-05-26,2833.2529
2020-05-27,2831.1109
2020-05-28,2830.8555
2020-05-29,2836.2759
2020-06-01,2844.6254
2020-06-02,2841.7645
2020-06-03,2835.6087
2020-06-04,2832.2442
2020-06-05,2826.6334
2020-06-08,2825.0025
2020-06-09,2826.4158
2020-06-10,2825.8941
2020-06-11,2825.0170
2020-06-12,2827.8405
2020-06-15,2828.7460
2020-06-16,2832.2187
2020-06-17,2831.4893
2020-06-18,2833.5551
2020-06-19,2834.9094
2020-06-22,2832.3838
2020-06-23,2828.5564
2020-06-24,2830.7290
2020-06-29,2828.3340
2020-06-30,2833.6526
2020-07-01,2838.8722
2020-07-02,2850.4362
2020-07-03,2859.5487
2020-07-06,2878.6649
2020-07-07,2875.6706
2020-07-08,2881.5272
2020-07-09,2886.0833
2020-07-10,2877.4433
2020-07-13,2887.3191
2020-07-14,2880.8089
2020-07-15,2873.3361
2020-07-16,2854.0334
2020-07-17,2855.6145
2020-07-20,2870.1695
2020-07-21,2874.7435
2020-07-22,2880.8227
2020-07-23,2882.5344
2020-07-24,2869.9187
2020-07-27,2869.1960
2020-07-28,2872.5237
2020-07-29,2881.4151
2020-07-30,2882.0192
2020-07-31,2886.7117
2020-08-03,2896.7479
2020-08-04,2895.8646
2020-08-05,2900.9913
2020-08-06,2901.6278
2020-08-07,2897.0710
2020-08-10,2899.5983
2020-08-11,2891.9851
2020-08-12,2885.6329
2020-08-13,2887.8386
2020-08-14,2892.7727
2020-08-17,2902.3567
2020-08-18,2906.4362
2020-08-19,2901.8803
2020-08-20,2894.5906
2020-08-21,2896.2248
2020-08-24,2898.6121
2020-08-25,2896.8783
2020-08-26,2888.2634
2020-08-27,2889.7250
2020-08-28,2895.9603
2020-08-31,2897.8477
2020-09-01,2901.0889
2020-09-02,2903.1234
2020-09-03,2899.4542
2020-09-04,2896.2710
2020-09-07,2887.6230
2020-09-08,2887.1180
2020-09-09,2878.1136
2020-09-10,2874.5392
2020-09-11,2877.8368
2020-09-14,2881.0166
2020-09-15,2882.4459
2020-09-16,2879.7602
2020-09-17,2879.6877
2020-09-18,2885.2118
2020-09-21,2884.3705
2020-09-22,2879.9397
2020-09-23,2880.7100
2020-09-24,2872.6682
2020-09-25,2870.2112
2020-09-28,2869.1792
2020-09-29,2875.4257
2020-09-30,2877.8736
2020-10-09,2886.2631
2020-10-12,2896.7208
2020-10-13,2900.0346
2020-10-14,2899.3003
2020-10-15,2898.2840
2020-10-16,2897.7500
2020-10-19,2894.3342
2020-10-20,2899.0011
2020-10-21,2897.7412
2020-10-22,2899.9680
2020-10-23,2895.4060
2020-10-26,2896.0966
2020-10-27,2899.8621
2020-10-28,2902.0741
2020-10-29,2903.5372
2020-10-30,2894.8405
2020-11-02,2896.2276
2020-11-03,2900.2519
2020-11-04,2902.0022
2020-11-05,2908.4466
2020-11-06,2905.5401
2020-11-09,2912.2858
2020-11-10,2910.2739
2020-11-11,2906.6496
2020-11-12,2905.3284
2020-11-13,2898.6395
2020-11-16,2900.7048
2020-11-17,2894.9814
2020-11-18,2893.6385
2020-11-19,2892.4587
2020-11-20,2891.9492
2020-11-23,2897.0797
2020-11-24,2897.3747
2020-11-25,2893.2671
2020-11-26,2891.8752
2020-11-27,2894.1193
2020-11-30,2895.7891
2020-12-01,2902.8144
2020-12-02,2902.2261
2020-12-03,2900.2449
2020-12-04,2900.3259
2020-12-07,2899.2362
2020-12-08,2898.6363
2020-12-09,2895.0661
2020-12-10,2894.2975
2020-12-11,2889.2087
2020-12-14,2890.1455
2020-12-15,2886.4641
2020-12-16,2885.5527
2020-12-17,2889.2949
2020-12-18,2891.3856
2020-12-21,2897.9867
2020-12-22,2893.4726
2020-12-23,2896.0362
2020-12-24,2891.1306
2020-12-25,2896.3320
2020-12-28,2895.6859
2020-12-29,2893.1034
2020-12-30,2900.0276
2020-12-31,2909.0240
2021-01-04,2917.8388
2021-01-05,2923.7861
2021-01-06,2924.8861
2021-01-07,2926.9229
2021-01-08,2925.4067
2021-01-11,2921.3521
2021-01-12,2929.5982
2021-01-13,2925.6891
2021-01-14,2923.8604
2021-01-15,2926.2302
2021-01-18,2931.6338
2021-01-19,2926.6099
2021-01-20,2929.0586
2021-01-21,2935.6266
2021-01-22,2936.0981
2021-01-25,2934.6128
2021-01-26,2925.8855
2021-01-27,2925.1669
2021-01-28,2909.3581
2021-01-29,2898.2688
2021-02-01,2901.1006
2021-02-02,2903.1900
2021-02-03,2898.5340
2021-02-04,2888.8953
2021-02-05,2883.7482
2021-02-08,2889.5354
2021-02-09,2902.8328
2021-02-10,2910.0437
2021-02-18,2917.6919
2021-02-19,2923.0170
2021-02-22,2926.1724
2021-02-23,2921.0430
2021-02-24,2911.9820
2021-02-25,2909.9197
2021-02-26,2902.0610
2021-03-01,2910.4787
2021-03-02,2908.2897
2021-03-03,2916.9379
2021-03-04,2909.2592
2021-03-05,2908.6240
2021-03-08,2902.2384
2021-03-09,2896.7267
2021-03-10,2897.4843
2021-03-11,2907.3624
2021-03-12,2909.7096
2021-03-15,2907.5977
2021-03-16,2909.8089
2021-03-17,2910.8495
2021-03-18,2914.2495
2021-03-19,2910.1110
2021-03-22,2916.8308
2021-03-23,2911.1110
2021-03-24,2902.9874
2021-03-25,2902.5852
2021-03-26,2909.0277
2021-03-29,2911.2682
2021-03-30,2912.5654
2021-03-31,2910.5652
2021-04-01,2914.2313
2021-04-02,2916.0040
2021-04-06,2917.6305
2021-04-07,2917.3138
2021-04-08,2918.1640
2021-04-09,2916.5198
2021-04-12,2910.2973
2021-04-13,2909.0832
2021-04-14,2912.9925
2021-04-15,2912.8690
2021-04-16,2916.4082
2021-04-19,2926.4902
2021-04-20,2927.4924
2021-04-21,2926.3373
2021-04-22,2927.4930
2021-04-23,2927.5753
2021-04-26,2925.4485
2021-04-27,2923.7125
2021-04-28,2926.6247
2021-04-29,2929.7793
2021-04-30,2930.8179
2021-05-06,2935.2952
2021-05-07,2933.5976
2021-05-10,2937.0939
2021-05-11,2936.0228
2021-05-12,2939.7683
2021-05-13,2935.4406
2021-05-14,2940.0364
2021-05-17,2942.6834
2021-05-18,2945.0540
2021-05-19,2945.8148
2021-05-20,2945.1290
2021-05-21,2946.8375
2021-05-24,2949.9570
2021-05-25,2956.8072
2021-05-26,2960.4723
2021-05-27,2963.9188
2021-05-28,2964.7019
2021-05-31,2969.2708
2021-06-01,2970.4886
2021-06-02,2968.7252
2021-06-03,2969.2865
2021-06-04,2969.4228
2021-06-07,2968.1103
2021-06-08,2964.8817
2021-06-09,2965.0755
2021-06-10,2968.7850
2021-06-11,2967.0482
2021-06-15,2961.4209
2021-06-16,2952.4574
2021-06-17,2952.1405
2021-06-18,2954.0264
2021-06-21,2958.7360
2021-06-22,2964.4222
2021-06-23,2968.7289
2021-06-24,2969.7820
2021-06-25,2975.3000
2021-06-28,2976.9210
2021-06-29,2973.9105
2021-06-30,2976.2977
2021-07-01,2974.3395
2021-07-02,2970.7925
2021-07-05,2973.4503
2021-07-06,2975.0602
2021-07-07,2983.0552
2021-07-08,2987.6477
2021-07-09,2993.2500
2021-07-12,3001.8515
2021-07-13,3007.5413
2021-07-14,3003.7759
2021-07-15,3006.4446
2021-07-16,3007.3996
2021-07-19,3006.1276
2021-07-20,3007.2088
2021-07-21,3016.6597
2021-07-22,3022.0566
2021-07-23,3024.2201
2021-07-26,3020.2413
2021-07-27,3011.4912
2021-07-28,3007.2651
2021-07-29,3018.2584
2021-07-30,3022.5568
2021-08-02,3031.2963
2021-08-03,3026.4541
2021-08-04,3035.4122
2021-08-05,3036.4922
2021-08-06,3039.1945
2021-08-09,3037.7878
2021-08-10,3040.2331
2021-08-11,3043.4523
2021-08-12,3046.1518
2021-08-13,3047.3568
2021-08-16,3045.3562
2021-08-17,3037.0670
2021-08-18,3039.9060
2021-08-19,3040.2968
2021-08-20,3038.5738
2021-08-23,3043.9649
2021-08-24,3049.3651
2021-08-25,3052.5962
2021-08-26,3050.9354
2021-08-27,3053.2102
2021-08-30,3059.2699
2021-08-31,3060.4325
2021-09-01,3060.6760
2021-09-02,3071.2349
2021-09-03,3068.8832
2021-09-06,3074.1588
2021-09-07,3083.6116
2021-09-08,3085.1811
2021-09-09,3085.5549
2021-09-10,3085.8567
2021-09-13,3086.7294
2021-09-14,3079.4501
2021-09-15,3078.9156
2021-09-16,3067.1673
2021-09-17,3066.1750
2021-09-22,3069.6525
2021-09-23,3073.2385
2021-09-24,3067.2738
2021-09-27,3057.2702
2021-09-28,3058.9312
2021-09-29,3050.4210
2021-09-30,3058.2953
2021-10-08,3059.1297
2021-10-11,3057.6840
2021-10-12,3047.7071
2021-10-13,3047.6643
2021-10-14,3050.0454
2021-10-15,3053.0987
2021-10-18,3054.8348
2021-10-19,3059.1225
2021-10-20,3060.3209
2021-10-21,3060.5926
2021-10-22,3057.6735
2021-10-25,3061.9343
2021-10-26,3063.2481
2021-10-27,3062.1954
2021-10-28,3058.3356
2021-10-29,3063.9831
2021-11-01,3069.9855
2021-11-02,3068.9595
2021-11-03,3070.8517
2021-11-04,3077.5531
2021-11-05,3073.6357
2021-11-08,3076.6751
2021-11-09,3079.8075
2021-11-10,3080.3286
2021-11-11,3085.0551
2021-11-12,3090.4607
2021-11-15,3090.0794
2021-11-16,3085.4890
2021-11-17,3088.9597
2021-11-18,3089.8706
2021-11-19,3095.4716
2021-11-22,3102.3767
2021-11-23,3102.4459
2021-11-24,3102.0529
2021-11-25,3101.3674
2021-11-26,3103.1461
2021-11-29,3107.0084
2021-11-30,3107.7539
2021-12-01,3109.8815
2021-12-02,3109.9376
2021-12-03,3113.4561
2021-12-06,3109.2287
2021-12-07,3099.9425
2021-12-08,3104.9670
2021-12-09,3109.5579
2021-12-10,3112.2448
2021-12-13,3115.1411
2021-12-14,3112.1163
2021-12-15,3112.6609
2021-12-16,3114.2520
2021-12-17,3112.4544
2021-12-20,3106.5430
2021-12-21,3111.3220
2021-12-22,3114.6224
2021-12-23,3119.1160
2021-12-24,3116.5146
2021-12-27,3115.7676
2021-12-28,3117.4742
2021-12-29,3117.2078
2021-12-30,3121.0070
2021-12-31,3126.2152
2022-01-04,3127.7323
2022-01-05,3122.0748
2022-01-06,3122.9442
2022-01-07,3120.0324
2022-01-10,3123.2254
2022-01-11,3119.7885
2022-01-12,3125.1374
2022-01-13,3120.3635
2022-01-14,3115.6550
2022-01-17,3121.6206
2022-01-18,3125.4498
2022-01-19,3127.4665
2022-01-20,3128.7839
2022-01-21,3126.9905
2022-01-24,3130.7962
2022-01-25,3122.2846
2022-01-26,3125.0817
2022-01-27,3118.5395
2022-01-28,3118.2898
2022-02-07,3125.6447
2022-02-08,3126.7303
2022-02-09,3132.8242
2022-02-10,3134.0087
2022-02-11,3127.5596
2022-02-14,3108.0832
2022-02-15,3100.4497
2022-02-16,3103.3319
2022-02-17,3105.2260
2022-02-18,3108.5936
2022-02-21,3108.8342
2022-02-22,3103.6388
2022-02-23,3108.8350
2022-02-24,3105.6132
2022-02-25,3108.7717
2022-02-28,3110.6034
2022-03-01,3111.6738
2022-03-02,3109.1597
2022-03-03,3104.6611
2022-03-04,3096.9404
2022-03-07,3084.8561
2022-03-08,3073.9151
2022-03-09,3068.6833
2022-03-10,3075.3178
2022-03-11,3074.7943
2022-03-14,3072.4024
2022-03-15,3059.6964
2022-03-16,3071.2210
2022-03-17,3075.9087
2022-03-18,3081.0707
2022-03-21,3081.4893
2022-03-22,3080.1549
2022-03-23,3078.5052
2022-03-24,3072.3162
2022-03-25,3066.5984
2022-03-28,3064.6760
2022-03-29,3064.8526
2022-03-30,3073.8415
2022-03-31,3073.3468
2022-04-01,3081.1561
2022-04-06,3084.1486
2022-04-07,3080.4875
2022-04-08,3081.5124
2022-04-11,3075.0597
2022-04-12,3077.4763
2022-04-13,3075.6460
2022-04-14,3079.5112
2022-04-15,3079.1185
2022-04-18,3079.0043
2022-04-19,3080.1628
2022-04-20,3075.2137
2022-04-21,3068.7938
2022-04-22,3069.7238
2022-04-25,3057.7502
2022-04-26,3054.8181
2022-04-27,3064.0177
2022-04-28,3064.2125
2022-04-29,3073.1650
2022-05-05,3076.7374
2022-05-06,3071.6551
2022-05-09,3072.2378
2022-05-10,3076.7787
2022-05-11,3082.0993
2022-05-12,3082.2649
2022-05-13,3086.5977
2022-05-16,3086.8655
2022-05-17,3088.9830
2022-05-18,3089.9630
2022-05-19,3092.3747
2022-05-20,3095.0816
2022-05-23,3096.6973
2022-05-24,3093.8657
2022-05-25,3095.1389
2022-05-26,3097.6048
2022-05-27,3098.5311
2022-05-30,3098.4768
2022-05-31,3098.1608
2022-06-01,3097.2239
2022-06-02,3096.5780
2022-06-06,3097.5604
2022-06-07,3097.1155
2022-06-08,3097.6420
2022-06-09,3097.7655
2022-06-10,3100.3081
2022-06-13,3100.0940
2022-06-14,3100.1754
2022-06-15,3101.8564
2022-06-16,3102.5046
2022-06-17,3105.0136
2022-06-20,3104.7357
2022-06-21,3103.7413
2022-06-22,3103.2546
2022-06-23,3106.4765
2022-06-24,3108.8996
2022-06-27,3110.2879
2022-06-28,3111.8323
2022-06-29,3109.8831
2022-06-30,3112.4833
2022-07-01,3113.2960
2022-07-04,3113.7761
2022-07-05,3113.2117
2022-07-06,3111.4769
2022-07-07,3113.3423
2022-07-08,3113.8768
2022-07-11,3113.1099
2022-07-12,3112.9476
2022-07-13,3114.3366
2022-07-14,3116.4224
2022-07-15,3117.1224
2022-07-18,3120.1900
2022-07-19,3121.1479
2022-07-20,3123.3371
2022-07-21,3123.5762
2022-07-22,3123.7723
2022-07-25,3123.5887
2022-07-26,3126.2928
2022-07-27,3127.9483
2022-07-28,3128.4792
2022-07-29,3130.9235
2022-08-01,3133.8726
2022-08-02,3133.1152
2022-08-03,3132.6339
2022-08-04,3134.1368
2022-08-05,3135.6599
2022-08-08,3137.2030
2022-08-09,3136.5259
2022-08-10,3135.9110
2022-08-11,3137.2300
2022-08-12,3137.1903
2022-08-15,3141.6214
2022-08-16,3144.2481
2022-08-17,3145.1650
2022-08-18,3144.3548
2022-08-19,3143.4220
2022-08-22,3144.8172
2022-08-23,3144.3604
2022-08-24,3140.1223
2022-08-25,3138.1634
2022-08-26,3136.4012
2022-08-29,3136.2836
2022-08-30,3136.3067
2022-08-31,3134.1292
2022-09-01,3134.6550
2022-09-02,3136.3699
2022-09-05,3138.4680
2022-09-06,3141.4788
2022-09-07,3142.4559
2022-09-08,3141.0351
2022-09-09,3141.7919
2022-09-13,3142.3115
2022-09-14,3140.9601
2022-09-15,3139.0616
2022-09-16,3135.8777
2022-09-19,3135.3570
2022-09-20,3136.6542
2022-09-21,3137.8743
2022-09-22,3137.7645
2022-09-23,3136.1646
2022-09-26,3133.9856
2022-09-27,3134.4829
2022-09-28,3131.3723
2022-09-29,3130.0982
2022-09-30,3127.8257
2022-10-10,3128.9042
2022-10-11,3130.4505
2022-10-12,3133.8404
2022-10-13,3134.8762
2022-10-14,3139.7468
2022-10-17,3140.1704
2022-10-18,3140.2007
2022-10-19,3139.5396
2022-10-20,3137.8431
2022-10-21,3137.3113
2022-10-24,3135.0086
2022-10-25,3133.6061
2022-10-26,3135.2092
2022-10-27,3135.5702
2022-10-28,3132.3137
2022-10-31,3131.3848
2022-11-01,3133.2378
2022-11-02,3135.1282
2022-11-03,3134.8771
2022-11-04,3138.2956
2022-11-07,3137.2918
2022-11-08,3135.5204
2022-11-09,3134.3736
2022-11-10,3132.2646
2022-11-11,3132.2181
2022-11-14,3124.8290
2022-11-15,3123.3414
2022-11-16,3117.0098
2022-11-17,3113.3724
2022-11-18,3108.9699
2022-11-21,3109.1851
2022-11-22,3108.9330
2022-11-23,3110.5239
2022-11-24,3113.9192
2022-11-25,3115.3363
2022-11-28,3113.6293
2022-11-29,3114.2422
2022-11-30,3113.8128
2022-12-01,3115.4481
2022-12-02,3115.1266
2022-12-05,3116.4620
2022-12-06,3113.7812
2022-12-07,3110.0405
2022-12-08,3107.9354
2022-12-09,3105.6100
2022-12-12,3102.7724
2022-12-13,3096.4895
2022-12-14,3096.2492
2022-12-15,3097.2234
2022-12-16,3094.0458
2022-12-19,3093.0558
2022-12-20,3092.3496
2022-12-21,3092.6795
2022-12-22,3092.4337
2022-12-23,3094.8275
2022-12-26,3098.1786
2022-12-27,3101.1155
2022-12-28,3100.5880
2022-12-29,3100.7572
2022-12-30,3100.9197
2023-01-03,3104.1494
2023-01-04,3107.2023
2023-01-05,3110.8527
2023-01-06,3112.8905
2023-01-09,3113.7786
2023-01-10,3111.5090
2023-01-11,3110.7714
2023-01-12,3111.6490
2023-01-13,3112.2351
2023-01-16,3113.8331
2023-01-17,3115.2479
2023-01-18,3116.3403
2023-01-19,3117.6757
2023-01-20,3120.7664
2023-01-30,3123.2833
2023-01-31,3122.4963
2023-02-01,3124.7082
2023-02-02,3125.9908
2023-02-03,3126.7675
2023-02-06,3124.6648
2023-02-07,3125.7807
2023-02-08,3125.5699
2023-02-09,3128.4410
2023-02-10,3129.2999
2023-02-13,3130.9709
2023-02-14,3131.4416
2023-02-15,3130.5944
2023-02-16,3129.2440
2023-02-17,3127.6412
2023-02-20,3130.0146
2023-02-21,3130.1211
2023-02-22,3130.0244
2023-02-23,3129.9375
2023-02-24,3129.4665
2023-02-27,3128.6342
2023-02-28,3129.0025
2023-03-01,3131.5179
2023-03-02,3131.9313
2023-03-03,3133.1163
2023-03-06,3134.9223
2023-03-07,3133.7712
2023-03-08,3133.8871
2023-03-09,3134.5162
2023-03-10,3134.0128
2023-03-13,3135.4772
2023-03-14,3135.4499
2023-03-15,3136.3873
2023-03-16,3135.0289
2023-03-17,3137.3170
2023-03-20,3139.1878
2023-03-21,3140.7336
2023-03-22,3141.9071
2023-03-23,3142.7100
2023-03-24,3142.9091
2023-03-27,3143.4998
2023-03-28,3142.7587
2023-03-29,3142.7209
2023-03-30,3143.4905
2023-03-31,3145.9617
2023-04-03,3148.4896
2023-04-04,3148.6161
2023-04-06,3149.3176
2023-04-07,3151.7221
2023-04-10,3151.8797
2023-04-11,3151.8515
2023-04-12,3153.4193
2023-04-13,3152.8825
2023-04-14,3155.0625
2023-04-17,3156.6367
2023-04-18,3157.5055
2023-04-19,3156.9427
2023-04-20,3155.9616
2023-04-21,3153.5042
2023-04-24,3151.9315
2023-04-25,3152.0133
2023-04-26,3154.4654
2023-04-27,3157.3034
2023-04-28,3160.3395
2023-05-04,3162.3861
2023-05-05,3162.2977
2023-05-08,3164.5409
2023-05-09,3164.2938
2023-05-10,3164.2561
2023-05-11,3166.0587
2023-05-12,3162.9360
2023-05-15,3164.8021
2023-05-16,3164.7780
2023-05-17,3165.5736
2023-05-18,3165.9496
2023-05-19,3166.6365
2023-05-22,3168.1673
2023-05-23,3167.8564
2023-05-24,3166.8908
2023-05-25,3166.5105
2023-05-26,3167.5296
2023-05-29,3167.5876
2023-05-30,3167.7784
2023-05-31,3167.9143
2023-06-01,3169.1568
2023-06-02,3171.9968
2023-06-05,3171.9377
2023-06-06,3171.1900
2023-06-07,3171.5255
2023-06-08,3172.3313
2023-06-09,3174.5816
2023-06-12,3176.0293
2023-06-13,3177.4456
2023-06-14,3178.3603
2023-06-15,3178.8599
2023-06-16,3178.6189
2023-06-19,3176.0491
2023-06-20,3176.1102
2023-06-21,3174.7045
2023-06-26,3173.5081
2023-06-27,3174.9198
2023-06-28,3174.9597
2023-06-29,3175.4321
2023-06-30,3178.1149
2023-07-03,3179.5696
2023-07-04,3180.1446
2023-07-05,3180.1827
2023-07-06,3180.5383
2023-07-07,3181.6038
2023-07-10,3181.9899
2023-07-11,3183.4750
2023-07-12,3183.0370
2023-07-13,3184.6808
2023-07-14,3184.8334
2023-07-17,3184.9876
2023-07-18,3186.2192
2023-07-19,3186.9531
2023-07-20,3186.7810
2023-07-21,3188.0263
2023-07-24,3187.8504
2023-07-25,3188.0736
2023-07-26,3188.1454
2023-07-27,3188.8822
2023-07-28,3191.7590
2023-07-31,3192.0046
2023-08-01,3191.0951
2023-08-02,3191.7163
2023-08-03,3193.8245
2023-08-04,3195.4592
2023-08-07,3194.7511
2023-08-08,3194.8640
2023-08-09,3194.6236
2023-08-10,3195.3522
2023-08-11,3194.9231
2023-08-14,3195.3134
2023-08-15,3196.2096
2023-08-16,3196.6344
2023-08-17,3198.1336
2023-08-18,3198.5299
2023-08-21,3198.4692
2023-08-22,3197.5344
2023-08-23,3195.7989
2023-08-24,3196.7626
2023-08-25,3195.2043
2023-08-28,3195.1353
2023-08-29,3196.8624
2023-08-30,3197.6166
2023-08-31,3197.7343
2023-09-01,3198.0267
2023-09-04,3198.2669
2023-09-05,3197.3968
2023-09-06,3195.8217
2023-09-07,3189.9795
2023-09-08,3186.4545
2023-09-11,3185.8943
2023-09-12,3186.5715
2023-09-13,3186.4519
2023-09-14,3186.9773
2023-09-15,3187.7546
2023-09-18,3187.7550
2023-09-19,3186.9501
2023-09-20,3186.8466
2023-09-21,3186.8896
2023-09-22,3189.2627
2023-09-25,3188.6749
2023-09-26,3188.2696
2023-09-27,3189.0345
2023-09-28,3191.9293
2023-10-09,3193.2986
2023-10-10,3191.8571
2023-10-11,3190.0152
2023-10-12,3190.7822
2023-10-13,3190.5293
2023-10-16,3189.0008
2023-10-17,3187.8401
2023-10-18,3184.6771
2023-10-19,3179.8127
2023-10-20,3177.7591
2023-10-23,3174.8393
2023-10-24,3178.2734
2023-10-25,3180.4445
2023-10-26,3181.5346
2023-10-27,3185.6572
2023-10-30,3187.5735
2023-10-31,3186.5106
2023-11-01,3185.4523
2023-11-02,3185.9600
2023-11-03,3188.3481
2023-11-06,3191.8791
2023-11-07,3192.4604
2023-11-08,3192.1449
2023-11-09,3192.3043
2023-11-10,3192.6687
2023-11-13,3193.5759
2023-11-14,3194.4586
2023-11-15,3196.4049
2023-11-16,3195.1931
2023-11-17,3195.9353
2023-11-20,3197.4758
2023-11-21,3196.8823
2023-11-22,3193.4013
2023-11-23,3192.4593
2023-11-24,3190.9031
2023-11-27,3190.8145
2023-11-28,3191.7364
2023-11-29,3190.7135
2023-11-30,3190.6686
2023-12-01,3191.6798
2023-12-04,3191.4004
2023-12-05,3189.3512
2023-12-06,3189.4628
2023-12-07,3189.9551
2023-12-08,3190.8608
2023-12-11,3192.5342
2023-12-12,3192.9019
2023-12-13,3192.8848
2023-12-14,3193.1263
2023-12-15,3194.1680
2023-12-18,3193.7582
2023-12-19,3192.9955
2023-12-20,3192.2607
2023-12-21,3194.3771
2023-12-22,3195.8748
2023-12-25,3196.9438
2023-12-26,3196.6085
2023-12-27,3199.7311
2023-12-28,3204.5583
2023-12-29,3208.0583
2024-01-02,3208.6395
2024-01-03,3206.6693
2024-01-04,3206.4963
2024-01-05,3206.7496
2024-01-08,3204.9383
2024-01-09,3206.7903
2024-01-10,3206.4271
2024-01-11,3207.8984
2024-01-12,3208.7125
2024-01-15,3208.5905
2024-01-16,3207.6689
2024-01-17,3205.2343
2024-01-18,3205.3863
2024-01-19,3206.0081
2024-01-22,3202.5303
2024-01-23,3203.0948
2024-01-24,3203.4203
2024-01-25,3208.8667
2024-01-26,3210.2383
2024-01-29,3208.5469
2024-01-30,3208.0119
2024-01-31,3207.3935
2024-02-01,3207.8837
2024-02-02,3207.5115
2024-02-05,3206.2749
2024-02-06,3210.2851
2024-02-07,3212.5794
2024-02-08,3216.0311
2024-02-19,3218.9925
2024-02-20,3222.8968
2024-02-21,3225.8653
2024-02-22,3227.8944
2024-02-23,3230.9158
2024-02-26,3231.8187
2024-02-27,3233.8688
2024-02-28,3230.0801
2024-02-29,3233.7308
2024-03-01,3233.5754
2024-03-04,3233.7026
2024-03-05,3232.4514
2024-03-06,3234.5338
2024-03-07,3234.2459
2024-03-08,3235.2429
2024-03-11,3236.1928
2024-03-12,3234.2827
2024-03-13,3233.8266
2024-03-14,3232.3761
2024-03-15,3233.8891
2024-03-18,3237.2386
2024-03-19,3238.6908
2024-03-20,3240.0143
2024-03-21,3240.8374
2024-03-22,3239.9407
2024-03-25,3238.4002
2024-03-26,3237.4568
2024-03-27,3236.2957
2024-03-28,3237.5471
2024-03-29,3239.9163
2024-04-01,3241.8883
2024-04-02,3243.0087
2024-04-03,3245.2306
2024-04-08,3245.3949
2024-04-09,3247.9753
2024-04-10,3247.5802
2024-04-11,3249.4071
2024-04-12,3252.6670
2024-04-15,3252.1739
2024-04-16,3249.7238
2024-04-17,3253.9386
2024-04-18,3256.1014
2024-04-19,3257.3959
2024-04-22,3257.5861
2024-04-23,3258.5764
2024-04-24,3257.5868
2024-04-25,3257.7600
2024-04-26,3257.6987
2024-04-29,3255.2093
2024-04-30,3258.1246
2024-05-06,3262.8923
2024-05-07,3266.3259
2024-05-08,3265.8604
2024-05-09,3268.1510
2024-05-10,3269.2123
2024-05-13,3269.8470
2024-05-14,3271.3033
2024-05-15,3270.5353
2024-05-16,3270.5296
2024-05-17,3271.4612
2024-05-20,3273.9341
2024-05-21,3273.0573
2024-05-22,3273.8766
2024-05-23,3272.5130
2024-05-24,3272.5253
2024-05-27,3274.1658
2024-05-28,3274.4530
2024-05-29,3275.0444
2024-05-30,3275.5382
2024-05-31,3275.4740
2024-06-03,3274.0167
2024-06-04,3275.3486
2024-06-05,3275.3444
2024-06-06,3274.9742
2024-06-07,3276.2021
2024-06-11,3277.5761
2024-06-12,3278.7017
2024-06-13,3277.7634
2024-06-14,3278.7111
2024-06-17,3278.0934
2024-06-18,3279.1457
2024-06-19,3278.2910
2024-06-20,3275.4994
2024-06-21,3273.4898
2024-06-24,3269.4296
2024-06-25,3271.6270
2024-06-26,3276.7370
2024-06-27,3276.7148
2024-06-28,3279.1257
2024-07-01,3279.2947
2024-07-02,3279.8495
2024-07-03,3278.7706
2024-07-04,3276.5611
2024-07-05,3276.6369
2024-07-08,3272.2551
2024-07-09,3275.3029
2024-07-10,3274.6611
2024-07-11,3277.2761
2024-07-12,3277.0015
2024-07-15,3276.6254
2024-07-16,3276.5459
2024-07-17,3274.4964
2024-07-18,3274.2732
2024-07-19,3275.3062
2024-07-22,3275.1556
2024-07-23,3272.5659
2024-07-24,3269.2369
2024-07-25,3270.2168
2024-07-26,3275.9483
2024-07-29,3276.8721
2024-07-30,3277.2412
2024-07-31,3282.3690
2024-08-01,3283.7990
2024-08-02,3284.3422
2024-08-05,3282.2021
2024-08-06,3282.1235
2024-08-07,3283.3623
2024-08-08,3281.3414
2024-08-09,3278.9050
2024-08-12,3273.6717
2024-08-13,3274.5623
2024-08-14,3275.1339
2024-08-15,3272.8167
2024-08-16,3268.2917
2024-08-19,3270.3273
2024-08-20,3266.9981
2024-08-21,3266.0342
2024-08-22,3264.8243
2024-08-23,3264.7694
2024-08-26,3266.8682
2024-08-27,3263.4019
2024-08-28,3264.2020
2024-08-29,3266.4229
2024-08-30,3270.1548
2024-09-02,3269.8193
2024-09-03,3270.9961
2024-09-04,3271.9330
2024-09-05,3274.9053
2024-09-06,3274.4587
2024-09-09,3273.2676
2024-09-10,3271.8878
2024-09-11,3271.7341
2024-09-12,3271.7561
2024-09-13,3271.7710
2024-09-18,3272.5867
2024-09-19,3274.1808
2024-09-20,3273.3696
2024-09-23,3273.4996
2024-09-24,3280.0126
2024-09-25,3284.2759
2024-09-26,3289.0547
2024-09-27,3287.7842
2024-09-30,3291.1401
2024-10-08,3296.5468
2024-10-09,3279.0899
2024-10-10,3283.3271
2024-10-11,3281.2863
2024-10-14,3290.5314
2024-10-15,3290.4059
2024-10-16,3292.6211
2024-10-17,3293.6494
2024-10-18,3299.3462
2024-10-21,3301.7710
2024-10-22,3300.9929
2024-10-23,3300.4811
2024-10-24,3297.2334
2024-10-25,3299.6702
2024-10-28,3300.4178
2024-10-29,3297.5296
2024-10-30,3296.2286
2024-10-31,3298.2338
2024-11-01,3299.5999
2024-11-04,3302.6958
2024-11-05,3306.9416
2024-11-06,3306.8192
2024-11-07,3311.0468
2024-11-08,3311.3789
2024-11-11,3316.4585
2024-11-12,3316.2153
2024-11-13,3315.7171
2024-11-14,3312.4445
2024-11-15,3310.8710
2024-11-18,3308.0033
2024-11-19,3311.0873
2024-11-20,3313.5206
2024-11-21,3315.0118
2024-11-22,3312.8021
2024-11-25,3314.1142
2024-11-26,3314.2817
2024-11-27,3317.3293
2024-11-28,3319.3865
2024-11-29,3324.6013
2024-12-02,3330.9096
2024-12-03,3331.6271
2024-12-04,3331.8594
2024-12-05,3334.0250
2024-12-06,3337.2484
2024-12-09,3338.9752
2024-12-10,3346.6758
2024-12-11,3350.5775
2024-12-12,3354.3454
2024-12-13,3356.8161
2024-12-16,3356.3877
2024-12-17,3353.1523
2024-12-18,3353.2455
2024-12-19,3352.6607
2024-12-20,3357.5860
2024-12-23,3356.4736
2024-12-24,3356.9147
2024-12-25,3354.5934
2024-12-26,3355.2828
2024-12-27,3359.0368
2024-12-30,3359.2731
2024-12-31,3359.3469
2025-01-02,3360.7537
2025-01-03,3361.5896
2025-01-06,3361.3713
2025-01-07,3362.9470
2025-01-08,3362.3244
2025-01-09,3361.6047
2025-01-10,3360.3946
2025-01-13,3358.3655
2025-01-14,3363.2231
2025-01-15,3364.4994
2025-01-16,3362.7531
2025-01-17,3363.2820
2025-01-20,3364.1690
2025-01-21,3366.3345
2025-01-22,3366.1634
2025-01-23,3365.0927
2025-01-24,3367.0934
2025-01-27,3368.5145
2025-02-05,3370.8640
2025-02-06,3375.8551
2025-02-07,3379.0993
2025-02-10,3378.5550
2025-02-11,3377.4058
2025-02-12,3378.9860
2025-02-13,3377.9976
2025-02-14,3376.6370
2025-02-17,3375.0990
2025-02-18,3371.1057
2025-02-19,3375.4757
2025-02-20,3374.6820
2025-02-21,3373.9646
2025-02-24,3370.3536
2025-02-25,3370.4070
2025-02-26,3374.1477
2025-02-27,3371.5323
2025-02-28,3366.6902
2025-03-03,3366.6549
2025-03-04,3368.1755
2025-03-05,3369.9767
2025-03-06,3371.8794
2025-03-07,3368.7692
2025-03-10,3368.5852
2025-03-11,3364.0657
2025-03-12,3365.8915
2025-03-13,3364.8519
2025-03-14,3368.4447
2025-03-17,3367.2550
2025-03-18,3368.0783
2025-03-19,3366.9731
2025-03-20,3368.6269
2025-03-21,3365.5436
2025-03-24,3365.0504
2025-03-25,3367.5168
2025-03-26,3370.0937
2025-03-27,3370.7042
2025-03-28,3370.0112
2025-03-31,3368.6631
2025-04-01,3370.2352
2025-04-02,3372.3991
2025-04-03,3376.6723
2025-04-07,3368.6840
2025-04-08,3369.3798
2025-04-09,3372.8382
2025-04-10,3375.9680
2025-04-11,3375.4450
2025-04-14,3376.3569
2025-04-15,3374.6182
2025-04-16,3372.9652
2025-04-17,3373.0743
2025-04-18,3373.2554
2025-04-21,3374.3976
2025-04-22,3375.8721
2025-04-23,3376.7793
2025-04-24,3375.2205
2025-04-25,3376.0220
2025-04-28,3374.5525
2025-04-29,3377.5078
2025-04-30,3379.2893
2025-05-06,3383.2436
2025-05-07,3382.8057
2025-05-08,3386.9161
2025-05-09,3387.5004
2025-05-12,3387.7649
2025-05-13,3389.3152
2025-05-14,3388.8165
2025-05-15,3387.1239
2025-05-16,3387.0138
2025-05-19,3388.6705
2025-05-20,3389.9778
2025-05-21,3390.4515
2025-05-22,3389.2440
2025-05-23,3388.7445
2025-05-26,3388.5687
2025-05-27,3386.9582
2025-05-28,3386.5509
2025-05-29,3387.2959
2025-05-30,3388.5545
2025-06-03,3389.8457
2025-06-04,3392.0559
2025-06-05,3393.2170
2025-06-06,3395.3506
2025-06-09,3397.7159
2025-06-10,3396.6388
2025-06-11,3398.7775
2025-06-12,3398.8296
2025-06-13,3397.3066
2025-06-16,3398.6103
2025-06-17,3400.0231
2025-06-18,3400.5256
2025-06-19,3399.5233
2025-06-20,3400.1940
2025-06-23,3401.9706
2025-06-24,3403.5816
2025-06-25,3405.9403
2025-06-26,3405.8103
2025-06-27,3407.3121
2025-06-30,3408.5558
2025-07-01,3411.2397
2025-07-02,3411.5203
2025-07-03,3413.9918
2025-07-04,3415.2943
2025-07-07,3414.9719
2025-07-08,3417.0932
2025-07-09,3415.9047
2025-07-10,3415.8981
2025-07-11,3415.8861
2025-07-14,3413.9194
2025-07-15,3414.5740
2025-07-16,3416.1832
2025-07-17,3419.4545
2025-07-18,3420.6912
2025-07-21,3422.2035
2025-07-22,3422.5745
2025-07-23,3420.5877
2025-07-24,3419.8493
2025-07-25,3419.3729
2025-07-28,3419.2171
2025-07-29,3417.3586
2025-07-30,3418.6138
2025-07-31,3417.7420
2025-08-01,3418.9771
2025-08-04,3422.3470
2025-08-05,3425.1203
2025-08-06,3427.4876
2025-08-07,3427.8332
2025-08-08,3429.0704
2025-08-11,3429.3767
2025-08-12,3427.1668
2025-08-13,3429.4377
2025-08-14,3427.2128
2025-08-15,3428.8738
2025-08-18,3427.7101
2025-08-19,3428.5146
2025-08-20,3429.3264
2025-08-21,3431.3525
2025-08-22,3434.2676
2025-08-25,3437.3690
2025-08-26,3438.2896
2025-08-27,3429.4679
2025-08-28,3428.4502
2025-08-29,3427.3454
2025-09-01,3425.9880
2025-09-02,3423.4645
2025-09-03,3425.5938
2025-09-04,3425.2692
2025-09-05,3431.0156
2025-09-08,3431.5676
2025-09-09,3427.1490
2025-09-10,3423.0136
2025-09-11,3426.6762
2025-09-12,3427.6671
2025-09-15,3425.9747
2025-09-16,3426.6387
2025-09-17,3429.7814
2025-09-18,3426.8466
2025-09-19,3423.7742
2025-09-22,3423.2553
2025-09-23,3421.1840
2025-09-24,3422.4950
2025-09-25,3423.3225
2025-09-26,3422.9683
2025-09-29,3426.2801
2025-09-30,3430.3097
2025-10-09,3433.7110
2025-10-10,3432.2553
2025-10-13,3432.1730
2025-10-14,3429.4903
2025-10-15,3431.2709
2025-10-16,3429.6199
2025-10-17,3428.3868
2025-10-20,3428.2717
2025-10-21,3432.1735
2025-10-22,3431.3080
2025-10-23,3431.8630
2025-10-24,3434.6132
2025-10-27,3437.9086
2025-10-28,3439.1846
2025-10-29,3443.0902
2025-10-30,3441.6111
2025-10-31,3445.0074
2025-11-03,3446.0535
2025-11-04,3443.5935
2025-11-05,3446.3698
2025-11-06,3447.1706
2025-11-07,3446.9765
2025-11-10,3449.0564
2025-11-11,3448.9494
2025-11-12,3448.1864
2025-11-13,3451.7653
2025-11-14,3450.2130
2025-11-17,3450.2076
2025-11-18,3448.6728
2025-11-19,3449.1578
2025-11-20,3448.4260
2025-11-21,3444.1775
2025-11-24,3445.1667
2025-11-25,3445.2912
2025-11-26,3440.8158
2025-11-27,3438.2683
2025-11-28,3440.3328
2025-12-01,3441.1383
2025-12-02,3438.6317
2025-12-03,3437.1419
2025-12-04,3434.2945
2025-12-05,3437.6280
2025-12-08,3439.0623
2025-12-09,3437.7601
2025-12-10,3439.7031
2025-12-11,3439.5411
2025-12-12,3440.4947
2025-12-15,3438.8099
2025-12-16,3436.4247
2025-12-17,3440.9132
2025-12-18,3441.3881
2025-12-19,3444.0673
2025-12-22,3446.0031
2025-12-23,3446.3858
2025-12-24,3449.1676
2025-12-25,3451.4885
2025-12-26,3451.8267
2025-12-29,3449.3984
2025-12-30,3449.8520
2025-12-31,3449.2927
2026-01-05,3454.4943
2026-01-06,3458.0288
2026-01-07,3458.7817
2026-01-08,3461.1801
2026-01-09,3466.3973
2026-01-12,3471.7412
2026-01-13,3468.3111
2026-01-14,3468.9535
2026-01-15,3470.2192
2026-01-16,3473.4782
2026-01-19,3475.6192
2026-01-20,3473.8085
2026-01-21,3478.1346
2026-01-22,3481.3767
2026-01-23,3488.0369
2026-01-26,3484.0708
2026-01-27,3484.3782
2026-01-28,3487.3570
2026-01-29,3485.0322
2026-01-30,3478.7216
2026-02-02,3471.7533
2026-02-03,3480.0179
2026-02-04,3479.5022
2026-02-05,3477.3147
2026-02-06,3481.0009
2026-02-09,3486.1339
2026-02-10,3485.7021
2026-02-11,3486.3518
2026-02-12,3488.3184
2026-02-13,3487.8123
2026-02-24,3491.8281
2026-02-25,3491.6983
2026-02-26,3487.6474
2026-02-27,3487.5378
2026-03-02,3488.6822
2026-03-03,3482.9710
2026-03-04,3482.8941
2026-03-05,3482.8641
2026-03-06,3483.6092
2026-03-09,3481.0937
2026-03-10,3484.1065
2026-03-11,3484.7423
2026-03-12,3481.9782
2026-03-13,3478.6477
2026-03-16,3477.3590
2026-03-17,3473.4281
2026-03-18,3477.2667
2026-03-19,3473.0289
2026-03-20,3470.7563
2026-03-23,3468.1413
2026-03-24,3474.6968
2026-03-25,3477.9507
2026-03-26,3474.4266
2026-03-27,3477.0003
2026-03-30,3475.7649
2026-03-31,3471.4951
2026-04-01,3476.6765
2026-04-02,3473.8544
2026-04-03,3475.1573
2026-04-07,3477.5104
2026-04-08,3486.4643
2026-04-09,3486.2783
2026-04-10,3487.6200
2026-04-13,3486.9048
2026-04-14,3490.2270
2026-04-15,3490.7075
2026-04-16,3495.5323
2026-04-17,3498.5426
2026-04-20,3499.4506
2026-04-21,3499.3416
2026-04-22,3502.7203
2026-04-23,3500.5640
2026-04-24,3499.2175
2026-04-27,3499.5024
2026-04-28,3497.9248
2026-04-29,3501.7274
2026-04-30,3502.3720
2026-05-06,3505.8623
2026-05-07,3507.0541
2026-05-08,3507.9374
2026-05-11,3510.1137
2026-05-12,3506.9554
2026-05-13,3509.4256
2026-05-14,3504.6789
2026-05-15,3501.8708
2026-05-18,3502.4378
2026-05-19,3508.5647
2026-05-20,3508.2419
2026-05-21,3504.4112
2026-05-22,3506.2080
2026-05-25,3507.6443
2026-05-26,3507.1357
2026-05-27,3505.7610
2026-05-28,3509.2969
2026-05-29,3505.4198
2026-06-01,3507.7156
2026-06-02,3509.4787
2026-06-03,3508.1066
2026-06-04,3506.6066
2026-06-05,3504.4678
2026-06-08,3500.7370
2026-06-09,3502.9732
2026-06-10,3498.8596
2026-06-11,3498.7591
2026-06-12,3501.1042
2026-06-15,3506.3757
2026-06-16,3509.3905
2026-06-17,3509.6952
2026-06-18,3509.6276
2026-06-22,3509.6546
2026-06-23,3506.2783
2026-06-24,3507.9866
2026-06-25,3506.8626
2026-06-26,3504.0053
2026-06-29,3505.5191
2026-06-30,3510.5858
2026-07-01,3510.3714
2026-07-02,3508.2611
2026-07-03,3508.6763
2026-07-06,3509.5602
2026-07-07,3506.6747
2026-07-08,3505.7482
2026-07-09,3507.6548
2026-07-10,3505.2144
2026-07-13,3500.4748
2026-07-14,3504.4454
2026-07-15,3503.6253
2026-07-16,3501.7850
2026-07-17,3498.2352
2026-07-20,3497.7668
2026-07-21,3502.6757
2026-07-22,3502.3471
2026-07-23,3503.0700
2026-07-24,3501.5542
2026-07-27,3505.5141
2026-07-28,3500.8516
2026-07-29,3503.1913
2026-07-30,3502.6934
2026-07-31,3505.8820
2026-08-03,3504.6069
2026-08-04,3507.8072
2026-08-05,3510.5810
2026-08-06,3510.4364
2026-08-07,3513.0707
2026-08-10,3513.5652
2026-08-11,3511.0813
2026-08-12,3509.9912
2026-08-13,3508.0688
2026-08-14,3507.6697
2026-08-17,3511.7300
2026-08-18,3511.7578
2026-08-19,3506.6726
2026-08-20,3506.5462
2026-08-21,3505.7215
2026-08-24,3505.5014
2026-08-25,3507.2581
2026-08-26,3508.1051
2026-08-27,3509.6733
2026-08-28,3508.6127
2026-08-31,3508.9513
2026-09-01,3508.4157
2026-09-02,3504.8644
2026-09-03,3504.4986
2026-09-04,3502.0775
2026-09-07,3504.6456
2026-09-08,3503.7690
2026-09-09,3502.3973
2026-09-10,3500.8540
2026-09-11,3499.2912
2026-09-14,3501.2028
2026-09-15,3500.3964
2026-09-16,3502.9867
2026-09-17,3502.8588
2026-09-18,3506.3693
2026-09-21,3507.4910
2026-09-22,3506.9590
2026-09-23,3505.8179
2026-09-24,3502.2246
